== street multi n=4096 valuesFor: ordered vs hashed
A: 75.47 ns per operation (median)
B: 33.98 ns per operation (median)
A needs 122% more time than B: B takes only 0.45 times as long as A.
With 95% confidence the difference lies between 121% and 124% more time (B takes between 0.446 and 0.45 times as long as A).
Noise floor: 0.323%. Identical code measured against itself on this setup can look that different, so smaller differences mean nothing.
Neighbouring measurements are nearly independent (autocorrelation -0.04), so they were resampled one by one.

Verdict: RESOLVED. A is slower than B: the difference is real, as its interval excludes zero and it exceeds the noise floor.

Warnings:
  - the program holds 71 MB of live data, more than the caches of many machines; for data that size, where it lies in memory can shift the result by several points in ways the interval does not cover, and differently in the next process; run the comparison in several processes with the multiproc package

== street multi n=4096 valuesFor: ordered vs btree-sets
A: 76.32 ns per operation (median)
B: 181.4 ns per operation (median)
A needs 57.5% less time than B: B takes 2.35 times as long as A.
With 95% confidence the difference lies between 57.2% and 58.7% less time (B takes between 2.34 and 2.42 times as long as A).
Noise floor: 0.934%. Identical code measured against itself on this setup can look that different, so smaller differences mean nothing.
Neighbouring measurements are nearly independent (autocorrelation -0.13), so they were resampled one by one.

Verdict: RESOLVED. A is faster than B: the difference is real, as its interval excludes zero and it exceeds the noise floor.

Warnings:
  - the program holds 71 MB of live data, more than the caches of many machines; for data that size, where it lies in memory can shift the result by several points in ways the interval does not cover, and differently in the next process; run the comparison in several processes with the multiproc package

== street multi n=4096 valuesFor: ordered vs map-sets
A: 75.57 ns per operation (median)
B: 79.33 ns per operation (median)
A needs 4.84% less time than B: B takes 1.05 times as long as A.
With 95% confidence the difference lies between 4.26% and 5.66% less time (B takes between 1.04 and 1.06 times as long as A).
Noise floor: 0.459%. Identical code measured against itself on this setup can look that different, so smaller differences mean nothing.
Neighbouring measurements are correlated (autocorrelation +0.26), so they were resampled in blocks of 3.

Verdict: RESOLVED. A is faster than B: the difference is real, as its interval excludes zero and it exceeds the noise floor.

Warnings:
  - the program holds 71 MB of live data, more than the caches of many machines; for data that size, where it lies in memory can shift the result by several points in ways the interval does not cover, and differently in the next process; run the comparison in several processes with the multiproc package
  - in 50% of A/A runs this setup reported a difference between identical code, well above the 10% expected; treat any confidence from it with suspicion

== street multi n=4096 valuesBetween: ordered vs hashed
A: 3396 ns per operation (median)
B: 7.315e+04 ns per operation (median)
A needs 95.4% less time than B: B takes 21.51 times as long as A.
With 95% confidence the difference lies between 95.3% and 95.4% less time (B takes between 21.3 and 21.61 times as long as A).
Noise floor: 1.16%. Identical code measured against itself on this setup can look that different, so smaller differences mean nothing.
Neighbouring measurements are correlated (autocorrelation +0.20), so they were resampled in blocks of 3.

Verdict: RESOLVED. A is faster than B: the difference is real, as its interval excludes zero and it exceeds the noise floor.

Warnings:
  - the program holds 71 MB of live data, more than the caches of many machines; for data that size, where it lies in memory can shift the result by several points in ways the interval does not cover, and differently in the next process; run the comparison in several processes with the multiproc package

== street multi n=4096 valuesBetween: ordered vs btree-sets
A: 3362 ns per operation (median)
B: 5332 ns per operation (median)
A needs 36.7% less time than B: B takes 1.58 times as long as A.
With 95% confidence the difference lies between 36% and 38.4% less time (B takes between 1.56 and 1.62 times as long as A).
Noise floor: 1.05%. Identical code measured against itself on this setup can look that different, so smaller differences mean nothing.
Neighbouring measurements are nearly independent (autocorrelation -0.12), so they were resampled one by one.

Verdict: RESOLVED. A is faster than B: the difference is real, as its interval excludes zero and it exceeds the noise floor.

Warnings:
  - the program holds 71 MB of live data, more than the caches of many machines; for data that size, where it lies in memory can shift the result by several points in ways the interval does not cover, and differently in the next process; run the comparison in several processes with the multiproc package
  - in 50% of A/A runs this setup reported a difference between identical code, well above the 10% expected; treat any confidence from it with suspicion

== street multi n=4096 valuesBetween: ordered vs map-sets
A: 3437 ns per operation (median)
B: 7.187e+04 ns per operation (median)
A needs 95.2% less time than B: B takes 20.92 times as long as A.
With 95% confidence the difference lies between 95.2% and 95.2% less time (B takes between 20.7 and 21.02 times as long as A).
Noise floor: 0.868%. Identical code measured against itself on this setup can look that different, so smaller differences mean nothing.
Neighbouring measurements are correlated (autocorrelation +0.36), so they were resampled in blocks of 3.

Verdict: RESOLVED. A is faster than B: the difference is real, as its interval excludes zero and it exceeds the noise floor.

Warnings:
  - the program holds 71 MB of live data, more than the caches of many machines; for data that size, where it lies in memory can shift the result by several points in ways the interval does not cover, and differently in the next process; run the comparison in several processes with the multiproc package

== street multi n=4096 prefix: ordered vs hashed
A: 343.6 ns per operation (median)
B: 7.18e+04 ns per operation (median)
A needs 99.5% less time than B: B takes 209.72 times as long as A.
With 95% confidence the difference lies between 99.5% and 99.5% less time (B takes between 203 and 217.10 times as long as A).
Noise floor: 0.488%. Identical code measured against itself on this setup can look that different, so smaller differences mean nothing.
Neighbouring measurements are nearly independent (autocorrelation +0.04), so they were resampled one by one.

Verdict: RESOLVED. A is faster than B: the difference is real, as its interval excludes zero and it exceeds the noise floor.

Warnings:
  - the program holds 70 MB of live data, more than the caches of many machines; for data that size, where it lies in memory can shift the result by several points in ways the interval does not cover, and differently in the next process; run the comparison in several processes with the multiproc package
  - candidate A drifted during the run: its measurements were 6.83% lower in the second half than in the first, so the machine did not hold still
  - candidate B drifted during the run: its measurements were 1.72% lower in the second half than in the first, so the machine did not hold still
  - the ratio B/A was 4.91% higher in the second half of the run than in the first, so the candidates had not reached a steady state and the difference depends on how long the run was; a common cause is a head start for whichever candidate ran alone last before the comparison or had its data built last, which a longer CollectOptions.WarmupDuration removes

== street multi n=4096 prefix: ordered vs btree-sets
A: 322.8 ns per operation (median)
B: 652.6 ns per operation (median)
A needs 49.9% less time than B: B takes 1.99 times as long as A.
With 95% confidence the difference lies between 49.2% and 51% less time (B takes between 1.97 and 2.04 times as long as A).
Noise floor: 0.772%. Identical code measured against itself on this setup can look that different, so smaller differences mean nothing.
Neighbouring measurements are nearly independent (autocorrelation +0.00), so they were resampled one by one.

Verdict: RESOLVED. A is faster than B: the difference is real, as its interval excludes zero and it exceeds the noise floor.

Warnings:
  - the program holds 70 MB of live data, more than the caches of many machines; for data that size, where it lies in memory can shift the result by several points in ways the interval does not cover, and differently in the next process; run the comparison in several processes with the multiproc package

== street multi n=4096 prefix: ordered vs map-sets
A: 331.8 ns per operation (median)
B: 6.612e+04 ns per operation (median)
A needs 99.5% less time than B: B takes 198.70 times as long as A.
With 95% confidence the difference lies between 99.5% and 99.5% less time (B takes between 198 and 202.91 times as long as A).
Noise floor: 2.63%. Identical code measured against itself on this setup can look that different, so smaller differences mean nothing.
Neighbouring measurements are correlated (autocorrelation +0.29), so they were resampled in blocks of 3.

Verdict: RESOLVED. A is faster than B: the difference is real, as its interval excludes zero and it exceeds the noise floor.

Warnings:
  - the program holds 70 MB of live data, more than the caches of many machines; for data that size, where it lies in memory can shift the result by several points in ways the interval does not cover, and differently in the next process; run the comparison in several processes with the multiproc package

== street multi n=4096 churn and build: ordered vs hashed
steady state, per insertion or deletion in a structure of 10449 elements (cycle of 27218 operations, first pass untimed):
  A: 124.2 ns per operation (median)
  B: 65.57 ns per operation (median)
  A needs 90.9% more time than B: B takes only 0.52 times as long as A.
  With 95% confidence the difference lies between 88.2% and 92.6% more time (B takes between 0.519 and 0.53 times as long as A).
  Noise floor: 1.29%. Identical code measured against itself on this setup can look that different, so smaller differences mean nothing.
  Neighbouring measurements are correlated (autocorrelation +0.38), so they were resampled in blocks of 3.
  
  Verdict: RESOLVED. A is slower than B: the difference is real, as its interval excludes zero and it exceeds the noise floor.
  
  Warnings:
    - the program holds 72 MB of live data, more than the caches of many machines; for data that size, where it lies in memory can shift the result by several points in ways the interval does not cover, and differently in the next process; run the comparison in several processes with the multiproc package

build from empty to 10449 elements, per whole build (37733 operations):
  A: 4.821e+06 ns per operation (median)
  B: 2.974e+06 ns per operation (median)
  A needs 60.2% more time than B: B takes only 0.62 times as long as A.
  With 95% confidence the difference lies between 59.1% and 62.3% more time (B takes between 0.616 and 0.63 times as long as A).
  Noise floor: 0.879%. Identical code measured against itself on this setup can look that different, so smaller differences mean nothing.
  Neighbouring measurements are nearly independent (autocorrelation +0.14), so they were resampled one by one.
  
  Verdict: RESOLVED. A is slower than B: the difference is real, as its interval excludes zero and it exceeds the noise floor.
  
  Warnings:
    - the program holds 70 MB of live data, more than the caches of many machines; for data that size, where it lies in memory can shift the result by several points in ways the interval does not cover, and differently in the next process; run the comparison in several processes with the multiproc package
    - candidate A drifted during the run: its measurements were 3.22% lower in the second half than in the first, so the machine did not hold still

== street multi n=4096 churn and build: ordered vs btree-sets
steady state, per insertion or deletion in a structure of 10449 elements (cycle of 27218 operations, first pass untimed):
  A: 127.2 ns per operation (median)
  B: 237.8 ns per operation (median)
  A needs 46.9% less time than B: B takes 1.88 times as long as A.
  With 95% confidence the difference lies between 46.1% and 47.6% less time (B takes between 1.86 and 1.91 times as long as A).
  Noise floor: 0.479%. Identical code measured against itself on this setup can look that different, so smaller differences mean nothing.
  Neighbouring measurements are nearly independent (autocorrelation -0.12), so they were resampled one by one.
  
  Verdict: RESOLVED. A is faster than B: the difference is real, as its interval excludes zero and it exceeds the noise floor.
  
  Warnings:
    - the program holds 72 MB of live data, more than the caches of many machines; for data that size, where it lies in memory can shift the result by several points in ways the interval does not cover, and differently in the next process; run the comparison in several processes with the multiproc package
    - candidate A drifted during the run: its measurements were 2.71% higher in the second half than in the first, so the machine did not hold still
    - candidate B drifted during the run: its measurements were 1.58% higher in the second half than in the first, so the machine did not hold still

build from empty to 10449 elements, per whole build (37733 operations):
  A: 4.701e+06 ns per operation (median)
  B: 9.302e+06 ns per operation (median)
  A needs 49.5% less time than B: B takes 1.98 times as long as A.
  With 95% confidence the difference lies between 49.1% and 49.9% less time (B takes between 1.97 and 2.00 times as long as A).
  Noise floor: 0.15%. Identical code measured against itself on this setup can look that different, so smaller differences mean nothing.
  Neighbouring measurements are nearly independent (autocorrelation -0.18), so they were resampled one by one.
  
  Verdict: RESOLVED. A is faster than B: the difference is real, as its interval excludes zero and it exceeds the noise floor.
  
  Warnings:
    - the program holds 70 MB of live data, more than the caches of many machines; for data that size, where it lies in memory can shift the result by several points in ways the interval does not cover, and differently in the next process; run the comparison in several processes with the multiproc package

== street multi n=4096 churn and build: ordered vs map-sets
steady state, per insertion or deletion in a structure of 10449 elements (cycle of 27218 operations, first pass untimed):
  A: 123.3 ns per operation (median)
  B: 72.21 ns per operation (median)
  A needs 70.7% more time than B: B takes only 0.59 times as long as A.
  With 95% confidence the difference lies between 69.9% and 72% more time (B takes between 0.581 and 0.59 times as long as A).
  Noise floor: 1.2%. Identical code measured against itself on this setup can look that different, so smaller differences mean nothing.
  Neighbouring measurements are correlated (autocorrelation +0.24), so they were resampled in blocks of 3.
  
  Verdict: RESOLVED. A is slower than B: the difference is real, as its interval excludes zero and it exceeds the noise floor.
  
  Warnings:
    - the program holds 72 MB of live data, more than the caches of many machines; for data that size, where it lies in memory can shift the result by several points in ways the interval does not cover, and differently in the next process; run the comparison in several processes with the multiproc package
    - in 100% of A/A runs this setup reported a difference between identical code, well above the 10% expected; treat any confidence from it with suspicion

build from empty to 10449 elements, per whole build (37733 operations):
  A: 4.67e+06 ns per operation (median)
  B: 3.334e+06 ns per operation (median)
  A needs 40.2% more time than B: B takes only 0.71 times as long as A.
  With 95% confidence the difference lies between 38.4% and 41.3% more time (B takes between 0.708 and 0.72 times as long as A).
  Noise floor: 0.761%. Identical code measured against itself on this setup can look that different, so smaller differences mean nothing.
  Neighbouring measurements are nearly independent (autocorrelation -0.07), so they were resampled one by one.
  
  Verdict: RESOLVED. A is slower than B: the difference is real, as its interval excludes zero and it exceeds the noise floor.
  
  Warnings:
    - the program holds 70 MB of live data, more than the caches of many machines; for data that size, where it lies in memory can shift the result by several points in ways the interval does not cover, and differently in the next process; run the comparison in several processes with the multiproc package

checksum 1160802203998
== street multi n=4096 valuesFor: ordered vs hashed
A: 75.39 ns per operation (median)
B: 34.29 ns per operation (median)
A needs 120% more time than B: B takes only 0.46 times as long as A.
With 95% confidence the difference lies between 118% and 123% more time (B takes between 0.447 and 0.46 times as long as A).
Noise floor: 0.588%. Identical code measured against itself on this setup can look that different, so smaller differences mean nothing.
Neighbouring measurements are nearly independent (autocorrelation -0.06), so they were resampled one by one.

Verdict: RESOLVED. A is slower than B: the difference is real, as its interval excludes zero and it exceeds the noise floor.

Warnings:
  - the program holds 55 MB of live data, more than the caches of many machines; for data that size, where it lies in memory can shift the result by several points in ways the interval does not cover, and differently in the next process; run the comparison in several processes with the multiproc package

== street multi n=4096 valuesFor: ordered vs btree-sets
A: 76.07 ns per operation (median)
B: 178.8 ns per operation (median)
A needs 57.5% less time than B: B takes 2.35 times as long as A.
With 95% confidence the difference lies between 56.9% and 57.8% less time (B takes between 2.32 and 2.37 times as long as A).
Noise floor: 1.36%. Identical code measured against itself on this setup can look that different, so smaller differences mean nothing.
Neighbouring measurements are nearly independent (autocorrelation -0.23), so they were resampled one by one.

Verdict: RESOLVED. A is faster than B: the difference is real, as its interval excludes zero and it exceeds the noise floor.

Warnings:
  - the program holds 55 MB of live data, more than the caches of many machines; for data that size, where it lies in memory can shift the result by several points in ways the interval does not cover, and differently in the next process; run the comparison in several processes with the multiproc package

== street multi n=4096 valuesFor: ordered vs map-sets
A: 75.39 ns per operation (median)
B: 78.52 ns per operation (median)
A needs 3.42% less time than B: B takes 1.04 times as long as A.
With 95% confidence the difference lies between 3.13% and 4.39% less time (B takes between 1.03 and 1.05 times as long as A).
Noise floor: 0.649%. Identical code measured against itself on this setup can look that different, so smaller differences mean nothing.
Neighbouring measurements are nearly independent (autocorrelation +0.16), so they were resampled one by one.

Verdict: RESOLVED. A is faster than B: the difference is real, as its interval excludes zero and it exceeds the noise floor.

Warnings:
  - the program holds 70 MB of live data, more than the caches of many machines; for data that size, where it lies in memory can shift the result by several points in ways the interval does not cover, and differently in the next process; run the comparison in several processes with the multiproc package

== street multi n=4096 valuesBetween: ordered vs hashed
A: 3410 ns per operation (median)
B: 7.312e+04 ns per operation (median)
A needs 95.4% less time than B: B takes 21.57 times as long as A.
With 95% confidence the difference lies between 95.2% and 95.4% less time (B takes between 21 and 21.73 times as long as A).
Noise floor: 0.325%. Identical code measured against itself on this setup can look that different, so smaller differences mean nothing.
Neighbouring measurements are nearly independent (autocorrelation +0.16), so they were resampled one by one.

Verdict: RESOLVED. A is faster than B: the difference is real, as its interval excludes zero and it exceeds the noise floor.

Warnings:
  - the program holds 70 MB of live data, more than the caches of many machines; for data that size, where it lies in memory can shift the result by several points in ways the interval does not cover, and differently in the next process; run the comparison in several processes with the multiproc package

== street multi n=4096 valuesBetween: ordered vs btree-sets
A: 3370 ns per operation (median)
B: 5335 ns per operation (median)
A needs 37.5% less time than B: B takes 1.60 times as long as A.
With 95% confidence the difference lies between 35.7% and 37.9% less time (B takes between 1.56 and 1.61 times as long as A).
Noise floor: 0.607%. Identical code measured against itself on this setup can look that different, so smaller differences mean nothing.
Neighbouring measurements are nearly independent (autocorrelation -0.04), so they were resampled one by one.

Verdict: RESOLVED. A is faster than B: the difference is real, as its interval excludes zero and it exceeds the noise floor.

Warnings:
  - the program holds 70 MB of live data, more than the caches of many machines; for data that size, where it lies in memory can shift the result by several points in ways the interval does not cover, and differently in the next process; run the comparison in several processes with the multiproc package

== street multi n=4096 valuesBetween: ordered vs map-sets
A: 3392 ns per operation (median)
B: 7.07e+04 ns per operation (median)
A needs 95.2% less time than B: B takes 20.93 times as long as A.
With 95% confidence the difference lies between 95.2% and 95.2% less time (B takes between 20.7 and 21.04 times as long as A).
Noise floor: 0.379%. Identical code measured against itself on this setup can look that different, so smaller differences mean nothing.
Neighbouring measurements are nearly independent (autocorrelation +0.04), so they were resampled one by one.

Verdict: RESOLVED. A is faster than B: the difference is real, as its interval excludes zero and it exceeds the noise floor.

Warnings:
  - the program holds 70 MB of live data, more than the caches of many machines; for data that size, where it lies in memory can shift the result by several points in ways the interval does not cover, and differently in the next process; run the comparison in several processes with the multiproc package

== street multi n=4096 prefix: ordered vs hashed
A: 330.1 ns per operation (median)
B: 7.114e+04 ns per operation (median)
A needs 99.5% less time than B: B takes 214.69 times as long as A.
With 95% confidence the difference lies between 99.5% and 99.5% less time (B takes between 211 and 217.06 times as long as A).
Noise floor: 1.78%. Identical code measured against itself on this setup can look that different, so smaller differences mean nothing.
Neighbouring measurements are nearly independent (autocorrelation +0.09), so they were resampled one by one.

Verdict: RESOLVED. A is faster than B: the difference is real, as its interval excludes zero and it exceeds the noise floor.

Warnings:
  - the program holds 70 MB of live data, more than the caches of many machines; for data that size, where it lies in memory can shift the result by several points in ways the interval does not cover, and differently in the next process; run the comparison in several processes with the multiproc package

== street multi n=4096 prefix: ordered vs btree-sets
A: 323.5 ns per operation (median)
B: 643.8 ns per operation (median)
A needs 50.2% less time than B: B takes 2.01 times as long as A.
With 95% confidence the difference lies between 49.2% and 50.8% less time (B takes between 1.97 and 2.03 times as long as A).
Noise floor: 0.73%. Identical code measured against itself on this setup can look that different, so smaller differences mean nothing.
Neighbouring measurements are nearly independent (autocorrelation +0.00), so they were resampled one by one.

Verdict: RESOLVED. A is faster than B: the difference is real, as its interval excludes zero and it exceeds the noise floor.

Warnings:
  - the program holds 70 MB of live data, more than the caches of many machines; for data that size, where it lies in memory can shift the result by several points in ways the interval does not cover, and differently in the next process; run the comparison in several processes with the multiproc package

== street multi n=4096 prefix: ordered vs map-sets
A: 328.5 ns per operation (median)
B: 6.556e+04 ns per operation (median)
A needs 99.5% less time than B: B takes 199.77 times as long as A.
With 95% confidence the difference lies between 99.5% and 99.5% less time (B takes between 193 and 201.44 times as long as A).
Noise floor: 1.06%. Identical code measured against itself on this setup can look that different, so smaller differences mean nothing.
Neighbouring measurements are nearly independent (autocorrelation +0.09), so they were resampled one by one.

Verdict: RESOLVED. A is faster than B: the difference is real, as its interval excludes zero and it exceeds the noise floor.

Warnings:
  - the program holds 70 MB of live data, more than the caches of many machines; for data that size, where it lies in memory can shift the result by several points in ways the interval does not cover, and differently in the next process; run the comparison in several processes with the multiproc package

== street multi n=4096 churn and build: ordered vs hashed
steady state, per insertion or deletion in a structure of 10449 elements (cycle of 27218 operations, first pass untimed):
  A: 122.8 ns per operation (median)
  B: 63.96 ns per operation (median)
  A needs 91.9% more time than B: B takes only 0.52 times as long as A.
  With 95% confidence the difference lies between 90.2% and 94.3% more time (B takes between 0.515 and 0.53 times as long as A).
  Noise floor: 0.51%. Identical code measured against itself on this setup can look that different, so smaller differences mean nothing.
  Neighbouring measurements are nearly independent (autocorrelation -0.03), so they were resampled one by one.
  
  Verdict: RESOLVED. A is slower than B: the difference is real, as its interval excludes zero and it exceeds the noise floor.
  
  Warnings:
    - the program holds 72 MB of live data, more than the caches of many machines; for data that size, where it lies in memory can shift the result by several points in ways the interval does not cover, and differently in the next process; run the comparison in several processes with the multiproc package

build from empty to 10449 elements, per whole build (37733 operations):
  A: 4.712e+06 ns per operation (median)
  B: 2.896e+06 ns per operation (median)
  A needs 62.8% more time than B: B takes only 0.61 times as long as A.
  With 95% confidence the difference lies between 61.7% and 63.6% more time (B takes between 0.611 and 0.62 times as long as A).
  Noise floor: 1.04%. Identical code measured against itself on this setup can look that different, so smaller differences mean nothing.
  Neighbouring measurements are nearly independent (autocorrelation -0.13), so they were resampled one by one.
  
  Verdict: RESOLVED. A is slower than B: the difference is real, as its interval excludes zero and it exceeds the noise floor.
  
  Warnings:
    - the program holds 69 MB of live data, more than the caches of many machines; for data that size, where it lies in memory can shift the result by several points in ways the interval does not cover, and differently in the next process; run the comparison in several processes with the multiproc package

== street multi n=4096 churn and build: ordered vs btree-sets
steady state, per insertion or deletion in a structure of 10449 elements (cycle of 27218 operations, first pass untimed):
  A: 124 ns per operation (median)
  B: 235.7 ns per operation (median)
  A needs 47.5% less time than B: B takes 1.90 times as long as A.
  With 95% confidence the difference lies between 46.9% and 48.1% less time (B takes between 1.88 and 1.93 times as long as A).
  Noise floor: 1.27%. Identical code measured against itself on this setup can look that different, so smaller differences mean nothing.
  Neighbouring measurements are correlated (autocorrelation +0.24), so they were resampled in blocks of 3.
  
  Verdict: RESOLVED. A is faster than B: the difference is real, as its interval excludes zero and it exceeds the noise floor.
  
  Warnings:
    - the program holds 73 MB of live data, more than the caches of many machines; for data that size, where it lies in memory can shift the result by several points in ways the interval does not cover, and differently in the next process; run the comparison in several processes with the multiproc package

build from empty to 10449 elements, per whole build (37733 operations):
  A: 4.7e+06 ns per operation (median)
  B: 9.239e+06 ns per operation (median)
  A needs 49.1% less time than B: B takes 1.96 times as long as A.
  With 95% confidence the difference lies between 48.8% and 49.4% less time (B takes between 1.95 and 1.98 times as long as A).
  Noise floor: 0.341%. Identical code measured against itself on this setup can look that different, so smaller differences mean nothing.
  Neighbouring measurements are nearly independent (autocorrelation +0.05), so they were resampled one by one.
  
  Verdict: RESOLVED. A is faster than B: the difference is real, as its interval excludes zero and it exceeds the noise floor.
  
  Warnings:
    - the program holds 69 MB of live data, more than the caches of many machines; for data that size, where it lies in memory can shift the result by several points in ways the interval does not cover, and differently in the next process; run the comparison in several processes with the multiproc package

== street multi n=4096 churn and build: ordered vs map-sets
steady state, per insertion or deletion in a structure of 10449 elements (cycle of 27218 operations, first pass untimed):
  A: 122.5 ns per operation (median)
  B: 71.06 ns per operation (median)
  A needs 72.8% more time than B: B takes only 0.58 times as long as A.
  With 95% confidence the difference lies between 70.7% and 74.4% more time (B takes between 0.573 and 0.59 times as long as A).
  Noise floor: 0.303%. Identical code measured against itself on this setup can look that different, so smaller differences mean nothing.
  Neighbouring measurements are nearly independent (autocorrelation -0.08), so they were resampled one by one.
  
  Verdict: RESOLVED. A is slower than B: the difference is real, as its interval excludes zero and it exceeds the noise floor.
  
  Warnings:
    - the program holds 72 MB of live data, more than the caches of many machines; for data that size, where it lies in memory can shift the result by several points in ways the interval does not cover, and differently in the next process; run the comparison in several processes with the multiproc package

build from empty to 10449 elements, per whole build (37733 operations):
  A: 4.704e+06 ns per operation (median)
  B: 3.374e+06 ns per operation (median)
  A needs 39.1% more time than B: B takes only 0.72 times as long as A.
  With 95% confidence the difference lies between 38.3% and 41.6% more time (B takes between 0.706 and 0.72 times as long as A).
  Noise floor: 0.947%. Identical code measured against itself on this setup can look that different, so smaller differences mean nothing.
  Neighbouring measurements are nearly independent (autocorrelation +0.13), so they were resampled one by one.
  
  Verdict: RESOLVED. A is slower than B: the difference is real, as its interval excludes zero and it exceeds the noise floor.
  
  Warnings:
    - the program holds 69 MB of live data, more than the caches of many machines; for data that size, where it lies in memory can shift the result by several points in ways the interval does not cover, and differently in the next process; run the comparison in several processes with the multiproc package
    - in 50% of A/A runs this setup reported a difference between identical code, well above the 10% expected; treat any confidence from it with suspicion

checksum 1173659720401
== street multi n=4096 valuesFor: ordered vs hashed
A: 74.86 ns per operation (median)
B: 33.99 ns per operation (median)
A needs 120% more time than B: B takes only 0.45 times as long as A.
With 95% confidence the difference lies between 119% and 125% more time (B takes between 0.445 and 0.46 times as long as A).
Noise floor: 0.567%. Identical code measured against itself on this setup can look that different, so smaller differences mean nothing.
Neighbouring measurements are nearly independent (autocorrelation -0.05), so they were resampled one by one.

Verdict: RESOLVED. A is slower than B: the difference is real, as its interval excludes zero and it exceeds the noise floor.

Warnings:
  - the program holds 70 MB of live data, more than the caches of many machines; for data that size, where it lies in memory can shift the result by several points in ways the interval does not cover, and differently in the next process; run the comparison in several processes with the multiproc package
  - 6.4% of bootstrap replicates tied, so the measurement is coarse relative to the question; lower CollectOptions.MaxQuantizationError to lengthen the batches

== street multi n=4096 valuesFor: ordered vs btree-sets
A: 75.64 ns per operation (median)
B: 176.1 ns per operation (median)
A needs 56.9% less time than B: B takes 2.32 times as long as A.
With 95% confidence the difference lies between 56.5% and 57.6% less time (B takes between 2.3 and 2.36 times as long as A).
Noise floor: 0.474%. Identical code measured against itself on this setup can look that different, so smaller differences mean nothing.
Neighbouring measurements are nearly independent (autocorrelation -0.08), so they were resampled one by one.

Verdict: RESOLVED. A is faster than B: the difference is real, as its interval excludes zero and it exceeds the noise floor.

Warnings:
  - the program holds 70 MB of live data, more than the caches of many machines; for data that size, where it lies in memory can shift the result by several points in ways the interval does not cover, and differently in the next process; run the comparison in several processes with the multiproc package

== street multi n=4096 valuesFor: ordered vs map-sets
A: 75.44 ns per operation (median)
B: 78.66 ns per operation (median)
A needs 3.95% less time than B: B takes 1.04 times as long as A.
With 95% confidence the difference lies between 2.87% and 5.64% less time (B takes between 1.03 and 1.06 times as long as A).
Noise floor: 0.439%. Identical code measured against itself on this setup can look that different, so smaller differences mean nothing.
Neighbouring measurements are correlated (autocorrelation +0.25), so they were resampled in blocks of 3.

Verdict: RESOLVED. A is faster than B: the difference is real, as its interval excludes zero and it exceeds the noise floor.

Warnings:
  - the program holds 70 MB of live data, more than the caches of many machines; for data that size, where it lies in memory can shift the result by several points in ways the interval does not cover, and differently in the next process; run the comparison in several processes with the multiproc package

== street multi n=4096 valuesBetween: ordered vs hashed
A: 3405 ns per operation (median)
B: 7.107e+04 ns per operation (median)
A needs 95.2% less time than B: B takes 20.99 times as long as A.
With 95% confidence the difference lies between 95.2% and 95.3% less time (B takes between 20.9 and 21.15 times as long as A).
Noise floor: 0.367%. Identical code measured against itself on this setup can look that different, so smaller differences mean nothing.
Neighbouring measurements are nearly independent (autocorrelation +0.12), so they were resampled one by one.

Verdict: RESOLVED. A is faster than B: the difference is real, as its interval excludes zero and it exceeds the noise floor.

Warnings:
  - the program holds 70 MB of live data, more than the caches of many machines; for data that size, where it lies in memory can shift the result by several points in ways the interval does not cover, and differently in the next process; run the comparison in several processes with the multiproc package

== street multi n=4096 valuesBetween: ordered vs btree-sets
A: 3399 ns per operation (median)
B: 5387 ns per operation (median)
A needs 37.1% less time than B: B takes 1.59 times as long as A.
With 95% confidence the difference lies between 36.2% and 38.4% less time (B takes between 1.57 and 1.62 times as long as A).
Noise floor: 0.79%. Identical code measured against itself on this setup can look that different, so smaller differences mean nothing.
Neighbouring measurements are nearly independent (autocorrelation -0.10), so they were resampled one by one.

Verdict: RESOLVED. A is faster than B: the difference is real, as its interval excludes zero and it exceeds the noise floor.

Warnings:
  - the program holds 70 MB of live data, more than the caches of many machines; for data that size, where it lies in memory can shift the result by several points in ways the interval does not cover, and differently in the next process; run the comparison in several processes with the multiproc package

== street multi n=4096 valuesBetween: ordered vs map-sets
A: 3424 ns per operation (median)
B: 6.928e+04 ns per operation (median)
A needs 95.1% less time than B: B takes 20.34 times as long as A.
With 95% confidence the difference lies between 95% and 95.1% less time (B takes between 20 and 20.53 times as long as A).
Noise floor: 1.45%. Identical code measured against itself on this setup can look that different, so smaller differences mean nothing.
Neighbouring measurements are nearly independent (autocorrelation +0.13), so they were resampled one by one.

Verdict: RESOLVED. A is faster than B: the difference is real, as its interval excludes zero and it exceeds the noise floor.

Warnings:
  - the program holds 70 MB of live data, more than the caches of many machines; for data that size, where it lies in memory can shift the result by several points in ways the interval does not cover, and differently in the next process; run the comparison in several processes with the multiproc package
  - in 50% of A/A runs this setup reported a difference between identical code, well above the 10% expected; treat any confidence from it with suspicion

== street multi n=4096 prefix: ordered vs hashed
A: 328 ns per operation (median)
B: 6.92e+04 ns per operation (median)
A needs 99.5% less time than B: B takes 211.14 times as long as A.
With 95% confidence the difference lies between 99.5% and 99.5% less time (B takes between 207 and 213.79 times as long as A).
Noise floor: 1.83%. Identical code measured against itself on this setup can look that different, so smaller differences mean nothing.
Neighbouring measurements are correlated (autocorrelation +0.23), so they were resampled in blocks of 3.

Verdict: RESOLVED. A is faster than B: the difference is real, as its interval excludes zero and it exceeds the noise floor.

Warnings:
  - the program holds 70 MB of live data, more than the caches of many machines; for data that size, where it lies in memory can shift the result by several points in ways the interval does not cover, and differently in the next process; run the comparison in several processes with the multiproc package

== street multi n=4096 prefix: ordered vs btree-sets
A: 322.2 ns per operation (median)
B: 640.9 ns per operation (median)
A needs 49.9% less time than B: B takes 2.00 times as long as A.
With 95% confidence the difference lies between 49.1% and 50.7% less time (B takes between 1.97 and 2.03 times as long as A).
Noise floor: 0.632%. Identical code measured against itself on this setup can look that different, so smaller differences mean nothing.
Neighbouring measurements are nearly independent (autocorrelation +0.11), so they were resampled one by one.

Verdict: RESOLVED. A is faster than B: the difference is real, as its interval excludes zero and it exceeds the noise floor.

Warnings:
  - the program holds 70 MB of live data, more than the caches of many machines; for data that size, where it lies in memory can shift the result by several points in ways the interval does not cover, and differently in the next process; run the comparison in several processes with the multiproc package

== street multi n=4096 prefix: ordered vs map-sets
A: 328.1 ns per operation (median)
B: 6.36e+04 ns per operation (median)
A needs 99.5% less time than B: B takes 194.10 times as long as A.
With 95% confidence the difference lies between 99.5% and 99.5% less time (B takes between 188 and 197.17 times as long as A).
Noise floor: 1.36%. Identical code measured against itself on this setup can look that different, so smaller differences mean nothing.
Neighbouring measurements are nearly independent (autocorrelation +0.17), so they were resampled one by one.

Verdict: RESOLVED. A is faster than B: the difference is real, as its interval excludes zero and it exceeds the noise floor.

Warnings:
  - the program holds 70 MB of live data, more than the caches of many machines; for data that size, where it lies in memory can shift the result by several points in ways the interval does not cover, and differently in the next process; run the comparison in several processes with the multiproc package

== street multi n=4096 churn and build: ordered vs hashed
steady state, per insertion or deletion in a structure of 10449 elements (cycle of 27218 operations, first pass untimed):
  A: 122.3 ns per operation (median)
  B: 64.5 ns per operation (median)
  A needs 90.8% more time than B: B takes only 0.52 times as long as A.
  With 95% confidence the difference lies between 89.9% and 91.1% more time (B takes between 0.523 and 0.53 times as long as A).
  Noise floor: 0.537%. Identical code measured against itself on this setup can look that different, so smaller differences mean nothing.
  Neighbouring measurements are correlated (autocorrelation +0.24), so they were resampled in blocks of 3.
  
  Verdict: RESOLVED. A is slower than B: the difference is real, as its interval excludes zero and it exceeds the noise floor.
  
  Warnings:
    - the program holds 73 MB of live data, more than the caches of many machines; for data that size, where it lies in memory can shift the result by several points in ways the interval does not cover, and differently in the next process; run the comparison in several processes with the multiproc package

build from empty to 10449 elements, per whole build (37733 operations):
  A: 4.742e+06 ns per operation (median)
  B: 3.014e+06 ns per operation (median)
  A needs 56.7% more time than B: B takes only 0.64 times as long as A.
  With 95% confidence the difference lies between 55.5% and 61% more time (B takes between 0.621 and 0.64 times as long as A).
  Noise floor: 0.668%. Identical code measured against itself on this setup can look that different, so smaller differences mean nothing.
  Neighbouring measurements are correlated (autocorrelation +0.20), so they were resampled in blocks of 3.
  
  Verdict: RESOLVED. A is slower than B: the difference is real, as its interval excludes zero and it exceeds the noise floor.
  
  Warnings:
    - the program holds 70 MB of live data, more than the caches of many machines; for data that size, where it lies in memory can shift the result by several points in ways the interval does not cover, and differently in the next process; run the comparison in several processes with the multiproc package

== street multi n=4096 churn and build: ordered vs btree-sets
steady state, per insertion or deletion in a structure of 10449 elements (cycle of 27218 operations, first pass untimed):
  A: 125.7 ns per operation (median)
  B: 240.6 ns per operation (median)
  A needs 47.2% less time than B: B takes 1.89 times as long as A.
  With 95% confidence the difference lies between 46.2% and 48.3% less time (B takes between 1.86 and 1.93 times as long as A).
  Noise floor: 1.33%. Identical code measured against itself on this setup can look that different, so smaller differences mean nothing.
  Neighbouring measurements are nearly independent (autocorrelation +0.01), so they were resampled one by one.
  
  Verdict: RESOLVED. A is faster than B: the difference is real, as its interval excludes zero and it exceeds the noise floor.
  
  Warnings:
    - the program holds 72 MB of live data, more than the caches of many machines; for data that size, where it lies in memory can shift the result by several points in ways the interval does not cover, and differently in the next process; run the comparison in several processes with the multiproc package
    - in 50% of A/A runs this setup reported a difference between identical code, well above the 10% expected; treat any confidence from it with suspicion

build from empty to 10449 elements, per whole build (37733 operations):
  A: 4.761e+06 ns per operation (median)
  B: 9.496e+06 ns per operation (median)
  A needs 49.2% less time than B: B takes 1.97 times as long as A.
  With 95% confidence the difference lies between 49% and 49.8% less time (B takes between 1.96 and 1.99 times as long as A).
  Noise floor: 0.449%. Identical code measured against itself on this setup can look that different, so smaller differences mean nothing.
  Neighbouring measurements are nearly independent (autocorrelation -0.04), so they were resampled one by one.
  
  Verdict: RESOLVED. A is faster than B: the difference is real, as its interval excludes zero and it exceeds the noise floor.
  
  Warnings:
    - the program holds 70 MB of live data, more than the caches of many machines; for data that size, where it lies in memory can shift the result by several points in ways the interval does not cover, and differently in the next process; run the comparison in several processes with the multiproc package

== street multi n=4096 churn and build: ordered vs map-sets
steady state, per insertion or deletion in a structure of 10449 elements (cycle of 27218 operations, first pass untimed):
  A: 122.8 ns per operation (median)
  B: 70.62 ns per operation (median)
  A needs 73.8% more time than B: B takes only 0.58 times as long as A.
  With 95% confidence the difference lies between 72.4% and 75% more time (B takes between 0.571 and 0.58 times as long as A).
  Noise floor: 0.42%. Identical code measured against itself on this setup can look that different, so smaller differences mean nothing.
  Neighbouring measurements are nearly independent (autocorrelation -0.12), so they were resampled one by one.
  
  Verdict: RESOLVED. A is slower than B: the difference is real, as its interval excludes zero and it exceeds the noise floor.
  
  Warnings:
    - the program holds 73 MB of live data, more than the caches of many machines; for data that size, where it lies in memory can shift the result by several points in ways the interval does not cover, and differently in the next process; run the comparison in several processes with the multiproc package

build from empty to 10449 elements, per whole build (37733 operations):
  A: 4.763e+06 ns per operation (median)
  B: 3.501e+06 ns per operation (median)
  A needs 35.4% more time than B: B takes only 0.74 times as long as A.
  With 95% confidence the difference lies between 34.2% and 38.9% more time (B takes between 0.72 and 0.75 times as long as A).
  Noise floor: 0.781%. Identical code measured against itself on this setup can look that different, so smaller differences mean nothing.
  Neighbouring measurements are nearly independent (autocorrelation -0.12), so they were resampled one by one.
  
  Verdict: RESOLVED. A is slower than B: the difference is real, as its interval excludes zero and it exceeds the noise floor.
  
  Warnings:
    - the program holds 70 MB of live data, more than the caches of many machines; for data that size, where it lies in memory can shift the result by several points in ways the interval does not cover, and differently in the next process; run the comparison in several processes with the multiproc package

checksum 1169595080424
== street multi n=4096 valuesFor: ordered vs hashed
A: 75.87 ns per operation (median)
B: 33.99 ns per operation (median)
A needs 123% more time than B: B takes only 0.45 times as long as A.
With 95% confidence the difference lies between 121% and 126% more time (B takes between 0.443 and 0.45 times as long as A).
Noise floor: 0.306%. Identical code measured against itself on this setup can look that different, so smaller differences mean nothing.
Neighbouring measurements are nearly independent (autocorrelation +0.08), so they were resampled one by one.

Verdict: RESOLVED. A is slower than B: the difference is real, as its interval excludes zero and it exceeds the noise floor.

Warnings:
  - the program holds 64 MB of live data, more than the caches of many machines; for data that size, where it lies in memory can shift the result by several points in ways the interval does not cover, and differently in the next process; run the comparison in several processes with the multiproc package

== street multi n=4096 valuesFor: ordered vs btree-sets
A: 76.34 ns per operation (median)
B: 179 ns per operation (median)
A needs 57.6% less time than B: B takes 2.36 times as long as A.
With 95% confidence the difference lies between 57.1% and 58.1% less time (B takes between 2.33 and 2.39 times as long as A).
Noise floor: 0.838%. Identical code measured against itself on this setup can look that different, so smaller differences mean nothing.
Neighbouring measurements are nearly independent (autocorrelation +0.15), so they were resampled one by one.

Verdict: RESOLVED. A is faster than B: the difference is real, as its interval excludes zero and it exceeds the noise floor.

Warnings:
  - the program holds 64 MB of live data, more than the caches of many machines; for data that size, where it lies in memory can shift the result by several points in ways the interval does not cover, and differently in the next process; run the comparison in several processes with the multiproc package

== street multi n=4096 valuesFor: ordered vs map-sets
A: 75.87 ns per operation (median)
B: 79.22 ns per operation (median)
A needs 4.06% less time than B: B takes 1.04 times as long as A.
With 95% confidence the difference lies between 3.2% and 4.58% less time (B takes between 1.03 and 1.05 times as long as A).
Noise floor: 0.327%. Identical code measured against itself on this setup can look that different, so smaller differences mean nothing.
Neighbouring measurements are correlated (autocorrelation +0.21), so they were resampled in blocks of 3.

Verdict: RESOLVED. A is faster than B: the difference is real, as its interval excludes zero and it exceeds the noise floor.

Warnings:
  - the program holds 64 MB of live data, more than the caches of many machines; for data that size, where it lies in memory can shift the result by several points in ways the interval does not cover, and differently in the next process; run the comparison in several processes with the multiproc package

== street multi n=4096 valuesBetween: ordered vs hashed
A: 3390 ns per operation (median)
B: 7.217e+04 ns per operation (median)
A needs 95.3% less time than B: B takes 21.18 times as long as A.
With 95% confidence the difference lies between 95.2% and 95.4% less time (B takes between 21 and 21.62 times as long as A).
Noise floor: 0.396%. Identical code measured against itself on this setup can look that different, so smaller differences mean nothing.
Neighbouring measurements are nearly independent (autocorrelation +0.12), so they were resampled one by one.

Verdict: RESOLVED. A is faster than B: the difference is real, as its interval excludes zero and it exceeds the noise floor.

Warnings:
  - the program holds 64 MB of live data, more than the caches of many machines; for data that size, where it lies in memory can shift the result by several points in ways the interval does not cover, and differently in the next process; run the comparison in several processes with the multiproc package

== street multi n=4096 valuesBetween: ordered vs btree-sets
A: 3408 ns per operation (median)
B: 5412 ns per operation (median)
A needs 37.5% less time than B: B takes 1.60 times as long as A.
With 95% confidence the difference lies between 36.6% and 38.4% less time (B takes between 1.58 and 1.62 times as long as A).
Noise floor: 0.775%. Identical code measured against itself on this setup can look that different, so smaller differences mean nothing.
Neighbouring measurements are nearly independent (autocorrelation -0.06), so they were resampled one by one.

Verdict: RESOLVED. A is faster than B: the difference is real, as its interval excludes zero and it exceeds the noise floor.

Warnings:
  - the program holds 64 MB of live data, more than the caches of many machines; for data that size, where it lies in memory can shift the result by several points in ways the interval does not cover, and differently in the next process; run the comparison in several processes with the multiproc package

== street multi n=4096 valuesBetween: ordered vs map-sets
A: 3437 ns per operation (median)
B: 7.106e+04 ns per operation (median)
A needs 95.2% less time than B: B takes 20.77 times as long as A.
With 95% confidence the difference lies between 95.1% and 95.2% less time (B takes between 20.6 and 20.98 times as long as A).
Noise floor: 1.48%. Identical code measured against itself on this setup can look that different, so smaller differences mean nothing.
Neighbouring measurements are correlated (autocorrelation +0.38), so they were resampled in blocks of 3.

Verdict: RESOLVED. A is faster than B: the difference is real, as its interval excludes zero and it exceeds the noise floor.

Warnings:
  - the program holds 71 MB of live data, more than the caches of many machines; for data that size, where it lies in memory can shift the result by several points in ways the interval does not cover, and differently in the next process; run the comparison in several processes with the multiproc package

== street multi n=4096 prefix: ordered vs hashed
A: 357.3 ns per operation (median)
B: 7.392e+04 ns per operation (median)
A needs 99.5% less time than B: B takes 202.98 times as long as A.
With 95% confidence the difference lies between 99.5% and 99.5% less time (B takes between 193 and 211.48 times as long as A).
Noise floor: 0.94%. Identical code measured against itself on this setup can look that different, so smaller differences mean nothing.
Neighbouring measurements are nearly independent (autocorrelation -0.00), so they were resampled one by one.

Verdict: RESOLVED. A is faster than B: the difference is real, as its interval excludes zero and it exceeds the noise floor.

Warnings:
  - the program holds 71 MB of live data, more than the caches of many machines; for data that size, where it lies in memory can shift the result by several points in ways the interval does not cover, and differently in the next process; run the comparison in several processes with the multiproc package
  - candidate A drifted during the run: its measurements were 12.3% higher in the second half than in the first, so the machine did not hold still
  - candidate B drifted during the run: its measurements were 5.64% higher in the second half than in the first, so the machine did not hold still

== street multi n=4096 prefix: ordered vs btree-sets
A: 348.2 ns per operation (median)
B: 688.7 ns per operation (median)
A needs 50.1% less time than B: B takes 2.01 times as long as A.
With 95% confidence the difference lies between 47.8% and 51.7% less time (B takes between 1.91 and 2.07 times as long as A).
Noise floor: 1.82%. Identical code measured against itself on this setup can look that different, so smaller differences mean nothing.
Neighbouring measurements are nearly independent (autocorrelation -0.06), so they were resampled one by one.

Verdict: RESOLVED. A is faster than B: the difference is real, as its interval excludes zero and it exceeds the noise floor.

Warnings:
  - the program holds 71 MB of live data, more than the caches of many machines; for data that size, where it lies in memory can shift the result by several points in ways the interval does not cover, and differently in the next process; run the comparison in several processes with the multiproc package

== street multi n=4096 prefix: ordered vs map-sets
A: 335.3 ns per operation (median)
B: 6.667e+04 ns per operation (median)
A needs 99.5% less time than B: B takes 198.29 times as long as A.
With 95% confidence the difference lies between 99.5% and 99.5% less time (B takes between 194 and 202.85 times as long as A).
Noise floor: 4.39%. Identical code measured against itself on this setup can look that different, so smaller differences mean nothing.
Neighbouring measurements are nearly independent (autocorrelation +0.04), so they were resampled one by one.

Verdict: RESOLVED. A is faster than B: the difference is real, as its interval excludes zero and it exceeds the noise floor.

Warnings:
  - the program holds 71 MB of live data, more than the caches of many machines; for data that size, where it lies in memory can shift the result by several points in ways the interval does not cover, and differently in the next process; run the comparison in several processes with the multiproc package

== street multi n=4096 churn and build: ordered vs hashed
steady state, per insertion or deletion in a structure of 10449 elements (cycle of 27218 operations, first pass untimed):
  A: 122.6 ns per operation (median)
  B: 64.71 ns per operation (median)
  A needs 90.5% more time than B: B takes only 0.53 times as long as A.
  With 95% confidence the difference lies between 88.6% and 91% more time (B takes between 0.524 and 0.53 times as long as A).
  Noise floor: 0.606%. Identical code measured against itself on this setup can look that different, so smaller differences mean nothing.
  Neighbouring measurements are correlated (autocorrelation +0.36), so they were resampled in blocks of 3.
  
  Verdict: RESOLVED. A is slower than B: the difference is real, as its interval excludes zero and it exceeds the noise floor.
  
  Warnings:
    - the program holds 71 MB of live data, more than the caches of many machines; for data that size, where it lies in memory can shift the result by several points in ways the interval does not cover, and differently in the next process; run the comparison in several processes with the multiproc package
    - the ratio B/A was 1.48% lower in the second half of the run than in the first, so the candidates had not reached a steady state and the difference depends on how long the run was; a common cause is a head start for whichever candidate ran alone last before the comparison or had its data built last, which a longer CollectOptions.WarmupDuration removes

build from empty to 10449 elements, per whole build (37733 operations):
  A: 4.704e+06 ns per operation (median)
  B: 2.912e+06 ns per operation (median)
  A needs 61.8% more time than B: B takes only 0.62 times as long as A.
  With 95% confidence the difference lies between 61% and 63.6% more time (B takes between 0.611 and 0.62 times as long as A).
  Noise floor: 0.503%. Identical code measured against itself on this setup can look that different, so smaller differences mean nothing.
  Neighbouring measurements are nearly independent (autocorrelation -0.07), so they were resampled one by one.
  
  Verdict: RESOLVED. A is slower than B: the difference is real, as its interval excludes zero and it exceeds the noise floor.
  
  Warnings:
    - the program holds 70 MB of live data, more than the caches of many machines; for data that size, where it lies in memory can shift the result by several points in ways the interval does not cover, and differently in the next process; run the comparison in several processes with the multiproc package

== street multi n=4096 churn and build: ordered vs btree-sets
steady state, per insertion or deletion in a structure of 10449 elements (cycle of 27218 operations, first pass untimed):
  A: 123.6 ns per operation (median)
  B: 234.7 ns per operation (median)
  A needs 47.7% less time than B: B takes 1.91 times as long as A.
  With 95% confidence the difference lies between 46.7% and 48.1% less time (B takes between 1.88 and 1.93 times as long as A).
  Noise floor: 0.619%. Identical code measured against itself on this setup can look that different, so smaller differences mean nothing.
  Neighbouring measurements are nearly independent (autocorrelation -0.15), so they were resampled one by one.
  
  Verdict: RESOLVED. A is faster than B: the difference is real, as its interval excludes zero and it exceeds the noise floor.
  
  Warnings:
    - the program holds 73 MB of live data, more than the caches of many machines; for data that size, where it lies in memory can shift the result by several points in ways the interval does not cover, and differently in the next process; run the comparison in several processes with the multiproc package

build from empty to 10449 elements, per whole build (37733 operations):
  A: 4.703e+06 ns per operation (median)
  B: 9.334e+06 ns per operation (median)
  A needs 49.7% less time than B: B takes 1.99 times as long as A.
  With 95% confidence the difference lies between 49.5% and 49.8% less time (B takes between 1.98 and 1.99 times as long as A).
  Noise floor: 0.499%. Identical code measured against itself on this setup can look that different, so smaller differences mean nothing.
  Neighbouring measurements are nearly independent (autocorrelation +0.07), so they were resampled one by one.
  
  Verdict: RESOLVED. A is faster than B: the difference is real, as its interval excludes zero and it exceeds the noise floor.
  
  Warnings:
    - the program holds 70 MB of live data, more than the caches of many machines; for data that size, where it lies in memory can shift the result by several points in ways the interval does not cover, and differently in the next process; run the comparison in several processes with the multiproc package

== street multi n=4096 churn and build: ordered vs map-sets
steady state, per insertion or deletion in a structure of 10449 elements (cycle of 27218 operations, first pass untimed):
  A: 122.5 ns per operation (median)
  B: 70.05 ns per operation (median)
  A needs 73.9% more time than B: B takes only 0.57 times as long as A.
  With 95% confidence the difference lies between 73.3% and 75.8% more time (B takes between 0.569 and 0.58 times as long as A).
  Noise floor: 0.703%. Identical code measured against itself on this setup can look that different, so smaller differences mean nothing.
  Neighbouring measurements are nearly independent (autocorrelation -0.09), so they were resampled one by one.
  
  Verdict: RESOLVED. A is slower than B: the difference is real, as its interval excludes zero and it exceeds the noise floor.
  
  Warnings:
    - the program holds 72 MB of live data, more than the caches of many machines; for data that size, where it lies in memory can shift the result by several points in ways the interval does not cover, and differently in the next process; run the comparison in several processes with the multiproc package

build from empty to 10449 elements, per whole build (37733 operations):
  A: 4.696e+06 ns per operation (median)
  B: 3.363e+06 ns per operation (median)
  A needs 39.9% more time than B: B takes only 0.71 times as long as A.
  With 95% confidence the difference lies between 38.2% and 40.9% more time (B takes between 0.71 and 0.72 times as long as A).
  Noise floor: 0.385%. Identical code measured against itself on this setup can look that different, so smaller differences mean nothing.
  Neighbouring measurements are nearly independent (autocorrelation -0.07), so they were resampled one by one.
  
  Verdict: RESOLVED. A is slower than B: the difference is real, as its interval excludes zero and it exceeds the noise floor.
  
  Warnings:
    - the program holds 70 MB of live data, more than the caches of many machines; for data that size, where it lies in memory can shift the result by several points in ways the interval does not cover, and differently in the next process; run the comparison in several processes with the multiproc package

checksum 1156935839393
== street multi n=4096 valuesFor: ordered vs hashed
A: 75.16 ns per operation (median)
B: 33.95 ns per operation (median)
A needs 121% more time than B: B takes only 0.45 times as long as A.
With 95% confidence the difference lies between 120% and 123% more time (B takes between 0.448 and 0.45 times as long as A).
Noise floor: 0.402%. Identical code measured against itself on this setup can look that different, so smaller differences mean nothing.
Neighbouring measurements are nearly independent (autocorrelation +0.01), so they were resampled one by one.

Verdict: RESOLVED. A is slower than B: the difference is real, as its interval excludes zero and it exceeds the noise floor.

Warnings:
  - the program holds 48 MB of live data, more than the caches of many machines; for data that size, where it lies in memory can shift the result by several points in ways the interval does not cover, and differently in the next process; run the comparison in several processes with the multiproc package

== street multi n=4096 valuesFor: ordered vs btree-sets
A: 76.19 ns per operation (median)
B: 180.5 ns per operation (median)
A needs 57.6% less time than B: B takes 2.36 times as long as A.
With 95% confidence the difference lies between 57% and 58.3% less time (B takes between 2.32 and 2.40 times as long as A).
Noise floor: 1.29%. Identical code measured against itself on this setup can look that different, so smaller differences mean nothing.
Neighbouring measurements are nearly independent (autocorrelation -0.25), so they were resampled one by one.

Verdict: RESOLVED. A is faster than B: the difference is real, as its interval excludes zero and it exceeds the noise floor.

Warnings:
  - the program holds 48 MB of live data, more than the caches of many machines; for data that size, where it lies in memory can shift the result by several points in ways the interval does not cover, and differently in the next process; run the comparison in several processes with the multiproc package

== street multi n=4096 valuesFor: ordered vs map-sets
A: 76.83 ns per operation (median)
B: 81.07 ns per operation (median)
A needs 4.63% less time than B: B takes 1.05 times as long as A.
With 95% confidence the difference lies between 3.18% and 5.32% less time (B takes between 1.03 and 1.06 times as long as A).
Noise floor: 0.931%. Identical code measured against itself on this setup can look that different, so smaller differences mean nothing.
Neighbouring measurements are nearly independent (autocorrelation -0.00), so they were resampled one by one.

Verdict: RESOLVED. A is faster than B: the difference is real, as its interval excludes zero and it exceeds the noise floor.

Warnings:
  - the program holds 70 MB of live data, more than the caches of many machines; for data that size, where it lies in memory can shift the result by several points in ways the interval does not cover, and differently in the next process; run the comparison in several processes with the multiproc package
  - candidate A drifted during the run: its measurements were 2.14% lower in the second half than in the first, so the machine did not hold still

== street multi n=4096 valuesBetween: ordered vs hashed
A: 3417 ns per operation (median)
B: 7.244e+04 ns per operation (median)
A needs 95.3% less time than B: B takes 21.26 times as long as A.
With 95% confidence the difference lies between 95.3% and 95.3% less time (B takes between 21.1 and 21.48 times as long as A).
Noise floor: 0.465%. Identical code measured against itself on this setup can look that different, so smaller differences mean nothing.
Neighbouring measurements are nearly independent (autocorrelation +0.02), so they were resampled one by one.

Verdict: RESOLVED. A is faster than B: the difference is real, as its interval excludes zero and it exceeds the noise floor.

Warnings:
  - the program holds 70 MB of live data, more than the caches of many machines; for data that size, where it lies in memory can shift the result by several points in ways the interval does not cover, and differently in the next process; run the comparison in several processes with the multiproc package

== street multi n=4096 valuesBetween: ordered vs btree-sets
A: 3379 ns per operation (median)
B: 5337 ns per operation (median)
A needs 36% less time than B: B takes 1.56 times as long as A.
With 95% confidence the difference lies between 35.7% and 38.3% less time (B takes between 1.56 and 1.62 times as long as A).
Noise floor: 1.03%. Identical code measured against itself on this setup can look that different, so smaller differences mean nothing.
Neighbouring measurements are nearly independent (autocorrelation -0.06), so they were resampled one by one.

Verdict: RESOLVED. A is faster than B: the difference is real, as its interval excludes zero and it exceeds the noise floor.

Warnings:
  - the program holds 70 MB of live data, more than the caches of many machines; for data that size, where it lies in memory can shift the result by several points in ways the interval does not cover, and differently in the next process; run the comparison in several processes with the multiproc package
  - in 50% of A/A runs this setup reported a difference between identical code, well above the 10% expected; treat any confidence from it with suspicion

== street multi n=4096 valuesBetween: ordered vs map-sets
A: 3435 ns per operation (median)
B: 7.117e+04 ns per operation (median)
A needs 95.2% less time than B: B takes 20.81 times as long as A.
With 95% confidence the difference lies between 95.1% and 95.2% less time (B takes between 20.4 and 20.91 times as long as A).
Noise floor: 0.397%. Identical code measured against itself on this setup can look that different, so smaller differences mean nothing.
Neighbouring measurements are correlated (autocorrelation +0.24), so they were resampled in blocks of 3.

Verdict: RESOLVED. A is faster than B: the difference is real, as its interval excludes zero and it exceeds the noise floor.

Warnings:
  - the program holds 70 MB of live data, more than the caches of many machines; for data that size, where it lies in memory can shift the result by several points in ways the interval does not cover, and differently in the next process; run the comparison in several processes with the multiproc package

== street multi n=4096 prefix: ordered vs hashed
A: 364.7 ns per operation (median)
B: 7.253e+04 ns per operation (median)
A needs 99.5% less time than B: B takes 200.08 times as long as A.
With 95% confidence the difference lies between 99.5% and 99.5% less time (B takes between 195 and 212.60 times as long as A).
Noise floor: 3.46%. Identical code measured against itself on this setup can look that different, so smaller differences mean nothing.
Neighbouring measurements are correlated (autocorrelation +0.25), so they were resampled in blocks of 3.

Verdict: RESOLVED. A is faster than B: the difference is real, as its interval excludes zero and it exceeds the noise floor.

Warnings:
  - the program holds 70 MB of live data, more than the caches of many machines; for data that size, where it lies in memory can shift the result by several points in ways the interval does not cover, and differently in the next process; run the comparison in several processes with the multiproc package
  - in 50% of A/A runs this setup reported a difference between identical code, well above the 10% expected; treat any confidence from it with suspicion

== street multi n=4096 prefix: ordered vs btree-sets
A: 329 ns per operation (median)
B: 664.8 ns per operation (median)
A needs 50.5% less time than B: B takes 2.02 times as long as A.
With 95% confidence the difference lies between 49.2% and 51.3% less time (B takes between 1.97 and 2.05 times as long as A).
Noise floor: 1.72%. Identical code measured against itself on this setup can look that different, so smaller differences mean nothing.
Neighbouring measurements are nearly independent (autocorrelation +0.11), so they were resampled one by one.

Verdict: RESOLVED. A is faster than B: the difference is real, as its interval excludes zero and it exceeds the noise floor.

Warnings:
  - the program holds 70 MB of live data, more than the caches of many machines; for data that size, where it lies in memory can shift the result by several points in ways the interval does not cover, and differently in the next process; run the comparison in several processes with the multiproc package

== street multi n=4096 prefix: ordered vs map-sets
A: 357.8 ns per operation (median)
B: 6.706e+04 ns per operation (median)
A needs 99.5% less time than B: B takes 188.44 times as long as A.
With 95% confidence the difference lies between 99.5% and 99.5% less time (B takes between 182 and 198.14 times as long as A).
Noise floor: 2.52%. Identical code measured against itself on this setup can look that different, so smaller differences mean nothing.
Neighbouring measurements are correlated (autocorrelation +0.28), so they were resampled in blocks of 3.

Verdict: RESOLVED. A is faster than B: the difference is real, as its interval excludes zero and it exceeds the noise floor.

Warnings:
  - the program holds 70 MB of live data, more than the caches of many machines; for data that size, where it lies in memory can shift the result by several points in ways the interval does not cover, and differently in the next process; run the comparison in several processes with the multiproc package

== street multi n=4096 churn and build: ordered vs hashed
steady state, per insertion or deletion in a structure of 10449 elements (cycle of 27218 operations, first pass untimed):
  A: 126.3 ns per operation (median)
  B: 66.76 ns per operation (median)
  A needs 89.7% more time than B: B takes only 0.53 times as long as A.
  With 95% confidence the difference lies between 87.8% and 92.5% more time (B takes between 0.519 and 0.53 times as long as A).
  Noise floor: 0.738%. Identical code measured against itself on this setup can look that different, so smaller differences mean nothing.
  Neighbouring measurements are nearly independent (autocorrelation -0.01), so they were resampled one by one.
  
  Verdict: RESOLVED. A is slower than B: the difference is real, as its interval excludes zero and it exceeds the noise floor.
  
  Warnings:
    - the program holds 72 MB of live data, more than the caches of many machines; for data that size, where it lies in memory can shift the result by several points in ways the interval does not cover, and differently in the next process; run the comparison in several processes with the multiproc package

build from empty to 10449 elements, per whole build (37733 operations):
  A: 4.92e+06 ns per operation (median)
  B: 3.072e+06 ns per operation (median)
  A needs 59.7% more time than B: B takes only 0.63 times as long as A.
  With 95% confidence the difference lies between 58.7% and 60.8% more time (B takes between 0.622 and 0.63 times as long as A).
  Noise floor: 0.148%. Identical code measured against itself on this setup can look that different, so smaller differences mean nothing.
  Neighbouring measurements are nearly independent (autocorrelation +0.02), so they were resampled one by one.
  
  Verdict: RESOLVED. A is slower than B: the difference is real, as its interval excludes zero and it exceeds the noise floor.
  
  Warnings:
    - the program holds 70 MB of live data, more than the caches of many machines; for data that size, where it lies in memory can shift the result by several points in ways the interval does not cover, and differently in the next process; run the comparison in several processes with the multiproc package

== street multi n=4096 churn and build: ordered vs btree-sets
steady state, per insertion or deletion in a structure of 10449 elements (cycle of 27218 operations, first pass untimed):
  A: 132 ns per operation (median)
  B: 247.2 ns per operation (median)
  A needs 46.6% less time than B: B takes 1.87 times as long as A.
  With 95% confidence the difference lies between 45.5% and 47.8% less time (B takes between 1.84 and 1.92 times as long as A).
  Noise floor: 0.667%. Identical code measured against itself on this setup can look that different, so smaller differences mean nothing.
  Neighbouring measurements are nearly independent (autocorrelation -0.14), so they were resampled one by one.
  
  Verdict: RESOLVED. A is faster than B: the difference is real, as its interval excludes zero and it exceeds the noise floor.
  
  Warnings:
    - the program holds 72 MB of live data, more than the caches of many machines; for data that size, where it lies in memory can shift the result by several points in ways the interval does not cover, and differently in the next process; run the comparison in several processes with the multiproc package
    - candidate A drifted during the run: its measurements were 10.2% higher in the second half than in the first, so the machine did not hold still
    - candidate B drifted during the run: its measurements were 9.63% higher in the second half than in the first, so the machine did not hold still

build from empty to 10449 elements, per whole build (37733 operations):
  A: 4.961e+06 ns per operation (median)
  B: 9.655e+06 ns per operation (median)
  A needs 48.9% less time than B: B takes 1.96 times as long as A.
  With 95% confidence the difference lies between 48.4% and 49.6% less time (B takes between 1.94 and 1.98 times as long as A).
  Noise floor: 1.67%. Identical code measured against itself on this setup can look that different, so smaller differences mean nothing.
  Neighbouring measurements are nearly independent (autocorrelation +0.12), so they were resampled one by one.
  
  Verdict: RESOLVED. A is faster than B: the difference is real, as its interval excludes zero and it exceeds the noise floor.
  
  Warnings:
    - the program holds 70 MB of live data, more than the caches of many machines; for data that size, where it lies in memory can shift the result by several points in ways the interval does not cover, and differently in the next process; run the comparison in several processes with the multiproc package
    - in 50% of A/A runs this setup reported a difference between identical code, well above the 10% expected; treat any confidence from it with suspicion

== street multi n=4096 churn and build: ordered vs map-sets
steady state, per insertion or deletion in a structure of 10449 elements (cycle of 27218 operations, first pass untimed):
  A: 121.6 ns per operation (median)
  B: 70.24 ns per operation (median)
  A needs 72.8% more time than B: B takes only 0.58 times as long as A.
  With 95% confidence the difference lies between 71.5% and 74.8% more time (B takes between 0.572 and 0.58 times as long as A).
  Noise floor: 0.403%. Identical code measured against itself on this setup can look that different, so smaller differences mean nothing.
  Neighbouring measurements are nearly independent (autocorrelation +0.11), so they were resampled one by one.
  
  Verdict: RESOLVED. A is slower than B: the difference is real, as its interval excludes zero and it exceeds the noise floor.
  
  Warnings:
    - the program holds 72 MB of live data, more than the caches of many machines; for data that size, where it lies in memory can shift the result by several points in ways the interval does not cover, and differently in the next process; run the comparison in several processes with the multiproc package

build from empty to 10449 elements, per whole build (37733 operations):
  A: 4.841e+06 ns per operation (median)
  B: 3.542e+06 ns per operation (median)
  A needs 36.3% more time than B: B takes only 0.73 times as long as A.
  With 95% confidence the difference lies between 35.6% and 37.7% more time (B takes between 0.726 and 0.74 times as long as A).
  Noise floor: 2.1%. Identical code measured against itself on this setup can look that different, so smaller differences mean nothing.
  Neighbouring measurements are correlated (autocorrelation +0.45), so they were resampled in blocks of 3.
  
  Verdict: RESOLVED. A is slower than B: the difference is real, as its interval excludes zero and it exceeds the noise floor.
  
  Warnings:
    - the program holds 70 MB of live data, more than the caches of many machines; for data that size, where it lies in memory can shift the result by several points in ways the interval does not cover, and differently in the next process; run the comparison in several processes with the multiproc package
    - in 50% of A/A runs this setup reported a difference between identical code, well above the 10% expected; treat any confidence from it with suspicion

checksum 1161356768056
== street multi n=4096 valuesFor: ordered vs hashed
A: 75.78 ns per operation (median)
B: 34.28 ns per operation (median)
A needs 121% more time than B: B takes only 0.45 times as long as A.
With 95% confidence the difference lies between 119% and 126% more time (B takes between 0.443 and 0.46 times as long as A).
Noise floor: 1.2%. Identical code measured against itself on this setup can look that different, so smaller differences mean nothing.
Neighbouring measurements are correlated (autocorrelation +0.25), so they were resampled in blocks of 3.

Verdict: RESOLVED. A is slower than B: the difference is real, as its interval excludes zero and it exceeds the noise floor.

Warnings:
  - the program holds 64 MB of live data, more than the caches of many machines; for data that size, where it lies in memory can shift the result by several points in ways the interval does not cover, and differently in the next process; run the comparison in several processes with the multiproc package
  - in 50% of A/A runs this setup reported a difference between identical code, well above the 10% expected; treat any confidence from it with suspicion

== street multi n=4096 valuesFor: ordered vs btree-sets
A: 78.48 ns per operation (median)
B: 187.7 ns per operation (median)
A needs 58.4% less time than B: B takes 2.41 times as long as A.
With 95% confidence the difference lies between 57.9% and 58.9% less time (B takes between 2.37 and 2.43 times as long as A).
Noise floor: 0.856%. Identical code measured against itself on this setup can look that different, so smaller differences mean nothing.
Neighbouring measurements are nearly independent (autocorrelation -0.29), so they were resampled one by one.

Verdict: RESOLVED. A is faster than B: the difference is real, as its interval excludes zero and it exceeds the noise floor.

Warnings:
  - the program holds 64 MB of live data, more than the caches of many machines; for data that size, where it lies in memory can shift the result by several points in ways the interval does not cover, and differently in the next process; run the comparison in several processes with the multiproc package

== street multi n=4096 valuesFor: ordered vs map-sets
A: 76.18 ns per operation (median)
B: 79.81 ns per operation (median)
A needs 3.98% less time than B: B takes 1.04 times as long as A.
With 95% confidence the difference lies between 2.85% and 4.97% less time (B takes between 1.03 and 1.05 times as long as A).
Noise floor: 0.863%. Identical code measured against itself on this setup can look that different, so smaller differences mean nothing.
Neighbouring measurements are nearly independent (autocorrelation +0.05), so they were resampled one by one.

Verdict: RESOLVED. A is faster than B: the difference is real, as its interval excludes zero and it exceeds the noise floor.

Warnings:
  - the program holds 64 MB of live data, more than the caches of many machines; for data that size, where it lies in memory can shift the result by several points in ways the interval does not cover, and differently in the next process; run the comparison in several processes with the multiproc package
  - the ratio B/A was 1.72% lower in the second half of the run than in the first, so the candidates had not reached a steady state and the difference depends on how long the run was; a common cause is a head start for whichever candidate ran alone last before the comparison or had its data built last, which a longer CollectOptions.WarmupDuration removes
  - in 50% of A/A runs this setup reported a difference between identical code, well above the 10% expected; treat any confidence from it with suspicion

== street multi n=4096 valuesBetween: ordered vs hashed
A: 3558 ns per operation (median)
B: 7.354e+04 ns per operation (median)
A needs 95.2% less time than B: B takes 20.72 times as long as A.
With 95% confidence the difference lies between 95% and 95.3% less time (B takes between 20.1 and 21.32 times as long as A).
Noise floor: 2.39%. Identical code measured against itself on this setup can look that different, so smaller differences mean nothing.
Neighbouring measurements are nearly independent (autocorrelation +0.10), so they were resampled one by one.

Verdict: RESOLVED. A is faster than B: the difference is real, as its interval excludes zero and it exceeds the noise floor.

Warnings:
  - the program holds 64 MB of live data, more than the caches of many machines; for data that size, where it lies in memory can shift the result by several points in ways the interval does not cover, and differently in the next process; run the comparison in several processes with the multiproc package

== street multi n=4096 valuesBetween: ordered vs btree-sets
A: 3444 ns per operation (median)
B: 5488 ns per operation (median)
A needs 37.3% less time than B: B takes 1.60 times as long as A.
With 95% confidence the difference lies between 35.8% and 38.1% less time (B takes between 1.56 and 1.61 times as long as A).
Noise floor: 0.714%. Identical code measured against itself on this setup can look that different, so smaller differences mean nothing.
Neighbouring measurements are nearly independent (autocorrelation +0.07), so they were resampled one by one.

Verdict: RESOLVED. A is faster than B: the difference is real, as its interval excludes zero and it exceeds the noise floor.

Warnings:
  - the program holds 64 MB of live data, more than the caches of many machines; for data that size, where it lies in memory can shift the result by several points in ways the interval does not cover, and differently in the next process; run the comparison in several processes with the multiproc package

== street multi n=4096 valuesBetween: ordered vs map-sets
A: 3545 ns per operation (median)
B: 7.169e+04 ns per operation (median)
A needs 95.1% less time than B: B takes 20.22 times as long as A.
With 95% confidence the difference lies between 95% and 95.2% less time (B takes between 19.9 and 20.66 times as long as A).
Noise floor: 1.72%. Identical code measured against itself on this setup can look that different, so smaller differences mean nothing.
Neighbouring measurements are nearly independent (autocorrelation +0.05), so they were resampled one by one.

Verdict: RESOLVED. A is faster than B: the difference is real, as its interval excludes zero and it exceeds the noise floor.

Warnings:
  - the program holds 71 MB of live data, more than the caches of many machines; for data that size, where it lies in memory can shift the result by several points in ways the interval does not cover, and differently in the next process; run the comparison in several processes with the multiproc package

== street multi n=4096 prefix: ordered vs hashed
A: 337.7 ns per operation (median)
B: 7.107e+04 ns per operation (median)
A needs 99.5% less time than B: B takes 210.15 times as long as A.
With 95% confidence the difference lies between 99.5% and 99.5% less time (B takes between 197 and 216.38 times as long as A).
Noise floor: 5%. Identical code measured against itself on this setup can look that different, so smaller differences mean nothing.
Neighbouring measurements are nearly independent (autocorrelation +0.04), so they were resampled one by one.

Verdict: RESOLVED. A is faster than B: the difference is real, as its interval excludes zero and it exceeds the noise floor.

Warnings:
  - the program holds 71 MB of live data, more than the caches of many machines; for data that size, where it lies in memory can shift the result by several points in ways the interval does not cover, and differently in the next process; run the comparison in several processes with the multiproc package

== street multi n=4096 prefix: ordered vs btree-sets
A: 347 ns per operation (median)
B: 696.7 ns per operation (median)
A needs 50.1% less time than B: B takes 2.01 times as long as A.
With 95% confidence the difference lies between 48.6% and 51.7% less time (B takes between 1.95 and 2.07 times as long as A).
Noise floor: 1.3%. Identical code measured against itself on this setup can look that different, so smaller differences mean nothing.
Neighbouring measurements are nearly independent (autocorrelation -0.07), so they were resampled one by one.

Verdict: RESOLVED. A is faster than B: the difference is real, as its interval excludes zero and it exceeds the noise floor.

Warnings:
  - the program holds 71 MB of live data, more than the caches of many machines; for data that size, where it lies in memory can shift the result by several points in ways the interval does not cover, and differently in the next process; run the comparison in several processes with the multiproc package
  - candidate B drifted during the run: its measurements were 4.95% lower in the second half than in the first, so the machine did not hold still

== street multi n=4096 prefix: ordered vs map-sets
A: 363 ns per operation (median)
B: 6.638e+04 ns per operation (median)
A needs 99.4% less time than B: B takes 181.51 times as long as A.
With 95% confidence the difference lies between 99.4% and 99.5% less time (B takes between 173 and 197.95 times as long as A).
Noise floor: 2.58%. Identical code measured against itself on this setup can look that different, so smaller differences mean nothing.
Neighbouring measurements are nearly independent (autocorrelation +0.13), so they were resampled one by one.

Verdict: RESOLVED. A is faster than B: the difference is real, as its interval excludes zero and it exceeds the noise floor.

Warnings:
  - the program holds 71 MB of live data, more than the caches of many machines; for data that size, where it lies in memory can shift the result by several points in ways the interval does not cover, and differently in the next process; run the comparison in several processes with the multiproc package

== street multi n=4096 churn and build: ordered vs hashed
steady state, per insertion or deletion in a structure of 10449 elements (cycle of 27218 operations, first pass untimed):
  A: 122.7 ns per operation (median)
  B: 63.87 ns per operation (median)
  A needs 93.1% more time than B: B takes only 0.52 times as long as A.
  With 95% confidence the difference lies between 91.1% and 94.8% more time (B takes between 0.513 and 0.52 times as long as A).
  Noise floor: 0.914%. Identical code measured against itself on this setup can look that different, so smaller differences mean nothing.
  Neighbouring measurements are nearly independent (autocorrelation -0.07), so they were resampled one by one.
  
  Verdict: RESOLVED. A is slower than B: the difference is real, as its interval excludes zero and it exceeds the noise floor.
  
  Warnings:
    - the program holds 71 MB of live data, more than the caches of many machines; for data that size, where it lies in memory can shift the result by several points in ways the interval does not cover, and differently in the next process; run the comparison in several processes with the multiproc package
    - candidate B drifted during the run: its measurements were 3.74% lower in the second half than in the first, so the machine did not hold still

build from empty to 10449 elements, per whole build (37733 operations):
  A: 4.859e+06 ns per operation (median)
  B: 2.993e+06 ns per operation (median)
  A needs 61.4% more time than B: B takes only 0.62 times as long as A.
  With 95% confidence the difference lies between 61.1% and 64.9% more time (B takes between 0.606 and 0.62 times as long as A).
  Noise floor: 1.47%. Identical code measured against itself on this setup can look that different, so smaller differences mean nothing.
  Neighbouring measurements are correlated (autocorrelation +0.21), so they were resampled in blocks of 3.
  
  Verdict: RESOLVED. A is slower than B: the difference is real, as its interval excludes zero and it exceeds the noise floor.
  
  Warnings:
    - the program holds 70 MB of live data, more than the caches of many machines; for data that size, where it lies in memory can shift the result by several points in ways the interval does not cover, and differently in the next process; run the comparison in several processes with the multiproc package

== street multi n=4096 churn and build: ordered vs btree-sets
steady state, per insertion or deletion in a structure of 10449 elements (cycle of 27218 operations, first pass untimed):
  A: 123.3 ns per operation (median)
  B: 237.1 ns per operation (median)
  A needs 46.9% less time than B: B takes 1.88 times as long as A.
  With 95% confidence the difference lies between 46.4% and 47.7% less time (B takes between 1.87 and 1.91 times as long as A).
  Noise floor: 0.504%. Identical code measured against itself on this setup can look that different, so smaller differences mean nothing.
  Neighbouring measurements are nearly independent (autocorrelation +0.19), so they were resampled one by one.
  
  Verdict: RESOLVED. A is faster than B: the difference is real, as its interval excludes zero and it exceeds the noise floor.
  
  Warnings:
    - the program holds 72 MB of live data, more than the caches of many machines; for data that size, where it lies in memory can shift the result by several points in ways the interval does not cover, and differently in the next process; run the comparison in several processes with the multiproc package
    - candidate B drifted during the run: its measurements were 3.88% lower in the second half than in the first, so the machine did not hold still

build from empty to 10449 elements, per whole build (37733 operations):
  A: 4.864e+06 ns per operation (median)
  B: 9.472e+06 ns per operation (median)
  A needs 49% less time than B: B takes 1.96 times as long as A.
  With 95% confidence the difference lies between 48.6% and 49.3% less time (B takes between 1.95 and 1.97 times as long as A).
  Noise floor: 1.48%. Identical code measured against itself on this setup can look that different, so smaller differences mean nothing.
  Neighbouring measurements are nearly independent (autocorrelation +0.11), so they were resampled one by one.
  
  Verdict: RESOLVED. A is faster than B: the difference is real, as its interval excludes zero and it exceeds the noise floor.
  
  Warnings:
    - the program holds 70 MB of live data, more than the caches of many machines; for data that size, where it lies in memory can shift the result by several points in ways the interval does not cover, and differently in the next process; run the comparison in several processes with the multiproc package
    - candidate A drifted during the run: its measurements were 1.54% higher in the second half than in the first, so the machine did not hold still
    - in 50% of A/A runs this setup reported a difference between identical code, well above the 10% expected; treat any confidence from it with suspicion

== street multi n=4096 churn and build: ordered vs map-sets
steady state, per insertion or deletion in a structure of 10449 elements (cycle of 27218 operations, first pass untimed):
  A: 121.7 ns per operation (median)
  B: 70.73 ns per operation (median)
  A needs 72.7% more time than B: B takes only 0.58 times as long as A.
  With 95% confidence the difference lies between 70.7% and 73.4% more time (B takes between 0.577 and 0.59 times as long as A).
  Noise floor: 2.38%. Identical code measured against itself on this setup can look that different, so smaller differences mean nothing.
  Neighbouring measurements are correlated (autocorrelation +0.34), so they were resampled in blocks of 3.
  
  Verdict: RESOLVED. A is slower than B: the difference is real, as its interval excludes zero and it exceeds the noise floor.
  
  Warnings:
    - the program holds 72 MB of live data, more than the caches of many machines; for data that size, where it lies in memory can shift the result by several points in ways the interval does not cover, and differently in the next process; run the comparison in several processes with the multiproc package

build from empty to 10449 elements, per whole build (37733 operations):
  A: 4.835e+06 ns per operation (median)
  B: 3.464e+06 ns per operation (median)
  A needs 39% more time than B: B takes only 0.72 times as long as A.
  With 95% confidence the difference lies between 37.3% and 41.8% more time (B takes between 0.705 and 0.73 times as long as A).
  Noise floor: 0.929%. Identical code measured against itself on this setup can look that different, so smaller differences mean nothing.
  Neighbouring measurements are nearly independent (autocorrelation +0.20), so they were resampled one by one.
  
  Verdict: RESOLVED. A is slower than B: the difference is real, as its interval excludes zero and it exceeds the noise floor.
  
  Warnings:
    - the program holds 70 MB of live data, more than the caches of many machines; for data that size, where it lies in memory can shift the result by several points in ways the interval does not cover, and differently in the next process; run the comparison in several processes with the multiproc package

checksum 1153091578452
== street multi n=4096 valuesFor: ordered vs hashed
A: 75.63 ns per operation (median)
B: 34.25 ns per operation (median)
A needs 119% more time than B: B takes only 0.46 times as long as A.
With 95% confidence the difference lies between 118% and 122% more time (B takes between 0.45 and 0.46 times as long as A).
Noise floor: 0.376%. Identical code measured against itself on this setup can look that different, so smaller differences mean nothing.
Neighbouring measurements are nearly independent (autocorrelation -0.13), so they were resampled one by one.

Verdict: RESOLVED. A is slower than B: the difference is real, as its interval excludes zero and it exceeds the noise floor.

Warnings:
  - the program holds 70 MB of live data, more than the caches of many machines; for data that size, where it lies in memory can shift the result by several points in ways the interval does not cover, and differently in the next process; run the comparison in several processes with the multiproc package

== street multi n=4096 valuesFor: ordered vs btree-sets
A: 76 ns per operation (median)
B: 176 ns per operation (median)
A needs 56.7% less time than B: B takes 2.31 times as long as A.
With 95% confidence the difference lies between 56.4% and 57.5% less time (B takes between 2.29 and 2.35 times as long as A).
Noise floor: 0.992%. Identical code measured against itself on this setup can look that different, so smaller differences mean nothing.
Neighbouring measurements are nearly independent (autocorrelation +0.07), so they were resampled one by one.

Verdict: RESOLVED. A is faster than B: the difference is real, as its interval excludes zero and it exceeds the noise floor.

Warnings:
  - the program holds 70 MB of live data, more than the caches of many machines; for data that size, where it lies in memory can shift the result by several points in ways the interval does not cover, and differently in the next process; run the comparison in several processes with the multiproc package

== street multi n=4096 valuesFor: ordered vs map-sets
A: 75.97 ns per operation (median)
B: 79.47 ns per operation (median)
A needs 4.57% less time than B: B takes 1.05 times as long as A.
With 95% confidence the difference lies between 3.63% and 5.52% less time (B takes between 1.04 and 1.06 times as long as A).
Noise floor: 1.14%. Identical code measured against itself on this setup can look that different, so smaller differences mean nothing.
Neighbouring measurements are nearly independent (autocorrelation -0.03), so they were resampled one by one.

Verdict: RESOLVED. A is faster than B: the difference is real, as its interval excludes zero and it exceeds the noise floor.

Warnings:
  - the program holds 70 MB of live data, more than the caches of many machines; for data that size, where it lies in memory can shift the result by several points in ways the interval does not cover, and differently in the next process; run the comparison in several processes with the multiproc package

== street multi n=4096 valuesBetween: ordered vs hashed
A: 3490 ns per operation (median)
B: 7.116e+04 ns per operation (median)
A needs 95.1% less time than B: B takes 20.41 times as long as A.
With 95% confidence the difference lies between 95% and 95.2% less time (B takes between 20.1 and 20.62 times as long as A).
Noise floor: 0.328%. Identical code measured against itself on this setup can look that different, so smaller differences mean nothing.
Neighbouring measurements are correlated (autocorrelation +0.22), so they were resampled in blocks of 3.

Verdict: RESOLVED. A is faster than B: the difference is real, as its interval excludes zero and it exceeds the noise floor.

Warnings:
  - the program holds 70 MB of live data, more than the caches of many machines; for data that size, where it lies in memory can shift the result by several points in ways the interval does not cover, and differently in the next process; run the comparison in several processes with the multiproc package
  - in 50% of A/A runs this setup reported a difference between identical code, well above the 10% expected; treat any confidence from it with suspicion

== street multi n=4096 valuesBetween: ordered vs btree-sets
A: 3387 ns per operation (median)
B: 5327 ns per operation (median)
A needs 36.8% less time than B: B takes 1.58 times as long as A.
With 95% confidence the difference lies between 35.7% and 37.7% less time (B takes between 1.55 and 1.60 times as long as A).
Noise floor: 1.02%. Identical code measured against itself on this setup can look that different, so smaller differences mean nothing.
Neighbouring measurements are nearly independent (autocorrelation -0.06), so they were resampled one by one.

Verdict: RESOLVED. A is faster than B: the difference is real, as its interval excludes zero and it exceeds the noise floor.

Warnings:
  - the program holds 70 MB of live data, more than the caches of many machines; for data that size, where it lies in memory can shift the result by several points in ways the interval does not cover, and differently in the next process; run the comparison in several processes with the multiproc package

== street multi n=4096 valuesBetween: ordered vs map-sets
A: 3478 ns per operation (median)
B: 7.008e+04 ns per operation (median)
A needs 95% less time than B: B takes 19.98 times as long as A.
With 95% confidence the difference lies between 94.9% and 95.1% less time (B takes between 19.6 and 20.33 times as long as A).
Noise floor: 1.22%. Identical code measured against itself on this setup can look that different, so smaller differences mean nothing.
Neighbouring measurements are nearly independent (autocorrelation +0.19), so they were resampled one by one.

Verdict: RESOLVED. A is faster than B: the difference is real, as its interval excludes zero and it exceeds the noise floor.

Warnings:
  - the program holds 70 MB of live data, more than the caches of many machines; for data that size, where it lies in memory can shift the result by several points in ways the interval does not cover, and differently in the next process; run the comparison in several processes with the multiproc package

== street multi n=4096 prefix: ordered vs hashed
A: 341.4 ns per operation (median)
B: 6.931e+04 ns per operation (median)
A needs 99.5% less time than B: B takes 202.31 times as long as A.
With 95% confidence the difference lies between 99.5% and 99.5% less time (B takes between 193 and 207.70 times as long as A).
Noise floor: 1.71%. Identical code measured against itself on this setup can look that different, so smaller differences mean nothing.
Neighbouring measurements are nearly independent (autocorrelation +0.15), so they were resampled one by one.

Verdict: RESOLVED. A is faster than B: the difference is real, as its interval excludes zero and it exceeds the noise floor.

Warnings:
  - the program holds 70 MB of live data, more than the caches of many machines; for data that size, where it lies in memory can shift the result by several points in ways the interval does not cover, and differently in the next process; run the comparison in several processes with the multiproc package

== street multi n=4096 prefix: ordered vs btree-sets
A: 329 ns per operation (median)
B: 652.7 ns per operation (median)
A needs 50% less time than B: B takes 2.00 times as long as A.
With 95% confidence the difference lies between 48.1% and 51.3% less time (B takes between 1.93 and 2.05 times as long as A).
Noise floor: 1.02%. Identical code measured against itself on this setup can look that different, so smaller differences mean nothing.
Neighbouring measurements are nearly independent (autocorrelation +0.04), so they were resampled one by one.

Verdict: RESOLVED. A is faster than B: the difference is real, as its interval excludes zero and it exceeds the noise floor.

Warnings:
  - the program holds 70 MB of live data, more than the caches of many machines; for data that size, where it lies in memory can shift the result by several points in ways the interval does not cover, and differently in the next process; run the comparison in several processes with the multiproc package

== street multi n=4096 prefix: ordered vs map-sets
A: 351 ns per operation (median)
B: 6.467e+04 ns per operation (median)
A needs 99.5% less time than B: B takes 186.49 times as long as A.
With 95% confidence the difference lies between 99.4% and 99.5% less time (B takes between 178 and 196.74 times as long as A).
Noise floor: 4.78%. Identical code measured against itself on this setup can look that different, so smaller differences mean nothing.
Neighbouring measurements are nearly independent (autocorrelation +0.03), so they were resampled one by one.

Verdict: RESOLVED. A is faster than B: the difference is real, as its interval excludes zero and it exceeds the noise floor.

Warnings:
  - the program holds 70 MB of live data, more than the caches of many machines; for data that size, where it lies in memory can shift the result by several points in ways the interval does not cover, and differently in the next process; run the comparison in several processes with the multiproc package

== street multi n=4096 churn and build: ordered vs hashed
steady state, per insertion or deletion in a structure of 10449 elements (cycle of 27218 operations, first pass untimed):
  A: 122 ns per operation (median)
  B: 64.32 ns per operation (median)
  A needs 89.4% more time than B: B takes only 0.53 times as long as A.
  With 95% confidence the difference lies between 87.6% and 92.6% more time (B takes between 0.519 and 0.53 times as long as A).
  Noise floor: 0.761%. Identical code measured against itself on this setup can look that different, so smaller differences mean nothing.
  Neighbouring measurements are nearly independent (autocorrelation -0.01), so they were resampled one by one.
  
  Verdict: RESOLVED. A is slower than B: the difference is real, as its interval excludes zero and it exceeds the noise floor.
  
  Warnings:
    - the program holds 71 MB of live data, more than the caches of many machines; for data that size, where it lies in memory can shift the result by several points in ways the interval does not cover, and differently in the next process; run the comparison in several processes with the multiproc package
    - candidate B drifted during the run: its measurements were 3.07% higher in the second half than in the first, so the machine did not hold still
    - 5.4% of bootstrap replicates tied, so the measurement is coarse relative to the question; lower CollectOptions.MaxQuantizationError to lengthen the batches

build from empty to 10449 elements, per whole build (37733 operations):
  A: 4.862e+06 ns per operation (median)
  B: 3.122e+06 ns per operation (median)
  A needs 55.3% more time than B: B takes only 0.64 times as long as A.
  With 95% confidence the difference lies between 53.7% and 56.3% more time (B takes between 0.64 and 0.65 times as long as A).
  Noise floor: 0.492%. Identical code measured against itself on this setup can look that different, so smaller differences mean nothing.
  Neighbouring measurements are correlated (autocorrelation +0.22), so they were resampled in blocks of 3.
  
  Verdict: RESOLVED. A is slower than B: the difference is real, as its interval excludes zero and it exceeds the noise floor.
  
  Warnings:
    - the program holds 70 MB of live data, more than the caches of many machines; for data that size, where it lies in memory can shift the result by several points in ways the interval does not cover, and differently in the next process; run the comparison in several processes with the multiproc package

== street multi n=4096 churn and build: ordered vs btree-sets
steady state, per insertion or deletion in a structure of 10449 elements (cycle of 27218 operations, first pass untimed):
  A: 126.3 ns per operation (median)
  B: 237 ns per operation (median)
  A needs 46.9% less time than B: B takes 1.88 times as long as A.
  With 95% confidence the difference lies between 45.5% and 47.7% less time (B takes between 1.84 and 1.91 times as long as A).
  Noise floor: 1.51%. Identical code measured against itself on this setup can look that different, so smaller differences mean nothing.
  Neighbouring measurements are nearly independent (autocorrelation -0.01), so they were resampled one by one.
  
  Verdict: RESOLVED. A is faster than B: the difference is real, as its interval excludes zero and it exceeds the noise floor.
  
  Warnings:
    - the program holds 72 MB of live data, more than the caches of many machines; for data that size, where it lies in memory can shift the result by several points in ways the interval does not cover, and differently in the next process; run the comparison in several processes with the multiproc package

build from empty to 10449 elements, per whole build (37733 operations):
  A: 4.841e+06 ns per operation (median)
  B: 9.655e+06 ns per operation (median)
  A needs 49.6% less time than B: B takes 1.99 times as long as A.
  With 95% confidence the difference lies between 49.3% and 50% less time (B takes between 1.97 and 2.00 times as long as A).
  Noise floor: 1.05%. Identical code measured against itself on this setup can look that different, so smaller differences mean nothing.
  Neighbouring measurements are nearly independent (autocorrelation +0.10), so they were resampled one by one.
  
  Verdict: RESOLVED. A is faster than B: the difference is real, as its interval excludes zero and it exceeds the noise floor.
  
  Warnings:
    - the program holds 70 MB of live data, more than the caches of many machines; for data that size, where it lies in memory can shift the result by several points in ways the interval does not cover, and differently in the next process; run the comparison in several processes with the multiproc package
    - in 50% of A/A runs this setup reported a difference between identical code, well above the 10% expected; treat any confidence from it with suspicion

== street multi n=4096 churn and build: ordered vs map-sets
steady state, per insertion or deletion in a structure of 10449 elements (cycle of 27218 operations, first pass untimed):
  A: 135.4 ns per operation (median)
  B: 85.54 ns per operation (median)
  A needs 61% more time than B: B takes only 0.62 times as long as A.
  With 95% confidence the difference lies between 56.8% and 65.9% more time (B takes between 0.603 and 0.64 times as long as A).
  Noise floor: 1.77%. Identical code measured against itself on this setup can look that different, so smaller differences mean nothing.
  Neighbouring measurements are correlated (autocorrelation +0.36), so they were resampled in blocks of 3.
  
  Verdict: RESOLVED. A is slower than B: the difference is real, as its interval excludes zero and it exceeds the noise floor.
  
  Warnings:
    - the program holds 72 MB of live data, more than the caches of many machines; for data that size, where it lies in memory can shift the result by several points in ways the interval does not cover, and differently in the next process; run the comparison in several processes with the multiproc package
    - in 50% of A/A runs this setup reported a difference between identical code, well above the 10% expected; treat any confidence from it with suspicion

build from empty to 10449 elements, per whole build (37733 operations):
  A: 4.893e+06 ns per operation (median)
  B: 3.623e+06 ns per operation (median)
  A needs 34.6% more time than B: B takes only 0.74 times as long as A.
  With 95% confidence the difference lies between 34% and 36.3% more time (B takes between 0.734 and 0.75 times as long as A).
  Noise floor: 0.475%. Identical code measured against itself on this setup can look that different, so smaller differences mean nothing.
  Neighbouring measurements are nearly independent (autocorrelation +0.19), so they were resampled one by one.
  
  Verdict: RESOLVED. A is slower than B: the difference is real, as its interval excludes zero and it exceeds the noise floor.
  
  Warnings:
    - the program holds 70 MB of live data, more than the caches of many machines; for data that size, where it lies in memory can shift the result by several points in ways the interval does not cover, and differently in the next process; run the comparison in several processes with the multiproc package

checksum 1162482480748
== street multi n=4096 valuesFor: ordered vs hashed
A: 75.5 ns per operation (median)
B: 34.22 ns per operation (median)
A needs 122% more time than B: B takes only 0.45 times as long as A.
With 95% confidence the difference lies between 118% and 124% more time (B takes between 0.446 and 0.46 times as long as A).
Noise floor: 0.705%. Identical code measured against itself on this setup can look that different, so smaller differences mean nothing.
Neighbouring measurements are nearly independent (autocorrelation -0.03), so they were resampled one by one.

Verdict: RESOLVED. A is slower than B: the difference is real, as its interval excludes zero and it exceeds the noise floor.

Warnings:
  - the program holds 70 MB of live data, more than the caches of many machines; for data that size, where it lies in memory can shift the result by several points in ways the interval does not cover, and differently in the next process; run the comparison in several processes with the multiproc package
  - in 50% of A/A runs this setup reported a difference between identical code, well above the 10% expected; treat any confidence from it with suspicion

== street multi n=4096 valuesFor: ordered vs btree-sets
A: 79.36 ns per operation (median)
B: 182.9 ns per operation (median)
A needs 57.6% less time than B: B takes 2.36 times as long as A.
With 95% confidence the difference lies between 56.4% and 58.2% less time (B takes between 2.29 and 2.39 times as long as A).
Noise floor: 0.644%. Identical code measured against itself on this setup can look that different, so smaller differences mean nothing.
Neighbouring measurements are nearly independent (autocorrelation -0.08), so they were resampled one by one.

Verdict: RESOLVED. A is faster than B: the difference is real, as its interval excludes zero and it exceeds the noise floor.

Warnings:
  - the program holds 70 MB of live data, more than the caches of many machines; for data that size, where it lies in memory can shift the result by several points in ways the interval does not cover, and differently in the next process; run the comparison in several processes with the multiproc package

== street multi n=4096 valuesFor: ordered vs map-sets
A: 75.77 ns per operation (median)
B: 80 ns per operation (median)
A needs 4.43% less time than B: B takes 1.05 times as long as A.
With 95% confidence the difference lies between 3.55% and 5.23% less time (B takes between 1.04 and 1.06 times as long as A).
Noise floor: 0.479%. Identical code measured against itself on this setup can look that different, so smaller differences mean nothing.
Neighbouring measurements are nearly independent (autocorrelation +0.04), so they were resampled one by one.

Verdict: RESOLVED. A is faster than B: the difference is real, as its interval excludes zero and it exceeds the noise floor.

Warnings:
  - the program holds 70 MB of live data, more than the caches of many machines; for data that size, where it lies in memory can shift the result by several points in ways the interval does not cover, and differently in the next process; run the comparison in several processes with the multiproc package

== street multi n=4096 valuesBetween: ordered vs hashed
A: 3505 ns per operation (median)
B: 7.255e+04 ns per operation (median)
A needs 95.1% less time than B: B takes 20.42 times as long as A.
With 95% confidence the difference lies between 94.9% and 95.2% less time (B takes between 19.7 and 20.85 times as long as A).
Noise floor: 2.47%. Identical code measured against itself on this setup can look that different, so smaller differences mean nothing.
Neighbouring measurements are correlated (autocorrelation +0.24), so they were resampled in blocks of 3.

Verdict: RESOLVED. A is faster than B: the difference is real, as its interval excludes zero and it exceeds the noise floor.

Warnings:
  - the program holds 70 MB of live data, more than the caches of many machines; for data that size, where it lies in memory can shift the result by several points in ways the interval does not cover, and differently in the next process; run the comparison in several processes with the multiproc package

== street multi n=4096 valuesBetween: ordered vs btree-sets
A: 3447 ns per operation (median)
B: 5410 ns per operation (median)
A needs 36.6% less time than B: B takes 1.58 times as long as A.
With 95% confidence the difference lies between 35.8% and 37.3% less time (B takes between 1.56 and 1.59 times as long as A).
Noise floor: 0.582%. Identical code measured against itself on this setup can look that different, so smaller differences mean nothing.
Neighbouring measurements are correlated (autocorrelation +0.33), so they were resampled in blocks of 3.

Verdict: RESOLVED. A is faster than B: the difference is real, as its interval excludes zero and it exceeds the noise floor.

Warnings:
  - the program holds 70 MB of live data, more than the caches of many machines; for data that size, where it lies in memory can shift the result by several points in ways the interval does not cover, and differently in the next process; run the comparison in several processes with the multiproc package

== street multi n=4096 valuesBetween: ordered vs map-sets
A: 3511 ns per operation (median)
B: 6.971e+04 ns per operation (median)
A needs 95% less time than B: B takes 19.85 times as long as A.
With 95% confidence the difference lies between 94.9% and 95.1% less time (B takes between 19.5 and 20.40 times as long as A).
Noise floor: 0.33%. Identical code measured against itself on this setup can look that different, so smaller differences mean nothing.
Neighbouring measurements are correlated (autocorrelation +0.23), so they were resampled in blocks of 3.

Verdict: RESOLVED. A is faster than B: the difference is real, as its interval excludes zero and it exceeds the noise floor.

Warnings:
  - the program holds 70 MB of live data, more than the caches of many machines; for data that size, where it lies in memory can shift the result by several points in ways the interval does not cover, and differently in the next process; run the comparison in several processes with the multiproc package

== street multi n=4096 prefix: ordered vs hashed
A: 348.4 ns per operation (median)
B: 7.036e+04 ns per operation (median)
A needs 99.5% less time than B: B takes 201.71 times as long as A.
With 95% confidence the difference lies between 99.5% and 99.5% less time (B takes between 196 and 212.28 times as long as A).
Noise floor: 4.09%. Identical code measured against itself on this setup can look that different, so smaller differences mean nothing.
Neighbouring measurements are nearly independent (autocorrelation -0.08), so they were resampled one by one.

Verdict: RESOLVED. A is faster than B: the difference is real, as its interval excludes zero and it exceeds the noise floor.

Warnings:
  - the program holds 70 MB of live data, more than the caches of many machines; for data that size, where it lies in memory can shift the result by several points in ways the interval does not cover, and differently in the next process; run the comparison in several processes with the multiproc package

== street multi n=4096 prefix: ordered vs btree-sets
A: 332.7 ns per operation (median)
B: 653 ns per operation (median)
A needs 49.6% less time than B: B takes 1.98 times as long as A.
With 95% confidence the difference lies between 49.2% and 50.7% less time (B takes between 1.97 and 2.03 times as long as A).
Noise floor: 0.941%. Identical code measured against itself on this setup can look that different, so smaller differences mean nothing.
Neighbouring measurements are correlated (autocorrelation +0.21), so they were resampled in blocks of 3.

Verdict: RESOLVED. A is faster than B: the difference is real, as its interval excludes zero and it exceeds the noise floor.

Warnings:
  - the program holds 70 MB of live data, more than the caches of many machines; for data that size, where it lies in memory can shift the result by several points in ways the interval does not cover, and differently in the next process; run the comparison in several processes with the multiproc package

== street multi n=4096 prefix: ordered vs map-sets
A: 348.5 ns per operation (median)
B: 6.407e+04 ns per operation (median)
A needs 99.5% less time than B: B takes 183.84 times as long as A.
With 95% confidence the difference lies between 99.4% and 99.5% less time (B takes between 178 and 192.42 times as long as A).
Noise floor: 5.15%. Identical code measured against itself on this setup can look that different, so smaller differences mean nothing.
Neighbouring measurements are nearly independent (autocorrelation +0.10), so they were resampled one by one.

Verdict: RESOLVED. A is faster than B: the difference is real, as its interval excludes zero and it exceeds the noise floor.

Warnings:
  - the program holds 70 MB of live data, more than the caches of many machines; for data that size, where it lies in memory can shift the result by several points in ways the interval does not cover, and differently in the next process; run the comparison in several processes with the multiproc package

== street multi n=4096 churn and build: ordered vs hashed
steady state, per insertion or deletion in a structure of 10449 elements (cycle of 27218 operations, first pass untimed):
  A: 122.6 ns per operation (median)
  B: 64.11 ns per operation (median)
  A needs 91.2% more time than B: B takes only 0.52 times as long as A.
  With 95% confidence the difference lies between 89.7% and 92.1% more time (B takes between 0.521 and 0.53 times as long as A).
  Noise floor: 0.457%. Identical code measured against itself on this setup can look that different, so smaller differences mean nothing.
  Neighbouring measurements are nearly independent (autocorrelation -0.00), so they were resampled one by one.
  
  Verdict: RESOLVED. A is slower than B: the difference is real, as its interval excludes zero and it exceeds the noise floor.
  
  Warnings:
    - the program holds 71 MB of live data, more than the caches of many machines; for data that size, where it lies in memory can shift the result by several points in ways the interval does not cover, and differently in the next process; run the comparison in several processes with the multiproc package

build from empty to 10449 elements, per whole build (37733 operations):
  A: 4.948e+06 ns per operation (median)
  B: 3.045e+06 ns per operation (median)
  A needs 61.1% more time than B: B takes only 0.62 times as long as A.
  With 95% confidence the difference lies between 59.6% and 62.6% more time (B takes between 0.615 and 0.63 times as long as A).
  Noise floor: 0.783%. Identical code measured against itself on this setup can look that different, so smaller differences mean nothing.
  Neighbouring measurements are nearly independent (autocorrelation +0.03), so they were resampled one by one.
  
  Verdict: RESOLVED. A is slower than B: the difference is real, as its interval excludes zero and it exceeds the noise floor.
  
  Warnings:
    - the program holds 70 MB of live data, more than the caches of many machines; for data that size, where it lies in memory can shift the result by several points in ways the interval does not cover, and differently in the next process; run the comparison in several processes with the multiproc package
    - in 50% of A/A runs this setup reported a difference between identical code, well above the 10% expected; treat any confidence from it with suspicion

== street multi n=4096 churn and build: ordered vs btree-sets
steady state, per insertion or deletion in a structure of 10449 elements (cycle of 27218 operations, first pass untimed):
  A: 127.3 ns per operation (median)
  B: 242.1 ns per operation (median)
  A needs 48% less time than B: B takes 1.92 times as long as A.
  With 95% confidence the difference lies between 46.4% and 48.4% less time (B takes between 1.87 and 1.94 times as long as A).
  Noise floor: 1.71%. Identical code measured against itself on this setup can look that different, so smaller differences mean nothing.
  Neighbouring measurements are nearly independent (autocorrelation +0.10), so they were resampled one by one.
  
  Verdict: RESOLVED. A is faster than B: the difference is real, as its interval excludes zero and it exceeds the noise floor.
  
  Warnings:
    - the program holds 72 MB of live data, more than the caches of many machines; for data that size, where it lies in memory can shift the result by several points in ways the interval does not cover, and differently in the next process; run the comparison in several processes with the multiproc package

build from empty to 10449 elements, per whole build (37733 operations):
  A: 4.93e+06 ns per operation (median)
  B: 9.677e+06 ns per operation (median)
  A needs 49.3% less time than B: B takes 1.97 times as long as A.
  With 95% confidence the difference lies between 49% and 49.6% less time (B takes between 1.96 and 1.98 times as long as A).
  Noise floor: 1.68%. Identical code measured against itself on this setup can look that different, so smaller differences mean nothing.
  Neighbouring measurements are nearly independent (autocorrelation +0.03), so they were resampled one by one.
  
  Verdict: RESOLVED. A is faster than B: the difference is real, as its interval excludes zero and it exceeds the noise floor.
  
  Warnings:
    - the program holds 70 MB of live data, more than the caches of many machines; for data that size, where it lies in memory can shift the result by several points in ways the interval does not cover, and differently in the next process; run the comparison in several processes with the multiproc package
    - in 100% of A/A runs this setup reported a difference between identical code, well above the 10% expected; treat any confidence from it with suspicion

== street multi n=4096 churn and build: ordered vs map-sets
steady state, per insertion or deletion in a structure of 10449 elements (cycle of 27218 operations, first pass untimed):
  A: 122.9 ns per operation (median)
  B: 71.29 ns per operation (median)
  A needs 73% more time than B: B takes only 0.58 times as long as A.
  With 95% confidence the difference lies between 69.5% and 75.2% more time (B takes between 0.571 and 0.59 times as long as A).
  Noise floor: 0.79%. Identical code measured against itself on this setup can look that different, so smaller differences mean nothing.
  Neighbouring measurements are correlated (autocorrelation +0.40), so they were resampled in blocks of 3.
  
  Verdict: RESOLVED. A is slower than B: the difference is real, as its interval excludes zero and it exceeds the noise floor.
  
  Warnings:
    - the program holds 72 MB of live data, more than the caches of many machines; for data that size, where it lies in memory can shift the result by several points in ways the interval does not cover, and differently in the next process; run the comparison in several processes with the multiproc package
    - candidate B drifted during the run: its measurements were 4.17% higher in the second half than in the first, so the machine did not hold still
    - the ratio B/A was 3.42% higher in the second half of the run than in the first, so the candidates had not reached a steady state and the difference depends on how long the run was; a common cause is a head start for whichever candidate ran alone last before the comparison or had its data built last, which a longer CollectOptions.WarmupDuration removes
    - in 50% of A/A runs this setup reported a difference between identical code, well above the 10% expected; treat any confidence from it with suspicion

build from empty to 10449 elements, per whole build (37733 operations):
  A: 4.906e+06 ns per operation (median)
  B: 3.575e+06 ns per operation (median)
  A needs 37.2% more time than B: B takes only 0.73 times as long as A.
  With 95% confidence the difference lies between 34.1% and 37.3% more time (B takes between 0.728 and 0.75 times as long as A).
  Noise floor: 0.353%. Identical code measured against itself on this setup can look that different, so smaller differences mean nothing.
  Neighbouring measurements are correlated (autocorrelation +0.31), so they were resampled in blocks of 3.
  
  Verdict: RESOLVED. A is slower than B: the difference is real, as its interval excludes zero and it exceeds the noise floor.
  
  Warnings:
    - the program holds 70 MB of live data, more than the caches of many machines; for data that size, where it lies in memory can shift the result by several points in ways the interval does not cover, and differently in the next process; run the comparison in several processes with the multiproc package

checksum 1142371651536
