== dirs multi n=4096 valuesFor: ordered vs btree-sets
A: 131 ns per operation (median)
B: 213.3 ns per operation (median)
A needs 36.9% less time than B: B takes 1.59 times as long as A.
With 95% confidence the difference lies between 35.3% and 40.1% less time (B takes between 1.55 and 1.67 times as long as A).
Noise floor: 2.72%. Identical code measured against itself on this setup can look that different, so smaller differences mean nothing.
Neighbouring measurements are nearly independent (autocorrelation -0.68), so they were resampled one by one.

Verdict: RESOLVED. A is faster than B: the difference is real, as its interval excludes zero and it exceeds the noise floor.

Warnings:
  - the program holds 114 MB of live data, more than the caches of many machines; for data that size, where it lies in memory can shift the result by several points in ways the interval does not cover, and differently in the next process; run the comparison in several processes with the multiproc package

== dirs multi n=4096 valuesFor: ordered vs ordered-lpage
A: 128.1 ns per operation (median)
B: 127.6 ns per operation (median)
A needs 0.027% more time than B: B takes only 1.00 times as long as A.
With 95% confidence the difference lies between 1.25% more time and 0.4% less time (B takes between 0.988 and 1.00 times as long as A).
Noise floor: 0.45%. Identical code measured against itself on this setup can look that different, so smaller differences mean nothing.
Neighbouring measurements are nearly independent (autocorrelation -0.24), so they were resampled one by one.

Verdict: NOT RESOLVED. This run did not establish which candidate is faster. That is not the same as "equally fast": the warnings below say what is missing.

Warnings:
  - the difference of -0.03% does not clear the 0.45% noise floor, which is what this setup reports between two runs of identical code
  - the interval [-1.25%, 0.40%] includes zero, so a difference in either direction is consistent with these measurements
  - the program holds 114 MB of live data, more than the caches of many machines; for data that size, where it lies in memory can shift the result by several points in ways the interval does not cover, and differently in the next process; run the comparison in several processes with the multiproc package

== dirs multi n=4096 valuesFor: ordered vs ordered-lpage-mv
A: 133.9 ns per operation (median)
B: 227.8 ns per operation (median)
A needs 41.6% less time than B: B takes 1.71 times as long as A.
With 95% confidence the difference lies between 40.3% and 42.8% less time (B takes between 1.68 and 1.75 times as long as A).
Noise floor: 1.43%. Identical code measured against itself on this setup can look that different, so smaller differences mean nothing.
Neighbouring measurements are nearly independent (autocorrelation -0.22), so they were resampled one by one.

Verdict: RESOLVED. A is faster than B: the difference is real, as its interval excludes zero and it exceeds the noise floor.

Warnings:
  - the program holds 115 MB of live data, more than the caches of many machines; for data that size, where it lies in memory can shift the result by several points in ways the interval does not cover, and differently in the next process; run the comparison in several processes with the multiproc package
  - candidate A drifted during the run: its measurements were 4.67% higher in the second half than in the first, so the machine did not hold still
  - candidate B drifted during the run: its measurements were 2.71% higher in the second half than in the first, so the machine did not hold still

== dirs multi n=4096 valuesFor: ordered vs ordered-lpage-mvzc
A: 129.4 ns per operation (median)
B: 202.3 ns per operation (median)
A needs 35.6% less time than B: B takes 1.55 times as long as A.
With 95% confidence the difference lies between 34.9% and 37.3% less time (B takes between 1.54 and 1.59 times as long as A).
Noise floor: 1.81%. Identical code measured against itself on this setup can look that different, so smaller differences mean nothing.
Neighbouring measurements are nearly independent (autocorrelation +0.18), so they were resampled one by one.

Verdict: RESOLVED. A is faster than B: the difference is real, as its interval excludes zero and it exceeds the noise floor.

Warnings:
  - the program holds 115 MB of live data, more than the caches of many machines; for data that size, where it lies in memory can shift the result by several points in ways the interval does not cover, and differently in the next process; run the comparison in several processes with the multiproc package

== dirs multi n=4096 valuesBetween: ordered vs btree-sets
A: 3942 ns per operation (median)
B: 1.213e+04 ns per operation (median)
A needs 68.2% less time than B: B takes 3.14 times as long as A.
With 95% confidence the difference lies between 67.5% and 68.5% less time (B takes between 3.08 and 3.18 times as long as A).
Noise floor: 0.846%. Identical code measured against itself on this setup can look that different, so smaller differences mean nothing.
Neighbouring measurements are nearly independent (autocorrelation -0.07), so they were resampled one by one.

Verdict: RESOLVED. A is faster than B: the difference is real, as its interval excludes zero and it exceeds the noise floor.

Warnings:
  - the program holds 115 MB of live data, more than the caches of many machines; for data that size, where it lies in memory can shift the result by several points in ways the interval does not cover, and differently in the next process; run the comparison in several processes with the multiproc package

== dirs multi n=4096 valuesBetween: ordered vs ordered-lpage
A: 3915 ns per operation (median)
B: 3927 ns per operation (median)
A needs 1.75% less time than B: B takes 1.02 times as long as A.
With 95% confidence the difference lies between 3.48% more time and 3.09% less time (B takes between 0.966 and 1.03 times as long as A).
Noise floor: 1.31%. Identical code measured against itself on this setup can look that different, so smaller differences mean nothing.
Neighbouring measurements are nearly independent (autocorrelation -0.60), so they were resampled one by one.

Verdict: NOT RESOLVED. This run did not establish which candidate is faster. That is not the same as "equally fast": the warnings below say what is missing.

Warnings:
  - the interval [-3.48%, 3.09%] includes zero, so a difference in either direction is consistent with these measurements
  - the program holds 115 MB of live data, more than the caches of many machines; for data that size, where it lies in memory can shift the result by several points in ways the interval does not cover, and differently in the next process; run the comparison in several processes with the multiproc package

== dirs multi n=4096 valuesBetween: ordered vs ordered-lpage-mv
A: 4048 ns per operation (median)
B: 4085 ns per operation (median)
A needs 0.169% less time than B: B takes 1.00 times as long as A.
With 95% confidence the difference lies between 1.83% more time and 3.79% less time (B takes between 0.982 and 1.04 times as long as A).
Noise floor: 1.83%. Identical code measured against itself on this setup can look that different, so smaller differences mean nothing.
Neighbouring measurements are nearly independent (autocorrelation +0.14), so they were resampled one by one.

Verdict: NOT RESOLVED. This run did not establish which candidate is faster. That is not the same as "equally fast": the warnings below say what is missing.

Warnings:
  - the difference of 0.17% does not clear the 1.83% noise floor, which is what this setup reports between two runs of identical code
  - the interval [-1.83%, 3.79%] includes zero, so a difference in either direction is consistent with these measurements
  - the program holds 116 MB of live data, more than the caches of many machines; for data that size, where it lies in memory can shift the result by several points in ways the interval does not cover, and differently in the next process; run the comparison in several processes with the multiproc package

== dirs multi n=4096 valuesBetween: ordered vs ordered-lpage-mvzc
A: 3885 ns per operation (median)
B: 3016 ns per operation (median)
A needs 29% more time than B: B takes only 0.77 times as long as A.
With 95% confidence the difference lies between 26.1% and 33.4% more time (B takes between 0.749 and 0.79 times as long as A).
Noise floor: 2.39%. Identical code measured against itself on this setup can look that different, so smaller differences mean nothing.
Neighbouring measurements are nearly independent (autocorrelation -0.34), so they were resampled one by one.

Verdict: RESOLVED. A is slower than B: the difference is real, as its interval excludes zero and it exceeds the noise floor.

Warnings:
  - the program holds 116 MB of live data, more than the caches of many machines; for data that size, where it lies in memory can shift the result by several points in ways the interval does not cover, and differently in the next process; run the comparison in several processes with the multiproc package

== dirs multi n=4096 prefix: ordered vs btree-sets
A: 4401 ns per operation (median)
B: 1.707e+04 ns per operation (median)
A needs 73.1% less time than B: B takes 3.71 times as long as A.
With 95% confidence the difference lies between 71.4% and 73.9% less time (B takes between 3.49 and 3.84 times as long as A).
Noise floor: 7.14%. Identical code measured against itself on this setup can look that different, so smaller differences mean nothing.
Neighbouring measurements are nearly independent (autocorrelation -0.19), so they were resampled one by one.

Verdict: RESOLVED. A is faster than B: the difference is real, as its interval excludes zero and it exceeds the noise floor.

Warnings:
  - the program holds 116 MB of live data, more than the caches of many machines; for data that size, where it lies in memory can shift the result by several points in ways the interval does not cover, and differently in the next process; run the comparison in several processes with the multiproc package
  - in 50% of A/A runs this setup reported a difference between identical code, well above the 10% expected; treat any confidence from it with suspicion

== dirs multi n=4096 prefix: ordered vs ordered-lpage
A: 4496 ns per operation (median)
B: 4419 ns per operation (median)
A needs 0.877% less time than B: B takes 1.01 times as long as A.
With 95% confidence the difference lies between 2.16% more time and 4.11% less time (B takes between 0.979 and 1.04 times as long as A).
Noise floor: 13.1%. Identical code measured against itself on this setup can look that different, so smaller differences mean nothing.
Neighbouring measurements are nearly independent (autocorrelation -0.26), so they were resampled one by one.

Verdict: NOT RESOLVED. This run did not establish which candidate is faster. That is not the same as "equally fast": the warnings below say what is missing.

Warnings:
  - the difference of 0.88% does not clear the 13.12% noise floor, which is what this setup reports between two runs of identical code
  - the interval [-2.16%, 4.11%] includes zero, so a difference in either direction is consistent with these measurements
  - the program holds 116 MB of live data, more than the caches of many machines; for data that size, where it lies in memory can shift the result by several points in ways the interval does not cover, and differently in the next process; run the comparison in several processes with the multiproc package
  - in 50% of A/A runs this setup reported a difference between identical code, well above the 10% expected; treat any confidence from it with suspicion

== dirs multi n=4096 prefix: ordered vs ordered-lpage-mv
A: 4598 ns per operation (median)
B: 5237 ns per operation (median)
A needs 11.9% less time than B: B takes 1.14 times as long as A.
With 95% confidence the difference lies between 5.38% and 16.4% less time (B takes between 1.06 and 1.20 times as long as A).
Noise floor: 6%. Identical code measured against itself on this setup can look that different, so smaller differences mean nothing.
Neighbouring measurements are nearly independent (autocorrelation -0.09), so they were resampled one by one.

Verdict: RESOLVED. A is faster than B: the difference is real, as its interval excludes zero and it exceeds the noise floor.

Warnings:
  - the program holds 116 MB of live data, more than the caches of many machines; for data that size, where it lies in memory can shift the result by several points in ways the interval does not cover, and differently in the next process; run the comparison in several processes with the multiproc package

== dirs multi n=4096 prefix: ordered vs ordered-lpage-mvzc
A: 4510 ns per operation (median)
B: 3563 ns per operation (median)
A needs 20.2% more time than B: B takes only 0.83 times as long as A.
With 95% confidence the difference lies between 10.2% and 33.1% more time (B takes between 0.751 and 0.91 times as long as A).
Noise floor: 2.99%. Identical code measured against itself on this setup can look that different, so smaller differences mean nothing.
Neighbouring measurements are nearly independent (autocorrelation +0.04), so they were resampled one by one.

Verdict: RESOLVED. A is slower than B: the difference is real, as its interval excludes zero and it exceeds the noise floor.

Warnings:
  - the program holds 116 MB of live data, more than the caches of many machines; for data that size, where it lies in memory can shift the result by several points in ways the interval does not cover, and differently in the next process; run the comparison in several processes with the multiproc package

== dirs multi n=4096 churn and build: ordered vs btree-sets
steady state, per insertion or deletion in a structure of 12775 elements (cycle of 33454 operations, first pass untimed):
  A: 211.1 ns per operation (median)
  B: 282.3 ns per operation (median)
  A needs 26.1% less time than B: B takes 1.35 times as long as A.
  With 95% confidence the difference lies between 23.6% and 26.7% less time (B takes between 1.31 and 1.36 times as long as A).
  Noise floor: 1.22%. Identical code measured against itself on this setup can look that different, so smaller differences mean nothing.
  Neighbouring measurements are correlated (autocorrelation +0.20), so they were resampled in blocks of 3.
  
  Verdict: RESOLVED. A is faster than B: the difference is real, as its interval excludes zero and it exceeds the noise floor.
  
  Warnings:
    - the program holds 118 MB of live data, more than the caches of many machines; for data that size, where it lies in memory can shift the result by several points in ways the interval does not cover, and differently in the next process; run the comparison in several processes with the multiproc package

build from empty to 12775 elements, per whole build (45983 operations):
  A: 1.046e+07 ns per operation (median)
  B: 1.419e+07 ns per operation (median)
  A needs 26.8% less time than B: B takes 1.37 times as long as A.
  With 95% confidence the difference lies between 25.3% and 27.3% less time (B takes between 1.34 and 1.38 times as long as A).
  Noise floor: 0.558%. Identical code measured against itself on this setup can look that different, so smaller differences mean nothing.
  Neighbouring measurements are nearly independent (autocorrelation +0.15), so they were resampled one by one.
  
  Verdict: RESOLVED. A is faster than B: the difference is real, as its interval excludes zero and it exceeds the noise floor.
  
  Warnings:
    - the program holds 115 MB of live data, more than the caches of many machines; for data that size, where it lies in memory can shift the result by several points in ways the interval does not cover, and differently in the next process; run the comparison in several processes with the multiproc package

== dirs multi n=4096 churn and build: ordered vs ordered-lpage
steady state, per insertion or deletion in a structure of 12775 elements (cycle of 33454 operations, first pass untimed):
  A: 224.9 ns per operation (median)
  B: 225.6 ns per operation (median)
  A needs 0.155% less time than B: B takes 1.00 times as long as A.
  With 95% confidence the difference lies between 1.36% more time and 1.65% less time (B takes between 0.987 and 1.02 times as long as A).
  Noise floor: 1.13%. Identical code measured against itself on this setup can look that different, so smaller differences mean nothing.
  Neighbouring measurements are nearly independent (autocorrelation -0.16), so they were resampled one by one.
  
  Verdict: NOT RESOLVED. This run did not establish which candidate is faster. That is not the same as "equally fast": the warnings below say what is missing.
  
  Warnings:
    - the difference of 0.15% does not clear the 1.13% noise floor, which is what this setup reports between two runs of identical code
    - the interval [-1.36%, 1.65%] includes zero, so a difference in either direction is consistent with these measurements
    - the program holds 115 MB of live data, more than the caches of many machines; for data that size, where it lies in memory can shift the result by several points in ways the interval does not cover, and differently in the next process; run the comparison in several processes with the multiproc package
    - candidate A drifted during the run: its measurements were 4.57% higher in the second half than in the first, so the machine did not hold still
    - candidate B drifted during the run: its measurements were 7.49% higher in the second half than in the first, so the machine did not hold still
    - the ratio B/A was 4.85% higher in the second half of the run than in the first, so the candidates had not reached a steady state and the difference depends on how long the run was; a common cause is a head start for whichever candidate ran alone last before the comparison or had its data built last, which a longer CollectOptions.WarmupDuration removes
    - in 50% of A/A runs this setup reported a difference between identical code, well above the 10% expected; treat any confidence from it with suspicion

build from empty to 12775 elements, per whole build (45983 operations):
  A: 1.062e+07 ns per operation (median)
  B: 1.075e+07 ns per operation (median)
  A needs 1.32% less time than B: B takes 1.01 times as long as A.
  With 95% confidence the difference lies between 0.0296% more time and 3.67% less time (B takes between 1 and 1.04 times as long as A).
  Noise floor: 1.01%. Identical code measured against itself on this setup can look that different, so smaller differences mean nothing.
  Neighbouring measurements are nearly independent (autocorrelation -0.00), so they were resampled one by one.
  
  Verdict: NOT RESOLVED. This run did not establish which candidate is faster. That is not the same as "equally fast": the warnings below say what is missing.
  
  Warnings:
    - the interval [-0.03%, 3.67%] includes zero, so a difference in either direction is consistent with these measurements
    - the program holds 115 MB of live data, more than the caches of many machines; for data that size, where it lies in memory can shift the result by several points in ways the interval does not cover, and differently in the next process; run the comparison in several processes with the multiproc package

== dirs multi n=4096 churn and build: ordered vs ordered-lpage-mv
steady state, per insertion or deletion in a structure of 12775 elements (cycle of 33454 operations, first pass untimed):
  A: 215.8 ns per operation (median)
  B: 395 ns per operation (median)
  A needs 44.9% less time than B: B takes 1.81 times as long as A.
  With 95% confidence the difference lies between 44.3% and 46.5% less time (B takes between 1.8 and 1.87 times as long as A).
  Noise floor: 1.51%. Identical code measured against itself on this setup can look that different, so smaller differences mean nothing.
  Neighbouring measurements are nearly independent (autocorrelation -0.32), so they were resampled one by one.
  
  Verdict: RESOLVED. A is faster than B: the difference is real, as its interval excludes zero and it exceeds the noise floor.
  
  Warnings:
    - the program holds 115 MB of live data, more than the caches of many machines; for data that size, where it lies in memory can shift the result by several points in ways the interval does not cover, and differently in the next process; run the comparison in several processes with the multiproc package

build from empty to 12775 elements, per whole build (45983 operations):
  A: 1.049e+07 ns per operation (median)
  B: 2.112e+07 ns per operation (median)
  A needs 50.2% less time than B: B takes 2.01 times as long as A.
  With 95% confidence the difference lies between 50% and 50.8% less time (B takes between 2 and 2.03 times as long as A).
  Noise floor: 0.447%. Identical code measured against itself on this setup can look that different, so smaller differences mean nothing.
  Neighbouring measurements are nearly independent (autocorrelation +0.18), so they were resampled one by one.
  
  Verdict: RESOLVED. A is faster than B: the difference is real, as its interval excludes zero and it exceeds the noise floor.
  
  Warnings:
    - the program holds 115 MB of live data, more than the caches of many machines; for data that size, where it lies in memory can shift the result by several points in ways the interval does not cover, and differently in the next process; run the comparison in several processes with the multiproc package

== dirs multi n=4096 churn and build: ordered vs ordered-lpage-mvzc
steady state, per insertion or deletion in a structure of 12775 elements (cycle of 33454 operations, first pass untimed):
  A: 218.7 ns per operation (median)
  B: 468.1 ns per operation (median)
  A needs 53.1% less time than B: B takes 2.13 times as long as A.
  With 95% confidence the difference lies between 52.7% and 53.7% less time (B takes between 2.11 and 2.16 times as long as A).
  Noise floor: 1.47%. Identical code measured against itself on this setup can look that different, so smaller differences mean nothing.
  Neighbouring measurements are correlated (autocorrelation +0.40), so they were resampled in blocks of 3.
  
  Verdict: RESOLVED. A is faster than B: the difference is real, as its interval excludes zero and it exceeds the noise floor.
  
  Warnings:
    - the program holds 118 MB of live data, more than the caches of many machines; for data that size, where it lies in memory can shift the result by several points in ways the interval does not cover, and differently in the next process; run the comparison in several processes with the multiproc package

build from empty to 12775 elements, per whole build (45983 operations):
  A: 1.051e+07 ns per operation (median)
  B: 2.465e+07 ns per operation (median)
  A needs 57% less time than B: B takes 2.33 times as long as A.
  With 95% confidence the difference lies between 56.6% and 57.5% less time (B takes between 2.31 and 2.35 times as long as A).
  Noise floor: 0.872%. Identical code measured against itself on this setup can look that different, so smaller differences mean nothing.
  Neighbouring measurements are nearly independent (autocorrelation -0.13), so they were resampled one by one.
  
  Verdict: RESOLVED. A is faster than B: the difference is real, as its interval excludes zero and it exceeds the noise floor.
  
  Warnings:
    - the program holds 115 MB of live data, more than the caches of many machines; for data that size, where it lies in memory can shift the result by several points in ways the interval does not cover, and differently in the next process; run the comparison in several processes with the multiproc package

checksum 10521027796529515300
== dirs multi n=4096 valuesFor: ordered vs btree-sets
A: 129.2 ns per operation (median)
B: 211 ns per operation (median)
A needs 39.6% less time than B: B takes 1.65 times as long as A.
With 95% confidence the difference lies between 36.1% and 40.8% less time (B takes between 1.57 and 1.69 times as long as A).
Noise floor: 2.91%. Identical code measured against itself on this setup can look that different, so smaller differences mean nothing.
Neighbouring measurements are nearly independent (autocorrelation -0.35), so they were resampled one by one.

Verdict: RESOLVED. A is faster than B: the difference is real, as its interval excludes zero and it exceeds the noise floor.

Warnings:
  - the program holds 109 MB of live data, more than the caches of many machines; for data that size, where it lies in memory can shift the result by several points in ways the interval does not cover, and differently in the next process; run the comparison in several processes with the multiproc package

== dirs multi n=4096 valuesFor: ordered vs ordered-lpage
A: 128.1 ns per operation (median)
B: 127.6 ns per operation (median)
A needs 0.916% more time than B: B takes only 0.99 times as long as A.
With 95% confidence the difference lies between 1.51% more time and 0.538% less time (B takes between 0.985 and 1.01 times as long as A).
Noise floor: 0.107%. Identical code measured against itself on this setup can look that different, so smaller differences mean nothing.
Neighbouring measurements are nearly independent (autocorrelation -0.38), so they were resampled one by one.

Verdict: NOT RESOLVED. This run did not establish which candidate is faster. That is not the same as "equally fast": the warnings below say what is missing.

Warnings:
  - the interval [-1.51%, 0.54%] includes zero, so a difference in either direction is consistent with these measurements
  - the program holds 109 MB of live data, more than the caches of many machines; for data that size, where it lies in memory can shift the result by several points in ways the interval does not cover, and differently in the next process; run the comparison in several processes with the multiproc package

== dirs multi n=4096 valuesFor: ordered vs ordered-lpage-mv
A: 129.2 ns per operation (median)
B: 225.3 ns per operation (median)
A needs 42.4% less time than B: B takes 1.74 times as long as A.
With 95% confidence the difference lies between 41.8% and 43.7% less time (B takes between 1.72 and 1.77 times as long as A).
Noise floor: 1.64%. Identical code measured against itself on this setup can look that different, so smaller differences mean nothing.
Neighbouring measurements are nearly independent (autocorrelation -0.04), so they were resampled one by one.

Verdict: RESOLVED. A is faster than B: the difference is real, as its interval excludes zero and it exceeds the noise floor.

Warnings:
  - the program holds 114 MB of live data, more than the caches of many machines; for data that size, where it lies in memory can shift the result by several points in ways the interval does not cover, and differently in the next process; run the comparison in several processes with the multiproc package

== dirs multi n=4096 valuesFor: ordered vs ordered-lpage-mvzc
A: 131 ns per operation (median)
B: 204 ns per operation (median)
A needs 35.1% less time than B: B takes 1.54 times as long as A.
With 95% confidence the difference lies between 34.4% and 37.4% less time (B takes between 1.52 and 1.60 times as long as A).
Noise floor: 1.37%. Identical code measured against itself on this setup can look that different, so smaller differences mean nothing.
Neighbouring measurements are nearly independent (autocorrelation -0.25), so they were resampled one by one.

Verdict: RESOLVED. A is faster than B: the difference is real, as its interval excludes zero and it exceeds the noise floor.

Warnings:
  - the program holds 114 MB of live data, more than the caches of many machines; for data that size, where it lies in memory can shift the result by several points in ways the interval does not cover, and differently in the next process; run the comparison in several processes with the multiproc package
  - candidate A drifted during the run: its measurements were 9.71% higher in the second half than in the first, so the machine did not hold still
  - candidate B drifted during the run: its measurements were 4.64% higher in the second half than in the first, so the machine did not hold still

== dirs multi n=4096 valuesBetween: ordered vs btree-sets
A: 3941 ns per operation (median)
B: 1.231e+04 ns per operation (median)
A needs 68% less time than B: B takes 3.13 times as long as A.
With 95% confidence the difference lies between 67.5% and 68.6% less time (B takes between 3.08 and 3.18 times as long as A).
Noise floor: 1.77%. Identical code measured against itself on this setup can look that different, so smaller differences mean nothing.
Neighbouring measurements are nearly independent (autocorrelation -0.06), so they were resampled one by one.

Verdict: RESOLVED. A is faster than B: the difference is real, as its interval excludes zero and it exceeds the noise floor.

Warnings:
  - the program holds 114 MB of live data, more than the caches of many machines; for data that size, where it lies in memory can shift the result by several points in ways the interval does not cover, and differently in the next process; run the comparison in several processes with the multiproc package
  - in 50% of A/A runs this setup reported a difference between identical code, well above the 10% expected; treat any confidence from it with suspicion

== dirs multi n=4096 valuesBetween: ordered vs ordered-lpage
A: 3923 ns per operation (median)
B: 3913 ns per operation (median)
A needs 0.812% more time than B: B takes only 0.99 times as long as A.
With 95% confidence the difference lies between 4.28% more time and 3.76% less time (B takes between 0.959 and 1.04 times as long as A).
Noise floor: 1.65%. Identical code measured against itself on this setup can look that different, so smaller differences mean nothing.
Neighbouring measurements are nearly independent (autocorrelation -0.67), so they were resampled one by one.

Verdict: NOT RESOLVED. This run did not establish which candidate is faster. That is not the same as "equally fast": the warnings below say what is missing.

Warnings:
  - the difference of -0.81% does not clear the 1.65% noise floor, which is what this setup reports between two runs of identical code
  - the interval [-4.28%, 3.76%] includes zero, so a difference in either direction is consistent with these measurements
  - the program holds 114 MB of live data, more than the caches of many machines; for data that size, where it lies in memory can shift the result by several points in ways the interval does not cover, and differently in the next process; run the comparison in several processes with the multiproc package

== dirs multi n=4096 valuesBetween: ordered vs ordered-lpage-mv
A: 3896 ns per operation (median)
B: 3986 ns per operation (median)
A needs 1.99% less time than B: B takes 1.02 times as long as A.
With 95% confidence the difference lies between 0.376% more time and 4.36% less time (B takes between 0.996 and 1.05 times as long as A).
Noise floor: 1.53%. Identical code measured against itself on this setup can look that different, so smaller differences mean nothing.
Neighbouring measurements are nearly independent (autocorrelation +0.01), so they were resampled one by one.

Verdict: NOT RESOLVED. This run did not establish which candidate is faster. That is not the same as "equally fast": the warnings below say what is missing.

Warnings:
  - the interval [-0.38%, 4.36%] includes zero, so a difference in either direction is consistent with these measurements
  - the program holds 115 MB of live data, more than the caches of many machines; for data that size, where it lies in memory can shift the result by several points in ways the interval does not cover, and differently in the next process; run the comparison in several processes with the multiproc package

== dirs multi n=4096 valuesBetween: ordered vs ordered-lpage-mvzc
A: 3857 ns per operation (median)
B: 2997 ns per operation (median)
A needs 29.5% more time than B: B takes only 0.77 times as long as A.
With 95% confidence the difference lies between 26.4% and 31.8% more time (B takes between 0.759 and 0.79 times as long as A).
Noise floor: 1%. Identical code measured against itself on this setup can look that different, so smaller differences mean nothing.
Neighbouring measurements are nearly independent (autocorrelation -0.55), so they were resampled one by one.

Verdict: RESOLVED. A is slower than B: the difference is real, as its interval excludes zero and it exceeds the noise floor.

Warnings:
  - the program holds 115 MB of live data, more than the caches of many machines; for data that size, where it lies in memory can shift the result by several points in ways the interval does not cover, and differently in the next process; run the comparison in several processes with the multiproc package

== dirs multi n=4096 prefix: ordered vs btree-sets
A: 4402 ns per operation (median)
B: 1.712e+04 ns per operation (median)
A needs 73.7% less time than B: B takes 3.80 times as long as A.
With 95% confidence the difference lies between 72.5% and 76% less time (B takes between 3.63 and 4.17 times as long as A).
Noise floor: 2.41%. Identical code measured against itself on this setup can look that different, so smaller differences mean nothing.
Neighbouring measurements are nearly independent (autocorrelation +0.01), so they were resampled one by one.

Verdict: RESOLVED. A is faster than B: the difference is real, as its interval excludes zero and it exceeds the noise floor.

Warnings:
  - the program holds 115 MB of live data, more than the caches of many machines; for data that size, where it lies in memory can shift the result by several points in ways the interval does not cover, and differently in the next process; run the comparison in several processes with the multiproc package

== dirs multi n=4096 prefix: ordered vs ordered-lpage
A: 4303 ns per operation (median)
B: 4507 ns per operation (median)
A needs 2.65% less time than B: B takes 1.03 times as long as A.
With 95% confidence the difference lies between 2.13% more time and 4.28% less time (B takes between 0.979 and 1.04 times as long as A).
Noise floor: 2.13%. Identical code measured against itself on this setup can look that different, so smaller differences mean nothing.
Neighbouring measurements are nearly independent (autocorrelation -0.17), so they were resampled one by one.

Verdict: NOT RESOLVED. This run did not establish which candidate is faster. That is not the same as "equally fast": the warnings below say what is missing.

Warnings:
  - the interval [-2.13%, 4.28%] includes zero, so a difference in either direction is consistent with these measurements
  - the program holds 115 MB of live data, more than the caches of many machines; for data that size, where it lies in memory can shift the result by several points in ways the interval does not cover, and differently in the next process; run the comparison in several processes with the multiproc package

== dirs multi n=4096 prefix: ordered vs ordered-lpage-mv
A: 4557 ns per operation (median)
B: 5094 ns per operation (median)
A needs 10.2% less time than B: B takes 1.11 times as long as A.
With 95% confidence the difference lies between 2.18% and 13% less time (B takes between 1.02 and 1.15 times as long as A).
Noise floor: 6.05%. Identical code measured against itself on this setup can look that different, so smaller differences mean nothing.
Neighbouring measurements are nearly independent (autocorrelation -0.10), so they were resampled one by one.

Verdict: RESOLVED. A is faster than B: the difference is real, as its interval excludes zero and it exceeds the noise floor.

Warnings:
  - the program holds 115 MB of live data, more than the caches of many machines; for data that size, where it lies in memory can shift the result by several points in ways the interval does not cover, and differently in the next process; run the comparison in several processes with the multiproc package

== dirs multi n=4096 prefix: ordered vs ordered-lpage-mvzc
A: 4371 ns per operation (median)
B: 3550 ns per operation (median)
A needs 27.5% more time than B: B takes only 0.78 times as long as A.
With 95% confidence the difference lies between 13.4% and 37.9% more time (B takes between 0.725 and 0.88 times as long as A).
Noise floor: 4.47%. Identical code measured against itself on this setup can look that different, so smaller differences mean nothing.
Neighbouring measurements are nearly independent (autocorrelation +0.05), so they were resampled one by one.

Verdict: RESOLVED. A is slower than B: the difference is real, as its interval excludes zero and it exceeds the noise floor.

Warnings:
  - the program holds 115 MB of live data, more than the caches of many machines; for data that size, where it lies in memory can shift the result by several points in ways the interval does not cover, and differently in the next process; run the comparison in several processes with the multiproc package

== dirs multi n=4096 churn and build: ordered vs btree-sets
steady state, per insertion or deletion in a structure of 12775 elements (cycle of 33454 operations, first pass untimed):
  A: 212.1 ns per operation (median)
  B: 283.1 ns per operation (median)
  A needs 25% less time than B: B takes 1.33 times as long as A.
  With 95% confidence the difference lies between 22% and 26.9% less time (B takes between 1.28 and 1.37 times as long as A).
  Noise floor: 1.95%. Identical code measured against itself on this setup can look that different, so smaller differences mean nothing.
  Neighbouring measurements are correlated (autocorrelation +0.45), so they were resampled in blocks of 3.
  
  Verdict: RESOLVED. A is faster than B: the difference is real, as its interval excludes zero and it exceeds the noise floor.
  
  Warnings:
    - the program holds 118 MB of live data, more than the caches of many machines; for data that size, where it lies in memory can shift the result by several points in ways the interval does not cover, and differently in the next process; run the comparison in several processes with the multiproc package

build from empty to 12775 elements, per whole build (45983 operations):
  A: 1.042e+07 ns per operation (median)
  B: 1.425e+07 ns per operation (median)
  A needs 26.5% less time than B: B takes 1.36 times as long as A.
  With 95% confidence the difference lies between 25.7% and 27.8% less time (B takes between 1.35 and 1.38 times as long as A).
  Noise floor: 0.776%. Identical code measured against itself on this setup can look that different, so smaller differences mean nothing.
  Neighbouring measurements are nearly independent (autocorrelation +0.14), so they were resampled one by one.
  
  Verdict: RESOLVED. A is faster than B: the difference is real, as its interval excludes zero and it exceeds the noise floor.
  
  Warnings:
    - the program holds 115 MB of live data, more than the caches of many machines; for data that size, where it lies in memory can shift the result by several points in ways the interval does not cover, and differently in the next process; run the comparison in several processes with the multiproc package

== dirs multi n=4096 churn and build: ordered vs ordered-lpage
steady state, per insertion or deletion in a structure of 12775 elements (cycle of 33454 operations, first pass untimed):
  A: 213.9 ns per operation (median)
  B: 213 ns per operation (median)
  A needs 0.104% more time than B: B takes only 1.00 times as long as A.
  With 95% confidence the difference lies between 0.936% more time and 0.831% less time (B takes between 0.991 and 1.01 times as long as A).
  Noise floor: 0.604%. Identical code measured against itself on this setup can look that different, so smaller differences mean nothing.
  Neighbouring measurements are nearly independent (autocorrelation -0.08), so they were resampled one by one.
  
  Verdict: NOT RESOLVED. This run did not establish which candidate is faster. That is not the same as "equally fast": the warnings below say what is missing.
  
  Warnings:
    - the difference of -0.10% does not clear the 0.60% noise floor, which is what this setup reports between two runs of identical code
    - the interval [-0.94%, 0.83%] includes zero, so a difference in either direction is consistent with these measurements
    - the program holds 115 MB of live data, more than the caches of many machines; for data that size, where it lies in memory can shift the result by several points in ways the interval does not cover, and differently in the next process; run the comparison in several processes with the multiproc package

build from empty to 12775 elements, per whole build (45983 operations):
  A: 1.054e+07 ns per operation (median)
  B: 1.077e+07 ns per operation (median)
  A needs 1.32% less time than B: B takes 1.01 times as long as A.
  With 95% confidence the difference lies between 0.781% and 4.44% less time (B takes between 1.01 and 1.05 times as long as A).
  Noise floor: 0.523%. Identical code measured against itself on this setup can look that different, so smaller differences mean nothing.
  Neighbouring measurements are nearly independent (autocorrelation +0.01), so they were resampled one by one.
  
  Verdict: RESOLVED. A is faster than B: the difference is real, as its interval excludes zero and it exceeds the noise floor.
  
  Warnings:
    - the program holds 115 MB of live data, more than the caches of many machines; for data that size, where it lies in memory can shift the result by several points in ways the interval does not cover, and differently in the next process; run the comparison in several processes with the multiproc package

== dirs multi n=4096 churn and build: ordered vs ordered-lpage-mv
steady state, per insertion or deletion in a structure of 12775 elements (cycle of 33454 operations, first pass untimed):
  A: 216.7 ns per operation (median)
  B: 394.3 ns per operation (median)
  A needs 44.6% less time than B: B takes 1.80 times as long as A.
  With 95% confidence the difference lies between 44% and 46.6% less time (B takes between 1.79 and 1.87 times as long as A).
  Noise floor: 1.02%. Identical code measured against itself on this setup can look that different, so smaller differences mean nothing.
  Neighbouring measurements are nearly independent (autocorrelation -0.32), so they were resampled one by one.
  
  Verdict: RESOLVED. A is faster than B: the difference is real, as its interval excludes zero and it exceeds the noise floor.
  
  Warnings:
    - the program holds 115 MB of live data, more than the caches of many machines; for data that size, where it lies in memory can shift the result by several points in ways the interval does not cover, and differently in the next process; run the comparison in several processes with the multiproc package

build from empty to 12775 elements, per whole build (45983 operations):
  A: 1.048e+07 ns per operation (median)
  B: 2.126e+07 ns per operation (median)
  A needs 50.9% less time than B: B takes 2.04 times as long as A.
  With 95% confidence the difference lies between 50.5% and 51.4% less time (B takes between 2.02 and 2.06 times as long as A).
  Noise floor: 0.628%. Identical code measured against itself on this setup can look that different, so smaller differences mean nothing.
  Neighbouring measurements are nearly independent (autocorrelation +0.10), so they were resampled one by one.
  
  Verdict: RESOLVED. A is faster than B: the difference is real, as its interval excludes zero and it exceeds the noise floor.
  
  Warnings:
    - the program holds 115 MB of live data, more than the caches of many machines; for data that size, where it lies in memory can shift the result by several points in ways the interval does not cover, and differently in the next process; run the comparison in several processes with the multiproc package

== dirs multi n=4096 churn and build: ordered vs ordered-lpage-mvzc
steady state, per insertion or deletion in a structure of 12775 elements (cycle of 33454 operations, first pass untimed):
  A: 220.3 ns per operation (median)
  B: 473.1 ns per operation (median)
  A needs 53.1% less time than B: B takes 2.13 times as long as A.
  With 95% confidence the difference lies between 52.8% and 54% less time (B takes between 2.12 and 2.18 times as long as A).
  Noise floor: 0.284%. Identical code measured against itself on this setup can look that different, so smaller differences mean nothing.
  Neighbouring measurements are correlated (autocorrelation +0.51), so they were resampled in blocks of 3.
  
  Verdict: RESOLVED. A is faster than B: the difference is real, as its interval excludes zero and it exceeds the noise floor.
  
  Warnings:
    - the program holds 118 MB of live data, more than the caches of many machines; for data that size, where it lies in memory can shift the result by several points in ways the interval does not cover, and differently in the next process; run the comparison in several processes with the multiproc package
    - candidate A drifted during the run: its measurements were 1.37% lower in the second half than in the first, so the machine did not hold still

build from empty to 12775 elements, per whole build (45983 operations):
  A: 1.046e+07 ns per operation (median)
  B: 2.447e+07 ns per operation (median)
  A needs 57.2% less time than B: B takes 2.34 times as long as A.
  With 95% confidence the difference lies between 56.7% and 58% less time (B takes between 2.31 and 2.38 times as long as A).
  Noise floor: 1.04%. Identical code measured against itself on this setup can look that different, so smaller differences mean nothing.
  Neighbouring measurements are nearly independent (autocorrelation -0.09), so they were resampled one by one.
  
  Verdict: RESOLVED. A is faster than B: the difference is real, as its interval excludes zero and it exceeds the noise floor.
  
  Warnings:
    - the program holds 115 MB of live data, more than the caches of many machines; for data that size, where it lies in memory can shift the result by several points in ways the interval does not cover, and differently in the next process; run the comparison in several processes with the multiproc package

checksum 6357927644683822197
== dirs multi n=4096 valuesFor: ordered vs btree-sets
A: 129.7 ns per operation (median)
B: 211.4 ns per operation (median)
A needs 39.1% less time than B: B takes 1.64 times as long as A.
With 95% confidence the difference lies between 36.1% and 40.4% less time (B takes between 1.56 and 1.68 times as long as A).
Noise floor: 1.85%. Identical code measured against itself on this setup can look that different, so smaller differences mean nothing.
Neighbouring measurements are nearly independent (autocorrelation -0.48), so they were resampled one by one.

Verdict: RESOLVED. A is faster than B: the difference is real, as its interval excludes zero and it exceeds the noise floor.

Warnings:
  - the program holds 95 MB of live data, more than the caches of many machines; for data that size, where it lies in memory can shift the result by several points in ways the interval does not cover, and differently in the next process; run the comparison in several processes with the multiproc package

== dirs multi n=4096 valuesFor: ordered vs ordered-lpage
A: 129 ns per operation (median)
B: 128.1 ns per operation (median)
A needs 0.617% more time than B: B takes only 0.99 times as long as A.
With 95% confidence the difference lies between 1.73% more time and 0.391% less time (B takes between 0.983 and 1.00 times as long as A).
Noise floor: 0.588%. Identical code measured against itself on this setup can look that different, so smaller differences mean nothing.
Neighbouring measurements are nearly independent (autocorrelation -0.15), so they were resampled one by one.

Verdict: NOT RESOLVED. This run did not establish which candidate is faster. That is not the same as "equally fast": the warnings below say what is missing.

Warnings:
  - the interval [-1.73%, 0.39%] includes zero, so a difference in either direction is consistent with these measurements
  - the program holds 95 MB of live data, more than the caches of many machines; for data that size, where it lies in memory can shift the result by several points in ways the interval does not cover, and differently in the next process; run the comparison in several processes with the multiproc package
  - candidate B drifted during the run: its measurements were 2.48% higher in the second half than in the first, so the machine did not hold still

== dirs multi n=4096 valuesFor: ordered vs ordered-lpage-mv
A: 129.7 ns per operation (median)
B: 226.6 ns per operation (median)
A needs 42.3% less time than B: B takes 1.73 times as long as A.
With 95% confidence the difference lies between 41.8% and 43.5% less time (B takes between 1.72 and 1.77 times as long as A).
Noise floor: 2.01%. Identical code measured against itself on this setup can look that different, so smaller differences mean nothing.
Neighbouring measurements are nearly independent (autocorrelation -0.12), so they were resampled one by one.

Verdict: RESOLVED. A is faster than B: the difference is real, as its interval excludes zero and it exceeds the noise floor.

Warnings:
  - the program holds 115 MB of live data, more than the caches of many machines; for data that size, where it lies in memory can shift the result by several points in ways the interval does not cover, and differently in the next process; run the comparison in several processes with the multiproc package

== dirs multi n=4096 valuesFor: ordered vs ordered-lpage-mvzc
A: 128.8 ns per operation (median)
B: 203.4 ns per operation (median)
A needs 36.8% less time than B: B takes 1.58 times as long as A.
With 95% confidence the difference lies between 35% and 37.6% less time (B takes between 1.54 and 1.60 times as long as A).
Noise floor: 1.22%. Identical code measured against itself on this setup can look that different, so smaller differences mean nothing.
Neighbouring measurements are nearly independent (autocorrelation -0.59), so they were resampled one by one.

Verdict: RESOLVED. A is faster than B: the difference is real, as its interval excludes zero and it exceeds the noise floor.

Warnings:
  - the program holds 115 MB of live data, more than the caches of many machines; for data that size, where it lies in memory can shift the result by several points in ways the interval does not cover, and differently in the next process; run the comparison in several processes with the multiproc package

== dirs multi n=4096 valuesBetween: ordered vs btree-sets
A: 3939 ns per operation (median)
B: 1.223e+04 ns per operation (median)
A needs 67.3% less time than B: B takes 3.06 times as long as A.
With 95% confidence the difference lies between 67% and 67.9% less time (B takes between 3.03 and 3.11 times as long as A).
Noise floor: 1.19%. Identical code measured against itself on this setup can look that different, so smaller differences mean nothing.
Neighbouring measurements are correlated (autocorrelation +0.56), so they were resampled in blocks of 3.

Verdict: RESOLVED. A is faster than B: the difference is real, as its interval excludes zero and it exceeds the noise floor.

Warnings:
  - the program holds 115 MB of live data, more than the caches of many machines; for data that size, where it lies in memory can shift the result by several points in ways the interval does not cover, and differently in the next process; run the comparison in several processes with the multiproc package

== dirs multi n=4096 valuesBetween: ordered vs ordered-lpage
A: 3887 ns per operation (median)
B: 3910 ns per operation (median)
A needs 0.0889% more time than B: B takes only 1.00 times as long as A.
With 95% confidence the difference lies between 3.22% more time and 3.45% less time (B takes between 0.969 and 1.04 times as long as A).
Noise floor: 1.9%. Identical code measured against itself on this setup can look that different, so smaller differences mean nothing.
Neighbouring measurements are nearly independent (autocorrelation -0.66), so they were resampled one by one.

Verdict: NOT RESOLVED. This run did not establish which candidate is faster. That is not the same as "equally fast": the warnings below say what is missing.

Warnings:
  - the difference of -0.09% does not clear the 1.90% noise floor, which is what this setup reports between two runs of identical code
  - the interval [-3.22%, 3.45%] includes zero, so a difference in either direction is consistent with these measurements
  - the program holds 115 MB of live data, more than the caches of many machines; for data that size, where it lies in memory can shift the result by several points in ways the interval does not cover, and differently in the next process; run the comparison in several processes with the multiproc package

== dirs multi n=4096 valuesBetween: ordered vs ordered-lpage-mv
A: 4059 ns per operation (median)
B: 4085 ns per operation (median)
A needs 1.16% less time than B: B takes 1.01 times as long as A.
With 95% confidence the difference lies between 3% more time and 4.19% less time (B takes between 0.971 and 1.04 times as long as A).
Noise floor: 1.65%. Identical code measured against itself on this setup can look that different, so smaller differences mean nothing.
Neighbouring measurements are nearly independent (autocorrelation +0.13), so they were resampled one by one.

Verdict: NOT RESOLVED. This run did not establish which candidate is faster. That is not the same as "equally fast": the warnings below say what is missing.

Warnings:
  - the difference of 1.16% does not clear the 1.65% noise floor, which is what this setup reports between two runs of identical code
  - the interval [-3.00%, 4.19%] includes zero, so a difference in either direction is consistent with these measurements
  - the program holds 116 MB of live data, more than the caches of many machines; for data that size, where it lies in memory can shift the result by several points in ways the interval does not cover, and differently in the next process; run the comparison in several processes with the multiproc package

== dirs multi n=4096 valuesBetween: ordered vs ordered-lpage-mvzc
A: 3889 ns per operation (median)
B: 3024 ns per operation (median)
A needs 29.6% more time than B: B takes only 0.77 times as long as A.
With 95% confidence the difference lies between 23.5% and 33.5% more time (B takes between 0.749 and 0.81 times as long as A).
Noise floor: 1.95%. Identical code measured against itself on this setup can look that different, so smaller differences mean nothing.
Neighbouring measurements are nearly independent (autocorrelation -0.44), so they were resampled one by one.

Verdict: RESOLVED. A is slower than B: the difference is real, as its interval excludes zero and it exceeds the noise floor.

Warnings:
  - the program holds 116 MB of live data, more than the caches of many machines; for data that size, where it lies in memory can shift the result by several points in ways the interval does not cover, and differently in the next process; run the comparison in several processes with the multiproc package

== dirs multi n=4096 prefix: ordered vs btree-sets
A: 4403 ns per operation (median)
B: 1.729e+04 ns per operation (median)
A needs 72.6% less time than B: B takes 3.65 times as long as A.
With 95% confidence the difference lies between 70.9% and 75.8% less time (B takes between 3.44 and 4.13 times as long as A).
Noise floor: 10.5%. Identical code measured against itself on this setup can look that different, so smaller differences mean nothing.
Neighbouring measurements are nearly independent (autocorrelation -0.20), so they were resampled one by one.

Verdict: RESOLVED. A is faster than B: the difference is real, as its interval excludes zero and it exceeds the noise floor.

Warnings:
  - the program holds 116 MB of live data, more than the caches of many machines; for data that size, where it lies in memory can shift the result by several points in ways the interval does not cover, and differently in the next process; run the comparison in several processes with the multiproc package
  - in 50% of A/A runs this setup reported a difference between identical code, well above the 10% expected; treat any confidence from it with suspicion

== dirs multi n=4096 prefix: ordered vs ordered-lpage
A: 4392 ns per operation (median)
B: 4451 ns per operation (median)
A needs 0.346% more time than B: B takes only 1.00 times as long as A.
With 95% confidence the difference lies between 4.12% more time and 4.83% less time (B takes between 0.96 and 1.05 times as long as A).
Noise floor: 7.02%. Identical code measured against itself on this setup can look that different, so smaller differences mean nothing.
Neighbouring measurements are nearly independent (autocorrelation -0.11), so they were resampled one by one.

Verdict: NOT RESOLVED. This run did not establish which candidate is faster. That is not the same as "equally fast": the warnings below say what is missing.

Warnings:
  - the difference of -0.35% does not clear the 7.02% noise floor, which is what this setup reports between two runs of identical code
  - the interval [-4.12%, 4.83%] includes zero, so a difference in either direction is consistent with these measurements
  - the program holds 116 MB of live data, more than the caches of many machines; for data that size, where it lies in memory can shift the result by several points in ways the interval does not cover, and differently in the next process; run the comparison in several processes with the multiproc package

== dirs multi n=4096 prefix: ordered vs ordered-lpage-mv
A: 4523 ns per operation (median)
B: 5131 ns per operation (median)
A needs 11.3% less time than B: B takes 1.13 times as long as A.
With 95% confidence the difference lies between 2.75% and 16.6% less time (B takes between 1.03 and 1.20 times as long as A).
Noise floor: 6.69%. Identical code measured against itself on this setup can look that different, so smaller differences mean nothing.
Neighbouring measurements are nearly independent (autocorrelation -0.05), so they were resampled one by one.

Verdict: RESOLVED. A is faster than B: the difference is real, as its interval excludes zero and it exceeds the noise floor.

Warnings:
  - the program holds 116 MB of live data, more than the caches of many machines; for data that size, where it lies in memory can shift the result by several points in ways the interval does not cover, and differently in the next process; run the comparison in several processes with the multiproc package

== dirs multi n=4096 prefix: ordered vs ordered-lpage-mvzc
A: 4285 ns per operation (median)
B: 3545 ns per operation (median)
A needs 21.5% more time than B: B takes only 0.82 times as long as A.
With 95% confidence the difference lies between 13% and 33.5% more time (B takes between 0.749 and 0.88 times as long as A).
Noise floor: 10.6%. Identical code measured against itself on this setup can look that different, so smaller differences mean nothing.
Neighbouring measurements are nearly independent (autocorrelation -0.32), so they were resampled one by one.

Verdict: RESOLVED. A is slower than B: the difference is real, as its interval excludes zero and it exceeds the noise floor.

Warnings:
  - the program holds 116 MB of live data, more than the caches of many machines; for data that size, where it lies in memory can shift the result by several points in ways the interval does not cover, and differently in the next process; run the comparison in several processes with the multiproc package
  - in 50% of A/A runs this setup reported a difference between identical code, well above the 10% expected; treat any confidence from it with suspicion

== dirs multi n=4096 churn and build: ordered vs btree-sets
steady state, per insertion or deletion in a structure of 12775 elements (cycle of 33454 operations, first pass untimed):
  A: 212.6 ns per operation (median)
  B: 286 ns per operation (median)
  A needs 24.5% less time than B: B takes 1.32 times as long as A.
  With 95% confidence the difference lies between 21.7% and 27.4% less time (B takes between 1.28 and 1.38 times as long as A).
  Noise floor: 1.9%. Identical code measured against itself on this setup can look that different, so smaller differences mean nothing.
  Neighbouring measurements are nearly independent (autocorrelation +0.07), so they were resampled one by one.
  
  Verdict: RESOLVED. A is faster than B: the difference is real, as its interval excludes zero and it exceeds the noise floor.
  
  Warnings:
    - the program holds 118 MB of live data, more than the caches of many machines; for data that size, where it lies in memory can shift the result by several points in ways the interval does not cover, and differently in the next process; run the comparison in several processes with the multiproc package

build from empty to 12775 elements, per whole build (45983 operations):
  A: 1.05e+07 ns per operation (median)
  B: 1.411e+07 ns per operation (median)
  A needs 25.7% less time than B: B takes 1.35 times as long as A.
  With 95% confidence the difference lies between 24.9% and 26.1% less time (B takes between 1.33 and 1.35 times as long as A).
  Noise floor: 0.545%. Identical code measured against itself on this setup can look that different, so smaller differences mean nothing.
  Neighbouring measurements are nearly independent (autocorrelation -0.06), so they were resampled one by one.
  
  Verdict: RESOLVED. A is faster than B: the difference is real, as its interval excludes zero and it exceeds the noise floor.
  
  Warnings:
    - the program holds 115 MB of live data, more than the caches of many machines; for data that size, where it lies in memory can shift the result by several points in ways the interval does not cover, and differently in the next process; run the comparison in several processes with the multiproc package

== dirs multi n=4096 churn and build: ordered vs ordered-lpage
steady state, per insertion or deletion in a structure of 12775 elements (cycle of 33454 operations, first pass untimed):
  A: 212.9 ns per operation (median)
  B: 213.7 ns per operation (median)
  A needs 0.082% less time than B: B takes 1.00 times as long as A.
  With 95% confidence the difference lies between 0.381% more time and 0.861% less time (B takes between 0.996 and 1.01 times as long as A).
  Noise floor: 0.518%. Identical code measured against itself on this setup can look that different, so smaller differences mean nothing.
  Neighbouring measurements are correlated (autocorrelation +0.26), so they were resampled in blocks of 3.
  
  Verdict: NOT RESOLVED. This run did not establish which candidate is faster. That is not the same as "equally fast": the warnings below say what is missing.
  
  Warnings:
    - the difference of 0.08% does not clear the 0.52% noise floor, which is what this setup reports between two runs of identical code
    - the interval [-0.38%, 0.86%] includes zero, so a difference in either direction is consistent with these measurements
    - the program holds 115 MB of live data, more than the caches of many machines; for data that size, where it lies in memory can shift the result by several points in ways the interval does not cover, and differently in the next process; run the comparison in several processes with the multiproc package

build from empty to 12775 elements, per whole build (45983 operations):
  A: 1.047e+07 ns per operation (median)
  B: 1.065e+07 ns per operation (median)
  A needs 1.93% less time than B: B takes 1.02 times as long as A.
  With 95% confidence the difference lies between 1.14% and 3% less time (B takes between 1.01 and 1.03 times as long as A).
  Noise floor: 1.54%. Identical code measured against itself on this setup can look that different, so smaller differences mean nothing.
  Neighbouring measurements are nearly independent (autocorrelation +0.12), so they were resampled one by one.
  
  Verdict: RESOLVED. A is faster than B: the difference is real, as its interval excludes zero and it exceeds the noise floor.
  
  Warnings:
    - the program holds 115 MB of live data, more than the caches of many machines; for data that size, where it lies in memory can shift the result by several points in ways the interval does not cover, and differently in the next process; run the comparison in several processes with the multiproc package
    - in 50% of A/A runs this setup reported a difference between identical code, well above the 10% expected; treat any confidence from it with suspicion

== dirs multi n=4096 churn and build: ordered vs ordered-lpage-mv
steady state, per insertion or deletion in a structure of 12775 elements (cycle of 33454 operations, first pass untimed):
  A: 216.4 ns per operation (median)
  B: 392.1 ns per operation (median)
  A needs 45.1% less time than B: B takes 1.82 times as long as A.
  With 95% confidence the difference lies between 43.8% and 46.3% less time (B takes between 1.78 and 1.86 times as long as A).
  Noise floor: 0.496%. Identical code measured against itself on this setup can look that different, so smaller differences mean nothing.
  Neighbouring measurements are nearly independent (autocorrelation -0.36), so they were resampled one by one.
  
  Verdict: RESOLVED. A is faster than B: the difference is real, as its interval excludes zero and it exceeds the noise floor.
  
  Warnings:
    - the program holds 115 MB of live data, more than the caches of many machines; for data that size, where it lies in memory can shift the result by several points in ways the interval does not cover, and differently in the next process; run the comparison in several processes with the multiproc package

build from empty to 12775 elements, per whole build (45983 operations):
  A: 1.039e+07 ns per operation (median)
  B: 2.141e+07 ns per operation (median)
  A needs 51.3% less time than B: B takes 2.05 times as long as A.
  With 95% confidence the difference lies between 50.6% and 51.9% less time (B takes between 2.02 and 2.08 times as long as A).
  Noise floor: 0.452%. Identical code measured against itself on this setup can look that different, so smaller differences mean nothing.
  Neighbouring measurements are nearly independent (autocorrelation +0.06), so they were resampled one by one.
  
  Verdict: RESOLVED. A is faster than B: the difference is real, as its interval excludes zero and it exceeds the noise floor.
  
  Warnings:
    - the program holds 115 MB of live data, more than the caches of many machines; for data that size, where it lies in memory can shift the result by several points in ways the interval does not cover, and differently in the next process; run the comparison in several processes with the multiproc package

== dirs multi n=4096 churn and build: ordered vs ordered-lpage-mvzc
steady state, per insertion or deletion in a structure of 12775 elements (cycle of 33454 operations, first pass untimed):
  A: 218.9 ns per operation (median)
  B: 472.1 ns per operation (median)
  A needs 53.5% less time than B: B takes 2.15 times as long as A.
  With 95% confidence the difference lies between 52.5% and 54.2% less time (B takes between 2.11 and 2.18 times as long as A).
  Noise floor: 1%. Identical code measured against itself on this setup can look that different, so smaller differences mean nothing.
  Neighbouring measurements are correlated (autocorrelation +0.21), so they were resampled in blocks of 3.
  
  Verdict: RESOLVED. A is faster than B: the difference is real, as its interval excludes zero and it exceeds the noise floor.
  
  Warnings:
    - the program holds 118 MB of live data, more than the caches of many machines; for data that size, where it lies in memory can shift the result by several points in ways the interval does not cover, and differently in the next process; run the comparison in several processes with the multiproc package

build from empty to 12775 elements, per whole build (45983 operations):
  A: 1.041e+07 ns per operation (median)
  B: 2.452e+07 ns per operation (median)
  A needs 57.3% less time than B: B takes 2.34 times as long as A.
  With 95% confidence the difference lies between 57% and 58% less time (B takes between 2.33 and 2.38 times as long as A).
  Noise floor: 1.15%. Identical code measured against itself on this setup can look that different, so smaller differences mean nothing.
  Neighbouring measurements are nearly independent (autocorrelation -0.19), so they were resampled one by one.
  
  Verdict: RESOLVED. A is faster than B: the difference is real, as its interval excludes zero and it exceeds the noise floor.
  
  Warnings:
    - the program holds 115 MB of live data, more than the caches of many machines; for data that size, where it lies in memory can shift the result by several points in ways the interval does not cover, and differently in the next process; run the comparison in several processes with the multiproc package

checksum 15144468304501429657
== dirs multi n=4096 valuesFor: ordered vs btree-sets
A: 129.2 ns per operation (median)
B: 208 ns per operation (median)
A needs 38.4% less time than B: B takes 1.62 times as long as A.
With 95% confidence the difference lies between 35.7% and 38.9% less time (B takes between 1.56 and 1.64 times as long as A).
Noise floor: 2.74%. Identical code measured against itself on this setup can look that different, so smaller differences mean nothing.
Neighbouring measurements are nearly independent (autocorrelation -0.42), so they were resampled one by one.

Verdict: RESOLVED. A is faster than B: the difference is real, as its interval excludes zero and it exceeds the noise floor.

Warnings:
  - the program holds 114 MB of live data, more than the caches of many machines; for data that size, where it lies in memory can shift the result by several points in ways the interval does not cover, and differently in the next process; run the comparison in several processes with the multiproc package

== dirs multi n=4096 valuesFor: ordered vs ordered-lpage
A: 128.8 ns per operation (median)
B: 128.2 ns per operation (median)
A needs 0.862% more time than B: B takes only 0.99 times as long as A.
With 95% confidence the difference lies between 0.181% and 1.67% more time (B takes between 0.984 and 1.00 times as long as A).
Noise floor: 0.533%. Identical code measured against itself on this setup can look that different, so smaller differences mean nothing.
Neighbouring measurements are correlated (autocorrelation +0.38), so they were resampled in blocks of 3.

Verdict: RESOLVED. A is slower than B: the difference is real, as its interval excludes zero and it exceeds the noise floor.

Warnings:
  - the program holds 114 MB of live data, more than the caches of many machines; for data that size, where it lies in memory can shift the result by several points in ways the interval does not cover, and differently in the next process; run the comparison in several processes with the multiproc package

== dirs multi n=4096 valuesFor: ordered vs ordered-lpage-mv
A: 130.7 ns per operation (median)
B: 227.7 ns per operation (median)
A needs 43.6% less time than B: B takes 1.77 times as long as A.
With 95% confidence the difference lies between 41.5% and 44% less time (B takes between 1.71 and 1.79 times as long as A).
Noise floor: 0.962%. Identical code measured against itself on this setup can look that different, so smaller differences mean nothing.
Neighbouring measurements are nearly independent (autocorrelation -0.42), so they were resampled one by one.

Verdict: RESOLVED. A is faster than B: the difference is real, as its interval excludes zero and it exceeds the noise floor.

Warnings:
  - the program holds 115 MB of live data, more than the caches of many machines; for data that size, where it lies in memory can shift the result by several points in ways the interval does not cover, and differently in the next process; run the comparison in several processes with the multiproc package
  - candidate B drifted during the run: its measurements were 1.65% higher in the second half than in the first, so the machine did not hold still

== dirs multi n=4096 valuesFor: ordered vs ordered-lpage-mvzc
A: 129.9 ns per operation (median)
B: 202.4 ns per operation (median)
A needs 35.4% less time than B: B takes 1.55 times as long as A.
With 95% confidence the difference lies between 34.5% and 37% less time (B takes between 1.53 and 1.59 times as long as A).
Noise floor: 1.83%. Identical code measured against itself on this setup can look that different, so smaller differences mean nothing.
Neighbouring measurements are nearly independent (autocorrelation -0.48), so they were resampled one by one.

Verdict: RESOLVED. A is faster than B: the difference is real, as its interval excludes zero and it exceeds the noise floor.

Warnings:
  - the program holds 115 MB of live data, more than the caches of many machines; for data that size, where it lies in memory can shift the result by several points in ways the interval does not cover, and differently in the next process; run the comparison in several processes with the multiproc package

== dirs multi n=4096 valuesBetween: ordered vs btree-sets
A: 4039 ns per operation (median)
B: 1.251e+04 ns per operation (median)
A needs 68.2% less time than B: B takes 3.15 times as long as A.
With 95% confidence the difference lies between 67.1% and 68.8% less time (B takes between 3.04 and 3.20 times as long as A).
Noise floor: 1.12%. Identical code measured against itself on this setup can look that different, so smaller differences mean nothing.
Neighbouring measurements are nearly independent (autocorrelation -0.13), so they were resampled one by one.

Verdict: RESOLVED. A is faster than B: the difference is real, as its interval excludes zero and it exceeds the noise floor.

Warnings:
  - the program holds 115 MB of live data, more than the caches of many machines; for data that size, where it lies in memory can shift the result by several points in ways the interval does not cover, and differently in the next process; run the comparison in several processes with the multiproc package

== dirs multi n=4096 valuesBetween: ordered vs ordered-lpage
A: 3914 ns per operation (median)
B: 3912 ns per operation (median)
A needs 0.216% more time than B: B takes only 1.00 times as long as A.
With 95% confidence the difference lies between 3.01% more time and 3.37% less time (B takes between 0.971 and 1.03 times as long as A).
Noise floor: 1.72%. Identical code measured against itself on this setup can look that different, so smaller differences mean nothing.
Neighbouring measurements are nearly independent (autocorrelation -0.55), so they were resampled one by one.

Verdict: NOT RESOLVED. This run did not establish which candidate is faster. That is not the same as "equally fast": the warnings below say what is missing.

Warnings:
  - the difference of -0.22% does not clear the 1.72% noise floor, which is what this setup reports between two runs of identical code
  - the interval [-3.01%, 3.37%] includes zero, so a difference in either direction is consistent with these measurements
  - the program holds 115 MB of live data, more than the caches of many machines; for data that size, where it lies in memory can shift the result by several points in ways the interval does not cover, and differently in the next process; run the comparison in several processes with the multiproc package

== dirs multi n=4096 valuesBetween: ordered vs ordered-lpage-mv
A: 3940 ns per operation (median)
B: 4018 ns per operation (median)
A needs 1.51% less time than B: B takes 1.02 times as long as A.
With 95% confidence the difference lies between 0.612% and 3.67% less time (B takes between 1.01 and 1.04 times as long as A).
Noise floor: 1.46%. Identical code measured against itself on this setup can look that different, so smaller differences mean nothing.
Neighbouring measurements are nearly independent (autocorrelation -0.28), so they were resampled one by one.

Verdict: RESOLVED. A is faster than B: the difference is real, as its interval excludes zero and it exceeds the noise floor.

Warnings:
  - the program holds 115 MB of live data, more than the caches of many machines; for data that size, where it lies in memory can shift the result by several points in ways the interval does not cover, and differently in the next process; run the comparison in several processes with the multiproc package
  - candidate B drifted during the run: its measurements were 6.77% higher in the second half than in the first, so the machine did not hold still

== dirs multi n=4096 valuesBetween: ordered vs ordered-lpage-mvzc
A: 3864 ns per operation (median)
B: 3033 ns per operation (median)
A needs 27.8% more time than B: B takes only 0.78 times as long as A.
With 95% confidence the difference lies between 24.9% and 31.6% more time (B takes between 0.76 and 0.80 times as long as A).
Noise floor: 1.89%. Identical code measured against itself on this setup can look that different, so smaller differences mean nothing.
Neighbouring measurements are nearly independent (autocorrelation -0.11), so they were resampled one by one.

Verdict: RESOLVED. A is slower than B: the difference is real, as its interval excludes zero and it exceeds the noise floor.

Warnings:
  - the program holds 115 MB of live data, more than the caches of many machines; for data that size, where it lies in memory can shift the result by several points in ways the interval does not cover, and differently in the next process; run the comparison in several processes with the multiproc package

== dirs multi n=4096 prefix: ordered vs btree-sets
A: 4384 ns per operation (median)
B: 1.718e+04 ns per operation (median)
A needs 74% less time than B: B takes 3.84 times as long as A.
With 95% confidence the difference lies between 71.1% and 75.5% less time (B takes between 3.46 and 4.09 times as long as A).
Noise floor: 7.29%. Identical code measured against itself on this setup can look that different, so smaller differences mean nothing.
Neighbouring measurements are nearly independent (autocorrelation -0.09), so they were resampled one by one.

Verdict: RESOLVED. A is faster than B: the difference is real, as its interval excludes zero and it exceeds the noise floor.

Warnings:
  - the program holds 115 MB of live data, more than the caches of many machines; for data that size, where it lies in memory can shift the result by several points in ways the interval does not cover, and differently in the next process; run the comparison in several processes with the multiproc package

== dirs multi n=4096 prefix: ordered vs ordered-lpage
A: 4323 ns per operation (median)
B: 4275 ns per operation (median)
A needs 2.1% less time than B: B takes 1.02 times as long as A.
With 95% confidence the difference lies between 2.83% more time and 5.57% less time (B takes between 0.972 and 1.06 times as long as A).
Noise floor: 6.63%. Identical code measured against itself on this setup can look that different, so smaller differences mean nothing.
Neighbouring measurements are nearly independent (autocorrelation -0.23), so they were resampled one by one.

Verdict: NOT RESOLVED. This run did not establish which candidate is faster. That is not the same as "equally fast": the warnings below say what is missing.

Warnings:
  - the difference of 2.10% does not clear the 6.63% noise floor, which is what this setup reports between two runs of identical code
  - the interval [-2.83%, 5.57%] includes zero, so a difference in either direction is consistent with these measurements
  - the program holds 115 MB of live data, more than the caches of many machines; for data that size, where it lies in memory can shift the result by several points in ways the interval does not cover, and differently in the next process; run the comparison in several processes with the multiproc package

== dirs multi n=4096 prefix: ordered vs ordered-lpage-mv
A: 4409 ns per operation (median)
B: 4856 ns per operation (median)
A needs 9.53% less time than B: B takes 1.11 times as long as A.
With 95% confidence the difference lies between 3.28% and 12% less time (B takes between 1.03 and 1.14 times as long as A).
Noise floor: 4.61%. Identical code measured against itself on this setup can look that different, so smaller differences mean nothing.
Neighbouring measurements are nearly independent (autocorrelation -0.19), so they were resampled one by one.

Verdict: RESOLVED. A is faster than B: the difference is real, as its interval excludes zero and it exceeds the noise floor.

Warnings:
  - the program holds 115 MB of live data, more than the caches of many machines; for data that size, where it lies in memory can shift the result by several points in ways the interval does not cover, and differently in the next process; run the comparison in several processes with the multiproc package
  - in 50% of A/A runs this setup reported a difference between identical code, well above the 10% expected; treat any confidence from it with suspicion

== dirs multi n=4096 prefix: ordered vs ordered-lpage-mvzc
A: 4490 ns per operation (median)
B: 3515 ns per operation (median)
A needs 22.2% more time than B: B takes only 0.82 times as long as A.
With 95% confidence the difference lies between 10.9% and 39.4% more time (B takes between 0.717 and 0.90 times as long as A).
Noise floor: 5.84%. Identical code measured against itself on this setup can look that different, so smaller differences mean nothing.
Neighbouring measurements are nearly independent (autocorrelation -0.05), so they were resampled one by one.

Verdict: RESOLVED. A is slower than B: the difference is real, as its interval excludes zero and it exceeds the noise floor.

Warnings:
  - the program holds 115 MB of live data, more than the caches of many machines; for data that size, where it lies in memory can shift the result by several points in ways the interval does not cover, and differently in the next process; run the comparison in several processes with the multiproc package

== dirs multi n=4096 churn and build: ordered vs btree-sets
steady state, per insertion or deletion in a structure of 12775 elements (cycle of 33454 operations, first pass untimed):
  A: 226.1 ns per operation (median)
  B: 297.1 ns per operation (median)
  A needs 23.2% less time than B: B takes 1.30 times as long as A.
  With 95% confidence the difference lies between 21.1% and 25.2% less time (B takes between 1.27 and 1.34 times as long as A).
  Noise floor: 2.47%. Identical code measured against itself on this setup can look that different, so smaller differences mean nothing.
  Neighbouring measurements are nearly independent (autocorrelation -0.37), so they were resampled one by one.
  
  Verdict: RESOLVED. A is faster than B: the difference is real, as its interval excludes zero and it exceeds the noise floor.
  
  Warnings:
    - the program holds 118 MB of live data, more than the caches of many machines; for data that size, where it lies in memory can shift the result by several points in ways the interval does not cover, and differently in the next process; run the comparison in several processes with the multiproc package
    - candidate A drifted during the run: its measurements were 5.42% lower in the second half than in the first, so the machine did not hold still
    - candidate B drifted during the run: its measurements were 5.82% lower in the second half than in the first, so the machine did not hold still

build from empty to 12775 elements, per whole build (45983 operations):
  A: 1.05e+07 ns per operation (median)
  B: 1.41e+07 ns per operation (median)
  A needs 26% less time than B: B takes 1.35 times as long as A.
  With 95% confidence the difference lies between 25.3% and 26.8% less time (B takes between 1.34 and 1.37 times as long as A).
  Noise floor: 0.918%. Identical code measured against itself on this setup can look that different, so smaller differences mean nothing.
  Neighbouring measurements are nearly independent (autocorrelation +0.04), so they were resampled one by one.
  
  Verdict: RESOLVED. A is faster than B: the difference is real, as its interval excludes zero and it exceeds the noise floor.
  
  Warnings:
    - the program holds 115 MB of live data, more than the caches of many machines; for data that size, where it lies in memory can shift the result by several points in ways the interval does not cover, and differently in the next process; run the comparison in several processes with the multiproc package

== dirs multi n=4096 churn and build: ordered vs ordered-lpage
steady state, per insertion or deletion in a structure of 12775 elements (cycle of 33454 operations, first pass untimed):
  A: 212.4 ns per operation (median)
  B: 213.7 ns per operation (median)
  A needs 0.373% less time than B: B takes 1.00 times as long as A.
  With 95% confidence the difference lies between 0.233% more time and 1.46% less time (B takes between 0.998 and 1.01 times as long as A).
  Noise floor: 0.524%. Identical code measured against itself on this setup can look that different, so smaller differences mean nothing.
  Neighbouring measurements are nearly independent (autocorrelation -0.15), so they were resampled one by one.
  
  Verdict: NOT RESOLVED. This run did not establish which candidate is faster. That is not the same as "equally fast": the warnings below say what is missing.
  
  Warnings:
    - the difference of 0.37% does not clear the 0.52% noise floor, which is what this setup reports between two runs of identical code
    - the interval [-0.23%, 1.46%] includes zero, so a difference in either direction is consistent with these measurements
    - the program holds 115 MB of live data, more than the caches of many machines; for data that size, where it lies in memory can shift the result by several points in ways the interval does not cover, and differently in the next process; run the comparison in several processes with the multiproc package

build from empty to 12775 elements, per whole build (45983 operations):
  A: 1.044e+07 ns per operation (median)
  B: 1.075e+07 ns per operation (median)
  A needs 3.77% less time than B: B takes 1.04 times as long as A.
  With 95% confidence the difference lies between 2.13% and 5.11% less time (B takes between 1.02 and 1.05 times as long as A).
  Noise floor: 1.17%. Identical code measured against itself on this setup can look that different, so smaller differences mean nothing.
  Neighbouring measurements are nearly independent (autocorrelation -0.02), so they were resampled one by one.
  
  Verdict: RESOLVED. A is faster than B: the difference is real, as its interval excludes zero and it exceeds the noise floor.
  
  Warnings:
    - the program holds 115 MB of live data, more than the caches of many machines; for data that size, where it lies in memory can shift the result by several points in ways the interval does not cover, and differently in the next process; run the comparison in several processes with the multiproc package

== dirs multi n=4096 churn and build: ordered vs ordered-lpage-mv
steady state, per insertion or deletion in a structure of 12775 elements (cycle of 33454 operations, first pass untimed):
  A: 215.6 ns per operation (median)
  B: 395.5 ns per operation (median)
  A needs 44.9% less time than B: B takes 1.81 times as long as A.
  With 95% confidence the difference lies between 44.6% and 46.2% less time (B takes between 1.8 and 1.86 times as long as A).
  Noise floor: 0.746%. Identical code measured against itself on this setup can look that different, so smaller differences mean nothing.
  Neighbouring measurements are nearly independent (autocorrelation -0.32), so they were resampled one by one.
  
  Verdict: RESOLVED. A is faster than B: the difference is real, as its interval excludes zero and it exceeds the noise floor.
  
  Warnings:
    - the program holds 115 MB of live data, more than the caches of many machines; for data that size, where it lies in memory can shift the result by several points in ways the interval does not cover, and differently in the next process; run the comparison in several processes with the multiproc package

build from empty to 12775 elements, per whole build (45983 operations):
  A: 1.051e+07 ns per operation (median)
  B: 2.12e+07 ns per operation (median)
  A needs 50.1% less time than B: B takes 2.01 times as long as A.
  With 95% confidence the difference lies between 49.8% and 51% less time (B takes between 1.99 and 2.04 times as long as A).
  Noise floor: 0.994%. Identical code measured against itself on this setup can look that different, so smaller differences mean nothing.
  Neighbouring measurements are nearly independent (autocorrelation +0.06), so they were resampled one by one.
  
  Verdict: RESOLVED. A is faster than B: the difference is real, as its interval excludes zero and it exceeds the noise floor.
  
  Warnings:
    - the program holds 115 MB of live data, more than the caches of many machines; for data that size, where it lies in memory can shift the result by several points in ways the interval does not cover, and differently in the next process; run the comparison in several processes with the multiproc package

== dirs multi n=4096 churn and build: ordered vs ordered-lpage-mvzc
steady state, per insertion or deletion in a structure of 12775 elements (cycle of 33454 operations, first pass untimed):
  A: 216.1 ns per operation (median)
  B: 469.2 ns per operation (median)
  A needs 53.6% less time than B: B takes 2.16 times as long as A.
  With 95% confidence the difference lies between 53.3% and 54.5% less time (B takes between 2.14 and 2.20 times as long as A).
  Noise floor: 1.34%. Identical code measured against itself on this setup can look that different, so smaller differences mean nothing.
  Neighbouring measurements are correlated (autocorrelation +0.58), so they were resampled in blocks of 3.
  
  Verdict: RESOLVED. A is faster than B: the difference is real, as its interval excludes zero and it exceeds the noise floor.
  
  Warnings:
    - the program holds 118 MB of live data, more than the caches of many machines; for data that size, where it lies in memory can shift the result by several points in ways the interval does not cover, and differently in the next process; run the comparison in several processes with the multiproc package

build from empty to 12775 elements, per whole build (45983 operations):
  A: 1.039e+07 ns per operation (median)
  B: 2.451e+07 ns per operation (median)
  A needs 57.8% less time than B: B takes 2.37 times as long as A.
  With 95% confidence the difference lies between 56.9% and 58.2% less time (B takes between 2.32 and 2.39 times as long as A).
  Noise floor: 0.895%. Identical code measured against itself on this setup can look that different, so smaller differences mean nothing.
  Neighbouring measurements are nearly independent (autocorrelation +0.02), so they were resampled one by one.
  
  Verdict: RESOLVED. A is faster than B: the difference is real, as its interval excludes zero and it exceeds the noise floor.
  
  Warnings:
    - the program holds 115 MB of live data, more than the caches of many machines; for data that size, where it lies in memory can shift the result by several points in ways the interval does not cover, and differently in the next process; run the comparison in several processes with the multiproc package
    - candidate A drifted during the run: its measurements were 2.39% higher in the second half than in the first, so the machine did not hold still
    - candidate B drifted during the run: its measurements were 1.76% lower in the second half than in the first, so the machine did not hold still
    - the ratio B/A was 3.94% lower in the second half of the run than in the first, so the candidates had not reached a steady state and the difference depends on how long the run was; a common cause is a head start for whichever candidate ran alone last before the comparison or had its data built last, which a longer CollectOptions.WarmupDuration removes

checksum 4812573207696062501
== dirs multi n=4096 valuesFor: ordered vs btree-sets
A: 130.6 ns per operation (median)
B: 213.6 ns per operation (median)
A needs 38.5% less time than B: B takes 1.63 times as long as A.
With 95% confidence the difference lies between 36.8% and 40.6% less time (B takes between 1.58 and 1.68 times as long as A).
Noise floor: 2.9%. Identical code measured against itself on this setup can look that different, so smaller differences mean nothing.
Neighbouring measurements are nearly independent (autocorrelation -0.59), so they were resampled one by one.

Verdict: RESOLVED. A is faster than B: the difference is real, as its interval excludes zero and it exceeds the noise floor.

Warnings:
  - the program holds 105 MB of live data, more than the caches of many machines; for data that size, where it lies in memory can shift the result by several points in ways the interval does not cover, and differently in the next process; run the comparison in several processes with the multiproc package

== dirs multi n=4096 valuesFor: ordered vs ordered-lpage
A: 127.6 ns per operation (median)
B: 127.5 ns per operation (median)
A needs 0.453% more time than B: B takes only 1.00 times as long as A.
With 95% confidence the difference lies between 1.79% more time and 0.894% less time (B takes between 0.982 and 1.01 times as long as A).
Noise floor: 0.494%. Identical code measured against itself on this setup can look that different, so smaller differences mean nothing.
Neighbouring measurements are nearly independent (autocorrelation -0.38), so they were resampled one by one.

Verdict: NOT RESOLVED. This run did not establish which candidate is faster. That is not the same as "equally fast": the warnings below say what is missing.

Warnings:
  - the difference of -0.45% does not clear the 0.49% noise floor, which is what this setup reports between two runs of identical code
  - the interval [-1.79%, 0.89%] includes zero, so a difference in either direction is consistent with these measurements
  - the program holds 105 MB of live data, more than the caches of many machines; for data that size, where it lies in memory can shift the result by several points in ways the interval does not cover, and differently in the next process; run the comparison in several processes with the multiproc package

== dirs multi n=4096 valuesFor: ordered vs ordered-lpage-mv
A: 129.5 ns per operation (median)
B: 224.6 ns per operation (median)
A needs 42% less time than B: B takes 1.72 times as long as A.
With 95% confidence the difference lies between 41.4% and 43.2% less time (B takes between 1.71 and 1.76 times as long as A).
Noise floor: 1.09%. Identical code measured against itself on this setup can look that different, so smaller differences mean nothing.
Neighbouring measurements are nearly independent (autocorrelation +0.06), so they were resampled one by one.

Verdict: RESOLVED. A is faster than B: the difference is real, as its interval excludes zero and it exceeds the noise floor.

Warnings:
  - the program holds 116 MB of live data, more than the caches of many machines; for data that size, where it lies in memory can shift the result by several points in ways the interval does not cover, and differently in the next process; run the comparison in several processes with the multiproc package

== dirs multi n=4096 valuesFor: ordered vs ordered-lpage-mvzc
A: 129.6 ns per operation (median)
B: 204.1 ns per operation (median)
A needs 36.4% less time than B: B takes 1.57 times as long as A.
With 95% confidence the difference lies between 35% and 37.4% less time (B takes between 1.54 and 1.60 times as long as A).
Noise floor: 0.262%. Identical code measured against itself on this setup can look that different, so smaller differences mean nothing.
Neighbouring measurements are nearly independent (autocorrelation -0.04), so they were resampled one by one.

Verdict: RESOLVED. A is faster than B: the difference is real, as its interval excludes zero and it exceeds the noise floor.

Warnings:
  - the program holds 116 MB of live data, more than the caches of many machines; for data that size, where it lies in memory can shift the result by several points in ways the interval does not cover, and differently in the next process; run the comparison in several processes with the multiproc package

== dirs multi n=4096 valuesBetween: ordered vs btree-sets
A: 3927 ns per operation (median)
B: 1.219e+04 ns per operation (median)
A needs 68.3% less time than B: B takes 3.15 times as long as A.
With 95% confidence the difference lies between 67.4% and 68.7% less time (B takes between 3.07 and 3.19 times as long as A).
Noise floor: 1.61%. Identical code measured against itself on this setup can look that different, so smaller differences mean nothing.
Neighbouring measurements are nearly independent (autocorrelation -0.03), so they were resampled one by one.

Verdict: RESOLVED. A is faster than B: the difference is real, as its interval excludes zero and it exceeds the noise floor.

Warnings:
  - the program holds 116 MB of live data, more than the caches of many machines; for data that size, where it lies in memory can shift the result by several points in ways the interval does not cover, and differently in the next process; run the comparison in several processes with the multiproc package

== dirs multi n=4096 valuesBetween: ordered vs ordered-lpage
A: 3899 ns per operation (median)
B: 3896 ns per operation (median)
A needs 0.644% more time than B: B takes only 0.99 times as long as A.
With 95% confidence the difference lies between 4.36% more time and 4.06% less time (B takes between 0.958 and 1.04 times as long as A).
Noise floor: 2.56%. Identical code measured against itself on this setup can look that different, so smaller differences mean nothing.
Neighbouring measurements are nearly independent (autocorrelation -0.32), so they were resampled one by one.

Verdict: NOT RESOLVED. This run did not establish which candidate is faster. That is not the same as "equally fast": the warnings below say what is missing.

Warnings:
  - the difference of -0.64% does not clear the 2.56% noise floor, which is what this setup reports between two runs of identical code
  - the interval [-4.36%, 4.06%] includes zero, so a difference in either direction is consistent with these measurements
  - the program holds 116 MB of live data, more than the caches of many machines; for data that size, where it lies in memory can shift the result by several points in ways the interval does not cover, and differently in the next process; run the comparison in several processes with the multiproc package

== dirs multi n=4096 valuesBetween: ordered vs ordered-lpage-mv
A: 3922 ns per operation (median)
B: 4016 ns per operation (median)
A needs 2.76% less time than B: B takes 1.03 times as long as A.
With 95% confidence the difference lies between 1.02% and 4.99% less time (B takes between 1.01 and 1.05 times as long as A).
Noise floor: 1.59%. Identical code measured against itself on this setup can look that different, so smaller differences mean nothing.
Neighbouring measurements are nearly independent (autocorrelation +0.13), so they were resampled one by one.

Verdict: RESOLVED. A is faster than B: the difference is real, as its interval excludes zero and it exceeds the noise floor.

Warnings:
  - the program holds 115 MB of live data, more than the caches of many machines; for data that size, where it lies in memory can shift the result by several points in ways the interval does not cover, and differently in the next process; run the comparison in several processes with the multiproc package

== dirs multi n=4096 valuesBetween: ordered vs ordered-lpage-mvzc
A: 3883 ns per operation (median)
B: 3005 ns per operation (median)
A needs 28.4% more time than B: B takes only 0.78 times as long as A.
With 95% confidence the difference lies between 25.1% and 32.6% more time (B takes between 0.754 and 0.80 times as long as A).
Noise floor: 1.23%. Identical code measured against itself on this setup can look that different, so smaller differences mean nothing.
Neighbouring measurements are nearly independent (autocorrelation -0.54), so they were resampled one by one.

Verdict: RESOLVED. A is slower than B: the difference is real, as its interval excludes zero and it exceeds the noise floor.

Warnings:
  - the program holds 115 MB of live data, more than the caches of many machines; for data that size, where it lies in memory can shift the result by several points in ways the interval does not cover, and differently in the next process; run the comparison in several processes with the multiproc package

== dirs multi n=4096 prefix: ordered vs btree-sets
A: 4324 ns per operation (median)
B: 1.678e+04 ns per operation (median)
A needs 72.9% less time than B: B takes 3.69 times as long as A.
With 95% confidence the difference lies between 70.9% and 74.6% less time (B takes between 3.44 and 3.94 times as long as A).
Noise floor: 4.15%. Identical code measured against itself on this setup can look that different, so smaller differences mean nothing.
Neighbouring measurements are nearly independent (autocorrelation -0.18), so they were resampled one by one.

Verdict: RESOLVED. A is faster than B: the difference is real, as its interval excludes zero and it exceeds the noise floor.

Warnings:
  - the program holds 115 MB of live data, more than the caches of many machines; for data that size, where it lies in memory can shift the result by several points in ways the interval does not cover, and differently in the next process; run the comparison in several processes with the multiproc package

== dirs multi n=4096 prefix: ordered vs ordered-lpage
A: 4272 ns per operation (median)
B: 4320 ns per operation (median)
A needs 2.74% less time than B: B takes 1.03 times as long as A.
With 95% confidence the difference lies between 3.19% more time and 8.71% less time (B takes between 0.969 and 1.10 times as long as A).
Noise floor: 5.46%. Identical code measured against itself on this setup can look that different, so smaller differences mean nothing.
Neighbouring measurements are nearly independent (autocorrelation -0.16), so they were resampled one by one.

Verdict: NOT RESOLVED. This run did not establish which candidate is faster. That is not the same as "equally fast": the warnings below say what is missing.

Warnings:
  - the difference of 2.74% does not clear the 5.46% noise floor, which is what this setup reports between two runs of identical code
  - the interval [-3.19%, 8.71%] includes zero, so a difference in either direction is consistent with these measurements
  - the program holds 115 MB of live data, more than the caches of many machines; for data that size, where it lies in memory can shift the result by several points in ways the interval does not cover, and differently in the next process; run the comparison in several processes with the multiproc package

== dirs multi n=4096 prefix: ordered vs ordered-lpage-mv
A: 4414 ns per operation (median)
B: 4928 ns per operation (median)
A needs 10.3% less time than B: B takes 1.12 times as long as A.
With 95% confidence the difference lies between 3.36% and 14.3% less time (B takes between 1.03 and 1.17 times as long as A).
Noise floor: 5.67%. Identical code measured against itself on this setup can look that different, so smaller differences mean nothing.
Neighbouring measurements are nearly independent (autocorrelation -0.03), so they were resampled one by one.

Verdict: RESOLVED. A is faster than B: the difference is real, as its interval excludes zero and it exceeds the noise floor.

Warnings:
  - the program holds 116 MB of live data, more than the caches of many machines; for data that size, where it lies in memory can shift the result by several points in ways the interval does not cover, and differently in the next process; run the comparison in several processes with the multiproc package

== dirs multi n=4096 prefix: ordered vs ordered-lpage-mvzc
A: 4398 ns per operation (median)
B: 3650 ns per operation (median)
A needs 28.2% more time than B: B takes only 0.78 times as long as A.
With 95% confidence the difference lies between 12.8% and 40.2% more time (B takes between 0.713 and 0.89 times as long as A).
Noise floor: 9.46%. Identical code measured against itself on this setup can look that different, so smaller differences mean nothing.
Neighbouring measurements are nearly independent (autocorrelation -0.11), so they were resampled one by one.

Verdict: RESOLVED. A is slower than B: the difference is real, as its interval excludes zero and it exceeds the noise floor.

Warnings:
  - the program holds 116 MB of live data, more than the caches of many machines; for data that size, where it lies in memory can shift the result by several points in ways the interval does not cover, and differently in the next process; run the comparison in several processes with the multiproc package
  - in 50% of A/A runs this setup reported a difference between identical code, well above the 10% expected; treat any confidence from it with suspicion

== dirs multi n=4096 churn and build: ordered vs btree-sets
steady state, per insertion or deletion in a structure of 12775 elements (cycle of 33454 operations, first pass untimed):
  A: 217.8 ns per operation (median)
  B: 287.4 ns per operation (median)
  A needs 24.5% less time than B: B takes 1.33 times as long as A.
  With 95% confidence the difference lies between 22.7% and 26.5% less time (B takes between 1.29 and 1.36 times as long as A).
  Noise floor: 0.986%. Identical code measured against itself on this setup can look that different, so smaller differences mean nothing.
  Neighbouring measurements are nearly independent (autocorrelation -0.41), so they were resampled one by one.
  
  Verdict: RESOLVED. A is faster than B: the difference is real, as its interval excludes zero and it exceeds the noise floor.
  
  Warnings:
    - the program holds 119 MB of live data, more than the caches of many machines; for data that size, where it lies in memory can shift the result by several points in ways the interval does not cover, and differently in the next process; run the comparison in several processes with the multiproc package
    - candidate A drifted during the run: its measurements were 2.31% lower in the second half than in the first, so the machine did not hold still

build from empty to 12775 elements, per whole build (45983 operations):
  A: 1.049e+07 ns per operation (median)
  B: 1.423e+07 ns per operation (median)
  A needs 26.2% less time than B: B takes 1.35 times as long as A.
  With 95% confidence the difference lies between 25.6% and 26.9% less time (B takes between 1.34 and 1.37 times as long as A).
  Noise floor: 0.951%. Identical code measured against itself on this setup can look that different, so smaller differences mean nothing.
  Neighbouring measurements are nearly independent (autocorrelation -0.04), so they were resampled one by one.
  
  Verdict: RESOLVED. A is faster than B: the difference is real, as its interval excludes zero and it exceeds the noise floor.
  
  Warnings:
    - the program holds 115 MB of live data, more than the caches of many machines; for data that size, where it lies in memory can shift the result by several points in ways the interval does not cover, and differently in the next process; run the comparison in several processes with the multiproc package

== dirs multi n=4096 churn and build: ordered vs ordered-lpage
steady state, per insertion or deletion in a structure of 12775 elements (cycle of 33454 operations, first pass untimed):
  A: 213.3 ns per operation (median)
  B: 213.5 ns per operation (median)
  A needs 0.0153% less time than B: B takes 1.00 times as long as A.
  With 95% confidence the difference lies between 0.797% more time and 1.29% less time (B takes between 0.992 and 1.01 times as long as A).
  Noise floor: 0.891%. Identical code measured against itself on this setup can look that different, so smaller differences mean nothing.
  Neighbouring measurements are nearly independent (autocorrelation -0.11), so they were resampled one by one.
  
  Verdict: NOT RESOLVED. This run did not establish which candidate is faster. That is not the same as "equally fast": the warnings below say what is missing.
  
  Warnings:
    - the difference of 0.02% does not clear the 0.89% noise floor, which is what this setup reports between two runs of identical code
    - the interval [-0.80%, 1.29%] includes zero, so a difference in either direction is consistent with these measurements
    - the program holds 115 MB of live data, more than the caches of many machines; for data that size, where it lies in memory can shift the result by several points in ways the interval does not cover, and differently in the next process; run the comparison in several processes with the multiproc package
    - in 50% of A/A runs this setup reported a difference between identical code, well above the 10% expected; treat any confidence from it with suspicion

build from empty to 12775 elements, per whole build (45983 operations):
  A: 1.06e+07 ns per operation (median)
  B: 1.08e+07 ns per operation (median)
  A needs 1.43% less time than B: B takes 1.01 times as long as A.
  With 95% confidence the difference lies between 0.543% and 2.15% less time (B takes between 1.01 and 1.02 times as long as A).
  Noise floor: 1.13%. Identical code measured against itself on this setup can look that different, so smaller differences mean nothing.
  Neighbouring measurements are nearly independent (autocorrelation +0.15), so they were resampled one by one.
  
  Verdict: RESOLVED. A is faster than B: the difference is real, as its interval excludes zero and it exceeds the noise floor.
  
  Warnings:
    - the program holds 115 MB of live data, more than the caches of many machines; for data that size, where it lies in memory can shift the result by several points in ways the interval does not cover, and differently in the next process; run the comparison in several processes with the multiproc package
    - in 50% of A/A runs this setup reported a difference between identical code, well above the 10% expected; treat any confidence from it with suspicion

== dirs multi n=4096 churn and build: ordered vs ordered-lpage-mv
steady state, per insertion or deletion in a structure of 12775 elements (cycle of 33454 operations, first pass untimed):
  A: 215.3 ns per operation (median)
  B: 395.1 ns per operation (median)
  A needs 45.3% less time than B: B takes 1.83 times as long as A.
  With 95% confidence the difference lies between 44% and 46.5% less time (B takes between 1.79 and 1.87 times as long as A).
  Noise floor: 0.565%. Identical code measured against itself on this setup can look that different, so smaller differences mean nothing.
  Neighbouring measurements are nearly independent (autocorrelation -0.42), so they were resampled one by one.
  
  Verdict: RESOLVED. A is faster than B: the difference is real, as its interval excludes zero and it exceeds the noise floor.
  
  Warnings:
    - the program holds 115 MB of live data, more than the caches of many machines; for data that size, where it lies in memory can shift the result by several points in ways the interval does not cover, and differently in the next process; run the comparison in several processes with the multiproc package
    - 6.4% of bootstrap replicates tied, so the measurement is coarse relative to the question; lower CollectOptions.MaxQuantizationError to lengthen the batches

build from empty to 12775 elements, per whole build (45983 operations):
  A: 1.05e+07 ns per operation (median)
  B: 2.139e+07 ns per operation (median)
  A needs 50.7% less time than B: B takes 2.03 times as long as A.
  With 95% confidence the difference lies between 50% and 51.8% less time (B takes between 2 and 2.08 times as long as A).
  Noise floor: 0.765%. Identical code measured against itself on this setup can look that different, so smaller differences mean nothing.
  Neighbouring measurements are nearly independent (autocorrelation +0.11), so they were resampled one by one.
  
  Verdict: RESOLVED. A is faster than B: the difference is real, as its interval excludes zero and it exceeds the noise floor.
  
  Warnings:
    - the program holds 115 MB of live data, more than the caches of many machines; for data that size, where it lies in memory can shift the result by several points in ways the interval does not cover, and differently in the next process; run the comparison in several processes with the multiproc package

== dirs multi n=4096 churn and build: ordered vs ordered-lpage-mvzc
steady state, per insertion or deletion in a structure of 12775 elements (cycle of 33454 operations, first pass untimed):
  A: 228.5 ns per operation (median)
  B: 476.7 ns per operation (median)
  A needs 51.5% less time than B: B takes 2.06 times as long as A.
  With 95% confidence the difference lies between 50.3% and 52.3% less time (B takes between 2.01 and 2.10 times as long as A).
  Noise floor: 0.846%. Identical code measured against itself on this setup can look that different, so smaller differences mean nothing.
  Neighbouring measurements are correlated (autocorrelation +0.35), so they were resampled in blocks of 3.
  
  Verdict: RESOLVED. A is faster than B: the difference is real, as its interval excludes zero and it exceeds the noise floor.
  
  Warnings:
    - the program holds 118 MB of live data, more than the caches of many machines; for data that size, where it lies in memory can shift the result by several points in ways the interval does not cover, and differently in the next process; run the comparison in several processes with the multiproc package
    - candidate A drifted during the run: its measurements were 4.93% lower in the second half than in the first, so the machine did not hold still
    - candidate B drifted during the run: its measurements were 2.01% lower in the second half than in the first, so the machine did not hold still
    - the ratio B/A was 5.21% higher in the second half of the run than in the first, so the candidates had not reached a steady state and the difference depends on how long the run was; a common cause is a head start for whichever candidate ran alone last before the comparison or had its data built last, which a longer CollectOptions.WarmupDuration removes

build from empty to 12775 elements, per whole build (45983 operations):
  A: 1.048e+07 ns per operation (median)
  B: 2.452e+07 ns per operation (median)
  A needs 57.3% less time than B: B takes 2.34 times as long as A.
  With 95% confidence the difference lies between 57% and 57.6% less time (B takes between 2.33 and 2.36 times as long as A).
  Noise floor: 2.05%. Identical code measured against itself on this setup can look that different, so smaller differences mean nothing.
  Neighbouring measurements are nearly independent (autocorrelation -0.11), so they were resampled one by one.
  
  Verdict: RESOLVED. A is faster than B: the difference is real, as its interval excludes zero and it exceeds the noise floor.
  
  Warnings:
    - the program holds 115 MB of live data, more than the caches of many machines; for data that size, where it lies in memory can shift the result by several points in ways the interval does not cover, and differently in the next process; run the comparison in several processes with the multiproc package

checksum 6609919852114247484
== dirs multi n=4096 valuesFor: ordered vs btree-sets
A: 130.3 ns per operation (median)
B: 211.7 ns per operation (median)
A needs 39.6% less time than B: B takes 1.66 times as long as A.
With 95% confidence the difference lies between 35.6% and 40.1% less time (B takes between 1.55 and 1.67 times as long as A).
Noise floor: 3.48%. Identical code measured against itself on this setup can look that different, so smaller differences mean nothing.
Neighbouring measurements are nearly independent (autocorrelation -0.18), so they were resampled one by one.

Verdict: RESOLVED. A is faster than B: the difference is real, as its interval excludes zero and it exceeds the noise floor.

Warnings:
  - the program holds 114 MB of live data, more than the caches of many machines; for data that size, where it lies in memory can shift the result by several points in ways the interval does not cover, and differently in the next process; run the comparison in several processes with the multiproc package

== dirs multi n=4096 valuesFor: ordered vs ordered-lpage
A: 128.6 ns per operation (median)
B: 127.5 ns per operation (median)
A needs 1.2% more time than B: B takes only 0.99 times as long as A.
With 95% confidence the difference lies between 0.222% and 1.62% more time (B takes between 0.984 and 1.00 times as long as A).
Noise floor: 0.68%. Identical code measured against itself on this setup can look that different, so smaller differences mean nothing.
Neighbouring measurements are correlated (autocorrelation +0.31), so they were resampled in blocks of 3.

Verdict: RESOLVED. A is slower than B: the difference is real, as its interval excludes zero and it exceeds the noise floor.

Warnings:
  - the program holds 114 MB of live data, more than the caches of many machines; for data that size, where it lies in memory can shift the result by several points in ways the interval does not cover, and differently in the next process; run the comparison in several processes with the multiproc package

== dirs multi n=4096 valuesFor: ordered vs ordered-lpage-mv
A: 130.8 ns per operation (median)
B: 227.6 ns per operation (median)
A needs 43% less time than B: B takes 1.76 times as long as A.
With 95% confidence the difference lies between 41.9% and 43.4% less time (B takes between 1.72 and 1.77 times as long as A).
Noise floor: 1.48%. Identical code measured against itself on this setup can look that different, so smaller differences mean nothing.
Neighbouring measurements are nearly independent (autocorrelation +0.11), so they were resampled one by one.

Verdict: RESOLVED. A is faster than B: the difference is real, as its interval excludes zero and it exceeds the noise floor.

Warnings:
  - the program holds 114 MB of live data, more than the caches of many machines; for data that size, where it lies in memory can shift the result by several points in ways the interval does not cover, and differently in the next process; run the comparison in several processes with the multiproc package
  - candidate B drifted during the run: its measurements were 2.84% higher in the second half than in the first, so the machine did not hold still

== dirs multi n=4096 valuesFor: ordered vs ordered-lpage-mvzc
A: 130.1 ns per operation (median)
B: 202.1 ns per operation (median)
A needs 35.2% less time than B: B takes 1.54 times as long as A.
With 95% confidence the difference lies between 34.5% and 36.9% less time (B takes between 1.53 and 1.59 times as long as A).
Noise floor: 1.55%. Identical code measured against itself on this setup can look that different, so smaller differences mean nothing.
Neighbouring measurements are nearly independent (autocorrelation -0.44), so they were resampled one by one.

Verdict: RESOLVED. A is faster than B: the difference is real, as its interval excludes zero and it exceeds the noise floor.

Warnings:
  - the program holds 114 MB of live data, more than the caches of many machines; for data that size, where it lies in memory can shift the result by several points in ways the interval does not cover, and differently in the next process; run the comparison in several processes with the multiproc package

== dirs multi n=4096 valuesBetween: ordered vs btree-sets
A: 3910 ns per operation (median)
B: 1.209e+04 ns per operation (median)
A needs 68.1% less time than B: B takes 3.14 times as long as A.
With 95% confidence the difference lies between 67.6% and 68.4% less time (B takes between 3.09 and 3.16 times as long as A).
Noise floor: 1.36%. Identical code measured against itself on this setup can look that different, so smaller differences mean nothing.
Neighbouring measurements are nearly independent (autocorrelation -0.15), so they were resampled one by one.

Verdict: RESOLVED. A is faster than B: the difference is real, as its interval excludes zero and it exceeds the noise floor.

Warnings:
  - the program holds 114 MB of live data, more than the caches of many machines; for data that size, where it lies in memory can shift the result by several points in ways the interval does not cover, and differently in the next process; run the comparison in several processes with the multiproc package

== dirs multi n=4096 valuesBetween: ordered vs ordered-lpage
A: 3939 ns per operation (median)
B: 3957 ns per operation (median)
A needs 0.864% less time than B: B takes 1.01 times as long as A.
With 95% confidence the difference lies between 3.53% more time and 4.12% less time (B takes between 0.966 and 1.04 times as long as A).
Noise floor: 1.38%. Identical code measured against itself on this setup can look that different, so smaller differences mean nothing.
Neighbouring measurements are nearly independent (autocorrelation -0.53), so they were resampled one by one.

Verdict: NOT RESOLVED. This run did not establish which candidate is faster. That is not the same as "equally fast": the warnings below say what is missing.

Warnings:
  - the difference of 0.86% does not clear the 1.38% noise floor, which is what this setup reports between two runs of identical code
  - the interval [-3.53%, 4.12%] includes zero, so a difference in either direction is consistent with these measurements
  - the program holds 114 MB of live data, more than the caches of many machines; for data that size, where it lies in memory can shift the result by several points in ways the interval does not cover, and differently in the next process; run the comparison in several processes with the multiproc package

== dirs multi n=4096 valuesBetween: ordered vs ordered-lpage-mv
A: 4063 ns per operation (median)
B: 4225 ns per operation (median)
A needs 3.24% less time than B: B takes 1.03 times as long as A.
With 95% confidence the difference lies between 0.154% and 5.86% less time (B takes between 1 and 1.06 times as long as A).
Noise floor: 0.827%. Identical code measured against itself on this setup can look that different, so smaller differences mean nothing.
Neighbouring measurements are nearly independent (autocorrelation -0.25), so they were resampled one by one.

Verdict: RESOLVED. A is faster than B: the difference is real, as its interval excludes zero and it exceeds the noise floor.

Warnings:
  - the program holds 116 MB of live data, more than the caches of many machines; for data that size, where it lies in memory can shift the result by several points in ways the interval does not cover, and differently in the next process; run the comparison in several processes with the multiproc package
  - candidate B drifted during the run: its measurements were 4.1% higher in the second half than in the first, so the machine did not hold still

== dirs multi n=4096 valuesBetween: ordered vs ordered-lpage-mvzc
A: 3894 ns per operation (median)
B: 3000 ns per operation (median)
A needs 29.2% more time than B: B takes only 0.77 times as long as A.
With 95% confidence the difference lies between 24.3% and 33.2% more time (B takes between 0.751 and 0.80 times as long as A).
Noise floor: 1.1%. Identical code measured against itself on this setup can look that different, so smaller differences mean nothing.
Neighbouring measurements are nearly independent (autocorrelation -0.39), so they were resampled one by one.

Verdict: RESOLVED. A is slower than B: the difference is real, as its interval excludes zero and it exceeds the noise floor.

Warnings:
  - the program holds 116 MB of live data, more than the caches of many machines; for data that size, where it lies in memory can shift the result by several points in ways the interval does not cover, and differently in the next process; run the comparison in several processes with the multiproc package

== dirs multi n=4096 prefix: ordered vs btree-sets
A: 4429 ns per operation (median)
B: 1.694e+04 ns per operation (median)
A needs 72.9% less time than B: B takes 3.69 times as long as A.
With 95% confidence the difference lies between 71.7% and 75% less time (B takes between 3.54 and 4.00 times as long as A).
Noise floor: 2.87%. Identical code measured against itself on this setup can look that different, so smaller differences mean nothing.
Neighbouring measurements are nearly independent (autocorrelation -0.10), so they were resampled one by one.

Verdict: RESOLVED. A is faster than B: the difference is real, as its interval excludes zero and it exceeds the noise floor.

Warnings:
  - the program holds 116 MB of live data, more than the caches of many machines; for data that size, where it lies in memory can shift the result by several points in ways the interval does not cover, and differently in the next process; run the comparison in several processes with the multiproc package

== dirs multi n=4096 prefix: ordered vs ordered-lpage
A: 4316 ns per operation (median)
B: 4475 ns per operation (median)
A needs 0.118% less time than B: B takes 1.00 times as long as A.
With 95% confidence the difference lies between 2.92% more time and 3.96% less time (B takes between 0.972 and 1.04 times as long as A).
Noise floor: 6.7%. Identical code measured against itself on this setup can look that different, so smaller differences mean nothing.
Neighbouring measurements are nearly independent (autocorrelation -0.31), so they were resampled one by one.

Verdict: NOT RESOLVED. This run did not establish which candidate is faster. That is not the same as "equally fast": the warnings below say what is missing.

Warnings:
  - the difference of 0.12% does not clear the 6.70% noise floor, which is what this setup reports between two runs of identical code
  - the interval [-2.92%, 3.96%] includes zero, so a difference in either direction is consistent with these measurements
  - the program holds 116 MB of live data, more than the caches of many machines; for data that size, where it lies in memory can shift the result by several points in ways the interval does not cover, and differently in the next process; run the comparison in several processes with the multiproc package
  - in 50% of A/A runs this setup reported a difference between identical code, well above the 10% expected; treat any confidence from it with suspicion

== dirs multi n=4096 prefix: ordered vs ordered-lpage-mv
A: 4715 ns per operation (median)
B: 5033 ns per operation (median)
A needs 5.35% less time than B: B takes 1.06 times as long as A.
With 95% confidence the difference lies between 1.63% more time and 17.4% less time (B takes between 0.984 and 1.21 times as long as A).
Noise floor: 6.31%. Identical code measured against itself on this setup can look that different, so smaller differences mean nothing.
Neighbouring measurements are nearly independent (autocorrelation -0.03), so they were resampled one by one.

Verdict: NOT RESOLVED. This run did not establish which candidate is faster. That is not the same as "equally fast": the warnings below say what is missing.

Warnings:
  - the difference of 5.35% does not clear the 6.31% noise floor, which is what this setup reports between two runs of identical code
  - the interval [-1.63%, 17.41%] includes zero, so a difference in either direction is consistent with these measurements
  - the program holds 116 MB of live data, more than the caches of many machines; for data that size, where it lies in memory can shift the result by several points in ways the interval does not cover, and differently in the next process; run the comparison in several processes with the multiproc package

== dirs multi n=4096 prefix: ordered vs ordered-lpage-mvzc
A: 4276 ns per operation (median)
B: 3528 ns per operation (median)
A needs 21.9% more time than B: B takes only 0.82 times as long as A.
With 95% confidence the difference lies between 11.8% and 42% more time (B takes between 0.704 and 0.89 times as long as A).
Noise floor: 6.23%. Identical code measured against itself on this setup can look that different, so smaller differences mean nothing.
Neighbouring measurements are nearly independent (autocorrelation -0.03), so they were resampled one by one.

Verdict: RESOLVED. A is slower than B: the difference is real, as its interval excludes zero and it exceeds the noise floor.

Warnings:
  - the program holds 116 MB of live data, more than the caches of many machines; for data that size, where it lies in memory can shift the result by several points in ways the interval does not cover, and differently in the next process; run the comparison in several processes with the multiproc package

== dirs multi n=4096 churn and build: ordered vs btree-sets
steady state, per insertion or deletion in a structure of 12775 elements (cycle of 33454 operations, first pass untimed):
  A: 227.8 ns per operation (median)
  B: 307.1 ns per operation (median)
  A needs 25% less time than B: B takes 1.33 times as long as A.
  With 95% confidence the difference lies between 23.7% and 27.1% less time (B takes between 1.31 and 1.37 times as long as A).
  Noise floor: 2.88%. Identical code measured against itself on this setup can look that different, so smaller differences mean nothing.
  Neighbouring measurements are nearly independent (autocorrelation -0.32), so they were resampled one by one.
  
  Verdict: RESOLVED. A is faster than B: the difference is real, as its interval excludes zero and it exceeds the noise floor.
  
  Warnings:
    - the program holds 118 MB of live data, more than the caches of many machines; for data that size, where it lies in memory can shift the result by several points in ways the interval does not cover, and differently in the next process; run the comparison in several processes with the multiproc package
    - candidate A drifted during the run: its measurements were 7.47% lower in the second half than in the first, so the machine did not hold still
    - candidate B drifted during the run: its measurements were 7.44% lower in the second half than in the first, so the machine did not hold still

build from empty to 12775 elements, per whole build (45983 operations):
  A: 1.038e+07 ns per operation (median)
  B: 1.414e+07 ns per operation (median)
  A needs 26.8% less time than B: B takes 1.37 times as long as A.
  With 95% confidence the difference lies between 26% and 27.6% less time (B takes between 1.35 and 1.38 times as long as A).
  Noise floor: 0.947%. Identical code measured against itself on this setup can look that different, so smaller differences mean nothing.
  Neighbouring measurements are nearly independent (autocorrelation +0.17), so they were resampled one by one.
  
  Verdict: RESOLVED. A is faster than B: the difference is real, as its interval excludes zero and it exceeds the noise floor.
  
  Warnings:
    - the program holds 115 MB of live data, more than the caches of many machines; for data that size, where it lies in memory can shift the result by several points in ways the interval does not cover, and differently in the next process; run the comparison in several processes with the multiproc package

== dirs multi n=4096 churn and build: ordered vs ordered-lpage
steady state, per insertion or deletion in a structure of 12775 elements (cycle of 33454 operations, first pass untimed):
  A: 213.3 ns per operation (median)
  B: 214.5 ns per operation (median)
  A needs 0.895% less time than B: B takes 1.01 times as long as A.
  With 95% confidence the difference lies between 0.333% and 1.47% less time (B takes between 1 and 1.01 times as long as A).
  Noise floor: 0.458%. Identical code measured against itself on this setup can look that different, so smaller differences mean nothing.
  Neighbouring measurements are nearly independent (autocorrelation -0.07), so they were resampled one by one.
  
  Verdict: RESOLVED. A is faster than B: the difference is real, as its interval excludes zero and it exceeds the noise floor.
  
  Warnings:
    - the program holds 115 MB of live data, more than the caches of many machines; for data that size, where it lies in memory can shift the result by several points in ways the interval does not cover, and differently in the next process; run the comparison in several processes with the multiproc package

build from empty to 12775 elements, per whole build (45983 operations):
  A: 1.034e+07 ns per operation (median)
  B: 1.069e+07 ns per operation (median)
  A needs 2.98% less time than B: B takes 1.03 times as long as A.
  With 95% confidence the difference lies between 2.41% and 3.96% less time (B takes between 1.02 and 1.04 times as long as A).
  Noise floor: 1.23%. Identical code measured against itself on this setup can look that different, so smaller differences mean nothing.
  Neighbouring measurements are nearly independent (autocorrelation +0.08), so they were resampled one by one.
  
  Verdict: RESOLVED. A is faster than B: the difference is real, as its interval excludes zero and it exceeds the noise floor.
  
  Warnings:
    - the program holds 115 MB of live data, more than the caches of many machines; for data that size, where it lies in memory can shift the result by several points in ways the interval does not cover, and differently in the next process; run the comparison in several processes with the multiproc package
    - in 50% of A/A runs this setup reported a difference between identical code, well above the 10% expected; treat any confidence from it with suspicion

== dirs multi n=4096 churn and build: ordered vs ordered-lpage-mv
steady state, per insertion or deletion in a structure of 12775 elements (cycle of 33454 operations, first pass untimed):
  A: 216.6 ns per operation (median)
  B: 395.1 ns per operation (median)
  A needs 44.9% less time than B: B takes 1.81 times as long as A.
  With 95% confidence the difference lies between 44.3% and 46% less time (B takes between 1.8 and 1.85 times as long as A).
  Noise floor: 1.43%. Identical code measured against itself on this setup can look that different, so smaller differences mean nothing.
  Neighbouring measurements are correlated (autocorrelation +0.31), so they were resampled in blocks of 3.
  
  Verdict: RESOLVED. A is faster than B: the difference is real, as its interval excludes zero and it exceeds the noise floor.
  
  Warnings:
    - the program holds 115 MB of live data, more than the caches of many machines; for data that size, where it lies in memory can shift the result by several points in ways the interval does not cover, and differently in the next process; run the comparison in several processes with the multiproc package

build from empty to 12775 elements, per whole build (45983 operations):
  A: 1.04e+07 ns per operation (median)
  B: 2.116e+07 ns per operation (median)
  A needs 50.7% less time than B: B takes 2.03 times as long as A.
  With 95% confidence the difference lies between 50.1% and 51.2% less time (B takes between 2 and 2.05 times as long as A).
  Noise floor: 0.833%. Identical code measured against itself on this setup can look that different, so smaller differences mean nothing.
  Neighbouring measurements are nearly independent (autocorrelation +0.18), so they were resampled one by one.
  
  Verdict: RESOLVED. A is faster than B: the difference is real, as its interval excludes zero and it exceeds the noise floor.
  
  Warnings:
    - the program holds 115 MB of live data, more than the caches of many machines; for data that size, where it lies in memory can shift the result by several points in ways the interval does not cover, and differently in the next process; run the comparison in several processes with the multiproc package

== dirs multi n=4096 churn and build: ordered vs ordered-lpage-mvzc
steady state, per insertion or deletion in a structure of 12775 elements (cycle of 33454 operations, first pass untimed):
  A: 215.4 ns per operation (median)
  B: 468 ns per operation (median)
  A needs 53.2% less time than B: B takes 2.14 times as long as A.
  With 95% confidence the difference lies between 52.8% and 54.9% less time (B takes between 2.12 and 2.22 times as long as A).
  Noise floor: 1.4%. Identical code measured against itself on this setup can look that different, so smaller differences mean nothing.
  Neighbouring measurements are correlated (autocorrelation +0.48), so they were resampled in blocks of 3.
  
  Verdict: RESOLVED. A is faster than B: the difference is real, as its interval excludes zero and it exceeds the noise floor.
  
  Warnings:
    - the program holds 117 MB of live data, more than the caches of many machines; for data that size, where it lies in memory can shift the result by several points in ways the interval does not cover, and differently in the next process; run the comparison in several processes with the multiproc package

build from empty to 12775 elements, per whole build (45983 operations):
  A: 1.044e+07 ns per operation (median)
  B: 2.443e+07 ns per operation (median)
  A needs 57.6% less time than B: B takes 2.36 times as long as A.
  With 95% confidence the difference lies between 56.8% and 58% less time (B takes between 2.31 and 2.38 times as long as A).
  Noise floor: 0.577%. Identical code measured against itself on this setup can look that different, so smaller differences mean nothing.
  Neighbouring measurements are nearly independent (autocorrelation -0.12), so they were resampled one by one.
  
  Verdict: RESOLVED. A is faster than B: the difference is real, as its interval excludes zero and it exceeds the noise floor.
  
  Warnings:
    - the program holds 115 MB of live data, more than the caches of many machines; for data that size, where it lies in memory can shift the result by several points in ways the interval does not cover, and differently in the next process; run the comparison in several processes with the multiproc package

checksum 11011496154641482807
== dirs multi n=4096 valuesFor: ordered vs btree-sets
A: 134.5 ns per operation (median)
B: 216 ns per operation (median)
A needs 37.8% less time than B: B takes 1.61 times as long as A.
With 95% confidence the difference lies between 35.7% and 40.2% less time (B takes between 1.55 and 1.67 times as long as A).
Noise floor: 1.33%. Identical code measured against itself on this setup can look that different, so smaller differences mean nothing.
Neighbouring measurements are nearly independent (autocorrelation -0.72), so they were resampled one by one.

Verdict: RESOLVED. A is faster than B: the difference is real, as its interval excludes zero and it exceeds the noise floor.

Warnings:
  - the program holds 99 MB of live data, more than the caches of many machines; for data that size, where it lies in memory can shift the result by several points in ways the interval does not cover, and differently in the next process; run the comparison in several processes with the multiproc package
  - candidate A drifted during the run: its measurements were 2.43% higher in the second half than in the first, so the machine did not hold still

== dirs multi n=4096 valuesFor: ordered vs ordered-lpage
A: 129.4 ns per operation (median)
B: 128 ns per operation (median)
A needs 1.02% more time than B: B takes only 0.99 times as long as A.
With 95% confidence the difference lies between 2.14% more time and 0.228% less time (B takes between 0.979 and 1.00 times as long as A).
Noise floor: 0.486%. Identical code measured against itself on this setup can look that different, so smaller differences mean nothing.
Neighbouring measurements are nearly independent (autocorrelation -0.44), so they were resampled one by one.

Verdict: NOT RESOLVED. This run did not establish which candidate is faster. That is not the same as "equally fast": the warnings below say what is missing.

Warnings:
  - the interval [-2.14%, 0.23%] includes zero, so a difference in either direction is consistent with these measurements
  - the program holds 99 MB of live data, more than the caches of many machines; for data that size, where it lies in memory can shift the result by several points in ways the interval does not cover, and differently in the next process; run the comparison in several processes with the multiproc package

== dirs multi n=4096 valuesFor: ordered vs ordered-lpage-mv
A: 130.5 ns per operation (median)
B: 224.3 ns per operation (median)
A needs 41.5% less time than B: B takes 1.71 times as long as A.
With 95% confidence the difference lies between 40.8% and 42.9% less time (B takes between 1.69 and 1.75 times as long as A).
Noise floor: 0.906%. Identical code measured against itself on this setup can look that different, so smaller differences mean nothing.
Neighbouring measurements are nearly independent (autocorrelation -0.51), so they were resampled one by one.

Verdict: RESOLVED. A is faster than B: the difference is real, as its interval excludes zero and it exceeds the noise floor.

Warnings:
  - the program holds 114 MB of live data, more than the caches of many machines; for data that size, where it lies in memory can shift the result by several points in ways the interval does not cover, and differently in the next process; run the comparison in several processes with the multiproc package

== dirs multi n=4096 valuesFor: ordered vs ordered-lpage-mvzc
A: 128.8 ns per operation (median)
B: 202.2 ns per operation (median)
A needs 36% less time than B: B takes 1.56 times as long as A.
With 95% confidence the difference lies between 34.7% and 37% less time (B takes between 1.53 and 1.59 times as long as A).
Noise floor: 1.03%. Identical code measured against itself on this setup can look that different, so smaller differences mean nothing.
Neighbouring measurements are correlated (autocorrelation +0.21), so they were resampled in blocks of 3.

Verdict: RESOLVED. A is faster than B: the difference is real, as its interval excludes zero and it exceeds the noise floor.

Warnings:
  - the program holds 114 MB of live data, more than the caches of many machines; for data that size, where it lies in memory can shift the result by several points in ways the interval does not cover, and differently in the next process; run the comparison in several processes with the multiproc package
  - 5.2% of bootstrap replicates tied, so the measurement is coarse relative to the question; lower CollectOptions.MaxQuantizationError to lengthen the batches

== dirs multi n=4096 valuesBetween: ordered vs btree-sets
A: 3940 ns per operation (median)
B: 1.215e+04 ns per operation (median)
A needs 67.6% less time than B: B takes 3.08 times as long as A.
With 95% confidence the difference lies between 67.2% and 68.5% less time (B takes between 3.05 and 3.17 times as long as A).
Noise floor: 2.71%. Identical code measured against itself on this setup can look that different, so smaller differences mean nothing.
Neighbouring measurements are nearly independent (autocorrelation -0.21), so they were resampled one by one.

Verdict: RESOLVED. A is faster than B: the difference is real, as its interval excludes zero and it exceeds the noise floor.

Warnings:
  - the program holds 114 MB of live data, more than the caches of many machines; for data that size, where it lies in memory can shift the result by several points in ways the interval does not cover, and differently in the next process; run the comparison in several processes with the multiproc package

== dirs multi n=4096 valuesBetween: ordered vs ordered-lpage
A: 3922 ns per operation (median)
B: 3940 ns per operation (median)
A needs 1.52% less time than B: B takes 1.02 times as long as A.
With 95% confidence the difference lies between 3.1% more time and 2.55% less time (B takes between 0.97 and 1.03 times as long as A).
Noise floor: 1.34%. Identical code measured against itself on this setup can look that different, so smaller differences mean nothing.
Neighbouring measurements are nearly independent (autocorrelation -0.62), so they were resampled one by one.

Verdict: NOT RESOLVED. This run did not establish which candidate is faster. That is not the same as "equally fast": the warnings below say what is missing.

Warnings:
  - the interval [-3.10%, 2.55%] includes zero, so a difference in either direction is consistent with these measurements
  - the program holds 114 MB of live data, more than the caches of many machines; for data that size, where it lies in memory can shift the result by several points in ways the interval does not cover, and differently in the next process; run the comparison in several processes with the multiproc package

== dirs multi n=4096 valuesBetween: ordered vs ordered-lpage-mv
A: 3992 ns per operation (median)
B: 4107 ns per operation (median)
A needs 3.34% less time than B: B takes 1.03 times as long as A.
With 95% confidence the difference lies between 1.06% and 4.96% less time (B takes between 1.01 and 1.05 times as long as A).
Noise floor: 2%. Identical code measured against itself on this setup can look that different, so smaller differences mean nothing.
Neighbouring measurements are nearly independent (autocorrelation -0.21), so they were resampled one by one.

Verdict: RESOLVED. A is faster than B: the difference is real, as its interval excludes zero and it exceeds the noise floor.

Warnings:
  - the program holds 115 MB of live data, more than the caches of many machines; for data that size, where it lies in memory can shift the result by several points in ways the interval does not cover, and differently in the next process; run the comparison in several processes with the multiproc package

== dirs multi n=4096 valuesBetween: ordered vs ordered-lpage-mvzc
A: 3914 ns per operation (median)
B: 3000 ns per operation (median)
A needs 27.5% more time than B: B takes only 0.78 times as long as A.
With 95% confidence the difference lies between 24.7% and 34% more time (B takes between 0.746 and 0.80 times as long as A).
Noise floor: 2.14%. Identical code measured against itself on this setup can look that different, so smaller differences mean nothing.
Neighbouring measurements are nearly independent (autocorrelation -0.46), so they were resampled one by one.

Verdict: RESOLVED. A is slower than B: the difference is real, as its interval excludes zero and it exceeds the noise floor.

Warnings:
  - the program holds 115 MB of live data, more than the caches of many machines; for data that size, where it lies in memory can shift the result by several points in ways the interval does not cover, and differently in the next process; run the comparison in several processes with the multiproc package

== dirs multi n=4096 prefix: ordered vs btree-sets
A: 4443 ns per operation (median)
B: 1.657e+04 ns per operation (median)
A needs 72.8% less time than B: B takes 3.67 times as long as A.
With 95% confidence the difference lies between 69.8% and 74.8% less time (B takes between 3.32 and 3.97 times as long as A).
Noise floor: 5.52%. Identical code measured against itself on this setup can look that different, so smaller differences mean nothing.
Neighbouring measurements are nearly independent (autocorrelation +0.10), so they were resampled one by one.

Verdict: RESOLVED. A is faster than B: the difference is real, as its interval excludes zero and it exceeds the noise floor.

Warnings:
  - the program holds 115 MB of live data, more than the caches of many machines; for data that size, where it lies in memory can shift the result by several points in ways the interval does not cover, and differently in the next process; run the comparison in several processes with the multiproc package

== dirs multi n=4096 prefix: ordered vs ordered-lpage
A: 4397 ns per operation (median)
B: 4568 ns per operation (median)
A needs 0.803% less time than B: B takes 1.01 times as long as A.
With 95% confidence the difference lies between 2.76% more time and 5.05% less time (B takes between 0.973 and 1.05 times as long as A).
Noise floor: 8.3%. Identical code measured against itself on this setup can look that different, so smaller differences mean nothing.
Neighbouring measurements are nearly independent (autocorrelation -0.09), so they were resampled one by one.

Verdict: NOT RESOLVED. This run did not establish which candidate is faster. That is not the same as "equally fast": the warnings below say what is missing.

Warnings:
  - the difference of 0.80% does not clear the 8.30% noise floor, which is what this setup reports between two runs of identical code
  - the interval [-2.76%, 5.05%] includes zero, so a difference in either direction is consistent with these measurements
  - the program holds 115 MB of live data, more than the caches of many machines; for data that size, where it lies in memory can shift the result by several points in ways the interval does not cover, and differently in the next process; run the comparison in several processes with the multiproc package

== dirs multi n=4096 prefix: ordered vs ordered-lpage-mv
A: 4326 ns per operation (median)
B: 5058 ns per operation (median)
A needs 8.67% less time than B: B takes 1.09 times as long as A.
With 95% confidence the difference lies between 0.269% more time and 18.6% less time (B takes between 0.997 and 1.23 times as long as A).
Noise floor: 2.84%. Identical code measured against itself on this setup can look that different, so smaller differences mean nothing.
Neighbouring measurements are nearly independent (autocorrelation +0.13), so they were resampled one by one.

Verdict: NOT RESOLVED. This run did not establish which candidate is faster. That is not the same as "equally fast": the warnings below say what is missing.

Warnings:
  - the interval [-0.27%, 18.57%] includes zero, so a difference in either direction is consistent with these measurements
  - the program holds 115 MB of live data, more than the caches of many machines; for data that size, where it lies in memory can shift the result by several points in ways the interval does not cover, and differently in the next process; run the comparison in several processes with the multiproc package

== dirs multi n=4096 prefix: ordered vs ordered-lpage-mvzc
A: 4452 ns per operation (median)
B: 3656 ns per operation (median)
A needs 24.1% more time than B: B takes only 0.81 times as long as A.
With 95% confidence the difference lies between 16.8% and 31.8% more time (B takes between 0.759 and 0.86 times as long as A).
Noise floor: 6.3%. Identical code measured against itself on this setup can look that different, so smaller differences mean nothing.
Neighbouring measurements are nearly independent (autocorrelation -0.08), so they were resampled one by one.

Verdict: RESOLVED. A is slower than B: the difference is real, as its interval excludes zero and it exceeds the noise floor.

Warnings:
  - the program holds 115 MB of live data, more than the caches of many machines; for data that size, where it lies in memory can shift the result by several points in ways the interval does not cover, and differently in the next process; run the comparison in several processes with the multiproc package

== dirs multi n=4096 churn and build: ordered vs btree-sets
steady state, per insertion or deletion in a structure of 12775 elements (cycle of 33454 operations, first pass untimed):
  A: 210.5 ns per operation (median)
  B: 280.6 ns per operation (median)
  A needs 24.3% less time than B: B takes 1.32 times as long as A.
  With 95% confidence the difference lies between 21.6% and 26.8% less time (B takes between 1.28 and 1.37 times as long as A).
  Noise floor: 2.86%. Identical code measured against itself on this setup can look that different, so smaller differences mean nothing.
  Neighbouring measurements are nearly independent (autocorrelation +0.04), so they were resampled one by one.
  
  Verdict: RESOLVED. A is faster than B: the difference is real, as its interval excludes zero and it exceeds the noise floor.
  
  Warnings:
    - the program holds 118 MB of live data, more than the caches of many machines; for data that size, where it lies in memory can shift the result by several points in ways the interval does not cover, and differently in the next process; run the comparison in several processes with the multiproc package

build from empty to 12775 elements, per whole build (45983 operations):
  A: 1.053e+07 ns per operation (median)
  B: 1.43e+07 ns per operation (median)
  A needs 26.3% less time than B: B takes 1.36 times as long as A.
  With 95% confidence the difference lies between 25% and 26.7% less time (B takes between 1.33 and 1.36 times as long as A).
  Noise floor: 0.514%. Identical code measured against itself on this setup can look that different, so smaller differences mean nothing.
  Neighbouring measurements are nearly independent (autocorrelation +0.05), so they were resampled one by one.
  
  Verdict: RESOLVED. A is faster than B: the difference is real, as its interval excludes zero and it exceeds the noise floor.
  
  Warnings:
    - the program holds 115 MB of live data, more than the caches of many machines; for data that size, where it lies in memory can shift the result by several points in ways the interval does not cover, and differently in the next process; run the comparison in several processes with the multiproc package

== dirs multi n=4096 churn and build: ordered vs ordered-lpage
steady state, per insertion or deletion in a structure of 12775 elements (cycle of 33454 operations, first pass untimed):
  A: 213.7 ns per operation (median)
  B: 215.1 ns per operation (median)
  A needs 0.1% more time than B: B takes only 1.00 times as long as A.
  With 95% confidence the difference lies between 0.742% more time and 0.684% less time (B takes between 0.993 and 1.01 times as long as A).
  Noise floor: 0.865%. Identical code measured against itself on this setup can look that different, so smaller differences mean nothing.
  Neighbouring measurements are nearly independent (autocorrelation -0.15), so they were resampled one by one.
  
  Verdict: NOT RESOLVED. This run did not establish which candidate is faster. That is not the same as "equally fast": the warnings below say what is missing.
  
  Warnings:
    - the difference of -0.10% does not clear the 0.87% noise floor, which is what this setup reports between two runs of identical code
    - the interval [-0.74%, 0.68%] includes zero, so a difference in either direction is consistent with these measurements
    - the program holds 115 MB of live data, more than the caches of many machines; for data that size, where it lies in memory can shift the result by several points in ways the interval does not cover, and differently in the next process; run the comparison in several processes with the multiproc package
    - in 50% of A/A runs this setup reported a difference between identical code, well above the 10% expected; treat any confidence from it with suspicion

build from empty to 12775 elements, per whole build (45983 operations):
  A: 1.046e+07 ns per operation (median)
  B: 1.087e+07 ns per operation (median)
  A needs 4.37% less time than B: B takes 1.05 times as long as A.
  With 95% confidence the difference lies between 2.21% and 6.03% less time (B takes between 1.02 and 1.06 times as long as A).
  Noise floor: 0.826%. Identical code measured against itself on this setup can look that different, so smaller differences mean nothing.
  Neighbouring measurements are nearly independent (autocorrelation +0.06), so they were resampled one by one.
  
  Verdict: RESOLVED. A is faster than B: the difference is real, as its interval excludes zero and it exceeds the noise floor.
  
  Warnings:
    - the program holds 115 MB of live data, more than the caches of many machines; for data that size, where it lies in memory can shift the result by several points in ways the interval does not cover, and differently in the next process; run the comparison in several processes with the multiproc package
    - in 50% of A/A runs this setup reported a difference between identical code, well above the 10% expected; treat any confidence from it with suspicion

== dirs multi n=4096 churn and build: ordered vs ordered-lpage-mv
steady state, per insertion or deletion in a structure of 12775 elements (cycle of 33454 operations, first pass untimed):
  A: 214.6 ns per operation (median)
  B: 392.2 ns per operation (median)
  A needs 44.9% less time than B: B takes 1.82 times as long as A.
  With 95% confidence the difference lies between 44.1% and 46.3% less time (B takes between 1.79 and 1.86 times as long as A).
  Noise floor: 0.486%. Identical code measured against itself on this setup can look that different, so smaller differences mean nothing.
  Neighbouring measurements are nearly independent (autocorrelation -0.36), so they were resampled one by one.
  
  Verdict: RESOLVED. A is faster than B: the difference is real, as its interval excludes zero and it exceeds the noise floor.
  
  Warnings:
    - the program holds 115 MB of live data, more than the caches of many machines; for data that size, where it lies in memory can shift the result by several points in ways the interval does not cover, and differently in the next process; run the comparison in several processes with the multiproc package

build from empty to 12775 elements, per whole build (45983 operations):
  A: 1.045e+07 ns per operation (median)
  B: 2.118e+07 ns per operation (median)
  A needs 50.7% less time than B: B takes 2.03 times as long as A.
  With 95% confidence the difference lies between 50.4% and 51.1% less time (B takes between 2.02 and 2.04 times as long as A).
  Noise floor: 1.02%. Identical code measured against itself on this setup can look that different, so smaller differences mean nothing.
  Neighbouring measurements are nearly independent (autocorrelation +0.01), so they were resampled one by one.
  
  Verdict: RESOLVED. A is faster than B: the difference is real, as its interval excludes zero and it exceeds the noise floor.
  
  Warnings:
    - the program holds 115 MB of live data, more than the caches of many machines; for data that size, where it lies in memory can shift the result by several points in ways the interval does not cover, and differently in the next process; run the comparison in several processes with the multiproc package

== dirs multi n=4096 churn and build: ordered vs ordered-lpage-mvzc
steady state, per insertion or deletion in a structure of 12775 elements (cycle of 33454 operations, first pass untimed):
  A: 216.6 ns per operation (median)
  B: 467.6 ns per operation (median)
  A needs 53.8% less time than B: B takes 2.16 times as long as A.
  With 95% confidence the difference lies between 53% and 54.6% less time (B takes between 2.13 and 2.20 times as long as A).
  Noise floor: 1.58%. Identical code measured against itself on this setup can look that different, so smaller differences mean nothing.
  Neighbouring measurements are correlated (autocorrelation +0.50), so they were resampled in blocks of 3.
  
  Verdict: RESOLVED. A is faster than B: the difference is real, as its interval excludes zero and it exceeds the noise floor.
  
  Warnings:
    - the program holds 118 MB of live data, more than the caches of many machines; for data that size, where it lies in memory can shift the result by several points in ways the interval does not cover, and differently in the next process; run the comparison in several processes with the multiproc package

build from empty to 12775 elements, per whole build (45983 operations):
  A: 1.054e+07 ns per operation (median)
  B: 2.464e+07 ns per operation (median)
  A needs 57.2% less time than B: B takes 2.33 times as long as A.
  With 95% confidence the difference lies between 56.7% and 57.6% less time (B takes between 2.31 and 2.36 times as long as A).
  Noise floor: 1.2%. Identical code measured against itself on this setup can look that different, so smaller differences mean nothing.
  Neighbouring measurements are nearly independent (autocorrelation +0.05), so they were resampled one by one.
  
  Verdict: RESOLVED. A is faster than B: the difference is real, as its interval excludes zero and it exceeds the noise floor.
  
  Warnings:
    - the program holds 115 MB of live data, more than the caches of many machines; for data that size, where it lies in memory can shift the result by several points in ways the interval does not cover, and differently in the next process; run the comparison in several processes with the multiproc package

checksum 13889708763880898428
== dirs multi n=4096 valuesFor: ordered vs btree-sets
A: 129.6 ns per operation (median)
B: 211.8 ns per operation (median)
A needs 39% less time than B: B takes 1.64 times as long as A.
With 95% confidence the difference lies between 36.1% and 40% less time (B takes between 1.57 and 1.67 times as long as A).
Noise floor: 3.59%. Identical code measured against itself on this setup can look that different, so smaller differences mean nothing.
Neighbouring measurements are nearly independent (autocorrelation -0.40), so they were resampled one by one.

Verdict: RESOLVED. A is faster than B: the difference is real, as its interval excludes zero and it exceeds the noise floor.

Warnings:
  - the program holds 109 MB of live data, more than the caches of many machines; for data that size, where it lies in memory can shift the result by several points in ways the interval does not cover, and differently in the next process; run the comparison in several processes with the multiproc package

== dirs multi n=4096 valuesFor: ordered vs ordered-lpage
A: 128.8 ns per operation (median)
B: 127.9 ns per operation (median)
A needs 0.268% more time than B: B takes only 1.00 times as long as A.
With 95% confidence the difference lies between 1.76% more time and 1.07% less time (B takes between 0.983 and 1.01 times as long as A).
Noise floor: 0.583%. Identical code measured against itself on this setup can look that different, so smaller differences mean nothing.
Neighbouring measurements are nearly independent (autocorrelation -0.23), so they were resampled one by one.

Verdict: NOT RESOLVED. This run did not establish which candidate is faster. That is not the same as "equally fast": the warnings below say what is missing.

Warnings:
  - the difference of -0.27% does not clear the 0.58% noise floor, which is what this setup reports between two runs of identical code
  - the interval [-1.76%, 1.07%] includes zero, so a difference in either direction is consistent with these measurements
  - the program holds 109 MB of live data, more than the caches of many machines; for data that size, where it lies in memory can shift the result by several points in ways the interval does not cover, and differently in the next process; run the comparison in several processes with the multiproc package

== dirs multi n=4096 valuesFor: ordered vs ordered-lpage-mv
A: 130.7 ns per operation (median)
B: 224.2 ns per operation (median)
A needs 42.4% less time than B: B takes 1.74 times as long as A.
With 95% confidence the difference lies between 40.9% and 43.4% less time (B takes between 1.69 and 1.77 times as long as A).
Noise floor: 1.67%. Identical code measured against itself on this setup can look that different, so smaller differences mean nothing.
Neighbouring measurements are nearly independent (autocorrelation -0.45), so they were resampled one by one.

Verdict: RESOLVED. A is faster than B: the difference is real, as its interval excludes zero and it exceeds the noise floor.

Warnings:
  - the program holds 115 MB of live data, more than the caches of many machines; for data that size, where it lies in memory can shift the result by several points in ways the interval does not cover, and differently in the next process; run the comparison in several processes with the multiproc package

== dirs multi n=4096 valuesFor: ordered vs ordered-lpage-mvzc
A: 129.4 ns per operation (median)
B: 202.7 ns per operation (median)
A needs 36.8% less time than B: B takes 1.58 times as long as A.
With 95% confidence the difference lies between 35% and 37.5% less time (B takes between 1.54 and 1.60 times as long as A).
Noise floor: 0.581%. Identical code measured against itself on this setup can look that different, so smaller differences mean nothing.
Neighbouring measurements are nearly independent (autocorrelation -0.40), so they were resampled one by one.

Verdict: RESOLVED. A is faster than B: the difference is real, as its interval excludes zero and it exceeds the noise floor.

Warnings:
  - the program holds 115 MB of live data, more than the caches of many machines; for data that size, where it lies in memory can shift the result by several points in ways the interval does not cover, and differently in the next process; run the comparison in several processes with the multiproc package

== dirs multi n=4096 valuesBetween: ordered vs btree-sets
A: 4072 ns per operation (median)
B: 1.233e+04 ns per operation (median)
A needs 67.4% less time than B: B takes 3.06 times as long as A.
With 95% confidence the difference lies between 66.6% and 68.4% less time (B takes between 2.99 and 3.16 times as long as A).
Noise floor: 1.87%. Identical code measured against itself on this setup can look that different, so smaller differences mean nothing.
Neighbouring measurements are nearly independent (autocorrelation -0.13), so they were resampled one by one.

Verdict: RESOLVED. A is faster than B: the difference is real, as its interval excludes zero and it exceeds the noise floor.

Warnings:
  - the program holds 115 MB of live data, more than the caches of many machines; for data that size, where it lies in memory can shift the result by several points in ways the interval does not cover, and differently in the next process; run the comparison in several processes with the multiproc package
  - candidate B drifted during the run: its measurements were 3.1% lower in the second half than in the first, so the machine did not hold still

== dirs multi n=4096 valuesBetween: ordered vs ordered-lpage
A: 3889 ns per operation (median)
B: 3897 ns per operation (median)
A needs 0.863% less time than B: B takes 1.01 times as long as A.
With 95% confidence the difference lies between 2.63% more time and 2.53% less time (B takes between 0.974 and 1.03 times as long as A).
Noise floor: 0.733%. Identical code measured against itself on this setup can look that different, so smaller differences mean nothing.
Neighbouring measurements are nearly independent (autocorrelation -0.57), so they were resampled one by one.

Verdict: NOT RESOLVED. This run did not establish which candidate is faster. That is not the same as "equally fast": the warnings below say what is missing.

Warnings:
  - the interval [-2.63%, 2.53%] includes zero, so a difference in either direction is consistent with these measurements
  - the program holds 115 MB of live data, more than the caches of many machines; for data that size, where it lies in memory can shift the result by several points in ways the interval does not cover, and differently in the next process; run the comparison in several processes with the multiproc package

== dirs multi n=4096 valuesBetween: ordered vs ordered-lpage-mv
A: 3914 ns per operation (median)
B: 4014 ns per operation (median)
A needs 1.27% less time than B: B takes 1.01 times as long as A.
With 95% confidence the difference lies between 0.243% and 4.34% less time (B takes between 1 and 1.05 times as long as A).
Noise floor: 0.765%. Identical code measured against itself on this setup can look that different, so smaller differences mean nothing.
Neighbouring measurements are nearly independent (autocorrelation +0.10), so they were resampled one by one.

Verdict: RESOLVED. A is faster than B: the difference is real, as its interval excludes zero and it exceeds the noise floor.

Warnings:
  - the program holds 115 MB of live data, more than the caches of many machines; for data that size, where it lies in memory can shift the result by several points in ways the interval does not cover, and differently in the next process; run the comparison in several processes with the multiproc package

== dirs multi n=4096 valuesBetween: ordered vs ordered-lpage-mvzc
A: 3873 ns per operation (median)
B: 3008 ns per operation (median)
A needs 26.6% more time than B: B takes only 0.79 times as long as A.
With 95% confidence the difference lies between 24.5% and 33.1% more time (B takes between 0.751 and 0.80 times as long as A).
Noise floor: 0.919%. Identical code measured against itself on this setup can look that different, so smaller differences mean nothing.
Neighbouring measurements are nearly independent (autocorrelation +0.09), so they were resampled one by one.

Verdict: RESOLVED. A is slower than B: the difference is real, as its interval excludes zero and it exceeds the noise floor.

Warnings:
  - the program holds 115 MB of live data, more than the caches of many machines; for data that size, where it lies in memory can shift the result by several points in ways the interval does not cover, and differently in the next process; run the comparison in several processes with the multiproc package

== dirs multi n=4096 prefix: ordered vs btree-sets
A: 4578 ns per operation (median)
B: 1.707e+04 ns per operation (median)
A needs 73.3% less time than B: B takes 3.75 times as long as A.
With 95% confidence the difference lies between 70.9% and 74.9% less time (B takes between 3.44 and 3.99 times as long as A).
Noise floor: 3.64%. Identical code measured against itself on this setup can look that different, so smaller differences mean nothing.
Neighbouring measurements are nearly independent (autocorrelation -0.15), so they were resampled one by one.

Verdict: RESOLVED. A is faster than B: the difference is real, as its interval excludes zero and it exceeds the noise floor.

Warnings:
  - the program holds 115 MB of live data, more than the caches of many machines; for data that size, where it lies in memory can shift the result by several points in ways the interval does not cover, and differently in the next process; run the comparison in several processes with the multiproc package

== dirs multi n=4096 prefix: ordered vs ordered-lpage
A: 4460 ns per operation (median)
B: 4537 ns per operation (median)
A needs 1.52% less time than B: B takes 1.02 times as long as A.
With 95% confidence the difference lies between 5.9% more time and 4.83% less time (B takes between 0.944 and 1.05 times as long as A).
Noise floor: 15.6%. Identical code measured against itself on this setup can look that different, so smaller differences mean nothing.
Neighbouring measurements are nearly independent (autocorrelation -0.25), so they were resampled one by one.

Verdict: NOT RESOLVED. This run did not establish which candidate is faster. That is not the same as "equally fast": the warnings below say what is missing.

Warnings:
  - the difference of 1.52% does not clear the 15.58% noise floor, which is what this setup reports between two runs of identical code
  - the interval [-5.90%, 4.83%] includes zero, so a difference in either direction is consistent with these measurements
  - the program holds 115 MB of live data, more than the caches of many machines; for data that size, where it lies in memory can shift the result by several points in ways the interval does not cover, and differently in the next process; run the comparison in several processes with the multiproc package
  - in 50% of A/A runs this setup reported a difference between identical code, well above the 10% expected; treat any confidence from it with suspicion

== dirs multi n=4096 prefix: ordered vs ordered-lpage-mv
A: 4422 ns per operation (median)
B: 4787 ns per operation (median)
A needs 9.26% less time than B: B takes 1.10 times as long as A.
With 95% confidence the difference lies between 3.21% more time and 13.1% less time (B takes between 0.969 and 1.15 times as long as A).
Noise floor: 5.69%. Identical code measured against itself on this setup can look that different, so smaller differences mean nothing.
Neighbouring measurements are nearly independent (autocorrelation +0.04), so they were resampled one by one.

Verdict: NOT RESOLVED. This run did not establish which candidate is faster. That is not the same as "equally fast": the warnings below say what is missing.

Warnings:
  - the interval [-3.21%, 13.07%] includes zero, so a difference in either direction is consistent with these measurements
  - the program holds 115 MB of live data, more than the caches of many machines; for data that size, where it lies in memory can shift the result by several points in ways the interval does not cover, and differently in the next process; run the comparison in several processes with the multiproc package

== dirs multi n=4096 prefix: ordered vs ordered-lpage-mvzc
A: 4429 ns per operation (median)
B: 3551 ns per operation (median)
A needs 24.2% more time than B: B takes only 0.81 times as long as A.
With 95% confidence the difference lies between 12.9% and 38.8% more time (B takes between 0.721 and 0.89 times as long as A).
Noise floor: 6.5%. Identical code measured against itself on this setup can look that different, so smaller differences mean nothing.
Neighbouring measurements are nearly independent (autocorrelation -0.03), so they were resampled one by one.

Verdict: RESOLVED. A is slower than B: the difference is real, as its interval excludes zero and it exceeds the noise floor.

Warnings:
  - the program holds 115 MB of live data, more than the caches of many machines; for data that size, where it lies in memory can shift the result by several points in ways the interval does not cover, and differently in the next process; run the comparison in several processes with the multiproc package

== dirs multi n=4096 churn and build: ordered vs btree-sets
steady state, per insertion or deletion in a structure of 12775 elements (cycle of 33454 operations, first pass untimed):
  A: 213.3 ns per operation (median)
  B: 279.3 ns per operation (median)
  A needs 23.9% less time than B: B takes 1.31 times as long as A.
  With 95% confidence the difference lies between 22.3% and 25.1% less time (B takes between 1.29 and 1.33 times as long as A).
  Noise floor: 2.85%. Identical code measured against itself on this setup can look that different, so smaller differences mean nothing.
  Neighbouring measurements are nearly independent (autocorrelation -0.12), so they were resampled one by one.
  
  Verdict: RESOLVED. A is faster than B: the difference is real, as its interval excludes zero and it exceeds the noise floor.
  
  Warnings:
    - the program holds 118 MB of live data, more than the caches of many machines; for data that size, where it lies in memory can shift the result by several points in ways the interval does not cover, and differently in the next process; run the comparison in several processes with the multiproc package
    - in 50% of A/A runs this setup reported a difference between identical code, well above the 10% expected; treat any confidence from it with suspicion

build from empty to 12775 elements, per whole build (45983 operations):
  A: 1.046e+07 ns per operation (median)
  B: 1.418e+07 ns per operation (median)
  A needs 26.2% less time than B: B takes 1.36 times as long as A.
  With 95% confidence the difference lies between 25.4% and 27.6% less time (B takes between 1.34 and 1.38 times as long as A).
  Noise floor: 1.76%. Identical code measured against itself on this setup can look that different, so smaller differences mean nothing.
  Neighbouring measurements are nearly independent (autocorrelation -0.13), so they were resampled one by one.
  
  Verdict: RESOLVED. A is faster than B: the difference is real, as its interval excludes zero and it exceeds the noise floor.
  
  Warnings:
    - the program holds 115 MB of live data, more than the caches of many machines; for data that size, where it lies in memory can shift the result by several points in ways the interval does not cover, and differently in the next process; run the comparison in several processes with the multiproc package
    - the ratio B/A was 2.17% higher in the second half of the run than in the first, so the candidates had not reached a steady state and the difference depends on how long the run was; a common cause is a head start for whichever candidate ran alone last before the comparison or had its data built last, which a longer CollectOptions.WarmupDuration removes

== dirs multi n=4096 churn and build: ordered vs ordered-lpage
steady state, per insertion or deletion in a structure of 12775 elements (cycle of 33454 operations, first pass untimed):
  A: 212.5 ns per operation (median)
  B: 213.6 ns per operation (median)
  A needs 0.601% less time than B: B takes 1.01 times as long as A.
  With 95% confidence the difference lies between 0.176% more time and 1.43% less time (B takes between 0.998 and 1.01 times as long as A).
  Noise floor: 0.855%. Identical code measured against itself on this setup can look that different, so smaller differences mean nothing.
  Neighbouring measurements are nearly independent (autocorrelation +0.07), so they were resampled one by one.
  
  Verdict: NOT RESOLVED. This run did not establish which candidate is faster. That is not the same as "equally fast": the warnings below say what is missing.
  
  Warnings:
    - the difference of 0.60% does not clear the 0.85% noise floor, which is what this setup reports between two runs of identical code
    - the interval [-0.18%, 1.43%] includes zero, so a difference in either direction is consistent with these measurements
    - the program holds 115 MB of live data, more than the caches of many machines; for data that size, where it lies in memory can shift the result by several points in ways the interval does not cover, and differently in the next process; run the comparison in several processes with the multiproc package
    - in 50% of A/A runs this setup reported a difference between identical code, well above the 10% expected; treat any confidence from it with suspicion

build from empty to 12775 elements, per whole build (45983 operations):
  A: 1.108e+07 ns per operation (median)
  B: 1.154e+07 ns per operation (median)
  A needs 0.248% less time than B: B takes 1.00 times as long as A.
  With 95% confidence the difference lies between 2.05% more time and 5.14% less time (B takes between 0.98 and 1.05 times as long as A).
  Noise floor: 1.5%. Identical code measured against itself on this setup can look that different, so smaller differences mean nothing.
  Neighbouring measurements are nearly independent (autocorrelation +0.15), so they were resampled one by one.
  
  Verdict: NOT RESOLVED. This run did not establish which candidate is faster. That is not the same as "equally fast": the warnings below say what is missing.
  
  Warnings:
    - the difference of 0.25% does not clear the 1.50% noise floor, which is what this setup reports between two runs of identical code
    - the interval [-2.05%, 5.14%] includes zero, so a difference in either direction is consistent with these measurements
    - the program holds 115 MB of live data, more than the caches of many machines; for data that size, where it lies in memory can shift the result by several points in ways the interval does not cover, and differently in the next process; run the comparison in several processes with the multiproc package

== dirs multi n=4096 churn and build: ordered vs ordered-lpage-mv
steady state, per insertion or deletion in a structure of 12775 elements (cycle of 33454 operations, first pass untimed):
  A: 221.6 ns per operation (median)
  B: 397.9 ns per operation (median)
  A needs 44.5% less time than B: B takes 1.80 times as long as A.
  With 95% confidence the difference lies between 43.7% and 45% less time (B takes between 1.78 and 1.82 times as long as A).
  Noise floor: 2.91%. Identical code measured against itself on this setup can look that different, so smaller differences mean nothing.
  Neighbouring measurements are nearly independent (autocorrelation +0.15), so they were resampled one by one.
  
  Verdict: RESOLVED. A is faster than B: the difference is real, as its interval excludes zero and it exceeds the noise floor.
  
  Warnings:
    - the program holds 115 MB of live data, more than the caches of many machines; for data that size, where it lies in memory can shift the result by several points in ways the interval does not cover, and differently in the next process; run the comparison in several processes with the multiproc package
    - candidate A drifted during the run: its measurements were 4.86% higher in the second half than in the first, so the machine did not hold still

build from empty to 12775 elements, per whole build (45983 operations):
  A: 1.075e+07 ns per operation (median)
  B: 2.204e+07 ns per operation (median)
  A needs 51% less time than B: B takes 2.04 times as long as A.
  With 95% confidence the difference lies between 50.6% and 52.1% less time (B takes between 2.03 and 2.09 times as long as A).
  Noise floor: 0.287%. Identical code measured against itself on this setup can look that different, so smaller differences mean nothing.
  Neighbouring measurements are nearly independent (autocorrelation +0.14), so they were resampled one by one.
  
  Verdict: RESOLVED. A is faster than B: the difference is real, as its interval excludes zero and it exceeds the noise floor.
  
  Warnings:
    - the program holds 115 MB of live data, more than the caches of many machines; for data that size, where it lies in memory can shift the result by several points in ways the interval does not cover, and differently in the next process; run the comparison in several processes with the multiproc package
    - the ratio B/A was 2.77% lower in the second half of the run than in the first, so the candidates had not reached a steady state and the difference depends on how long the run was; a common cause is a head start for whichever candidate ran alone last before the comparison or had its data built last, which a longer CollectOptions.WarmupDuration removes

== dirs multi n=4096 churn and build: ordered vs ordered-lpage-mvzc
steady state, per insertion or deletion in a structure of 12775 elements (cycle of 33454 operations, first pass untimed):
  A: 247.1 ns per operation (median)
  B: 546.9 ns per operation (median)
  A needs 54% less time than B: B takes 2.17 times as long as A.
  With 95% confidence the difference lies between 52.8% and 55.9% less time (B takes between 2.12 and 2.27 times as long as A).
  Noise floor: 1.97%. Identical code measured against itself on this setup can look that different, so smaller differences mean nothing.
  Neighbouring measurements are correlated (autocorrelation +0.23), so they were resampled in blocks of 3.
  
  Verdict: RESOLVED. A is faster than B: the difference is real, as its interval excludes zero and it exceeds the noise floor.
  
  Warnings:
    - the program holds 118 MB of live data, more than the caches of many machines; for data that size, where it lies in memory can shift the result by several points in ways the interval does not cover, and differently in the next process; run the comparison in several processes with the multiproc package
    - the ratio B/A was 6.83% higher in the second half of the run than in the first, so the candidates had not reached a steady state and the difference depends on how long the run was; a common cause is a head start for whichever candidate ran alone last before the comparison or had its data built last, which a longer CollectOptions.WarmupDuration removes

build from empty to 12775 elements, per whole build (45983 operations):
  A: 1.101e+07 ns per operation (median)
  B: 2.553e+07 ns per operation (median)
  A needs 57.2% less time than B: B takes 2.34 times as long as A.
  With 95% confidence the difference lies between 56.3% and 57.6% less time (B takes between 2.29 and 2.36 times as long as A).
  Noise floor: 0.549%. Identical code measured against itself on this setup can look that different, so smaller differences mean nothing.
  Neighbouring measurements are nearly independent (autocorrelation +0.13), so they were resampled one by one.
  
  Verdict: RESOLVED. A is faster than B: the difference is real, as its interval excludes zero and it exceeds the noise floor.
  
  Warnings:
    - the program holds 115 MB of live data, more than the caches of many machines; for data that size, where it lies in memory can shift the result by several points in ways the interval does not cover, and differently in the next process; run the comparison in several processes with the multiproc package

checksum 5721514707889492112
== dirs multi n=4096 valuesFor: ordered vs btree-sets
A: 131.3 ns per operation (median)
B: 212 ns per operation (median)
A needs 37.3% less time than B: B takes 1.59 times as long as A.
With 95% confidence the difference lies between 35.9% and 39.7% less time (B takes between 1.56 and 1.66 times as long as A).
Noise floor: 1.35%. Identical code measured against itself on this setup can look that different, so smaller differences mean nothing.
Neighbouring measurements are nearly independent (autocorrelation -0.55), so they were resampled one by one.

Verdict: RESOLVED. A is faster than B: the difference is real, as its interval excludes zero and it exceeds the noise floor.

Warnings:
  - the program holds 100 MB of live data, more than the caches of many machines; for data that size, where it lies in memory can shift the result by several points in ways the interval does not cover, and differently in the next process; run the comparison in several processes with the multiproc package

== dirs multi n=4096 valuesFor: ordered vs ordered-lpage
A: 129.4 ns per operation (median)
B: 129 ns per operation (median)
A needs 0.0324% more time than B: B takes only 1.00 times as long as A.
With 95% confidence the difference lies between 2.16% more time and 0.599% less time (B takes between 0.979 and 1.01 times as long as A).
Noise floor: 1.87%. Identical code measured against itself on this setup can look that different, so smaller differences mean nothing.
Neighbouring measurements are nearly independent (autocorrelation +0.20), so they were resampled one by one.

Verdict: NOT RESOLVED. This run did not establish which candidate is faster. That is not the same as "equally fast": the warnings below say what is missing.

Warnings:
  - the difference of -0.03% does not clear the 1.87% noise floor, which is what this setup reports between two runs of identical code
  - the interval [-2.16%, 0.60%] includes zero, so a difference in either direction is consistent with these measurements
  - the program holds 100 MB of live data, more than the caches of many machines; for data that size, where it lies in memory can shift the result by several points in ways the interval does not cover, and differently in the next process; run the comparison in several processes with the multiproc package

== dirs multi n=4096 valuesFor: ordered vs ordered-lpage-mv
A: 131.5 ns per operation (median)
B: 226.4 ns per operation (median)
A needs 41.6% less time than B: B takes 1.71 times as long as A.
With 95% confidence the difference lies between 41.2% and 42.5% less time (B takes between 1.7 and 1.74 times as long as A).
Noise floor: 1.48%. Identical code measured against itself on this setup can look that different, so smaller differences mean nothing.
Neighbouring measurements are nearly independent (autocorrelation +0.14), so they were resampled one by one.

Verdict: RESOLVED. A is faster than B: the difference is real, as its interval excludes zero and it exceeds the noise floor.

Warnings:
  - the program holds 114 MB of live data, more than the caches of many machines; for data that size, where it lies in memory can shift the result by several points in ways the interval does not cover, and differently in the next process; run the comparison in several processes with the multiproc package

== dirs multi n=4096 valuesFor: ordered vs ordered-lpage-mvzc
A: 134.1 ns per operation (median)
B: 210 ns per operation (median)
A needs 36.1% less time than B: B takes 1.56 times as long as A.
With 95% confidence the difference lies between 34.9% and 37.1% less time (B takes between 1.54 and 1.59 times as long as A).
Noise floor: 1.37%. Identical code measured against itself on this setup can look that different, so smaller differences mean nothing.
Neighbouring measurements are nearly independent (autocorrelation +0.12), so they were resampled one by one.

Verdict: RESOLVED. A is faster than B: the difference is real, as its interval excludes zero and it exceeds the noise floor.

Warnings:
  - the program holds 114 MB of live data, more than the caches of many machines; for data that size, where it lies in memory can shift the result by several points in ways the interval does not cover, and differently in the next process; run the comparison in several processes with the multiproc package

== dirs multi n=4096 valuesBetween: ordered vs btree-sets
A: 4039 ns per operation (median)
B: 1.236e+04 ns per operation (median)
A needs 67.1% less time than B: B takes 3.04 times as long as A.
With 95% confidence the difference lies between 66.8% and 67.7% less time (B takes between 3.01 and 3.09 times as long as A).
Noise floor: 4.12%. Identical code measured against itself on this setup can look that different, so smaller differences mean nothing.
Neighbouring measurements are correlated (autocorrelation +0.28), so they were resampled in blocks of 3.

Verdict: RESOLVED. A is faster than B: the difference is real, as its interval excludes zero and it exceeds the noise floor.

Warnings:
  - the program holds 114 MB of live data, more than the caches of many machines; for data that size, where it lies in memory can shift the result by several points in ways the interval does not cover, and differently in the next process; run the comparison in several processes with the multiproc package
  - in 50% of A/A runs this setup reported a difference between identical code, well above the 10% expected; treat any confidence from it with suspicion

== dirs multi n=4096 valuesBetween: ordered vs ordered-lpage
A: 3979 ns per operation (median)
B: 3955 ns per operation (median)
A needs 0.937% less time than B: B takes 1.01 times as long as A.
With 95% confidence the difference lies between 4.03% more time and 3.93% less time (B takes between 0.961 and 1.04 times as long as A).
Noise floor: 1.72%. Identical code measured against itself on this setup can look that different, so smaller differences mean nothing.
Neighbouring measurements are nearly independent (autocorrelation -0.27), so they were resampled one by one.

Verdict: NOT RESOLVED. This run did not establish which candidate is faster. That is not the same as "equally fast": the warnings below say what is missing.

Warnings:
  - the difference of 0.94% does not clear the 1.72% noise floor, which is what this setup reports between two runs of identical code
  - the interval [-4.03%, 3.93%] includes zero, so a difference in either direction is consistent with these measurements
  - the program holds 114 MB of live data, more than the caches of many machines; for data that size, where it lies in memory can shift the result by several points in ways the interval does not cover, and differently in the next process; run the comparison in several processes with the multiproc package

== dirs multi n=4096 valuesBetween: ordered vs ordered-lpage-mv
A: 3974 ns per operation (median)
B: 4047 ns per operation (median)
A needs 2.79% less time than B: B takes 1.03 times as long as A.
With 95% confidence the difference lies between 1.56% more time and 5.32% less time (B takes between 0.985 and 1.06 times as long as A).
Noise floor: 2.26%. Identical code measured against itself on this setup can look that different, so smaller differences mean nothing.
Neighbouring measurements are nearly independent (autocorrelation +0.16), so they were resampled one by one.

Verdict: NOT RESOLVED. This run did not establish which candidate is faster. That is not the same as "equally fast": the warnings below say what is missing.

Warnings:
  - the interval [-1.56%, 5.32%] includes zero, so a difference in either direction is consistent with these measurements
  - the program holds 115 MB of live data, more than the caches of many machines; for data that size, where it lies in memory can shift the result by several points in ways the interval does not cover, and differently in the next process; run the comparison in several processes with the multiproc package
  - in 50% of A/A runs this setup reported a difference between identical code, well above the 10% expected; treat any confidence from it with suspicion

== dirs multi n=4096 valuesBetween: ordered vs ordered-lpage-mvzc
A: 3916 ns per operation (median)
B: 3038 ns per operation (median)
A needs 28.5% more time than B: B takes only 0.78 times as long as A.
With 95% confidence the difference lies between 26.4% and 30.6% more time (B takes between 0.766 and 0.79 times as long as A).
Noise floor: 2.21%. Identical code measured against itself on this setup can look that different, so smaller differences mean nothing.
Neighbouring measurements are nearly independent (autocorrelation +0.10), so they were resampled one by one.

Verdict: RESOLVED. A is slower than B: the difference is real, as its interval excludes zero and it exceeds the noise floor.

Warnings:
  - the program holds 115 MB of live data, more than the caches of many machines; for data that size, where it lies in memory can shift the result by several points in ways the interval does not cover, and differently in the next process; run the comparison in several processes with the multiproc package

== dirs multi n=4096 prefix: ordered vs btree-sets
A: 4421 ns per operation (median)
B: 1.703e+04 ns per operation (median)
A needs 74.7% less time than B: B takes 3.96 times as long as A.
With 95% confidence the difference lies between 72.8% and 76% less time (B takes between 3.68 and 4.18 times as long as A).
Noise floor: 3.64%. Identical code measured against itself on this setup can look that different, so smaller differences mean nothing.
Neighbouring measurements are nearly independent (autocorrelation -0.02), so they were resampled one by one.

Verdict: RESOLVED. A is faster than B: the difference is real, as its interval excludes zero and it exceeds the noise floor.

Warnings:
  - the program holds 115 MB of live data, more than the caches of many machines; for data that size, where it lies in memory can shift the result by several points in ways the interval does not cover, and differently in the next process; run the comparison in several processes with the multiproc package

== dirs multi n=4096 prefix: ordered vs ordered-lpage
A: 4523 ns per operation (median)
B: 4646 ns per operation (median)
A needs 0.609% less time than B: B takes 1.01 times as long as A.
With 95% confidence the difference lies between 3.63% more time and 4.33% less time (B takes between 0.965 and 1.05 times as long as A).
Noise floor: 4.77%. Identical code measured against itself on this setup can look that different, so smaller differences mean nothing.
Neighbouring measurements are nearly independent (autocorrelation -0.25), so they were resampled one by one.

Verdict: NOT RESOLVED. This run did not establish which candidate is faster. That is not the same as "equally fast": the warnings below say what is missing.

Warnings:
  - the difference of 0.61% does not clear the 4.77% noise floor, which is what this setup reports between two runs of identical code
  - the interval [-3.63%, 4.33%] includes zero, so a difference in either direction is consistent with these measurements
  - the program holds 115 MB of live data, more than the caches of many machines; for data that size, where it lies in memory can shift the result by several points in ways the interval does not cover, and differently in the next process; run the comparison in several processes with the multiproc package

== dirs multi n=4096 prefix: ordered vs ordered-lpage-mv
A: 4466 ns per operation (median)
B: 5205 ns per operation (median)
A needs 10.8% less time than B: B takes 1.12 times as long as A.
With 95% confidence the difference lies between 6.22% and 16.3% less time (B takes between 1.07 and 1.19 times as long as A).
Noise floor: 4.3%. Identical code measured against itself on this setup can look that different, so smaller differences mean nothing.
Neighbouring measurements are nearly independent (autocorrelation -0.02), so they were resampled one by one.

Verdict: RESOLVED. A is faster than B: the difference is real, as its interval excludes zero and it exceeds the noise floor.

Warnings:
  - the program holds 116 MB of live data, more than the caches of many machines; for data that size, where it lies in memory can shift the result by several points in ways the interval does not cover, and differently in the next process; run the comparison in several processes with the multiproc package

== dirs multi n=4096 prefix: ordered vs ordered-lpage-mvzc
A: 4855 ns per operation (median)
B: 3851 ns per operation (median)
A needs 26.9% more time than B: B takes only 0.79 times as long as A.
With 95% confidence the difference lies between 12.2% and 44.4% more time (B takes between 0.692 and 0.89 times as long as A).
Noise floor: 5.48%. Identical code measured against itself on this setup can look that different, so smaller differences mean nothing.
Neighbouring measurements are nearly independent (autocorrelation -0.02), so they were resampled one by one.

Verdict: RESOLVED. A is slower than B: the difference is real, as its interval excludes zero and it exceeds the noise floor.

Warnings:
  - the program holds 116 MB of live data, more than the caches of many machines; for data that size, where it lies in memory can shift the result by several points in ways the interval does not cover, and differently in the next process; run the comparison in several processes with the multiproc package
  - in 50% of A/A runs this setup reported a difference between identical code, well above the 10% expected; treat any confidence from it with suspicion

== dirs multi n=4096 churn and build: ordered vs btree-sets
steady state, per insertion or deletion in a structure of 12775 elements (cycle of 33454 operations, first pass untimed):
  A: 220 ns per operation (median)
  B: 297.8 ns per operation (median)
  A needs 26.3% less time than B: B takes 1.36 times as long as A.
  With 95% confidence the difference lies between 24.4% and 27.5% less time (B takes between 1.32 and 1.38 times as long as A).
  Noise floor: 1.93%. Identical code measured against itself on this setup can look that different, so smaller differences mean nothing.
  Neighbouring measurements are nearly independent (autocorrelation +0.11), so they were resampled one by one.
  
  Verdict: RESOLVED. A is faster than B: the difference is real, as its interval excludes zero and it exceeds the noise floor.
  
  Warnings:
    - the program holds 118 MB of live data, more than the caches of many machines; for data that size, where it lies in memory can shift the result by several points in ways the interval does not cover, and differently in the next process; run the comparison in several processes with the multiproc package
    - candidate A drifted during the run: its measurements were 2.14% lower in the second half than in the first, so the machine did not hold still
    - candidate B drifted during the run: its measurements were 4.11% lower in the second half than in the first, so the machine did not hold still

build from empty to 12775 elements, per whole build (45983 operations):
  A: 1.067e+07 ns per operation (median)
  B: 1.467e+07 ns per operation (median)
  A needs 26.9% less time than B: B takes 1.37 times as long as A.
  With 95% confidence the difference lies between 26.2% and 28.1% less time (B takes between 1.36 and 1.39 times as long as A).
  Noise floor: 0.844%. Identical code measured against itself on this setup can look that different, so smaller differences mean nothing.
  Neighbouring measurements are nearly independent (autocorrelation -0.07), so they were resampled one by one.
  
  Verdict: RESOLVED. A is faster than B: the difference is real, as its interval excludes zero and it exceeds the noise floor.
  
  Warnings:
    - the program holds 115 MB of live data, more than the caches of many machines; for data that size, where it lies in memory can shift the result by several points in ways the interval does not cover, and differently in the next process; run the comparison in several processes with the multiproc package

== dirs multi n=4096 churn and build: ordered vs ordered-lpage
steady state, per insertion or deletion in a structure of 12775 elements (cycle of 33454 operations, first pass untimed):
  A: 214.4 ns per operation (median)
  B: 215.2 ns per operation (median)
  A needs 0.345% less time than B: B takes 1.00 times as long as A.
  With 95% confidence the difference lies between 0.719% more time and 0.902% less time (B takes between 0.993 and 1.01 times as long as A).
  Noise floor: 0.756%. Identical code measured against itself on this setup can look that different, so smaller differences mean nothing.
  Neighbouring measurements are nearly independent (autocorrelation -0.08), so they were resampled one by one.
  
  Verdict: NOT RESOLVED. This run did not establish which candidate is faster. That is not the same as "equally fast": the warnings below say what is missing.
  
  Warnings:
    - the difference of 0.35% does not clear the 0.76% noise floor, which is what this setup reports between two runs of identical code
    - the interval [-0.72%, 0.90%] includes zero, so a difference in either direction is consistent with these measurements
    - the program holds 115 MB of live data, more than the caches of many machines; for data that size, where it lies in memory can shift the result by several points in ways the interval does not cover, and differently in the next process; run the comparison in several processes with the multiproc package
    - candidate A drifted during the run: its measurements were 2.75% lower in the second half than in the first, so the machine did not hold still
    - candidate B drifted during the run: its measurements were 3.54% lower in the second half than in the first, so the machine did not hold still

build from empty to 12775 elements, per whole build (45983 operations):
  A: 1.055e+07 ns per operation (median)
  B: 1.085e+07 ns per operation (median)
  A needs 3.1% less time than B: B takes 1.03 times as long as A.
  With 95% confidence the difference lies between 0.722% and 5.24% less time (B takes between 1.01 and 1.06 times as long as A).
  Noise floor: 1.1%. Identical code measured against itself on this setup can look that different, so smaller differences mean nothing.
  Neighbouring measurements are nearly independent (autocorrelation -0.07), so they were resampled one by one.
  
  Verdict: RESOLVED. A is faster than B: the difference is real, as its interval excludes zero and it exceeds the noise floor.
  
  Warnings:
    - the program holds 115 MB of live data, more than the caches of many machines; for data that size, where it lies in memory can shift the result by several points in ways the interval does not cover, and differently in the next process; run the comparison in several processes with the multiproc package

== dirs multi n=4096 churn and build: ordered vs ordered-lpage-mv
steady state, per insertion or deletion in a structure of 12775 elements (cycle of 33454 operations, first pass untimed):
  A: 219.5 ns per operation (median)
  B: 398.7 ns per operation (median)
  A needs 44.8% less time than B: B takes 1.81 times as long as A.
  With 95% confidence the difference lies between 44.1% and 45.7% less time (B takes between 1.79 and 1.84 times as long as A).
  Noise floor: 2.68%. Identical code measured against itself on this setup can look that different, so smaller differences mean nothing.
  Neighbouring measurements are nearly independent (autocorrelation -0.14), so they were resampled one by one.
  
  Verdict: RESOLVED. A is faster than B: the difference is real, as its interval excludes zero and it exceeds the noise floor.
  
  Warnings:
    - the program holds 115 MB of live data, more than the caches of many machines; for data that size, where it lies in memory can shift the result by several points in ways the interval does not cover, and differently in the next process; run the comparison in several processes with the multiproc package

build from empty to 12775 elements, per whole build (45983 operations):
  A: 1.059e+07 ns per operation (median)
  B: 2.169e+07 ns per operation (median)
  A needs 51% less time than B: B takes 2.04 times as long as A.
  With 95% confidence the difference lies between 50.7% and 51.5% less time (B takes between 2.03 and 2.06 times as long as A).
  Noise floor: 1.09%. Identical code measured against itself on this setup can look that different, so smaller differences mean nothing.
  Neighbouring measurements are nearly independent (autocorrelation +0.02), so they were resampled one by one.
  
  Verdict: RESOLVED. A is faster than B: the difference is real, as its interval excludes zero and it exceeds the noise floor.
  
  Warnings:
    - the program holds 115 MB of live data, more than the caches of many machines; for data that size, where it lies in memory can shift the result by several points in ways the interval does not cover, and differently in the next process; run the comparison in several processes with the multiproc package

== dirs multi n=4096 churn and build: ordered vs ordered-lpage-mvzc
steady state, per insertion or deletion in a structure of 12775 elements (cycle of 33454 operations, first pass untimed):
  A: 234.7 ns per operation (median)
  B: 485.5 ns per operation (median)
  A needs 52.1% less time than B: B takes 2.09 times as long as A.
  With 95% confidence the difference lies between 50.8% and 52.7% less time (B takes between 2.03 and 2.11 times as long as A).
  Noise floor: 2.04%. Identical code measured against itself on this setup can look that different, so smaller differences mean nothing.
  Neighbouring measurements are correlated (autocorrelation +0.36), so they were resampled in blocks of 3.
  
  Verdict: RESOLVED. A is faster than B: the difference is real, as its interval excludes zero and it exceeds the noise floor.
  
  Warnings:
    - the program holds 118 MB of live data, more than the caches of many machines; for data that size, where it lies in memory can shift the result by several points in ways the interval does not cover, and differently in the next process; run the comparison in several processes with the multiproc package

build from empty to 12775 elements, per whole build (45983 operations):
  A: 1.056e+07 ns per operation (median)
  B: 2.53e+07 ns per operation (median)
  A needs 58.6% less time than B: B takes 2.41 times as long as A.
  With 95% confidence the difference lies between 57.9% and 59.6% less time (B takes between 2.38 and 2.48 times as long as A).
  Noise floor: 1.08%. Identical code measured against itself on this setup can look that different, so smaller differences mean nothing.
  Neighbouring measurements are nearly independent (autocorrelation -0.03), so they were resampled one by one.
  
  Verdict: RESOLVED. A is faster than B: the difference is real, as its interval excludes zero and it exceeds the noise floor.
  
  Warnings:
    - the program holds 115 MB of live data, more than the caches of many machines; for data that size, where it lies in memory can shift the result by several points in ways the interval does not cover, and differently in the next process; run the comparison in several processes with the multiproc package

checksum 6609959651000463378
== dirs multi n=4096 valuesFor: ordered vs btree-sets
A: 130.7 ns per operation (median)
B: 211.2 ns per operation (median)
A needs 37.8% less time than B: B takes 1.61 times as long as A.
With 95% confidence the difference lies between 35.4% and 40.1% less time (B takes between 1.55 and 1.67 times as long as A).
Noise floor: 1.93%. Identical code measured against itself on this setup can look that different, so smaller differences mean nothing.
Neighbouring measurements are nearly independent (autocorrelation -0.25), so they were resampled one by one.

Verdict: RESOLVED. A is faster than B: the difference is real, as its interval excludes zero and it exceeds the noise floor.

Warnings:
  - the program holds 95 MB of live data, more than the caches of many machines; for data that size, where it lies in memory can shift the result by several points in ways the interval does not cover, and differently in the next process; run the comparison in several processes with the multiproc package

== dirs multi n=4096 valuesFor: ordered vs ordered-lpage
A: 128.9 ns per operation (median)
B: 128.1 ns per operation (median)
A needs 0.856% more time than B: B takes only 0.99 times as long as A.
With 95% confidence the difference lies between 1.41% more time and 0.403% less time (B takes between 0.986 and 1.00 times as long as A).
Noise floor: 1.18%. Identical code measured against itself on this setup can look that different, so smaller differences mean nothing.
Neighbouring measurements are correlated (autocorrelation +0.37), so they were resampled in blocks of 3.

Verdict: NOT RESOLVED. This run did not establish which candidate is faster. That is not the same as "equally fast": the warnings below say what is missing.

Warnings:
  - the difference of -0.86% does not clear the 1.18% noise floor, which is what this setup reports between two runs of identical code
  - the interval [-1.41%, 0.40%] includes zero, so a difference in either direction is consistent with these measurements
  - the program holds 95 MB of live data, more than the caches of many machines; for data that size, where it lies in memory can shift the result by several points in ways the interval does not cover, and differently in the next process; run the comparison in several processes with the multiproc package

== dirs multi n=4096 valuesFor: ordered vs ordered-lpage-mv
A: 132.3 ns per operation (median)
B: 226.7 ns per operation (median)
A needs 41.5% less time than B: B takes 1.71 times as long as A.
With 95% confidence the difference lies between 40.6% and 42.5% less time (B takes between 1.68 and 1.74 times as long as A).
Noise floor: 0.967%. Identical code measured against itself on this setup can look that different, so smaller differences mean nothing.
Neighbouring measurements are nearly independent (autocorrelation +0.06), so they were resampled one by one.

Verdict: RESOLVED. A is faster than B: the difference is real, as its interval excludes zero and it exceeds the noise floor.

Warnings:
  - the program holds 115 MB of live data, more than the caches of many machines; for data that size, where it lies in memory can shift the result by several points in ways the interval does not cover, and differently in the next process; run the comparison in several processes with the multiproc package

== dirs multi n=4096 valuesFor: ordered vs ordered-lpage-mvzc
A: 131.7 ns per operation (median)
B: 205.3 ns per operation (median)
A needs 35.4% less time than B: B takes 1.55 times as long as A.
With 95% confidence the difference lies between 34.2% and 37.2% less time (B takes between 1.52 and 1.59 times as long as A).
Noise floor: 1.45%. Identical code measured against itself on this setup can look that different, so smaller differences mean nothing.
Neighbouring measurements are nearly independent (autocorrelation -0.15), so they were resampled one by one.

Verdict: RESOLVED. A is faster than B: the difference is real, as its interval excludes zero and it exceeds the noise floor.

Warnings:
  - the program holds 115 MB of live data, more than the caches of many machines; for data that size, where it lies in memory can shift the result by several points in ways the interval does not cover, and differently in the next process; run the comparison in several processes with the multiproc package

== dirs multi n=4096 valuesBetween: ordered vs btree-sets
A: 3945 ns per operation (median)
B: 1.227e+04 ns per operation (median)
A needs 67.8% less time than B: B takes 3.10 times as long as A.
With 95% confidence the difference lies between 66.9% and 68.4% less time (B takes between 3.02 and 3.16 times as long as A).
Noise floor: 1.44%. Identical code measured against itself on this setup can look that different, so smaller differences mean nothing.
Neighbouring measurements are nearly independent (autocorrelation -0.17), so they were resampled one by one.

Verdict: RESOLVED. A is faster than B: the difference is real, as its interval excludes zero and it exceeds the noise floor.

Warnings:
  - the program holds 115 MB of live data, more than the caches of many machines; for data that size, where it lies in memory can shift the result by several points in ways the interval does not cover, and differently in the next process; run the comparison in several processes with the multiproc package
  - in 50% of A/A runs this setup reported a difference between identical code, well above the 10% expected; treat any confidence from it with suspicion

== dirs multi n=4096 valuesBetween: ordered vs ordered-lpage
A: 4003 ns per operation (median)
B: 3977 ns per operation (median)
A needs 0.0157% less time than B: B takes 1.00 times as long as A.
With 95% confidence the difference lies between 2.59% more time and 3.19% less time (B takes between 0.975 and 1.03 times as long as A).
Noise floor: 2.68%. Identical code measured against itself on this setup can look that different, so smaller differences mean nothing.
Neighbouring measurements are nearly independent (autocorrelation -0.48), so they were resampled one by one.

Verdict: NOT RESOLVED. This run did not establish which candidate is faster. That is not the same as "equally fast": the warnings below say what is missing.

Warnings:
  - the difference of 0.02% does not clear the 2.68% noise floor, which is what this setup reports between two runs of identical code
  - the interval [-2.59%, 3.19%] includes zero, so a difference in either direction is consistent with these measurements
  - the program holds 115 MB of live data, more than the caches of many machines; for data that size, where it lies in memory can shift the result by several points in ways the interval does not cover, and differently in the next process; run the comparison in several processes with the multiproc package

== dirs multi n=4096 valuesBetween: ordered vs ordered-lpage-mv
A: 3941 ns per operation (median)
B: 4038 ns per operation (median)
A needs 2.64% less time than B: B takes 1.03 times as long as A.
With 95% confidence the difference lies between 0.16% and 3.94% less time (B takes between 1 and 1.04 times as long as A).
Noise floor: 1.1%. Identical code measured against itself on this setup can look that different, so smaller differences mean nothing.
Neighbouring measurements are nearly independent (autocorrelation -0.11), so they were resampled one by one.

Verdict: RESOLVED. A is faster than B: the difference is real, as its interval excludes zero and it exceeds the noise floor.

Warnings:
  - the program holds 115 MB of live data, more than the caches of many machines; for data that size, where it lies in memory can shift the result by several points in ways the interval does not cover, and differently in the next process; run the comparison in several processes with the multiproc package
  - in 50% of A/A runs this setup reported a difference between identical code, well above the 10% expected; treat any confidence from it with suspicion

== dirs multi n=4096 valuesBetween: ordered vs ordered-lpage-mvzc
A: 3921 ns per operation (median)
B: 3037 ns per operation (median)
A needs 27.3% more time than B: B takes only 0.79 times as long as A.
With 95% confidence the difference lies between 23.8% and 32.7% more time (B takes between 0.754 and 0.81 times as long as A).
Noise floor: 1.73%. Identical code measured against itself on this setup can look that different, so smaller differences mean nothing.
Neighbouring measurements are nearly independent (autocorrelation -0.22), so they were resampled one by one.

Verdict: RESOLVED. A is slower than B: the difference is real, as its interval excludes zero and it exceeds the noise floor.

Warnings:
  - the program holds 115 MB of live data, more than the caches of many machines; for data that size, where it lies in memory can shift the result by several points in ways the interval does not cover, and differently in the next process; run the comparison in several processes with the multiproc package

== dirs multi n=4096 prefix: ordered vs btree-sets
A: 4753 ns per operation (median)
B: 1.764e+04 ns per operation (median)
A needs 72.3% less time than B: B takes 3.61 times as long as A.
With 95% confidence the difference lies between 70.6% and 74.5% less time (B takes between 3.41 and 3.91 times as long as A).
Noise floor: 8.03%. Identical code measured against itself on this setup can look that different, so smaller differences mean nothing.
Neighbouring measurements are nearly independent (autocorrelation -0.29), so they were resampled one by one.

Verdict: RESOLVED. A is faster than B: the difference is real, as its interval excludes zero and it exceeds the noise floor.

Warnings:
  - the program holds 115 MB of live data, more than the caches of many machines; for data that size, where it lies in memory can shift the result by several points in ways the interval does not cover, and differently in the next process; run the comparison in several processes with the multiproc package
  - in 50% of A/A runs this setup reported a difference between identical code, well above the 10% expected; treat any confidence from it with suspicion

== dirs multi n=4096 prefix: ordered vs ordered-lpage
A: 4476 ns per operation (median)
B: 4522 ns per operation (median)
A needs 0.648% less time than B: B takes 1.01 times as long as A.
With 95% confidence the difference lies between 2.22% more time and 3.69% less time (B takes between 0.978 and 1.04 times as long as A).
Noise floor: 2.14%. Identical code measured against itself on this setup can look that different, so smaller differences mean nothing.
Neighbouring measurements are nearly independent (autocorrelation -0.11), so they were resampled one by one.

Verdict: NOT RESOLVED. This run did not establish which candidate is faster. That is not the same as "equally fast": the warnings below say what is missing.

Warnings:
  - the difference of 0.65% does not clear the 2.14% noise floor, which is what this setup reports between two runs of identical code
  - the interval [-2.22%, 3.69%] includes zero, so a difference in either direction is consistent with these measurements
  - the program holds 115 MB of live data, more than the caches of many machines; for data that size, where it lies in memory can shift the result by several points in ways the interval does not cover, and differently in the next process; run the comparison in several processes with the multiproc package

== dirs multi n=4096 prefix: ordered vs ordered-lpage-mv
A: 4645 ns per operation (median)
B: 5065 ns per operation (median)
A needs 11.3% less time than B: B takes 1.13 times as long as A.
With 95% confidence the difference lies between 2.44% more time and 17.2% less time (B takes between 0.976 and 1.21 times as long as A).
Noise floor: 7.52%. Identical code measured against itself on this setup can look that different, so smaller differences mean nothing.
Neighbouring measurements are nearly independent (autocorrelation +0.07), so they were resampled one by one.

Verdict: NOT RESOLVED. This run did not establish which candidate is faster. That is not the same as "equally fast": the warnings below say what is missing.

Warnings:
  - the interval [-2.44%, 17.22%] includes zero, so a difference in either direction is consistent with these measurements
  - the program holds 115 MB of live data, more than the caches of many machines; for data that size, where it lies in memory can shift the result by several points in ways the interval does not cover, and differently in the next process; run the comparison in several processes with the multiproc package

== dirs multi n=4096 prefix: ordered vs ordered-lpage-mvzc
A: 4583 ns per operation (median)
B: 3632 ns per operation (median)
A needs 28.7% more time than B: B takes only 0.78 times as long as A.
With 95% confidence the difference lies between 18.9% and 37.8% more time (B takes between 0.726 and 0.84 times as long as A).
Noise floor: 8.34%. Identical code measured against itself on this setup can look that different, so smaller differences mean nothing.
Neighbouring measurements are nearly independent (autocorrelation -0.23), so they were resampled one by one.

Verdict: RESOLVED. A is slower than B: the difference is real, as its interval excludes zero and it exceeds the noise floor.

Warnings:
  - the program holds 115 MB of live data, more than the caches of many machines; for data that size, where it lies in memory can shift the result by several points in ways the interval does not cover, and differently in the next process; run the comparison in several processes with the multiproc package
  - in 50% of A/A runs this setup reported a difference between identical code, well above the 10% expected; treat any confidence from it with suspicion

== dirs multi n=4096 churn and build: ordered vs btree-sets
steady state, per insertion or deletion in a structure of 12775 elements (cycle of 33454 operations, first pass untimed):
  A: 217.7 ns per operation (median)
  B: 301.2 ns per operation (median)
  A needs 26.9% less time than B: B takes 1.37 times as long as A.
  With 95% confidence the difference lies between 23.9% and 27.6% less time (B takes between 1.31 and 1.38 times as long as A).
  Noise floor: 0.953%. Identical code measured against itself on this setup can look that different, so smaller differences mean nothing.
  Neighbouring measurements are nearly independent (autocorrelation +0.10), so they were resampled one by one.
  
  Verdict: RESOLVED. A is faster than B: the difference is real, as its interval excludes zero and it exceeds the noise floor.
  
  Warnings:
    - the program holds 118 MB of live data, more than the caches of many machines; for data that size, where it lies in memory can shift the result by several points in ways the interval does not cover, and differently in the next process; run the comparison in several processes with the multiproc package
    - candidate A drifted during the run: its measurements were 2.4% higher in the second half than in the first, so the machine did not hold still
    - candidate B drifted during the run: its measurements were 5.4% higher in the second half than in the first, so the machine did not hold still

build from empty to 12775 elements, per whole build (45983 operations):
  A: 1.056e+07 ns per operation (median)
  B: 1.462e+07 ns per operation (median)
  A needs 26.4% less time than B: B takes 1.36 times as long as A.
  With 95% confidence the difference lies between 25.7% and 29.1% less time (B takes between 1.35 and 1.41 times as long as A).
  Noise floor: 1.33%. Identical code measured against itself on this setup can look that different, so smaller differences mean nothing.
  Neighbouring measurements are nearly independent (autocorrelation +0.06), so they were resampled one by one.
  
  Verdict: RESOLVED. A is faster than B: the difference is real, as its interval excludes zero and it exceeds the noise floor.
  
  Warnings:
    - the program holds 115 MB of live data, more than the caches of many machines; for data that size, where it lies in memory can shift the result by several points in ways the interval does not cover, and differently in the next process; run the comparison in several processes with the multiproc package

== dirs multi n=4096 churn and build: ordered vs ordered-lpage
steady state, per insertion or deletion in a structure of 12775 elements (cycle of 33454 operations, first pass untimed):
  A: 213 ns per operation (median)
  B: 213.9 ns per operation (median)
  A needs 0.442% less time than B: B takes 1.00 times as long as A.
  With 95% confidence the difference lies between 0.291% more time and 0.889% less time (B takes between 0.997 and 1.01 times as long as A).
  Noise floor: 1.03%. Identical code measured against itself on this setup can look that different, so smaller differences mean nothing.
  Neighbouring measurements are nearly independent (autocorrelation +0.11), so they were resampled one by one.
  
  Verdict: NOT RESOLVED. This run did not establish which candidate is faster. That is not the same as "equally fast": the warnings below say what is missing.
  
  Warnings:
    - the difference of 0.44% does not clear the 1.03% noise floor, which is what this setup reports between two runs of identical code
    - the interval [-0.29%, 0.89%] includes zero, so a difference in either direction is consistent with these measurements
    - the program holds 115 MB of live data, more than the caches of many machines; for data that size, where it lies in memory can shift the result by several points in ways the interval does not cover, and differently in the next process; run the comparison in several processes with the multiproc package
    - candidate A drifted during the run: its measurements were 2.6% lower in the second half than in the first, so the machine did not hold still
    - candidate B drifted during the run: its measurements were 2.21% lower in the second half than in the first, so the machine did not hold still
    - in 50% of A/A runs this setup reported a difference between identical code, well above the 10% expected; treat any confidence from it with suspicion

build from empty to 12775 elements, per whole build (45983 operations):
  A: 1.081e+07 ns per operation (median)
  B: 1.104e+07 ns per operation (median)
  A needs 2.77% less time than B: B takes 1.03 times as long as A.
  With 95% confidence the difference lies between 1.08% and 4.51% less time (B takes between 1.01 and 1.05 times as long as A).
  Noise floor: 1.25%. Identical code measured against itself on this setup can look that different, so smaller differences mean nothing.
  Neighbouring measurements are nearly independent (autocorrelation -0.15), so they were resampled one by one.
  
  Verdict: RESOLVED. A is faster than B: the difference is real, as its interval excludes zero and it exceeds the noise floor.
  
  Warnings:
    - the program holds 115 MB of live data, more than the caches of many machines; for data that size, where it lies in memory can shift the result by several points in ways the interval does not cover, and differently in the next process; run the comparison in several processes with the multiproc package

== dirs multi n=4096 churn and build: ordered vs ordered-lpage-mv
steady state, per insertion or deletion in a structure of 12775 elements (cycle of 33454 operations, first pass untimed):
  A: 220.1 ns per operation (median)
  B: 400.3 ns per operation (median)
  A needs 45% less time than B: B takes 1.82 times as long as A.
  With 95% confidence the difference lies between 44.4% and 45.8% less time (B takes between 1.8 and 1.84 times as long as A).
  Noise floor: 0.741%. Identical code measured against itself on this setup can look that different, so smaller differences mean nothing.
  Neighbouring measurements are nearly independent (autocorrelation +0.00), so they were resampled one by one.
  
  Verdict: RESOLVED. A is faster than B: the difference is real, as its interval excludes zero and it exceeds the noise floor.
  
  Warnings:
    - the program holds 115 MB of live data, more than the caches of many machines; for data that size, where it lies in memory can shift the result by several points in ways the interval does not cover, and differently in the next process; run the comparison in several processes with the multiproc package
    - candidate A drifted during the run: its measurements were 1.73% lower in the second half than in the first, so the machine did not hold still

build from empty to 12775 elements, per whole build (45983 operations):
  A: 1.063e+07 ns per operation (median)
  B: 2.171e+07 ns per operation (median)
  A needs 51.4% less time than B: B takes 2.06 times as long as A.
  With 95% confidence the difference lies between 50.6% and 51.6% less time (B takes between 2.02 and 2.07 times as long as A).
  Noise floor: 0.423%. Identical code measured against itself on this setup can look that different, so smaller differences mean nothing.
  Neighbouring measurements are nearly independent (autocorrelation -0.11), so they were resampled one by one.
  
  Verdict: RESOLVED. A is faster than B: the difference is real, as its interval excludes zero and it exceeds the noise floor.
  
  Warnings:
    - the program holds 115 MB of live data, more than the caches of many machines; for data that size, where it lies in memory can shift the result by several points in ways the interval does not cover, and differently in the next process; run the comparison in several processes with the multiproc package
    - the ratio B/A was 1.46% lower in the second half of the run than in the first, so the candidates had not reached a steady state and the difference depends on how long the run was; a common cause is a head start for whichever candidate ran alone last before the comparison or had its data built last, which a longer CollectOptions.WarmupDuration removes

== dirs multi n=4096 churn and build: ordered vs ordered-lpage-mvzc
steady state, per insertion or deletion in a structure of 12775 elements (cycle of 33454 operations, first pass untimed):
  A: 245.8 ns per operation (median)
  B: 507.5 ns per operation (median)
  A needs 51.3% less time than B: B takes 2.05 times as long as A.
  With 95% confidence the difference lies between 49.8% and 52.8% less time (B takes between 1.99 and 2.12 times as long as A).
  Noise floor: 2.16%. Identical code measured against itself on this setup can look that different, so smaller differences mean nothing.
  Neighbouring measurements are nearly independent (autocorrelation +0.17), so they were resampled one by one.
  
  Verdict: RESOLVED. A is faster than B: the difference is real, as its interval excludes zero and it exceeds the noise floor.
  
  Warnings:
    - the program holds 117 MB of live data, more than the caches of many machines; for data that size, where it lies in memory can shift the result by several points in ways the interval does not cover, and differently in the next process; run the comparison in several processes with the multiproc package
    - candidate B drifted during the run: its measurements were 4.56% lower in the second half than in the first, so the machine did not hold still

build from empty to 12775 elements, per whole build (45983 operations):
  A: 1.06e+07 ns per operation (median)
  B: 2.538e+07 ns per operation (median)
  A needs 58.5% less time than B: B takes 2.41 times as long as A.
  With 95% confidence the difference lies between 57.8% and 59% less time (B takes between 2.37 and 2.44 times as long as A).
  Noise floor: 1.1%. Identical code measured against itself on this setup can look that different, so smaller differences mean nothing.
  Neighbouring measurements are nearly independent (autocorrelation +0.05), so they were resampled one by one.
  
  Verdict: RESOLVED. A is faster than B: the difference is real, as its interval excludes zero and it exceeds the noise floor.
  
  Warnings:
    - the program holds 115 MB of live data, more than the caches of many machines; for data that size, where it lies in memory can shift the result by several points in ways the interval does not cover, and differently in the next process; run the comparison in several processes with the multiproc package

checksum 12756927826762533548
