== street multi n=16384 valuesFor: ordered vs hashed
A: 102.6 ns per operation (median)
B: 42.13 ns per operation (median)
A needs 134% more time than B: B takes only 0.43 times as long as A.
With 95% confidence the difference lies between 128% and 158% more time (B takes between 0.387 and 0.44 times as long as A).
Noise floor: 0.626%. Identical code measured against itself on this setup can look that different, so smaller differences mean nothing.
Neighbouring measurements are nearly independent (autocorrelation +0.06), so they were resampled one by one.

Verdict: RESOLVED. A is slower than B: the difference is real, as its interval excludes zero and it exceeds the noise floor.

Warnings:
  - the program holds 103 MB of live data, more than the caches of many machines; for data that size, where it lies in memory can shift the result by several points in ways the interval does not cover, and differently in the next process; run the comparison in several processes with the multiproc package

== street multi n=16384 valuesFor: ordered vs btree-sets
A: 111.9 ns per operation (median)
B: 267.1 ns per operation (median)
A needs 59.7% less time than B: B takes 2.48 times as long as A.
With 95% confidence the difference lies between 55.2% and 61.2% less time (B takes between 2.23 and 2.58 times as long as A).
Noise floor: 3.04%. Identical code measured against itself on this setup can look that different, so smaller differences mean nothing.
Neighbouring measurements are correlated (autocorrelation +0.37), so they were resampled in blocks of 3.

Verdict: RESOLVED. A is faster than B: the difference is real, as its interval excludes zero and it exceeds the noise floor.

Warnings:
  - the program holds 103 MB of live data, more than the caches of many machines; for data that size, where it lies in memory can shift the result by several points in ways the interval does not cover, and differently in the next process; run the comparison in several processes with the multiproc package

== street multi n=16384 valuesFor: ordered vs map-sets
A: 102.2 ns per operation (median)
B: 95.91 ns per operation (median)
A needs 6.72% more time than B: B takes only 0.94 times as long as A.
With 95% confidence the difference lies between 4.57% and 9.76% more time (B takes between 0.911 and 0.96 times as long as A).
Noise floor: 4.35%. Identical code measured against itself on this setup can look that different, so smaller differences mean nothing.
Neighbouring measurements are nearly independent (autocorrelation -0.03), so they were resampled one by one.

Verdict: RESOLVED. A is slower than B: the difference is real, as its interval excludes zero and it exceeds the noise floor.

Warnings:
  - the program holds 103 MB of live data, more than the caches of many machines; for data that size, where it lies in memory can shift the result by several points in ways the interval does not cover, and differently in the next process; run the comparison in several processes with the multiproc package
  - in 50% of A/A runs this setup reported a difference between identical code, well above the 10% expected; treat any confidence from it with suspicion

== street multi n=16384 valuesBetween: ordered vs hashed
A: 3862 ns per operation (median)
B: 2.901e+05 ns per operation (median)
A needs 98.7% less time than B: B takes 75.34 times as long as A.
With 95% confidence the difference lies between 98.5% and 98.7% less time (B takes between 64.7 and 76.85 times as long as A).
Noise floor: 1.72%. Identical code measured against itself on this setup can look that different, so smaller differences mean nothing.
Neighbouring measurements are nearly independent (autocorrelation +0.02), so they were resampled one by one.

Verdict: RESOLVED. A is faster than B: the difference is real, as its interval excludes zero and it exceeds the noise floor.

Warnings:
  - the program holds 103 MB of live data, more than the caches of many machines; for data that size, where it lies in memory can shift the result by several points in ways the interval does not cover, and differently in the next process; run the comparison in several processes with the multiproc package
  - in 50% of A/A runs this setup reported a difference between identical code, well above the 10% expected; treat any confidence from it with suspicion

== street multi n=16384 valuesBetween: ordered vs btree-sets
A: 3869 ns per operation (median)
B: 6982 ns per operation (median)
A needs 43.5% less time than B: B takes 1.77 times as long as A.
With 95% confidence the difference lies between 40.9% and 48.1% less time (B takes between 1.69 and 1.93 times as long as A).
Noise floor: 1%. Identical code measured against itself on this setup can look that different, so smaller differences mean nothing.
Neighbouring measurements are nearly independent (autocorrelation +0.03), so they were resampled one by one.

Verdict: RESOLVED. A is faster than B: the difference is real, as its interval excludes zero and it exceeds the noise floor.

Warnings:
  - the program holds 103 MB of live data, more than the caches of many machines; for data that size, where it lies in memory can shift the result by several points in ways the interval does not cover, and differently in the next process; run the comparison in several processes with the multiproc package
  - candidate A drifted during the run: its measurements were 5.05% higher in the second half than in the first, so the machine did not hold still
  - candidate B drifted during the run: its measurements were 13.6% higher in the second half than in the first, so the machine did not hold still

== street multi n=16384 valuesBetween: ordered vs map-sets
A: 4050 ns per operation (median)
B: 2.771e+05 ns per operation (median)
A needs 98.5% less time than B: B takes 68.91 times as long as A.
With 95% confidence the difference lies between 98.5% and 98.6% less time (B takes between 65.1 and 71.66 times as long as A).
Noise floor: 8.77%. Identical code measured against itself on this setup can look that different, so smaller differences mean nothing.
Neighbouring measurements are nearly independent (autocorrelation +0.18), so they were resampled one by one.

Verdict: RESOLVED. A is faster than B: the difference is real, as its interval excludes zero and it exceeds the noise floor.

Warnings:
  - the program holds 103 MB of live data, more than the caches of many machines; for data that size, where it lies in memory can shift the result by several points in ways the interval does not cover, and differently in the next process; run the comparison in several processes with the multiproc package

== street multi n=16384 prefix: ordered vs hashed
A: 1456 ns per operation (median)
B: 2.962e+05 ns per operation (median)
A needs 99.5% less time than B: B takes 206.10 times as long as A.
With 95% confidence the difference lies between 99.5% and 99.6% less time (B takes between 186 and 228.37 times as long as A).
Noise floor: 4.69%. Identical code measured against itself on this setup can look that different, so smaller differences mean nothing.
Neighbouring measurements are nearly independent (autocorrelation +0.15), so they were resampled one by one.

Verdict: RESOLVED. A is faster than B: the difference is real, as its interval excludes zero and it exceeds the noise floor.

Warnings:
  - the program holds 103 MB of live data, more than the caches of many machines; for data that size, where it lies in memory can shift the result by several points in ways the interval does not cover, and differently in the next process; run the comparison in several processes with the multiproc package

== street multi n=16384 prefix: ordered vs btree-sets
A: 1280 ns per operation (median)
B: 2504 ns per operation (median)
A needs 48.9% less time than B: B takes 1.96 times as long as A.
With 95% confidence the difference lies between 45.6% and 53.1% less time (B takes between 1.84 and 2.13 times as long as A).
Noise floor: 1.36%. Identical code measured against itself on this setup can look that different, so smaller differences mean nothing.
Neighbouring measurements are nearly independent (autocorrelation -0.03), so they were resampled one by one.

Verdict: RESOLVED. A is faster than B: the difference is real, as its interval excludes zero and it exceeds the noise floor.

Warnings:
  - the program holds 103 MB of live data, more than the caches of many machines; for data that size, where it lies in memory can shift the result by several points in ways the interval does not cover, and differently in the next process; run the comparison in several processes with the multiproc package

== street multi n=16384 prefix: ordered vs map-sets
A: 1426 ns per operation (median)
B: 2.766e+05 ns per operation (median)
A needs 99.5% less time than B: B takes 194.99 times as long as A.
With 95% confidence the difference lies between 99.5% and 99.5% less time (B takes between 184 and 200.61 times as long as A).
Noise floor: 2.86%. Identical code measured against itself on this setup can look that different, so smaller differences mean nothing.
Neighbouring measurements are nearly independent (autocorrelation -0.10), so they were resampled one by one.

Verdict: RESOLVED. A is faster than B: the difference is real, as its interval excludes zero and it exceeds the noise floor.

Warnings:
  - the program holds 103 MB of live data, more than the caches of many machines; for data that size, where it lies in memory can shift the result by several points in ways the interval does not cover, and differently in the next process; run the comparison in several processes with the multiproc package

== street multi n=16384 churn and build: ordered vs hashed
steady state, per insertion or deletion in a structure of 42299 elements (cycle of 111004 operations, first pass untimed):
  A: 180.5 ns per operation (median)
  B: 87.06 ns per operation (median)
  A needs 109% more time than B: B takes only 0.48 times as long as A.
  With 95% confidence the difference lies between 103% and 112% more time (B takes between 0.472 and 0.49 times as long as A).
  Noise floor: 1.94%. Identical code measured against itself on this setup can look that different, so smaller differences mean nothing.
  Neighbouring measurements are correlated (autocorrelation +0.50), so they were resampled in blocks of 3.
  
  Verdict: RESOLVED. A is slower than B: the difference is real, as its interval excludes zero and it exceeds the noise floor.
  
  Warnings:
    - the program holds 107 MB of live data, more than the caches of many machines; for data that size, where it lies in memory can shift the result by several points in ways the interval does not cover, and differently in the next process; run the comparison in several processes with the multiproc package
    - in 50% of A/A runs this setup reported a difference between identical code, well above the 10% expected; treat any confidence from it with suspicion

build from empty to 42299 elements, per whole build (151987 operations):
  A: 2.769e+07 ns per operation (median)
  B: 1.489e+07 ns per operation (median)
  A needs 86.4% more time than B: B takes only 0.54 times as long as A.
  With 95% confidence the difference lies between 85.1% and 87.4% more time (B takes between 0.534 and 0.54 times as long as A).
  Noise floor: 0.582%. Identical code measured against itself on this setup can look that different, so smaller differences mean nothing.
  Neighbouring measurements are correlated (autocorrelation +0.44), so they were resampled in blocks of 3.
  
  Verdict: RESOLVED. A is slower than B: the difference is real, as its interval excludes zero and it exceeds the noise floor.
  
  Warnings:
    - the program holds 99 MB of live data, more than the caches of many machines; for data that size, where it lies in memory can shift the result by several points in ways the interval does not cover, and differently in the next process; run the comparison in several processes with the multiproc package

== street multi n=16384 churn and build: ordered vs btree-sets
steady state, per insertion or deletion in a structure of 42299 elements (cycle of 111004 operations, first pass untimed):
  A: 197.4 ns per operation (median)
  B: 334.2 ns per operation (median)
  A needs 40.7% less time than B: B takes 1.69 times as long as A.
  With 95% confidence the difference lies between 38.8% and 43.2% less time (B takes between 1.63 and 1.76 times as long as A).
  Noise floor: 3.6%. Identical code measured against itself on this setup can look that different, so smaller differences mean nothing.
  Neighbouring measurements are nearly independent (autocorrelation -0.19), so they were resampled one by one.
  
  Verdict: RESOLVED. A is faster than B: the difference is real, as its interval excludes zero and it exceeds the noise floor.
  
  Warnings:
    - the program holds 110 MB of live data, more than the caches of many machines; for data that size, where it lies in memory can shift the result by several points in ways the interval does not cover, and differently in the next process; run the comparison in several processes with the multiproc package

build from empty to 42299 elements, per whole build (151987 operations):
  A: 2.732e+07 ns per operation (median)
  B: 5.038e+07 ns per operation (median)
  A needs 45.8% less time than B: B takes 1.84 times as long as A.
  With 95% confidence the difference lies between 45.6% and 46.4% less time (B takes between 1.84 and 1.87 times as long as A).
  Noise floor: 0.42%. Identical code measured against itself on this setup can look that different, so smaller differences mean nothing.
  Neighbouring measurements are nearly independent (autocorrelation +0.09), so they were resampled one by one.
  
  Verdict: RESOLVED. A is faster than B: the difference is real, as its interval excludes zero and it exceeds the noise floor.
  
  Warnings:
    - the program holds 99 MB of live data, more than the caches of many machines; for data that size, where it lies in memory can shift the result by several points in ways the interval does not cover, and differently in the next process; run the comparison in several processes with the multiproc package
    - candidate A drifted during the run: its measurements were 0.916% lower in the second half than in the first, so the machine did not hold still
    - the ratio B/A was 1.53% higher in the second half of the run than in the first, so the candidates had not reached a steady state and the difference depends on how long the run was; a common cause is a head start for whichever candidate ran alone last before the comparison or had its data built last, which a longer CollectOptions.WarmupDuration removes

== street multi n=16384 churn and build: ordered vs map-sets
steady state, per insertion or deletion in a structure of 42299 elements (cycle of 111004 operations, first pass untimed):
  A: 185.5 ns per operation (median)
  B: 118.6 ns per operation (median)
  A needs 56.8% more time than B: B takes only 0.64 times as long as A.
  With 95% confidence the difference lies between 53.8% and 64.4% more time (B takes between 0.608 and 0.65 times as long as A).
  Noise floor: 3.72%. Identical code measured against itself on this setup can look that different, so smaller differences mean nothing.
  Neighbouring measurements are correlated (autocorrelation +0.61), so they were resampled in blocks of 3.
  
  Verdict: RESOLVED. A is slower than B: the difference is real, as its interval excludes zero and it exceeds the noise floor.
  
  Warnings:
    - the program holds 110 MB of live data, more than the caches of many machines; for data that size, where it lies in memory can shift the result by several points in ways the interval does not cover, and differently in the next process; run the comparison in several processes with the multiproc package

build from empty to 42299 elements, per whole build (151987 operations):
  A: 2.736e+07 ns per operation (median)
  B: 1.859e+07 ns per operation (median)
  A needs 47.4% more time than B: B takes only 0.68 times as long as A.
  With 95% confidence the difference lies between 46.6% and 49% more time (B takes between 0.671 and 0.68 times as long as A).
  Noise floor: 0.648%. Identical code measured against itself on this setup can look that different, so smaller differences mean nothing.
  Neighbouring measurements are nearly independent (autocorrelation +0.13), so they were resampled one by one.
  
  Verdict: RESOLVED. A is slower than B: the difference is real, as its interval excludes zero and it exceeds the noise floor.
  
  Warnings:
    - the program holds 99 MB of live data, more than the caches of many machines; for data that size, where it lies in memory can shift the result by several points in ways the interval does not cover, and differently in the next process; run the comparison in several processes with the multiproc package

checksum 2202387330977575410
== street multi n=16384 valuesFor: ordered vs hashed
A: 96.23 ns per operation (median)
B: 36.64 ns per operation (median)
A needs 163% more time than B: B takes only 0.38 times as long as A.
With 95% confidence the difference lies between 159% and 166% more time (B takes between 0.376 and 0.39 times as long as A).
Noise floor: 0.418%. Identical code measured against itself on this setup can look that different, so smaller differences mean nothing.
Neighbouring measurements are nearly independent (autocorrelation +0.11), so they were resampled one by one.

Verdict: RESOLVED. A is slower than B: the difference is real, as its interval excludes zero and it exceeds the noise floor.

Warnings:
  - the program holds 98 MB of live data, more than the caches of many machines; for data that size, where it lies in memory can shift the result by several points in ways the interval does not cover, and differently in the next process; run the comparison in several processes with the multiproc package

== street multi n=16384 valuesFor: ordered vs btree-sets
A: 100.6 ns per operation (median)
B: 237.5 ns per operation (median)
A needs 58.2% less time than B: B takes 2.39 times as long as A.
With 95% confidence the difference lies between 56.1% and 58.7% less time (B takes between 2.28 and 2.42 times as long as A).
Noise floor: 1.94%. Identical code measured against itself on this setup can look that different, so smaller differences mean nothing.
Neighbouring measurements are nearly independent (autocorrelation -0.30), so they were resampled one by one.

Verdict: RESOLVED. A is faster than B: the difference is real, as its interval excludes zero and it exceeds the noise floor.

Warnings:
  - the program holds 98 MB of live data, more than the caches of many machines; for data that size, where it lies in memory can shift the result by several points in ways the interval does not cover, and differently in the next process; run the comparison in several processes with the multiproc package

== street multi n=16384 valuesFor: ordered vs map-sets
A: 99.81 ns per operation (median)
B: 91.26 ns per operation (median)
A needs 11% more time than B: B takes only 0.90 times as long as A.
With 95% confidence the difference lies between 5.12% and 12.4% more time (B takes between 0.889 and 0.95 times as long as A).
Noise floor: 1.62%. Identical code measured against itself on this setup can look that different, so smaller differences mean nothing.
Neighbouring measurements are nearly independent (autocorrelation -0.15), so they were resampled one by one.

Verdict: RESOLVED. A is slower than B: the difference is real, as its interval excludes zero and it exceeds the noise floor.

Warnings:
  - the program holds 98 MB of live data, more than the caches of many machines; for data that size, where it lies in memory can shift the result by several points in ways the interval does not cover, and differently in the next process; run the comparison in several processes with the multiproc package

== street multi n=16384 valuesBetween: ordered vs hashed
A: 3657 ns per operation (median)
B: 2.9e+05 ns per operation (median)
A needs 98.7% less time than B: B takes 79.21 times as long as A.
With 95% confidence the difference lies between 98.7% and 98.8% less time (B takes between 78 and 80.78 times as long as A).
Noise floor: 0.708%. Identical code measured against itself on this setup can look that different, so smaller differences mean nothing.
Neighbouring measurements are correlated (autocorrelation +0.41), so they were resampled in blocks of 3.

Verdict: RESOLVED. A is faster than B: the difference is real, as its interval excludes zero and it exceeds the noise floor.

Warnings:
  - the program holds 98 MB of live data, more than the caches of many machines; for data that size, where it lies in memory can shift the result by several points in ways the interval does not cover, and differently in the next process; run the comparison in several processes with the multiproc package
  - candidate A drifted during the run: its measurements were 3.57% lower in the second half than in the first, so the machine did not hold still
  - the ratio B/A was 1.85% higher in the second half of the run than in the first, so the candidates had not reached a steady state and the difference depends on how long the run was; a common cause is a head start for whichever candidate ran alone last before the comparison or had its data built last, which a longer CollectOptions.WarmupDuration removes

== street multi n=16384 valuesBetween: ordered vs btree-sets
A: 3628 ns per operation (median)
B: 5980 ns per operation (median)
A needs 39.3% less time than B: B takes 1.65 times as long as A.
With 95% confidence the difference lies between 38.5% and 39.8% less time (B takes between 1.62 and 1.66 times as long as A).
Noise floor: 0.701%. Identical code measured against itself on this setup can look that different, so smaller differences mean nothing.
Neighbouring measurements are nearly independent (autocorrelation -0.10), so they were resampled one by one.

Verdict: RESOLVED. A is faster than B: the difference is real, as its interval excludes zero and it exceeds the noise floor.

Warnings:
  - the program holds 98 MB of live data, more than the caches of many machines; for data that size, where it lies in memory can shift the result by several points in ways the interval does not cover, and differently in the next process; run the comparison in several processes with the multiproc package

== street multi n=16384 valuesBetween: ordered vs map-sets
A: 3756 ns per operation (median)
B: 2.706e+05 ns per operation (median)
A needs 98.6% less time than B: B takes 72.80 times as long as A.
With 95% confidence the difference lies between 98.6% and 98.6% less time (B takes between 70.6 and 73.48 times as long as A).
Noise floor: 2%. Identical code measured against itself on this setup can look that different, so smaller differences mean nothing.
Neighbouring measurements are nearly independent (autocorrelation +0.15), so they were resampled one by one.

Verdict: RESOLVED. A is faster than B: the difference is real, as its interval excludes zero and it exceeds the noise floor.

Warnings:
  - the program holds 98 MB of live data, more than the caches of many machines; for data that size, where it lies in memory can shift the result by several points in ways the interval does not cover, and differently in the next process; run the comparison in several processes with the multiproc package

== street multi n=16384 prefix: ordered vs hashed
A: 1252 ns per operation (median)
B: 2.901e+05 ns per operation (median)
A needs 99.6% less time than B: B takes 230.76 times as long as A.
With 95% confidence the difference lies between 99.5% and 99.6% less time (B takes between 220 and 244.30 times as long as A).
Noise floor: 3.33%. Identical code measured against itself on this setup can look that different, so smaller differences mean nothing.
Neighbouring measurements are correlated (autocorrelation +0.21), so they were resampled in blocks of 3.

Verdict: RESOLVED. A is faster than B: the difference is real, as its interval excludes zero and it exceeds the noise floor.

Warnings:
  - the program holds 98 MB of live data, more than the caches of many machines; for data that size, where it lies in memory can shift the result by several points in ways the interval does not cover, and differently in the next process; run the comparison in several processes with the multiproc package

== street multi n=16384 prefix: ordered vs btree-sets
A: 1189 ns per operation (median)
B: 2331 ns per operation (median)
A needs 48.7% less time than B: B takes 1.95 times as long as A.
With 95% confidence the difference lies between 46.7% and 51.4% less time (B takes between 1.87 and 2.06 times as long as A).
Noise floor: 4.12%. Identical code measured against itself on this setup can look that different, so smaller differences mean nothing.
Neighbouring measurements are nearly independent (autocorrelation -0.21), so they were resampled one by one.

Verdict: RESOLVED. A is faster than B: the difference is real, as its interval excludes zero and it exceeds the noise floor.

Warnings:
  - the program holds 98 MB of live data, more than the caches of many machines; for data that size, where it lies in memory can shift the result by several points in ways the interval does not cover, and differently in the next process; run the comparison in several processes with the multiproc package

== street multi n=16384 prefix: ordered vs map-sets
A: 1238 ns per operation (median)
B: 2.68e+05 ns per operation (median)
A needs 99.5% less time than B: B takes 217.26 times as long as A.
With 95% confidence the difference lies between 99.5% and 99.5% less time (B takes between 208 and 221.75 times as long as A).
Noise floor: 2.36%. Identical code measured against itself on this setup can look that different, so smaller differences mean nothing.
Neighbouring measurements are correlated (autocorrelation +0.39), so they were resampled in blocks of 3.

Verdict: RESOLVED. A is faster than B: the difference is real, as its interval excludes zero and it exceeds the noise floor.

Warnings:
  - the program holds 98 MB of live data, more than the caches of many machines; for data that size, where it lies in memory can shift the result by several points in ways the interval does not cover, and differently in the next process; run the comparison in several processes with the multiproc package
  - candidate A drifted during the run: its measurements were 3.52% lower in the second half than in the first, so the machine did not hold still
  - the ratio B/A was 4.17% higher in the second half of the run than in the first, so the candidates had not reached a steady state and the difference depends on how long the run was; a common cause is a head start for whichever candidate ran alone last before the comparison or had its data built last, which a longer CollectOptions.WarmupDuration removes

== street multi n=16384 churn and build: ordered vs hashed
steady state, per insertion or deletion in a structure of 42299 elements (cycle of 111004 operations, first pass untimed):
  A: 172.6 ns per operation (median)
  B: 81.54 ns per operation (median)
  A needs 113% more time than B: B takes only 0.47 times as long as A.
  With 95% confidence the difference lies between 110% and 118% more time (B takes between 0.459 and 0.48 times as long as A).
  Noise floor: 0.905%. Identical code measured against itself on this setup can look that different, so smaller differences mean nothing.
  Neighbouring measurements are correlated (autocorrelation +0.23), so they were resampled in blocks of 3.
  
  Verdict: RESOLVED. A is slower than B: the difference is real, as its interval excludes zero and it exceeds the noise floor.
  
  Warnings:
    - the program holds 107 MB of live data, more than the caches of many machines; for data that size, where it lies in memory can shift the result by several points in ways the interval does not cover, and differently in the next process; run the comparison in several processes with the multiproc package

build from empty to 42299 elements, per whole build (151987 operations):
  A: 2.73e+07 ns per operation (median)
  B: 1.46e+07 ns per operation (median)
  A needs 88.3% more time than B: B takes only 0.53 times as long as A.
  With 95% confidence the difference lies between 86.6% and 88.9% more time (B takes between 0.529 and 0.54 times as long as A).
  Noise floor: 0.657%. Identical code measured against itself on this setup can look that different, so smaller differences mean nothing.
  Neighbouring measurements are nearly independent (autocorrelation +0.12), so they were resampled one by one.
  
  Verdict: RESOLVED. A is slower than B: the difference is real, as its interval excludes zero and it exceeds the noise floor.
  
  Warnings:
    - the program holds 99 MB of live data, more than the caches of many machines; for data that size, where it lies in memory can shift the result by several points in ways the interval does not cover, and differently in the next process; run the comparison in several processes with the multiproc package

== street multi n=16384 churn and build: ordered vs btree-sets
steady state, per insertion or deletion in a structure of 42299 elements (cycle of 111004 operations, first pass untimed):
  A: 191.5 ns per operation (median)
  B: 321.7 ns per operation (median)
  A needs 41.2% less time than B: B takes 1.70 times as long as A.
  With 95% confidence the difference lies between 37.9% and 42.5% less time (B takes between 1.61 and 1.74 times as long as A).
  Noise floor: 4.59%. Identical code measured against itself on this setup can look that different, so smaller differences mean nothing.
  Neighbouring measurements are nearly independent (autocorrelation +0.19), so they were resampled one by one.
  
  Verdict: RESOLVED. A is faster than B: the difference is real, as its interval excludes zero and it exceeds the noise floor.
  
  Warnings:
    - the program holds 110 MB of live data, more than the caches of many machines; for data that size, where it lies in memory can shift the result by several points in ways the interval does not cover, and differently in the next process; run the comparison in several processes with the multiproc package

build from empty to 42299 elements, per whole build (151987 operations):
  A: 2.735e+07 ns per operation (median)
  B: 4.999e+07 ns per operation (median)
  A needs 45.1% less time than B: B takes 1.82 times as long as A.
  With 95% confidence the difference lies between 45% and 45.4% less time (B takes between 1.82 and 1.83 times as long as A).
  Noise floor: 0.403%. Identical code measured against itself on this setup can look that different, so smaller differences mean nothing.
  Neighbouring measurements are nearly independent (autocorrelation +0.10), so they were resampled one by one.
  
  Verdict: RESOLVED. A is faster than B: the difference is real, as its interval excludes zero and it exceeds the noise floor.
  
  Warnings:
    - the program holds 99 MB of live data, more than the caches of many machines; for data that size, where it lies in memory can shift the result by several points in ways the interval does not cover, and differently in the next process; run the comparison in several processes with the multiproc package

== street multi n=16384 churn and build: ordered vs map-sets
steady state, per insertion or deletion in a structure of 42299 elements (cycle of 111004 operations, first pass untimed):
  A: 188.6 ns per operation (median)
  B: 113 ns per operation (median)
  A needs 62.8% more time than B: B takes only 0.61 times as long as A.
  With 95% confidence the difference lies between 59.1% and 71.9% more time (B takes between 0.582 and 0.63 times as long as A).
  Noise floor: 3.55%. Identical code measured against itself on this setup can look that different, so smaller differences mean nothing.
  Neighbouring measurements are nearly independent (autocorrelation -0.01), so they were resampled one by one.
  
  Verdict: RESOLVED. A is slower than B: the difference is real, as its interval excludes zero and it exceeds the noise floor.
  
  Warnings:
    - the program holds 110 MB of live data, more than the caches of many machines; for data that size, where it lies in memory can shift the result by several points in ways the interval does not cover, and differently in the next process; run the comparison in several processes with the multiproc package

build from empty to 42299 elements, per whole build (151987 operations):
  A: 2.739e+07 ns per operation (median)
  B: 1.838e+07 ns per operation (median)
  A needs 49.8% more time than B: B takes only 0.67 times as long as A.
  With 95% confidence the difference lies between 48.3% and 50.3% more time (B takes between 0.665 and 0.67 times as long as A).
  Noise floor: 3.35%. Identical code measured against itself on this setup can look that different, so smaller differences mean nothing.
  Neighbouring measurements are nearly independent (autocorrelation +0.18), so they were resampled one by one.
  
  Verdict: RESOLVED. A is slower than B: the difference is real, as its interval excludes zero and it exceeds the noise floor.
  
  Warnings:
    - the program holds 99 MB of live data, more than the caches of many machines; for data that size, where it lies in memory can shift the result by several points in ways the interval does not cover, and differently in the next process; run the comparison in several processes with the multiproc package

checksum 11526585931659301845
== street multi n=16384 valuesFor: ordered vs hashed
A: 103.7 ns per operation (median)
B: 42.36 ns per operation (median)
A needs 154% more time than B: B takes only 0.39 times as long as A.
With 95% confidence the difference lies between 136% and 159% more time (B takes between 0.386 and 0.42 times as long as A).
Noise floor: 1.21%. Identical code measured against itself on this setup can look that different, so smaller differences mean nothing.
Neighbouring measurements are correlated (autocorrelation +0.33), so they were resampled in blocks of 3.

Verdict: RESOLVED. A is slower than B: the difference is real, as its interval excludes zero and it exceeds the noise floor.

Warnings:
  - the program holds 99 MB of live data, more than the caches of many machines; for data that size, where it lies in memory can shift the result by several points in ways the interval does not cover, and differently in the next process; run the comparison in several processes with the multiproc package

== street multi n=16384 valuesFor: ordered vs btree-sets
A: 100.3 ns per operation (median)
B: 237.3 ns per operation (median)
A needs 58.4% less time than B: B takes 2.40 times as long as A.
With 95% confidence the difference lies between 56.1% and 58.8% less time (B takes between 2.28 and 2.43 times as long as A).
Noise floor: 2.22%. Identical code measured against itself on this setup can look that different, so smaller differences mean nothing.
Neighbouring measurements are nearly independent (autocorrelation +0.10), so they were resampled one by one.

Verdict: RESOLVED. A is faster than B: the difference is real, as its interval excludes zero and it exceeds the noise floor.

Warnings:
  - the program holds 99 MB of live data, more than the caches of many machines; for data that size, where it lies in memory can shift the result by several points in ways the interval does not cover, and differently in the next process; run the comparison in several processes with the multiproc package

== street multi n=16384 valuesFor: ordered vs map-sets
A: 104.2 ns per operation (median)
B: 94.9 ns per operation (median)
A needs 4.39% more time than B: B takes only 0.96 times as long as A.
With 95% confidence the difference lies between 2.54% and 8.45% more time (B takes between 0.922 and 0.98 times as long as A).
Noise floor: 3.14%. Identical code measured against itself on this setup can look that different, so smaller differences mean nothing.
Neighbouring measurements are correlated (autocorrelation +0.42), so they were resampled in blocks of 3.

Verdict: RESOLVED. A is slower than B: the difference is real, as its interval excludes zero and it exceeds the noise floor.

Warnings:
  - the program holds 99 MB of live data, more than the caches of many machines; for data that size, where it lies in memory can shift the result by several points in ways the interval does not cover, and differently in the next process; run the comparison in several processes with the multiproc package
  - candidate A drifted during the run: its measurements were 7.2% higher in the second half than in the first, so the machine did not hold still
  - candidate B drifted during the run: its measurements were 21.4% higher in the second half than in the first, so the machine did not hold still
  - the ratio B/A was 9.09% higher in the second half of the run than in the first, so the candidates had not reached a steady state and the difference depends on how long the run was; a common cause is a head start for whichever candidate ran alone last before the comparison or had its data built last, which a longer CollectOptions.WarmupDuration removes

== street multi n=16384 valuesBetween: ordered vs hashed
A: 3594 ns per operation (median)
B: 2.822e+05 ns per operation (median)
A needs 98.7% less time than B: B takes 78.86 times as long as A.
With 95% confidence the difference lies between 98.7% and 98.8% less time (B takes between 78.2 and 80.03 times as long as A).
Noise floor: 1.06%. Identical code measured against itself on this setup can look that different, so smaller differences mean nothing.
Neighbouring measurements are correlated (autocorrelation +0.21), so they were resampled in blocks of 3.

Verdict: RESOLVED. A is faster than B: the difference is real, as its interval excludes zero and it exceeds the noise floor.

Warnings:
  - the program holds 99 MB of live data, more than the caches of many machines; for data that size, where it lies in memory can shift the result by several points in ways the interval does not cover, and differently in the next process; run the comparison in several processes with the multiproc package
  - in 50% of A/A runs this setup reported a difference between identical code, well above the 10% expected; treat any confidence from it with suspicion

== street multi n=16384 valuesBetween: ordered vs btree-sets
A: 3567 ns per operation (median)
B: 5882 ns per operation (median)
A needs 39.3% less time than B: B takes 1.65 times as long as A.
With 95% confidence the difference lies between 38.4% and 40.1% less time (B takes between 1.62 and 1.67 times as long as A).
Noise floor: 0.791%. Identical code measured against itself on this setup can look that different, so smaller differences mean nothing.
Neighbouring measurements are nearly independent (autocorrelation +0.05), so they were resampled one by one.

Verdict: RESOLVED. A is faster than B: the difference is real, as its interval excludes zero and it exceeds the noise floor.

Warnings:
  - the program holds 99 MB of live data, more than the caches of many machines; for data that size, where it lies in memory can shift the result by several points in ways the interval does not cover, and differently in the next process; run the comparison in several processes with the multiproc package

== street multi n=16384 valuesBetween: ordered vs map-sets
A: 3648 ns per operation (median)
B: 2.666e+05 ns per operation (median)
A needs 98.6% less time than B: B takes 72.82 times as long as A.
With 95% confidence the difference lies between 98.6% and 98.6% less time (B takes between 70.5 and 73.89 times as long as A).
Noise floor: 1.32%. Identical code measured against itself on this setup can look that different, so smaller differences mean nothing.
Neighbouring measurements are correlated (autocorrelation +0.26), so they were resampled in blocks of 3.

Verdict: RESOLVED. A is faster than B: the difference is real, as its interval excludes zero and it exceeds the noise floor.

Warnings:
  - the program holds 99 MB of live data, more than the caches of many machines; for data that size, where it lies in memory can shift the result by several points in ways the interval does not cover, and differently in the next process; run the comparison in several processes with the multiproc package

== street multi n=16384 prefix: ordered vs hashed
A: 1268 ns per operation (median)
B: 2.914e+05 ns per operation (median)
A needs 99.6% less time than B: B takes 227.46 times as long as A.
With 95% confidence the difference lies between 99.5% and 99.6% less time (B takes between 214 and 238.50 times as long as A).
Noise floor: 4.35%. Identical code measured against itself on this setup can look that different, so smaller differences mean nothing.
Neighbouring measurements are nearly independent (autocorrelation +0.08), so they were resampled one by one.

Verdict: RESOLVED. A is faster than B: the difference is real, as its interval excludes zero and it exceeds the noise floor.

Warnings:
  - the program holds 99 MB of live data, more than the caches of many machines; for data that size, where it lies in memory can shift the result by several points in ways the interval does not cover, and differently in the next process; run the comparison in several processes with the multiproc package
  - candidate A drifted during the run: its measurements were 9.93% higher in the second half than in the first, so the machine did not hold still

== street multi n=16384 prefix: ordered vs btree-sets
A: 1242 ns per operation (median)
B: 2377 ns per operation (median)
A needs 49.1% less time than B: B takes 1.96 times as long as A.
With 95% confidence the difference lies between 45.5% and 50.9% less time (B takes between 1.84 and 2.04 times as long as A).
Noise floor: 3.12%. Identical code measured against itself on this setup can look that different, so smaller differences mean nothing.
Neighbouring measurements are nearly independent (autocorrelation +0.06), so they were resampled one by one.

Verdict: RESOLVED. A is faster than B: the difference is real, as its interval excludes zero and it exceeds the noise floor.

Warnings:
  - the program holds 99 MB of live data, more than the caches of many machines; for data that size, where it lies in memory can shift the result by several points in ways the interval does not cover, and differently in the next process; run the comparison in several processes with the multiproc package

== street multi n=16384 prefix: ordered vs map-sets
A: 1266 ns per operation (median)
B: 2.678e+05 ns per operation (median)
A needs 99.5% less time than B: B takes 210.01 times as long as A.
With 95% confidence the difference lies between 99.5% and 99.5% less time (B takes between 201 and 216.54 times as long as A).
Noise floor: 2.8%. Identical code measured against itself on this setup can look that different, so smaller differences mean nothing.
Neighbouring measurements are correlated (autocorrelation +0.28), so they were resampled in blocks of 3.

Verdict: RESOLVED. A is faster than B: the difference is real, as its interval excludes zero and it exceeds the noise floor.

Warnings:
  - the program holds 99 MB of live data, more than the caches of many machines; for data that size, where it lies in memory can shift the result by several points in ways the interval does not cover, and differently in the next process; run the comparison in several processes with the multiproc package

== street multi n=16384 churn and build: ordered vs hashed
steady state, per insertion or deletion in a structure of 42299 elements (cycle of 111004 operations, first pass untimed):
  A: 174.7 ns per operation (median)
  B: 83.77 ns per operation (median)
  A needs 111% more time than B: B takes only 0.47 times as long as A.
  With 95% confidence the difference lies between 106% and 115% more time (B takes between 0.465 and 0.48 times as long as A).
  Noise floor: 1.04%. Identical code measured against itself on this setup can look that different, so smaller differences mean nothing.
  Neighbouring measurements are nearly independent (autocorrelation +0.13), so they were resampled one by one.
  
  Verdict: RESOLVED. A is slower than B: the difference is real, as its interval excludes zero and it exceeds the noise floor.
  
  Warnings:
    - the program holds 107 MB of live data, more than the caches of many machines; for data that size, where it lies in memory can shift the result by several points in ways the interval does not cover, and differently in the next process; run the comparison in several processes with the multiproc package

build from empty to 42299 elements, per whole build (151987 operations):
  A: 2.719e+07 ns per operation (median)
  B: 1.451e+07 ns per operation (median)
  A needs 87.2% more time than B: B takes only 0.53 times as long as A.
  With 95% confidence the difference lies between 86.8% and 87.6% more time (B takes between 0.533 and 0.54 times as long as A).
  Noise floor: 0.587%. Identical code measured against itself on this setup can look that different, so smaller differences mean nothing.
  Neighbouring measurements are nearly independent (autocorrelation +0.10), so they were resampled one by one.
  
  Verdict: RESOLVED. A is slower than B: the difference is real, as its interval excludes zero and it exceeds the noise floor.
  
  Warnings:
    - the program holds 99 MB of live data, more than the caches of many machines; for data that size, where it lies in memory can shift the result by several points in ways the interval does not cover, and differently in the next process; run the comparison in several processes with the multiproc package

== street multi n=16384 churn and build: ordered vs btree-sets
steady state, per insertion or deletion in a structure of 42299 elements (cycle of 111004 operations, first pass untimed):
  A: 185.9 ns per operation (median)
  B: 321.5 ns per operation (median)
  A needs 41.5% less time than B: B takes 1.71 times as long as A.
  With 95% confidence the difference lies between 38.2% and 43.6% less time (B takes between 1.62 and 1.77 times as long as A).
  Noise floor: 3.77%. Identical code measured against itself on this setup can look that different, so smaller differences mean nothing.
  Neighbouring measurements are nearly independent (autocorrelation -0.21), so they were resampled one by one.
  
  Verdict: RESOLVED. A is faster than B: the difference is real, as its interval excludes zero and it exceeds the noise floor.
  
  Warnings:
    - the program holds 110 MB of live data, more than the caches of many machines; for data that size, where it lies in memory can shift the result by several points in ways the interval does not cover, and differently in the next process; run the comparison in several processes with the multiproc package

build from empty to 42299 elements, per whole build (151987 operations):
  A: 2.715e+07 ns per operation (median)
  B: 4.983e+07 ns per operation (median)
  A needs 45.5% less time than B: B takes 1.83 times as long as A.
  With 95% confidence the difference lies between 45.4% and 45.7% less time (B takes between 1.83 and 1.84 times as long as A).
  Noise floor: 0.418%. Identical code measured against itself on this setup can look that different, so smaller differences mean nothing.
  Neighbouring measurements are nearly independent (autocorrelation -0.05), so they were resampled one by one.
  
  Verdict: RESOLVED. A is faster than B: the difference is real, as its interval excludes zero and it exceeds the noise floor.
  
  Warnings:
    - the program holds 99 MB of live data, more than the caches of many machines; for data that size, where it lies in memory can shift the result by several points in ways the interval does not cover, and differently in the next process; run the comparison in several processes with the multiproc package
    - in 50% of A/A runs this setup reported a difference between identical code, well above the 10% expected; treat any confidence from it with suspicion

== street multi n=16384 churn and build: ordered vs map-sets
steady state, per insertion or deletion in a structure of 42299 elements (cycle of 111004 operations, first pass untimed):
  A: 181.4 ns per operation (median)
  B: 110.7 ns per operation (median)
  A needs 62% more time than B: B takes only 0.62 times as long as A.
  With 95% confidence the difference lies between 57.8% and 73.3% more time (B takes between 0.577 and 0.63 times as long as A).
  Noise floor: 2.3%. Identical code measured against itself on this setup can look that different, so smaller differences mean nothing.
  Neighbouring measurements are nearly independent (autocorrelation +0.01), so they were resampled one by one.
  
  Verdict: RESOLVED. A is slower than B: the difference is real, as its interval excludes zero and it exceeds the noise floor.
  
  Warnings:
    - the program holds 110 MB of live data, more than the caches of many machines; for data that size, where it lies in memory can shift the result by several points in ways the interval does not cover, and differently in the next process; run the comparison in several processes with the multiproc package

build from empty to 42299 elements, per whole build (151987 operations):
  A: 2.727e+07 ns per operation (median)
  B: 1.987e+07 ns per operation (median)
  A needs 46.3% more time than B: B takes only 0.68 times as long as A.
  With 95% confidence the difference lies between 29.5% and 48.5% more time (B takes between 0.674 and 0.77 times as long as A).
  Noise floor: 0.297%. Identical code measured against itself on this setup can look that different, so smaller differences mean nothing.
  Neighbouring measurements are nearly independent (autocorrelation +0.16), so they were resampled one by one.
  
  Verdict: RESOLVED. A is slower than B: the difference is real, as its interval excludes zero and it exceeds the noise floor.
  
  Warnings:
    - the program holds 99 MB of live data, more than the caches of many machines; for data that size, where it lies in memory can shift the result by several points in ways the interval does not cover, and differently in the next process; run the comparison in several processes with the multiproc package

checksum 15081058195689376090
== street multi n=16384 valuesFor: ordered vs hashed
A: 106 ns per operation (median)
B: 42.05 ns per operation (median)
A needs 156% more time than B: B takes only 0.39 times as long as A.
With 95% confidence the difference lies between 119% and 163% more time (B takes between 0.38 and 0.46 times as long as A).
Noise floor: 0.684%. Identical code measured against itself on this setup can look that different, so smaller differences mean nothing.
Neighbouring measurements are correlated (autocorrelation +0.53), so they were resampled in blocks of 3.

Verdict: RESOLVED. A is slower than B: the difference is real, as its interval excludes zero and it exceeds the noise floor.

Warnings:
  - the program holds 73 MB of live data, more than the caches of many machines; for data that size, where it lies in memory can shift the result by several points in ways the interval does not cover, and differently in the next process; run the comparison in several processes with the multiproc package
  - candidate B drifted during the run: its measurements were 34.4% higher in the second half than in the first, so the machine did not hold still

== street multi n=16384 valuesFor: ordered vs btree-sets
A: 100.3 ns per operation (median)
B: 233.7 ns per operation (median)
A needs 57.3% less time than B: B takes 2.34 times as long as A.
With 95% confidence the difference lies between 55.6% and 58.3% less time (B takes between 2.25 and 2.40 times as long as A).
Noise floor: 1.93%. Identical code measured against itself on this setup can look that different, so smaller differences mean nothing.
Neighbouring measurements are nearly independent (autocorrelation +0.19), so they were resampled one by one.

Verdict: RESOLVED. A is faster than B: the difference is real, as its interval excludes zero and it exceeds the noise floor.

Warnings:
  - the program holds 98 MB of live data, more than the caches of many machines; for data that size, where it lies in memory can shift the result by several points in ways the interval does not cover, and differently in the next process; run the comparison in several processes with the multiproc package

== street multi n=16384 valuesFor: ordered vs map-sets
A: 99.63 ns per operation (median)
B: 89.89 ns per operation (median)
A needs 7.55% more time than B: B takes only 0.93 times as long as A.
With 95% confidence the difference lies between 6.75% and 15.1% more time (B takes between 0.869 and 0.94 times as long as A).
Noise floor: 2.25%. Identical code measured against itself on this setup can look that different, so smaller differences mean nothing.
Neighbouring measurements are nearly independent (autocorrelation -0.31), so they were resampled one by one.

Verdict: RESOLVED. A is slower than B: the difference is real, as its interval excludes zero and it exceeds the noise floor.

Warnings:
  - the program holds 98 MB of live data, more than the caches of many machines; for data that size, where it lies in memory can shift the result by several points in ways the interval does not cover, and differently in the next process; run the comparison in several processes with the multiproc package

== street multi n=16384 valuesBetween: ordered vs hashed
A: 3598 ns per operation (median)
B: 2.848e+05 ns per operation (median)
A needs 98.7% less time than B: B takes 79.16 times as long as A.
With 95% confidence the difference lies between 98.7% and 98.8% less time (B takes between 78.2 and 80.18 times as long as A).
Noise floor: 1.9%. Identical code measured against itself on this setup can look that different, so smaller differences mean nothing.
Neighbouring measurements are nearly independent (autocorrelation +0.18), so they were resampled one by one.

Verdict: RESOLVED. A is faster than B: the difference is real, as its interval excludes zero and it exceeds the noise floor.

Warnings:
  - the program holds 98 MB of live data, more than the caches of many machines; for data that size, where it lies in memory can shift the result by several points in ways the interval does not cover, and differently in the next process; run the comparison in several processes with the multiproc package
  - in 50% of A/A runs this setup reported a difference between identical code, well above the 10% expected; treat any confidence from it with suspicion

== street multi n=16384 valuesBetween: ordered vs btree-sets
A: 3574 ns per operation (median)
B: 5835 ns per operation (median)
A needs 38.9% less time than B: B takes 1.64 times as long as A.
With 95% confidence the difference lies between 38.1% and 39.3% less time (B takes between 1.61 and 1.65 times as long as A).
Noise floor: 0.391%. Identical code measured against itself on this setup can look that different, so smaller differences mean nothing.
Neighbouring measurements are correlated (autocorrelation +0.28), so they were resampled in blocks of 3.

Verdict: RESOLVED. A is faster than B: the difference is real, as its interval excludes zero and it exceeds the noise floor.

Warnings:
  - the program holds 98 MB of live data, more than the caches of many machines; for data that size, where it lies in memory can shift the result by several points in ways the interval does not cover, and differently in the next process; run the comparison in several processes with the multiproc package

== street multi n=16384 valuesBetween: ordered vs map-sets
A: 3711 ns per operation (median)
B: 2.669e+05 ns per operation (median)
A needs 98.6% less time than B: B takes 72.09 times as long as A.
With 95% confidence the difference lies between 98.6% and 98.6% less time (B takes between 71.2 and 73.91 times as long as A).
Noise floor: 1.61%. Identical code measured against itself on this setup can look that different, so smaller differences mean nothing.
Neighbouring measurements are nearly independent (autocorrelation +0.00), so they were resampled one by one.

Verdict: RESOLVED. A is faster than B: the difference is real, as its interval excludes zero and it exceeds the noise floor.

Warnings:
  - the program holds 98 MB of live data, more than the caches of many machines; for data that size, where it lies in memory can shift the result by several points in ways the interval does not cover, and differently in the next process; run the comparison in several processes with the multiproc package

== street multi n=16384 prefix: ordered vs hashed
A: 1224 ns per operation (median)
B: 2.907e+05 ns per operation (median)
A needs 99.6% less time than B: B takes 237.32 times as long as A.
With 95% confidence the difference lies between 99.6% and 99.6% less time (B takes between 225 and 244.11 times as long as A).
Noise floor: 1.79%. Identical code measured against itself on this setup can look that different, so smaller differences mean nothing.
Neighbouring measurements are correlated (autocorrelation +0.36), so they were resampled in blocks of 3.

Verdict: RESOLVED. A is faster than B: the difference is real, as its interval excludes zero and it exceeds the noise floor.

Warnings:
  - the program holds 98 MB of live data, more than the caches of many machines; for data that size, where it lies in memory can shift the result by several points in ways the interval does not cover, and differently in the next process; run the comparison in several processes with the multiproc package

== street multi n=16384 prefix: ordered vs btree-sets
A: 1176 ns per operation (median)
B: 2274 ns per operation (median)
A needs 48.3% less time than B: B takes 1.93 times as long as A.
With 95% confidence the difference lies between 46% and 51% less time (B takes between 1.85 and 2.04 times as long as A).
Noise floor: 2.95%. Identical code measured against itself on this setup can look that different, so smaller differences mean nothing.
Neighbouring measurements are nearly independent (autocorrelation -0.17), so they were resampled one by one.

Verdict: RESOLVED. A is faster than B: the difference is real, as its interval excludes zero and it exceeds the noise floor.

Warnings:
  - the program holds 98 MB of live data, more than the caches of many machines; for data that size, where it lies in memory can shift the result by several points in ways the interval does not cover, and differently in the next process; run the comparison in several processes with the multiproc package

== street multi n=16384 prefix: ordered vs map-sets
A: 1232 ns per operation (median)
B: 2.684e+05 ns per operation (median)
A needs 99.5% less time than B: B takes 218.81 times as long as A.
With 95% confidence the difference lies between 99.5% and 99.5% less time (B takes between 209 and 222.17 times as long as A).
Noise floor: 2.07%. Identical code measured against itself on this setup can look that different, so smaller differences mean nothing.
Neighbouring measurements are nearly independent (autocorrelation +0.01), so they were resampled one by one.

Verdict: RESOLVED. A is faster than B: the difference is real, as its interval excludes zero and it exceeds the noise floor.

Warnings:
  - the program holds 98 MB of live data, more than the caches of many machines; for data that size, where it lies in memory can shift the result by several points in ways the interval does not cover, and differently in the next process; run the comparison in several processes with the multiproc package

== street multi n=16384 churn and build: ordered vs hashed
steady state, per insertion or deletion in a structure of 42299 elements (cycle of 111004 operations, first pass untimed):
  A: 174.2 ns per operation (median)
  B: 84.03 ns per operation (median)
  A needs 109% more time than B: B takes only 0.48 times as long as A.
  With 95% confidence the difference lies between 103% and 114% more time (B takes between 0.467 and 0.49 times as long as A).
  Noise floor: 0.594%. Identical code measured against itself on this setup can look that different, so smaller differences mean nothing.
  Neighbouring measurements are correlated (autocorrelation +0.45), so they were resampled in blocks of 3.
  
  Verdict: RESOLVED. A is slower than B: the difference is real, as its interval excludes zero and it exceeds the noise floor.
  
  Warnings:
    - the program holds 107 MB of live data, more than the caches of many machines; for data that size, where it lies in memory can shift the result by several points in ways the interval does not cover, and differently in the next process; run the comparison in several processes with the multiproc package

build from empty to 42299 elements, per whole build (151987 operations):
  A: 2.739e+07 ns per operation (median)
  B: 1.459e+07 ns per operation (median)
  A needs 88% more time than B: B takes only 0.53 times as long as A.
  With 95% confidence the difference lies between 86.8% and 88.2% more time (B takes between 0.531 and 0.54 times as long as A).
  Noise floor: 0.26%. Identical code measured against itself on this setup can look that different, so smaller differences mean nothing.
  Neighbouring measurements are nearly independent (autocorrelation +0.00), so they were resampled one by one.
  
  Verdict: RESOLVED. A is slower than B: the difference is real, as its interval excludes zero and it exceeds the noise floor.
  
  Warnings:
    - the program holds 99 MB of live data, more than the caches of many machines; for data that size, where it lies in memory can shift the result by several points in ways the interval does not cover, and differently in the next process; run the comparison in several processes with the multiproc package

== street multi n=16384 churn and build: ordered vs btree-sets
steady state, per insertion or deletion in a structure of 42299 elements (cycle of 111004 operations, first pass untimed):
  A: 189.2 ns per operation (median)
  B: 322.7 ns per operation (median)
  A needs 43% less time than B: B takes 1.75 times as long as A.
  With 95% confidence the difference lies between 37.7% and 43.9% less time (B takes between 1.6 and 1.78 times as long as A).
  Noise floor: 3.49%. Identical code measured against itself on this setup can look that different, so smaller differences mean nothing.
  Neighbouring measurements are nearly independent (autocorrelation -0.23), so they were resampled one by one.
  
  Verdict: RESOLVED. A is faster than B: the difference is real, as its interval excludes zero and it exceeds the noise floor.
  
  Warnings:
    - the program holds 110 MB of live data, more than the caches of many machines; for data that size, where it lies in memory can shift the result by several points in ways the interval does not cover, and differently in the next process; run the comparison in several processes with the multiproc package

build from empty to 42299 elements, per whole build (151987 operations):
  A: 2.723e+07 ns per operation (median)
  B: 4.986e+07 ns per operation (median)
  A needs 45.4% less time than B: B takes 1.83 times as long as A.
  With 95% confidence the difference lies between 45.3% and 45.7% less time (B takes between 1.83 and 1.84 times as long as A).
  Noise floor: 0.167%. Identical code measured against itself on this setup can look that different, so smaller differences mean nothing.
  Neighbouring measurements are nearly independent (autocorrelation +0.00), so they were resampled one by one.
  
  Verdict: RESOLVED. A is faster than B: the difference is real, as its interval excludes zero and it exceeds the noise floor.
  
  Warnings:
    - the program holds 99 MB of live data, more than the caches of many machines; for data that size, where it lies in memory can shift the result by several points in ways the interval does not cover, and differently in the next process; run the comparison in several processes with the multiproc package

== street multi n=16384 churn and build: ordered vs map-sets
steady state, per insertion or deletion in a structure of 42299 elements (cycle of 111004 operations, first pass untimed):
  A: 183.5 ns per operation (median)
  B: 116.6 ns per operation (median)
  A needs 56.5% more time than B: B takes only 0.64 times as long as A.
  With 95% confidence the difference lies between 51.9% and 67.3% more time (B takes between 0.598 and 0.66 times as long as A).
  Noise floor: 3.41%. Identical code measured against itself on this setup can look that different, so smaller differences mean nothing.
  Neighbouring measurements are nearly independent (autocorrelation +0.10), so they were resampled one by one.
  
  Verdict: RESOLVED. A is slower than B: the difference is real, as its interval excludes zero and it exceeds the noise floor.
  
  Warnings:
    - the program holds 110 MB of live data, more than the caches of many machines; for data that size, where it lies in memory can shift the result by several points in ways the interval does not cover, and differently in the next process; run the comparison in several processes with the multiproc package

build from empty to 42299 elements, per whole build (151987 operations):
  A: 2.728e+07 ns per operation (median)
  B: 1.828e+07 ns per operation (median)
  A needs 49.6% more time than B: B takes only 0.67 times as long as A.
  With 95% confidence the difference lies between 49% and 50.4% more time (B takes between 0.665 and 0.67 times as long as A).
  Noise floor: 0.375%. Identical code measured against itself on this setup can look that different, so smaller differences mean nothing.
  Neighbouring measurements are nearly independent (autocorrelation -0.05), so they were resampled one by one.
  
  Verdict: RESOLVED. A is slower than B: the difference is real, as its interval excludes zero and it exceeds the noise floor.
  
  Warnings:
    - the program holds 99 MB of live data, more than the caches of many machines; for data that size, where it lies in memory can shift the result by several points in ways the interval does not cover, and differently in the next process; run the comparison in several processes with the multiproc package
    - in 100% of A/A runs this setup reported a difference between identical code, well above the 10% expected; treat any confidence from it with suspicion

checksum 2677049348328180162
== street multi n=16384 valuesFor: ordered vs hashed
A: 96.45 ns per operation (median)
B: 36.68 ns per operation (median)
A needs 163% more time than B: B takes only 0.38 times as long as A.
With 95% confidence the difference lies between 158% and 166% more time (B takes between 0.376 and 0.39 times as long as A).
Noise floor: 0.367%. Identical code measured against itself on this setup can look that different, so smaller differences mean nothing.
Neighbouring measurements are nearly independent (autocorrelation +0.00), so they were resampled one by one.

Verdict: RESOLVED. A is slower than B: the difference is real, as its interval excludes zero and it exceeds the noise floor.

Warnings:
  - the program holds 78 MB of live data, more than the caches of many machines; for data that size, where it lies in memory can shift the result by several points in ways the interval does not cover, and differently in the next process; run the comparison in several processes with the multiproc package
  - in 50% of A/A runs this setup reported a difference between identical code, well above the 10% expected; treat any confidence from it with suspicion

== street multi n=16384 valuesFor: ordered vs btree-sets
A: 99.7 ns per operation (median)
B: 230 ns per operation (median)
A needs 57.2% less time than B: B takes 2.34 times as long as A.
With 95% confidence the difference lies between 55.4% and 57.7% less time (B takes between 2.24 and 2.37 times as long as A).
Noise floor: 0.733%. Identical code measured against itself on this setup can look that different, so smaller differences mean nothing.
Neighbouring measurements are nearly independent (autocorrelation -0.43), so they were resampled one by one.

Verdict: RESOLVED. A is faster than B: the difference is real, as its interval excludes zero and it exceeds the noise floor.

Warnings:
  - the program holds 78 MB of live data, more than the caches of many machines; for data that size, where it lies in memory can shift the result by several points in ways the interval does not cover, and differently in the next process; run the comparison in several processes with the multiproc package
  - candidate A drifted during the run: its measurements were 2.26% higher in the second half than in the first, so the machine did not hold still

== street multi n=16384 valuesFor: ordered vs map-sets
A: 98.45 ns per operation (median)
B: 87.96 ns per operation (median)
A needs 11.3% more time than B: B takes only 0.90 times as long as A.
With 95% confidence the difference lies between 9.85% and 13.6% more time (B takes between 0.88 and 0.91 times as long as A).
Noise floor: 0.641%. Identical code measured against itself on this setup can look that different, so smaller differences mean nothing.
Neighbouring measurements are nearly independent (autocorrelation -0.17), so they were resampled one by one.

Verdict: RESOLVED. A is slower than B: the difference is real, as its interval excludes zero and it exceeds the noise floor.

Warnings:
  - the program holds 78 MB of live data, more than the caches of many machines; for data that size, where it lies in memory can shift the result by several points in ways the interval does not cover, and differently in the next process; run the comparison in several processes with the multiproc package

== street multi n=16384 valuesBetween: ordered vs hashed
A: 3563 ns per operation (median)
B: 2.88e+05 ns per operation (median)
A needs 98.8% less time than B: B takes 80.68 times as long as A.
With 95% confidence the difference lies between 98.7% and 98.8% less time (B takes between 79.5 and 81.79 times as long as A).
Noise floor: 0.264%. Identical code measured against itself on this setup can look that different, so smaller differences mean nothing.
Neighbouring measurements are nearly independent (autocorrelation +0.12), so they were resampled one by one.

Verdict: RESOLVED. A is faster than B: the difference is real, as its interval excludes zero and it exceeds the noise floor.

Warnings:
  - the program holds 97 MB of live data, more than the caches of many machines; for data that size, where it lies in memory can shift the result by several points in ways the interval does not cover, and differently in the next process; run the comparison in several processes with the multiproc package

== street multi n=16384 valuesBetween: ordered vs btree-sets
A: 3749 ns per operation (median)
B: 6674 ns per operation (median)
A needs 40% less time than B: B takes 1.67 times as long as A.
With 95% confidence the difference lies between 38.3% and 41.6% less time (B takes between 1.62 and 1.71 times as long as A).
Noise floor: 0.409%. Identical code measured against itself on this setup can look that different, so smaller differences mean nothing.
Neighbouring measurements are nearly independent (autocorrelation -0.15), so they were resampled one by one.

Verdict: RESOLVED. A is faster than B: the difference is real, as its interval excludes zero and it exceeds the noise floor.

Warnings:
  - the program holds 97 MB of live data, more than the caches of many machines; for data that size, where it lies in memory can shift the result by several points in ways the interval does not cover, and differently in the next process; run the comparison in several processes with the multiproc package

== street multi n=16384 valuesBetween: ordered vs map-sets
A: 3613 ns per operation (median)
B: 2.625e+05 ns per operation (median)
A needs 98.6% less time than B: B takes 72.76 times as long as A.
With 95% confidence the difference lies between 98.6% and 98.6% less time (B takes between 72.5 and 73.08 times as long as A).
Noise floor: 0.839%. Identical code measured against itself on this setup can look that different, so smaller differences mean nothing.
Neighbouring measurements are correlated (autocorrelation +0.22), so they were resampled in blocks of 3.

Verdict: RESOLVED. A is faster than B: the difference is real, as its interval excludes zero and it exceeds the noise floor.

Warnings:
  - the program holds 97 MB of live data, more than the caches of many machines; for data that size, where it lies in memory can shift the result by several points in ways the interval does not cover, and differently in the next process; run the comparison in several processes with the multiproc package
  - in 50% of A/A runs this setup reported a difference between identical code, well above the 10% expected; treat any confidence from it with suspicion

== street multi n=16384 prefix: ordered vs hashed
A: 1244 ns per operation (median)
B: 2.937e+05 ns per operation (median)
A needs 99.6% less time than B: B takes 236.19 times as long as A.
With 95% confidence the difference lies between 99.6% and 99.6% less time (B takes between 226 and 246.32 times as long as A).
Noise floor: 3.37%. Identical code measured against itself on this setup can look that different, so smaller differences mean nothing.
Neighbouring measurements are nearly independent (autocorrelation +0.09), so they were resampled one by one.

Verdict: RESOLVED. A is faster than B: the difference is real, as its interval excludes zero and it exceeds the noise floor.

Warnings:
  - the program holds 97 MB of live data, more than the caches of many machines; for data that size, where it lies in memory can shift the result by several points in ways the interval does not cover, and differently in the next process; run the comparison in several processes with the multiproc package

== street multi n=16384 prefix: ordered vs btree-sets
A: 1168 ns per operation (median)
B: 2274 ns per operation (median)
A needs 48.1% less time than B: B takes 1.93 times as long as A.
With 95% confidence the difference lies between 47.6% and 49% less time (B takes between 1.91 and 1.96 times as long as A).
Noise floor: 2.06%. Identical code measured against itself on this setup can look that different, so smaller differences mean nothing.
Neighbouring measurements are nearly independent (autocorrelation -0.24), so they were resampled one by one.

Verdict: RESOLVED. A is faster than B: the difference is real, as its interval excludes zero and it exceeds the noise floor.

Warnings:
  - the program holds 97 MB of live data, more than the caches of many machines; for data that size, where it lies in memory can shift the result by several points in ways the interval does not cover, and differently in the next process; run the comparison in several processes with the multiproc package

== street multi n=16384 prefix: ordered vs map-sets
A: 1269 ns per operation (median)
B: 2.661e+05 ns per operation (median)
A needs 99.5% less time than B: B takes 209.86 times as long as A.
With 95% confidence the difference lies between 99.5% and 99.6% less time (B takes between 202 and 228.02 times as long as A).
Noise floor: 3.4%. Identical code measured against itself on this setup can look that different, so smaller differences mean nothing.
Neighbouring measurements are nearly independent (autocorrelation +0.12), so they were resampled one by one.

Verdict: RESOLVED. A is faster than B: the difference is real, as its interval excludes zero and it exceeds the noise floor.

Warnings:
  - the program holds 97 MB of live data, more than the caches of many machines; for data that size, where it lies in memory can shift the result by several points in ways the interval does not cover, and differently in the next process; run the comparison in several processes with the multiproc package

== street multi n=16384 churn and build: ordered vs hashed
steady state, per insertion or deletion in a structure of 42299 elements (cycle of 111004 operations, first pass untimed):
  A: 179.2 ns per operation (median)
  B: 86.03 ns per operation (median)
  A needs 105% more time than B: B takes only 0.49 times as long as A.
  With 95% confidence the difference lies between 101% and 113% more time (B takes between 0.469 and 0.50 times as long as A).
  Noise floor: 1.28%. Identical code measured against itself on this setup can look that different, so smaller differences mean nothing.
  Neighbouring measurements are nearly independent (autocorrelation +0.18), so they were resampled one by one.
  
  Verdict: RESOLVED. A is slower than B: the difference is real, as its interval excludes zero and it exceeds the noise floor.
  
  Warnings:
    - the program holds 107 MB of live data, more than the caches of many machines; for data that size, where it lies in memory can shift the result by several points in ways the interval does not cover, and differently in the next process; run the comparison in several processes with the multiproc package
    - candidate A drifted during the run: its measurements were 8.35% higher in the second half than in the first, so the machine did not hold still
    - candidate B drifted during the run: its measurements were 16.2% higher in the second half than in the first, so the machine did not hold still
    - the ratio B/A was 6.7% higher in the second half of the run than in the first, so the candidates had not reached a steady state and the difference depends on how long the run was; a common cause is a head start for whichever candidate ran alone last before the comparison or had its data built last, which a longer CollectOptions.WarmupDuration removes

build from empty to 42299 elements, per whole build (151987 operations):
  A: 2.726e+07 ns per operation (median)
  B: 1.435e+07 ns per operation (median)
  A needs 89.9% more time than B: B takes only 0.53 times as long as A.
  With 95% confidence the difference lies between 88.7% and 91.3% more time (B takes between 0.523 and 0.53 times as long as A).
  Noise floor: 0.245%. Identical code measured against itself on this setup can look that different, so smaller differences mean nothing.
  Neighbouring measurements are correlated (autocorrelation +0.28), so they were resampled in blocks of 3.
  
  Verdict: RESOLVED. A is slower than B: the difference is real, as its interval excludes zero and it exceeds the noise floor.
  
  Warnings:
    - the program holds 99 MB of live data, more than the caches of many machines; for data that size, where it lies in memory can shift the result by several points in ways the interval does not cover, and differently in the next process; run the comparison in several processes with the multiproc package
    - in 50% of A/A runs this setup reported a difference between identical code, well above the 10% expected; treat any confidence from it with suspicion

== street multi n=16384 churn and build: ordered vs btree-sets
steady state, per insertion or deletion in a structure of 42299 elements (cycle of 111004 operations, first pass untimed):
  A: 195.6 ns per operation (median)
  B: 329.1 ns per operation (median)
  A needs 41.6% less time than B: B takes 1.71 times as long as A.
  With 95% confidence the difference lies between 37.1% and 43.4% less time (B takes between 1.59 and 1.77 times as long as A).
  Noise floor: 4.36%. Identical code measured against itself on this setup can look that different, so smaller differences mean nothing.
  Neighbouring measurements are nearly independent (autocorrelation -0.37), so they were resampled one by one.
  
  Verdict: RESOLVED. A is faster than B: the difference is real, as its interval excludes zero and it exceeds the noise floor.
  
  Warnings:
    - the program holds 110 MB of live data, more than the caches of many machines; for data that size, where it lies in memory can shift the result by several points in ways the interval does not cover, and differently in the next process; run the comparison in several processes with the multiproc package
    - candidate A drifted during the run: its measurements were 6.19% lower in the second half than in the first, so the machine did not hold still
    - candidate B drifted during the run: its measurements were 4.87% lower in the second half than in the first, so the machine did not hold still

build from empty to 42299 elements, per whole build (151987 operations):
  A: 2.72e+07 ns per operation (median)
  B: 4.938e+07 ns per operation (median)
  A needs 45.1% less time than B: B takes 1.82 times as long as A.
  With 95% confidence the difference lies between 44.7% and 45.2% less time (B takes between 1.81 and 1.83 times as long as A).
  Noise floor: 0.472%. Identical code measured against itself on this setup can look that different, so smaller differences mean nothing.
  Neighbouring measurements are nearly independent (autocorrelation +0.01), so they were resampled one by one.
  
  Verdict: RESOLVED. A is faster than B: the difference is real, as its interval excludes zero and it exceeds the noise floor.
  
  Warnings:
    - the program holds 99 MB of live data, more than the caches of many machines; for data that size, where it lies in memory can shift the result by several points in ways the interval does not cover, and differently in the next process; run the comparison in several processes with the multiproc package
    - the ratio B/A was 0.885% higher in the second half of the run than in the first, so the candidates had not reached a steady state and the difference depends on how long the run was; a common cause is a head start for whichever candidate ran alone last before the comparison or had its data built last, which a longer CollectOptions.WarmupDuration removes

== street multi n=16384 churn and build: ordered vs map-sets
steady state, per insertion or deletion in a structure of 42299 elements (cycle of 111004 operations, first pass untimed):
  A: 181.6 ns per operation (median)
  B: 110.6 ns per operation (median)
  A needs 65.4% more time than B: B takes only 0.60 times as long as A.
  With 95% confidence the difference lies between 60.6% and 70.6% more time (B takes between 0.586 and 0.62 times as long as A).
  Noise floor: 3.68%. Identical code measured against itself on this setup can look that different, so smaller differences mean nothing.
  Neighbouring measurements are correlated (autocorrelation +0.66), so they were resampled in blocks of 3.
  
  Verdict: RESOLVED. A is slower than B: the difference is real, as its interval excludes zero and it exceeds the noise floor.
  
  Warnings:
    - the program holds 110 MB of live data, more than the caches of many machines; for data that size, where it lies in memory can shift the result by several points in ways the interval does not cover, and differently in the next process; run the comparison in several processes with the multiproc package

build from empty to 42299 elements, per whole build (151987 operations):
  A: 2.722e+07 ns per operation (median)
  B: 1.786e+07 ns per operation (median)
  A needs 52.5% more time than B: B takes only 0.66 times as long as A.
  With 95% confidence the difference lies between 52.1% and 53.5% more time (B takes between 0.651 and 0.66 times as long as A).
  Noise floor: 0.593%. Identical code measured against itself on this setup can look that different, so smaller differences mean nothing.
  Neighbouring measurements are nearly independent (autocorrelation +0.15), so they were resampled one by one.
  
  Verdict: RESOLVED. A is slower than B: the difference is real, as its interval excludes zero and it exceeds the noise floor.
  
  Warnings:
    - the program holds 99 MB of live data, more than the caches of many machines; for data that size, where it lies in memory can shift the result by several points in ways the interval does not cover, and differently in the next process; run the comparison in several processes with the multiproc package
    - in 50% of A/A runs this setup reported a difference between identical code, well above the 10% expected; treat any confidence from it with suspicion

checksum 10446335771706671275
== street multi n=16384 valuesFor: ordered vs hashed
A: 96.12 ns per operation (median)
B: 36.5 ns per operation (median)
A needs 163% more time than B: B takes only 0.38 times as long as A.
With 95% confidence the difference lies between 161% and 168% more time (B takes between 0.373 and 0.38 times as long as A).
Noise floor: 0.738%. Identical code measured against itself on this setup can look that different, so smaller differences mean nothing.
Neighbouring measurements are nearly independent (autocorrelation -0.22), so they were resampled one by one.

Verdict: RESOLVED. A is slower than B: the difference is real, as its interval excludes zero and it exceeds the noise floor.

Warnings:
  - the program holds 103 MB of live data, more than the caches of many machines; for data that size, where it lies in memory can shift the result by several points in ways the interval does not cover, and differently in the next process; run the comparison in several processes with the multiproc package

== street multi n=16384 valuesFor: ordered vs btree-sets
A: 100.1 ns per operation (median)
B: 235.1 ns per operation (median)
A needs 57.2% less time than B: B takes 2.34 times as long as A.
With 95% confidence the difference lies between 56.1% and 58.7% less time (B takes between 2.28 and 2.42 times as long as A).
Noise floor: 2.11%. Identical code measured against itself on this setup can look that different, so smaller differences mean nothing.
Neighbouring measurements are nearly independent (autocorrelation -0.10), so they were resampled one by one.

Verdict: RESOLVED. A is faster than B: the difference is real, as its interval excludes zero and it exceeds the noise floor.

Warnings:
  - the program holds 103 MB of live data, more than the caches of many machines; for data that size, where it lies in memory can shift the result by several points in ways the interval does not cover, and differently in the next process; run the comparison in several processes with the multiproc package

== street multi n=16384 valuesFor: ordered vs map-sets
A: 98.54 ns per operation (median)
B: 88.6 ns per operation (median)
A needs 10.1% more time than B: B takes only 0.91 times as long as A.
With 95% confidence the difference lies between 8.45% and 14.7% more time (B takes between 0.872 and 0.92 times as long as A).
Noise floor: 1.89%. Identical code measured against itself on this setup can look that different, so smaller differences mean nothing.
Neighbouring measurements are nearly independent (autocorrelation -0.26), so they were resampled one by one.

Verdict: RESOLVED. A is slower than B: the difference is real, as its interval excludes zero and it exceeds the noise floor.

Warnings:
  - the program holds 103 MB of live data, more than the caches of many machines; for data that size, where it lies in memory can shift the result by several points in ways the interval does not cover, and differently in the next process; run the comparison in several processes with the multiproc package

== street multi n=16384 valuesBetween: ordered vs hashed
A: 3577 ns per operation (median)
B: 2.832e+05 ns per operation (median)
A needs 98.7% less time than B: B takes 78.47 times as long as A.
With 95% confidence the difference lies between 98.7% and 98.8% less time (B takes between 78.1 and 80.22 times as long as A).
Noise floor: 0.461%. Identical code measured against itself on this setup can look that different, so smaller differences mean nothing.
Neighbouring measurements are nearly independent (autocorrelation +0.08), so they were resampled one by one.

Verdict: RESOLVED. A is faster than B: the difference is real, as its interval excludes zero and it exceeds the noise floor.

Warnings:
  - the program holds 103 MB of live data, more than the caches of many machines; for data that size, where it lies in memory can shift the result by several points in ways the interval does not cover, and differently in the next process; run the comparison in several processes with the multiproc package

== street multi n=16384 valuesBetween: ordered vs btree-sets
A: 3619 ns per operation (median)
B: 5843 ns per operation (median)
A needs 38.6% less time than B: B takes 1.63 times as long as A.
With 95% confidence the difference lies between 37.3% and 39.1% less time (B takes between 1.59 and 1.64 times as long as A).
Noise floor: 1.04%. Identical code measured against itself on this setup can look that different, so smaller differences mean nothing.
Neighbouring measurements are nearly independent (autocorrelation -0.09), so they were resampled one by one.

Verdict: RESOLVED. A is faster than B: the difference is real, as its interval excludes zero and it exceeds the noise floor.

Warnings:
  - the program holds 103 MB of live data, more than the caches of many machines; for data that size, where it lies in memory can shift the result by several points in ways the interval does not cover, and differently in the next process; run the comparison in several processes with the multiproc package
  - candidate B drifted during the run: its measurements were 1.48% lower in the second half than in the first, so the machine did not hold still

== street multi n=16384 valuesBetween: ordered vs map-sets
A: 3656 ns per operation (median)
B: 2.674e+05 ns per operation (median)
A needs 98.6% less time than B: B takes 72.83 times as long as A.
With 95% confidence the difference lies between 98.6% and 98.7% less time (B takes between 71.1 and 74.14 times as long as A).
Noise floor: 1.28%. Identical code measured against itself on this setup can look that different, so smaller differences mean nothing.
Neighbouring measurements are nearly independent (autocorrelation +0.13), so they were resampled one by one.

Verdict: RESOLVED. A is faster than B: the difference is real, as its interval excludes zero and it exceeds the noise floor.

Warnings:
  - the program holds 103 MB of live data, more than the caches of many machines; for data that size, where it lies in memory can shift the result by several points in ways the interval does not cover, and differently in the next process; run the comparison in several processes with the multiproc package

== street multi n=16384 prefix: ordered vs hashed
A: 1223 ns per operation (median)
B: 2.893e+05 ns per operation (median)
A needs 99.6% less time than B: B takes 235.75 times as long as A.
With 95% confidence the difference lies between 99.6% and 99.6% less time (B takes between 227 and 242.23 times as long as A).
Noise floor: 3.19%. Identical code measured against itself on this setup can look that different, so smaller differences mean nothing.
Neighbouring measurements are nearly independent (autocorrelation +0.13), so they were resampled one by one.

Verdict: RESOLVED. A is faster than B: the difference is real, as its interval excludes zero and it exceeds the noise floor.

Warnings:
  - the program holds 103 MB of live data, more than the caches of many machines; for data that size, where it lies in memory can shift the result by several points in ways the interval does not cover, and differently in the next process; run the comparison in several processes with the multiproc package

== street multi n=16384 prefix: ordered vs btree-sets
A: 1181 ns per operation (median)
B: 2295 ns per operation (median)
A needs 49.5% less time than B: B takes 1.98 times as long as A.
With 95% confidence the difference lies between 47.6% and 50.6% less time (B takes between 1.91 and 2.03 times as long as A).
Noise floor: 2.26%. Identical code measured against itself on this setup can look that different, so smaller differences mean nothing.
Neighbouring measurements are nearly independent (autocorrelation -0.15), so they were resampled one by one.

Verdict: RESOLVED. A is faster than B: the difference is real, as its interval excludes zero and it exceeds the noise floor.

Warnings:
  - the program holds 103 MB of live data, more than the caches of many machines; for data that size, where it lies in memory can shift the result by several points in ways the interval does not cover, and differently in the next process; run the comparison in several processes with the multiproc package

== street multi n=16384 prefix: ordered vs map-sets
A: 1263 ns per operation (median)
B: 2.696e+05 ns per operation (median)
A needs 99.5% less time than B: B takes 214.33 times as long as A.
With 95% confidence the difference lies between 99.5% and 99.5% less time (B takes between 206 and 220.36 times as long as A).
Noise floor: 3.13%. Identical code measured against itself on this setup can look that different, so smaller differences mean nothing.
Neighbouring measurements are nearly independent (autocorrelation +0.11), so they were resampled one by one.

Verdict: RESOLVED. A is faster than B: the difference is real, as its interval excludes zero and it exceeds the noise floor.

Warnings:
  - the program holds 97 MB of live data, more than the caches of many machines; for data that size, where it lies in memory can shift the result by several points in ways the interval does not cover, and differently in the next process; run the comparison in several processes with the multiproc package

== street multi n=16384 churn and build: ordered vs hashed
steady state, per insertion or deletion in a structure of 42299 elements (cycle of 111004 operations, first pass untimed):
  A: 178 ns per operation (median)
  B: 82.9 ns per operation (median)
  A needs 114% more time than B: B takes only 0.47 times as long as A.
  With 95% confidence the difference lies between 109% and 118% more time (B takes between 0.46 and 0.48 times as long as A).
  Noise floor: 0.633%. Identical code measured against itself on this setup can look that different, so smaller differences mean nothing.
  Neighbouring measurements are nearly independent (autocorrelation +0.01), so they were resampled one by one.
  
  Verdict: RESOLVED. A is slower than B: the difference is real, as its interval excludes zero and it exceeds the noise floor.
  
  Warnings:
    - the program holds 107 MB of live data, more than the caches of many machines; for data that size, where it lies in memory can shift the result by several points in ways the interval does not cover, and differently in the next process; run the comparison in several processes with the multiproc package

build from empty to 42299 elements, per whole build (151987 operations):
  A: 2.743e+07 ns per operation (median)
  B: 1.465e+07 ns per operation (median)
  A needs 87.9% more time than B: B takes only 0.53 times as long as A.
  With 95% confidence the difference lies between 86% and 89.1% more time (B takes between 0.529 and 0.54 times as long as A).
  Noise floor: 0.351%. Identical code measured against itself on this setup can look that different, so smaller differences mean nothing.
  Neighbouring measurements are nearly independent (autocorrelation -0.07), so they were resampled one by one.
  
  Verdict: RESOLVED. A is slower than B: the difference is real, as its interval excludes zero and it exceeds the noise floor.
  
  Warnings:
    - the program holds 99 MB of live data, more than the caches of many machines; for data that size, where it lies in memory can shift the result by several points in ways the interval does not cover, and differently in the next process; run the comparison in several processes with the multiproc package

== street multi n=16384 churn and build: ordered vs btree-sets
steady state, per insertion or deletion in a structure of 42299 elements (cycle of 111004 operations, first pass untimed):
  A: 190 ns per operation (median)
  B: 322.5 ns per operation (median)
  A needs 41.5% less time than B: B takes 1.71 times as long as A.
  With 95% confidence the difference lies between 37.4% and 42.9% less time (B takes between 1.6 and 1.75 times as long as A).
  Noise floor: 2.63%. Identical code measured against itself on this setup can look that different, so smaller differences mean nothing.
  Neighbouring measurements are nearly independent (autocorrelation -0.33), so they were resampled one by one.
  
  Verdict: RESOLVED. A is faster than B: the difference is real, as its interval excludes zero and it exceeds the noise floor.
  
  Warnings:
    - the program holds 110 MB of live data, more than the caches of many machines; for data that size, where it lies in memory can shift the result by several points in ways the interval does not cover, and differently in the next process; run the comparison in several processes with the multiproc package

build from empty to 42299 elements, per whole build (151987 operations):
  A: 2.755e+07 ns per operation (median)
  B: 4.997e+07 ns per operation (median)
  A needs 45% less time than B: B takes 1.82 times as long as A.
  With 95% confidence the difference lies between 44.6% and 45.2% less time (B takes between 1.81 and 1.83 times as long as A).
  Noise floor: 0.36%. Identical code measured against itself on this setup can look that different, so smaller differences mean nothing.
  Neighbouring measurements are nearly independent (autocorrelation +0.05), so they were resampled one by one.
  
  Verdict: RESOLVED. A is faster than B: the difference is real, as its interval excludes zero and it exceeds the noise floor.
  
  Warnings:
    - the program holds 99 MB of live data, more than the caches of many machines; for data that size, where it lies in memory can shift the result by several points in ways the interval does not cover, and differently in the next process; run the comparison in several processes with the multiproc package
    - candidate A drifted during the run: its measurements were 0.645% lower in the second half than in the first, so the machine did not hold still

== street multi n=16384 churn and build: ordered vs map-sets
steady state, per insertion or deletion in a structure of 42299 elements (cycle of 111004 operations, first pass untimed):
  A: 182.5 ns per operation (median)
  B: 115.2 ns per operation (median)
  A needs 61.6% more time than B: B takes only 0.62 times as long as A.
  With 95% confidence the difference lies between 53.4% and 68.3% more time (B takes between 0.594 and 0.65 times as long as A).
  Noise floor: 3.22%. Identical code measured against itself on this setup can look that different, so smaller differences mean nothing.
  Neighbouring measurements are nearly independent (autocorrelation +0.08), so they were resampled one by one.
  
  Verdict: RESOLVED. A is slower than B: the difference is real, as its interval excludes zero and it exceeds the noise floor.
  
  Warnings:
    - the program holds 110 MB of live data, more than the caches of many machines; for data that size, where it lies in memory can shift the result by several points in ways the interval does not cover, and differently in the next process; run the comparison in several processes with the multiproc package

build from empty to 42299 elements, per whole build (151987 operations):
  A: 2.737e+07 ns per operation (median)
  B: 1.845e+07 ns per operation (median)
  A needs 48.1% more time than B: B takes only 0.68 times as long as A.
  With 95% confidence the difference lies between 46.7% and 49.2% more time (B takes between 0.67 and 0.68 times as long as A).
  Noise floor: 0.383%. Identical code measured against itself on this setup can look that different, so smaller differences mean nothing.
  Neighbouring measurements are nearly independent (autocorrelation -0.06), so they were resampled one by one.
  
  Verdict: RESOLVED. A is slower than B: the difference is real, as its interval excludes zero and it exceeds the noise floor.
  
  Warnings:
    - the program holds 99 MB of live data, more than the caches of many machines; for data that size, where it lies in memory can shift the result by several points in ways the interval does not cover, and differently in the next process; run the comparison in several processes with the multiproc package

checksum 11850344770049386482
== street multi n=16384 valuesFor: ordered vs hashed
A: 96.7 ns per operation (median)
B: 36.23 ns per operation (median)
A needs 167% more time than B: B takes only 0.37 times as long as A.
With 95% confidence the difference lies between 166% and 170% more time (B takes between 0.371 and 0.38 times as long as A).
Noise floor: 1.04%. Identical code measured against itself on this setup can look that different, so smaller differences mean nothing.
Neighbouring measurements are nearly independent (autocorrelation +0.06), so they were resampled one by one.

Verdict: RESOLVED. A is slower than B: the difference is real, as its interval excludes zero and it exceeds the noise floor.

Warnings:
  - the program holds 98 MB of live data, more than the caches of many machines; for data that size, where it lies in memory can shift the result by several points in ways the interval does not cover, and differently in the next process; run the comparison in several processes with the multiproc package
  - 6.7% of bootstrap replicates tied, so the measurement is coarse relative to the question; lower CollectOptions.MaxQuantizationError to lengthen the batches

== street multi n=16384 valuesFor: ordered vs btree-sets
A: 99.64 ns per operation (median)
B: 232 ns per operation (median)
A needs 57.4% less time than B: B takes 2.35 times as long as A.
With 95% confidence the difference lies between 55.8% and 58.2% less time (B takes between 2.26 and 2.39 times as long as A).
Noise floor: 0.956%. Identical code measured against itself on this setup can look that different, so smaller differences mean nothing.
Neighbouring measurements are nearly independent (autocorrelation -0.51), so they were resampled one by one.

Verdict: RESOLVED. A is faster than B: the difference is real, as its interval excludes zero and it exceeds the noise floor.

Warnings:
  - the program holds 98 MB of live data, more than the caches of many machines; for data that size, where it lies in memory can shift the result by several points in ways the interval does not cover, and differently in the next process; run the comparison in several processes with the multiproc package

== street multi n=16384 valuesFor: ordered vs map-sets
A: 99.53 ns per operation (median)
B: 90.01 ns per operation (median)
A needs 7.81% more time than B: B takes only 0.93 times as long as A.
With 95% confidence the difference lies between 6.66% and 13.9% more time (B takes between 0.878 and 0.94 times as long as A).
Noise floor: 1.15%. Identical code measured against itself on this setup can look that different, so smaller differences mean nothing.
Neighbouring measurements are nearly independent (autocorrelation -0.39), so they were resampled one by one.

Verdict: RESOLVED. A is slower than B: the difference is real, as its interval excludes zero and it exceeds the noise floor.

Warnings:
  - the program holds 98 MB of live data, more than the caches of many machines; for data that size, where it lies in memory can shift the result by several points in ways the interval does not cover, and differently in the next process; run the comparison in several processes with the multiproc package

== street multi n=16384 valuesBetween: ordered vs hashed
A: 3594 ns per operation (median)
B: 2.854e+05 ns per operation (median)
A needs 98.7% less time than B: B takes 78.76 times as long as A.
With 95% confidence the difference lies between 98.7% and 98.7% less time (B takes between 78.2 and 79.82 times as long as A).
Noise floor: 0.82%. Identical code measured against itself on this setup can look that different, so smaller differences mean nothing.
Neighbouring measurements are nearly independent (autocorrelation +0.19), so they were resampled one by one.

Verdict: RESOLVED. A is faster than B: the difference is real, as its interval excludes zero and it exceeds the noise floor.

Warnings:
  - the program holds 98 MB of live data, more than the caches of many machines; for data that size, where it lies in memory can shift the result by several points in ways the interval does not cover, and differently in the next process; run the comparison in several processes with the multiproc package
  - candidate A drifted during the run: its measurements were 2.21% lower in the second half than in the first, so the machine did not hold still
  - the ratio B/A was 2.39% higher in the second half of the run than in the first, so the candidates had not reached a steady state and the difference depends on how long the run was; a common cause is a head start for whichever candidate ran alone last before the comparison or had its data built last, which a longer CollectOptions.WarmupDuration removes
  - 5.2% of bootstrap replicates tied, so the measurement is coarse relative to the question; lower CollectOptions.MaxQuantizationError to lengthen the batches

== street multi n=16384 valuesBetween: ordered vs btree-sets
A: 3581 ns per operation (median)
B: 5887 ns per operation (median)
A needs 39.1% less time than B: B takes 1.64 times as long as A.
With 95% confidence the difference lies between 38.1% and 39.7% less time (B takes between 1.62 and 1.66 times as long as A).
Noise floor: 1.16%. Identical code measured against itself on this setup can look that different, so smaller differences mean nothing.
Neighbouring measurements are nearly independent (autocorrelation +0.09), so they were resampled one by one.

Verdict: RESOLVED. A is faster than B: the difference is real, as its interval excludes zero and it exceeds the noise floor.

Warnings:
  - the program holds 98 MB of live data, more than the caches of many machines; for data that size, where it lies in memory can shift the result by several points in ways the interval does not cover, and differently in the next process; run the comparison in several processes with the multiproc package

== street multi n=16384 valuesBetween: ordered vs map-sets
A: 3684 ns per operation (median)
B: 2.676e+05 ns per operation (median)
A needs 98.6% less time than B: B takes 72.46 times as long as A.
With 95% confidence the difference lies between 98.6% and 98.6% less time (B takes between 71.4 and 73.15 times as long as A).
Noise floor: 1.13%. Identical code measured against itself on this setup can look that different, so smaller differences mean nothing.
Neighbouring measurements are nearly independent (autocorrelation -0.06), so they were resampled one by one.

Verdict: RESOLVED. A is faster than B: the difference is real, as its interval excludes zero and it exceeds the noise floor.

Warnings:
  - the program holds 98 MB of live data, more than the caches of many machines; for data that size, where it lies in memory can shift the result by several points in ways the interval does not cover, and differently in the next process; run the comparison in several processes with the multiproc package
  - in 50% of A/A runs this setup reported a difference between identical code, well above the 10% expected; treat any confidence from it with suspicion

== street multi n=16384 prefix: ordered vs hashed
A: 1292 ns per operation (median)
B: 2.917e+05 ns per operation (median)
A needs 99.6% less time than B: B takes 225.08 times as long as A.
With 95% confidence the difference lies between 99.5% and 99.6% less time (B takes between 219 and 237.19 times as long as A).
Noise floor: 4.79%. Identical code measured against itself on this setup can look that different, so smaller differences mean nothing.
Neighbouring measurements are nearly independent (autocorrelation +0.13), so they were resampled one by one.

Verdict: RESOLVED. A is faster than B: the difference is real, as its interval excludes zero and it exceeds the noise floor.

Warnings:
  - the program holds 98 MB of live data, more than the caches of many machines; for data that size, where it lies in memory can shift the result by several points in ways the interval does not cover, and differently in the next process; run the comparison in several processes with the multiproc package
  - candidate A drifted during the run: its measurements were 6.64% higher in the second half than in the first, so the machine did not hold still

== street multi n=16384 prefix: ordered vs btree-sets
A: 1179 ns per operation (median)
B: 2313 ns per operation (median)
A needs 48.5% less time than B: B takes 1.94 times as long as A.
With 95% confidence the difference lies between 48% and 49.4% less time (B takes between 1.92 and 1.98 times as long as A).
Noise floor: 3.99%. Identical code measured against itself on this setup can look that different, so smaller differences mean nothing.
Neighbouring measurements are nearly independent (autocorrelation -0.15), so they were resampled one by one.

Verdict: RESOLVED. A is faster than B: the difference is real, as its interval excludes zero and it exceeds the noise floor.

Warnings:
  - the program holds 98 MB of live data, more than the caches of many machines; for data that size, where it lies in memory can shift the result by several points in ways the interval does not cover, and differently in the next process; run the comparison in several processes with the multiproc package

== street multi n=16384 prefix: ordered vs map-sets
A: 1244 ns per operation (median)
B: 2.698e+05 ns per operation (median)
A needs 99.5% less time than B: B takes 217.14 times as long as A.
With 95% confidence the difference lies between 99.5% and 99.6% less time (B takes between 206 and 224.95 times as long as A).
Noise floor: 0.695%. Identical code measured against itself on this setup can look that different, so smaller differences mean nothing.
Neighbouring measurements are nearly independent (autocorrelation +0.14), so they were resampled one by one.

Verdict: RESOLVED. A is faster than B: the difference is real, as its interval excludes zero and it exceeds the noise floor.

Warnings:
  - the program holds 98 MB of live data, more than the caches of many machines; for data that size, where it lies in memory can shift the result by several points in ways the interval does not cover, and differently in the next process; run the comparison in several processes with the multiproc package

== street multi n=16384 churn and build: ordered vs hashed
steady state, per insertion or deletion in a structure of 42299 elements (cycle of 111004 operations, first pass untimed):
  A: 174.8 ns per operation (median)
  B: 84.3 ns per operation (median)
  A needs 110% more time than B: B takes only 0.48 times as long as A.
  With 95% confidence the difference lies between 106% and 116% more time (B takes between 0.463 and 0.49 times as long as A).
  Noise floor: 1.46%. Identical code measured against itself on this setup can look that different, so smaller differences mean nothing.
  Neighbouring measurements are correlated (autocorrelation +0.23), so they were resampled in blocks of 3.
  
  Verdict: RESOLVED. A is slower than B: the difference is real, as its interval excludes zero and it exceeds the noise floor.
  
  Warnings:
    - the program holds 107 MB of live data, more than the caches of many machines; for data that size, where it lies in memory can shift the result by several points in ways the interval does not cover, and differently in the next process; run the comparison in several processes with the multiproc package

build from empty to 42299 elements, per whole build (151987 operations):
  A: 2.715e+07 ns per operation (median)
  B: 1.443e+07 ns per operation (median)
  A needs 87.7% more time than B: B takes only 0.53 times as long as A.
  With 95% confidence the difference lies between 85.8% and 89.5% more time (B takes between 0.528 and 0.54 times as long as A).
  Noise floor: 0.339%. Identical code measured against itself on this setup can look that different, so smaller differences mean nothing.
  Neighbouring measurements are nearly independent (autocorrelation -0.11), so they were resampled one by one.
  
  Verdict: RESOLVED. A is slower than B: the difference is real, as its interval excludes zero and it exceeds the noise floor.
  
  Warnings:
    - the program holds 99 MB of live data, more than the caches of many machines; for data that size, where it lies in memory can shift the result by several points in ways the interval does not cover, and differently in the next process; run the comparison in several processes with the multiproc package

== street multi n=16384 churn and build: ordered vs btree-sets
steady state, per insertion or deletion in a structure of 42299 elements (cycle of 111004 operations, first pass untimed):
  A: 190.6 ns per operation (median)
  B: 323.6 ns per operation (median)
  A needs 41.8% less time than B: B takes 1.72 times as long as A.
  With 95% confidence the difference lies between 36.4% and 42.9% less time (B takes between 1.57 and 1.75 times as long as A).
  Noise floor: 3.86%. Identical code measured against itself on this setup can look that different, so smaller differences mean nothing.
  Neighbouring measurements are nearly independent (autocorrelation -0.25), so they were resampled one by one.
  
  Verdict: RESOLVED. A is faster than B: the difference is real, as its interval excludes zero and it exceeds the noise floor.
  
  Warnings:
    - the program holds 110 MB of live data, more than the caches of many machines; for data that size, where it lies in memory can shift the result by several points in ways the interval does not cover, and differently in the next process; run the comparison in several processes with the multiproc package

build from empty to 42299 elements, per whole build (151987 operations):
  A: 2.695e+07 ns per operation (median)
  B: 4.948e+07 ns per operation (median)
  A needs 45.6% less time than B: B takes 1.84 times as long as A.
  With 95% confidence the difference lies between 45.3% and 45.7% less time (B takes between 1.83 and 1.84 times as long as A).
  Noise floor: 0.224%. Identical code measured against itself on this setup can look that different, so smaller differences mean nothing.
  Neighbouring measurements are nearly independent (autocorrelation +0.02), so they were resampled one by one.
  
  Verdict: RESOLVED. A is faster than B: the difference is real, as its interval excludes zero and it exceeds the noise floor.
  
  Warnings:
    - the program holds 99 MB of live data, more than the caches of many machines; for data that size, where it lies in memory can shift the result by several points in ways the interval does not cover, and differently in the next process; run the comparison in several processes with the multiproc package

== street multi n=16384 churn and build: ordered vs map-sets
steady state, per insertion or deletion in a structure of 42299 elements (cycle of 111004 operations, first pass untimed):
  A: 183.9 ns per operation (median)
  B: 109.3 ns per operation (median)
  A needs 65.8% more time than B: B takes only 0.60 times as long as A.
  With 95% confidence the difference lies between 62.3% and 75.2% more time (B takes between 0.571 and 0.62 times as long as A).
  Noise floor: 4.32%. Identical code measured against itself on this setup can look that different, so smaller differences mean nothing.
  Neighbouring measurements are correlated (autocorrelation +0.27), so they were resampled in blocks of 3.
  
  Verdict: RESOLVED. A is slower than B: the difference is real, as its interval excludes zero and it exceeds the noise floor.
  
  Warnings:
    - the program holds 110 MB of live data, more than the caches of many machines; for data that size, where it lies in memory can shift the result by several points in ways the interval does not cover, and differently in the next process; run the comparison in several processes with the multiproc package

build from empty to 42299 elements, per whole build (151987 operations):
  A: 2.71e+07 ns per operation (median)
  B: 1.793e+07 ns per operation (median)
  A needs 51.3% more time than B: B takes only 0.66 times as long as A.
  With 95% confidence the difference lies between 49.3% and 52% more time (B takes between 0.658 and 0.67 times as long as A).
  Noise floor: 0.423%. Identical code measured against itself on this setup can look that different, so smaller differences mean nothing.
  Neighbouring measurements are nearly independent (autocorrelation +0.08), so they were resampled one by one.
  
  Verdict: RESOLVED. A is slower than B: the difference is real, as its interval excludes zero and it exceeds the noise floor.
  
  Warnings:
    - the program holds 99 MB of live data, more than the caches of many machines; for data that size, where it lies in memory can shift the result by several points in ways the interval does not cover, and differently in the next process; run the comparison in several processes with the multiproc package

checksum 10679628312950216767
== street multi n=16384 valuesFor: ordered vs hashed
A: 100.1 ns per operation (median)
B: 37.05 ns per operation (median)
A needs 166% more time than B: B takes only 0.38 times as long as A.
With 95% confidence the difference lies between 159% and 169% more time (B takes between 0.371 and 0.39 times as long as A).
Noise floor: 0.362%. Identical code measured against itself on this setup can look that different, so smaller differences mean nothing.
Neighbouring measurements are nearly independent (autocorrelation -0.05), so they were resampled one by one.

Verdict: RESOLVED. A is slower than B: the difference is real, as its interval excludes zero and it exceeds the noise floor.

Warnings:
  - the program holds 82 MB of live data, more than the caches of many machines; for data that size, where it lies in memory can shift the result by several points in ways the interval does not cover, and differently in the next process; run the comparison in several processes with the multiproc package
  - in 50% of A/A runs this setup reported a difference between identical code, well above the 10% expected; treat any confidence from it with suspicion

== street multi n=16384 valuesFor: ordered vs btree-sets
A: 98.27 ns per operation (median)
B: 225.4 ns per operation (median)
A needs 56.8% less time than B: B takes 2.32 times as long as A.
With 95% confidence the difference lies between 55.6% and 57.6% less time (B takes between 2.25 and 2.36 times as long as A).
Noise floor: 0.785%. Identical code measured against itself on this setup can look that different, so smaller differences mean nothing.
Neighbouring measurements are nearly independent (autocorrelation -0.47), so they were resampled one by one.

Verdict: RESOLVED. A is faster than B: the difference is real, as its interval excludes zero and it exceeds the noise floor.

Warnings:
  - the program holds 82 MB of live data, more than the caches of many machines; for data that size, where it lies in memory can shift the result by several points in ways the interval does not cover, and differently in the next process; run the comparison in several processes with the multiproc package

== street multi n=16384 valuesFor: ordered vs map-sets
A: 98.13 ns per operation (median)
B: 87.8 ns per operation (median)
A needs 11.9% more time than B: B takes only 0.89 times as long as A.
With 95% confidence the difference lies between 9.22% and 13.2% more time (B takes between 0.883 and 0.92 times as long as A).
Noise floor: 0.623%. Identical code measured against itself on this setup can look that different, so smaller differences mean nothing.
Neighbouring measurements are correlated (autocorrelation +0.36), so they were resampled in blocks of 3.

Verdict: RESOLVED. A is slower than B: the difference is real, as its interval excludes zero and it exceeds the noise floor.

Warnings:
  - the program holds 82 MB of live data, more than the caches of many machines; for data that size, where it lies in memory can shift the result by several points in ways the interval does not cover, and differently in the next process; run the comparison in several processes with the multiproc package

== street multi n=16384 valuesBetween: ordered vs hashed
A: 3620 ns per operation (median)
B: 2.828e+05 ns per operation (median)
A needs 98.7% less time than B: B takes 77.59 times as long as A.
With 95% confidence the difference lies between 98.7% and 98.7% less time (B takes between 76.3 and 79.33 times as long as A).
Noise floor: 0.671%. Identical code measured against itself on this setup can look that different, so smaller differences mean nothing.
Neighbouring measurements are nearly independent (autocorrelation +0.11), so they were resampled one by one.

Verdict: RESOLVED. A is faster than B: the difference is real, as its interval excludes zero and it exceeds the noise floor.

Warnings:
  - the program holds 82 MB of live data, more than the caches of many machines; for data that size, where it lies in memory can shift the result by several points in ways the interval does not cover, and differently in the next process; run the comparison in several processes with the multiproc package
  - candidate B drifted during the run: its measurements were 1.22% higher in the second half than in the first, so the machine did not hold still

== street multi n=16384 valuesBetween: ordered vs btree-sets
A: 3611 ns per operation (median)
B: 5837 ns per operation (median)
A needs 38.1% less time than B: B takes 1.62 times as long as A.
With 95% confidence the difference lies between 37.4% and 38.9% less time (B takes between 1.6 and 1.64 times as long as A).
Noise floor: 0.71%. Identical code measured against itself on this setup can look that different, so smaller differences mean nothing.
Neighbouring measurements are correlated (autocorrelation +0.53), so they were resampled in blocks of 3.

Verdict: RESOLVED. A is faster than B: the difference is real, as its interval excludes zero and it exceeds the noise floor.

Warnings:
  - the program holds 82 MB of live data, more than the caches of many machines; for data that size, where it lies in memory can shift the result by several points in ways the interval does not cover, and differently in the next process; run the comparison in several processes with the multiproc package
  - candidate A drifted during the run: its measurements were 2.21% lower in the second half than in the first, so the machine did not hold still
  - candidate B drifted during the run: its measurements were 1.13% lower in the second half than in the first, so the machine did not hold still

== street multi n=16384 valuesBetween: ordered vs map-sets
A: 3635 ns per operation (median)
B: 2.628e+05 ns per operation (median)
A needs 98.6% less time than B: B takes 72.05 times as long as A.
With 95% confidence the difference lies between 98.6% and 98.6% less time (B takes between 70.4 and 73.54 times as long as A).
Noise floor: 1.22%. Identical code measured against itself on this setup can look that different, so smaller differences mean nothing.
Neighbouring measurements are nearly independent (autocorrelation +0.14), so they were resampled one by one.

Verdict: RESOLVED. A is faster than B: the difference is real, as its interval excludes zero and it exceeds the noise floor.

Warnings:
  - the program holds 82 MB of live data, more than the caches of many machines; for data that size, where it lies in memory can shift the result by several points in ways the interval does not cover, and differently in the next process; run the comparison in several processes with the multiproc package
  - in 50% of A/A runs this setup reported a difference between identical code, well above the 10% expected; treat any confidence from it with suspicion

== street multi n=16384 prefix: ordered vs hashed
A: 1231 ns per operation (median)
B: 2.866e+05 ns per operation (median)
A needs 99.6% less time than B: B takes 233.72 times as long as A.
With 95% confidence the difference lies between 99.6% and 99.6% less time (B takes between 225 and 237.34 times as long as A).
Noise floor: 2.2%. Identical code measured against itself on this setup can look that different, so smaller differences mean nothing.
Neighbouring measurements are nearly independent (autocorrelation +0.12), so they were resampled one by one.

Verdict: RESOLVED. A is faster than B: the difference is real, as its interval excludes zero and it exceeds the noise floor.

Warnings:
  - the program holds 98 MB of live data, more than the caches of many machines; for data that size, where it lies in memory can shift the result by several points in ways the interval does not cover, and differently in the next process; run the comparison in several processes with the multiproc package
  - candidate A drifted during the run: its measurements were 5.49% lower in the second half than in the first, so the machine did not hold still

== street multi n=16384 prefix: ordered vs btree-sets
A: 1191 ns per operation (median)
B: 2268 ns per operation (median)
A needs 47.8% less time than B: B takes 1.92 times as long as A.
With 95% confidence the difference lies between 47.1% and 48.6% less time (B takes between 1.89 and 1.95 times as long as A).
Noise floor: 0.903%. Identical code measured against itself on this setup can look that different, so smaller differences mean nothing.
Neighbouring measurements are nearly independent (autocorrelation -0.19), so they were resampled one by one.

Verdict: RESOLVED. A is faster than B: the difference is real, as its interval excludes zero and it exceeds the noise floor.

Warnings:
  - the program holds 98 MB of live data, more than the caches of many machines; for data that size, where it lies in memory can shift the result by several points in ways the interval does not cover, and differently in the next process; run the comparison in several processes with the multiproc package

== street multi n=16384 prefix: ordered vs map-sets
A: 1259 ns per operation (median)
B: 2.668e+05 ns per operation (median)
A needs 99.5% less time than B: B takes 214.64 times as long as A.
With 95% confidence the difference lies between 99.5% and 99.6% less time (B takes between 199 and 223.97 times as long as A).
Noise floor: 2.69%. Identical code measured against itself on this setup can look that different, so smaller differences mean nothing.
Neighbouring measurements are nearly independent (autocorrelation +0.10), so they were resampled one by one.

Verdict: RESOLVED. A is faster than B: the difference is real, as its interval excludes zero and it exceeds the noise floor.

Warnings:
  - the program holds 98 MB of live data, more than the caches of many machines; for data that size, where it lies in memory can shift the result by several points in ways the interval does not cover, and differently in the next process; run the comparison in several processes with the multiproc package

== street multi n=16384 churn and build: ordered vs hashed
steady state, per insertion or deletion in a structure of 42299 elements (cycle of 111004 operations, first pass untimed):
  A: 175.2 ns per operation (median)
  B: 83.48 ns per operation (median)
  A needs 110% more time than B: B takes only 0.48 times as long as A.
  With 95% confidence the difference lies between 105% and 115% more time (B takes between 0.464 and 0.49 times as long as A).
  Noise floor: 0.543%. Identical code measured against itself on this setup can look that different, so smaller differences mean nothing.
  Neighbouring measurements are correlated (autocorrelation +0.49), so they were resampled in blocks of 3.
  
  Verdict: RESOLVED. A is slower than B: the difference is real, as its interval excludes zero and it exceeds the noise floor.
  
  Warnings:
    - the program holds 107 MB of live data, more than the caches of many machines; for data that size, where it lies in memory can shift the result by several points in ways the interval does not cover, and differently in the next process; run the comparison in several processes with the multiproc package

build from empty to 42299 elements, per whole build (151987 operations):
  A: 2.714e+07 ns per operation (median)
  B: 1.488e+07 ns per operation (median)
  A needs 82% more time than B: B takes only 0.55 times as long as A.
  With 95% confidence the difference lies between 80.7% and 82.7% more time (B takes between 0.547 and 0.55 times as long as A).
  Noise floor: 0.353%. Identical code measured against itself on this setup can look that different, so smaller differences mean nothing.
  Neighbouring measurements are nearly independent (autocorrelation -0.01), so they were resampled one by one.
  
  Verdict: RESOLVED. A is slower than B: the difference is real, as its interval excludes zero and it exceeds the noise floor.
  
  Warnings:
    - the program holds 99 MB of live data, more than the caches of many machines; for data that size, where it lies in memory can shift the result by several points in ways the interval does not cover, and differently in the next process; run the comparison in several processes with the multiproc package
    - in 50% of A/A runs this setup reported a difference between identical code, well above the 10% expected; treat any confidence from it with suspicion

== street multi n=16384 churn and build: ordered vs btree-sets
steady state, per insertion or deletion in a structure of 42299 elements (cycle of 111004 operations, first pass untimed):
  A: 186.7 ns per operation (median)
  B: 319.5 ns per operation (median)
  A needs 42.7% less time than B: B takes 1.75 times as long as A.
  With 95% confidence the difference lies between 37.8% and 43.2% less time (B takes between 1.61 and 1.76 times as long as A).
  Noise floor: 2.58%. Identical code measured against itself on this setup can look that different, so smaller differences mean nothing.
  Neighbouring measurements are nearly independent (autocorrelation -0.05), so they were resampled one by one.
  
  Verdict: RESOLVED. A is faster than B: the difference is real, as its interval excludes zero and it exceeds the noise floor.
  
  Warnings:
    - the program holds 110 MB of live data, more than the caches of many machines; for data that size, where it lies in memory can shift the result by several points in ways the interval does not cover, and differently in the next process; run the comparison in several processes with the multiproc package

build from empty to 42299 elements, per whole build (151987 operations):
  A: 2.708e+07 ns per operation (median)
  B: 4.992e+07 ns per operation (median)
  A needs 45.8% less time than B: B takes 1.84 times as long as A.
  With 95% confidence the difference lies between 45.6% and 45.9% less time (B takes between 1.84 and 1.85 times as long as A).
  Noise floor: 0.551%. Identical code measured against itself on this setup can look that different, so smaller differences mean nothing.
  Neighbouring measurements are nearly independent (autocorrelation +0.08), so they were resampled one by one.
  
  Verdict: RESOLVED. A is faster than B: the difference is real, as its interval excludes zero and it exceeds the noise floor.
  
  Warnings:
    - the program holds 99 MB of live data, more than the caches of many machines; for data that size, where it lies in memory can shift the result by several points in ways the interval does not cover, and differently in the next process; run the comparison in several processes with the multiproc package
    - in 50% of A/A runs this setup reported a difference between identical code, well above the 10% expected; treat any confidence from it with suspicion

== street multi n=16384 churn and build: ordered vs map-sets
steady state, per insertion or deletion in a structure of 42299 elements (cycle of 111004 operations, first pass untimed):
  A: 180.9 ns per operation (median)
  B: 111.5 ns per operation (median)
  A needs 63% more time than B: B takes only 0.61 times as long as A.
  With 95% confidence the difference lies between 57.6% and 70.2% more time (B takes between 0.587 and 0.63 times as long as A).
  Noise floor: 3.72%. Identical code measured against itself on this setup can look that different, so smaller differences mean nothing.
  Neighbouring measurements are nearly independent (autocorrelation +0.07), so they were resampled one by one.
  
  Verdict: RESOLVED. A is slower than B: the difference is real, as its interval excludes zero and it exceeds the noise floor.
  
  Warnings:
    - the program holds 110 MB of live data, more than the caches of many machines; for data that size, where it lies in memory can shift the result by several points in ways the interval does not cover, and differently in the next process; run the comparison in several processes with the multiproc package

build from empty to 42299 elements, per whole build (151987 operations):
  A: 2.705e+07 ns per operation (median)
  B: 1.857e+07 ns per operation (median)
  A needs 45.7% more time than B: B takes only 0.69 times as long as A.
  With 95% confidence the difference lies between 45% and 46% more time (B takes between 0.685 and 0.69 times as long as A).
  Noise floor: 0.314%. Identical code measured against itself on this setup can look that different, so smaller differences mean nothing.
  Neighbouring measurements are nearly independent (autocorrelation +0.12), so they were resampled one by one.
  
  Verdict: RESOLVED. A is slower than B: the difference is real, as its interval excludes zero and it exceeds the noise floor.
  
  Warnings:
    - the program holds 99 MB of live data, more than the caches of many machines; for data that size, where it lies in memory can shift the result by several points in ways the interval does not cover, and differently in the next process; run the comparison in several processes with the multiproc package

checksum 5082907160287898726
== street multi n=16384 valuesFor: ordered vs hashed
A: 96.03 ns per operation (median)
B: 36.03 ns per operation (median)
A needs 167% more time than B: B takes only 0.37 times as long as A.
With 95% confidence the difference lies between 164% and 170% more time (B takes between 0.37 and 0.38 times as long as A).
Noise floor: 0.591%. Identical code measured against itself on this setup can look that different, so smaller differences mean nothing.
Neighbouring measurements are correlated (autocorrelation +0.26), so they were resampled in blocks of 3.

Verdict: RESOLVED. A is slower than B: the difference is real, as its interval excludes zero and it exceeds the noise floor.

Warnings:
  - the program holds 69 MB of live data, more than the caches of many machines; for data that size, where it lies in memory can shift the result by several points in ways the interval does not cover, and differently in the next process; run the comparison in several processes with the multiproc package

== street multi n=16384 valuesFor: ordered vs btree-sets
A: 100.7 ns per operation (median)
B: 235.8 ns per operation (median)
A needs 57.5% less time than B: B takes 2.35 times as long as A.
With 95% confidence the difference lies between 55.9% and 58.9% less time (B takes between 2.27 and 2.43 times as long as A).
Noise floor: 2.53%. Identical code measured against itself on this setup can look that different, so smaller differences mean nothing.
Neighbouring measurements are nearly independent (autocorrelation -0.29), so they were resampled one by one.

Verdict: RESOLVED. A is faster than B: the difference is real, as its interval excludes zero and it exceeds the noise floor.

Warnings:
  - the program holds 98 MB of live data, more than the caches of many machines; for data that size, where it lies in memory can shift the result by several points in ways the interval does not cover, and differently in the next process; run the comparison in several processes with the multiproc package

== street multi n=16384 valuesFor: ordered vs map-sets
A: 99.79 ns per operation (median)
B: 90.56 ns per operation (median)
A needs 7.87% more time than B: B takes only 0.93 times as long as A.
With 95% confidence the difference lies between 6.25% and 13% more time (B takes between 0.885 and 0.94 times as long as A).
Noise floor: 2.31%. Identical code measured against itself on this setup can look that different, so smaller differences mean nothing.
Neighbouring measurements are nearly independent (autocorrelation -0.14), so they were resampled one by one.

Verdict: RESOLVED. A is slower than B: the difference is real, as its interval excludes zero and it exceeds the noise floor.

Warnings:
  - the program holds 98 MB of live data, more than the caches of many machines; for data that size, where it lies in memory can shift the result by several points in ways the interval does not cover, and differently in the next process; run the comparison in several processes with the multiproc package

== street multi n=16384 valuesBetween: ordered vs hashed
A: 3590 ns per operation (median)
B: 2.802e+05 ns per operation (median)
A needs 98.7% less time than B: B takes 77.76 times as long as A.
With 95% confidence the difference lies between 98.7% and 98.7% less time (B takes between 76.7 and 78.83 times as long as A).
Noise floor: 0.922%. Identical code measured against itself on this setup can look that different, so smaller differences mean nothing.
Neighbouring measurements are nearly independent (autocorrelation +0.06), so they were resampled one by one.

Verdict: RESOLVED. A is faster than B: the difference is real, as its interval excludes zero and it exceeds the noise floor.

Warnings:
  - the program holds 98 MB of live data, more than the caches of many machines; for data that size, where it lies in memory can shift the result by several points in ways the interval does not cover, and differently in the next process; run the comparison in several processes with the multiproc package
  - in 50% of A/A runs this setup reported a difference between identical code, well above the 10% expected; treat any confidence from it with suspicion

== street multi n=16384 valuesBetween: ordered vs btree-sets
A: 3613 ns per operation (median)
B: 5923 ns per operation (median)
A needs 39.3% less time than B: B takes 1.65 times as long as A.
With 95% confidence the difference lies between 37.9% and 40.1% less time (B takes between 1.61 and 1.67 times as long as A).
Noise floor: 1%. Identical code measured against itself on this setup can look that different, so smaller differences mean nothing.
Neighbouring measurements are nearly independent (autocorrelation -0.32), so they were resampled one by one.

Verdict: RESOLVED. A is faster than B: the difference is real, as its interval excludes zero and it exceeds the noise floor.

Warnings:
  - the program holds 98 MB of live data, more than the caches of many machines; for data that size, where it lies in memory can shift the result by several points in ways the interval does not cover, and differently in the next process; run the comparison in several processes with the multiproc package
  - in 50% of A/A runs this setup reported a difference between identical code, well above the 10% expected; treat any confidence from it with suspicion

== street multi n=16384 valuesBetween: ordered vs map-sets
A: 3692 ns per operation (median)
B: 2.692e+05 ns per operation (median)
A needs 98.6% less time than B: B takes 72.85 times as long as A.
With 95% confidence the difference lies between 98.6% and 98.6% less time (B takes between 71.8 and 73.28 times as long as A).
Noise floor: 1.58%. Identical code measured against itself on this setup can look that different, so smaller differences mean nothing.
Neighbouring measurements are nearly independent (autocorrelation +0.06), so they were resampled one by one.

Verdict: RESOLVED. A is faster than B: the difference is real, as its interval excludes zero and it exceeds the noise floor.

Warnings:
  - the program holds 98 MB of live data, more than the caches of many machines; for data that size, where it lies in memory can shift the result by several points in ways the interval does not cover, and differently in the next process; run the comparison in several processes with the multiproc package
  - in 50% of A/A runs this setup reported a difference between identical code, well above the 10% expected; treat any confidence from it with suspicion

== street multi n=16384 prefix: ordered vs hashed
A: 1231 ns per operation (median)
B: 2.858e+05 ns per operation (median)
A needs 99.6% less time than B: B takes 230.97 times as long as A.
With 95% confidence the difference lies between 99.6% and 99.6% less time (B takes between 224 and 240.71 times as long as A).
Noise floor: 0.635%. Identical code measured against itself on this setup can look that different, so smaller differences mean nothing.
Neighbouring measurements are nearly independent (autocorrelation +0.00), so they were resampled one by one.

Verdict: RESOLVED. A is faster than B: the difference is real, as its interval excludes zero and it exceeds the noise floor.

Warnings:
  - the program holds 98 MB of live data, more than the caches of many machines; for data that size, where it lies in memory can shift the result by several points in ways the interval does not cover, and differently in the next process; run the comparison in several processes with the multiproc package
  - candidate B drifted during the run: its measurements were 0.912% lower in the second half than in the first, so the machine did not hold still

== street multi n=16384 prefix: ordered vs btree-sets
A: 1283 ns per operation (median)
B: 2497 ns per operation (median)
A needs 49.4% less time than B: B takes 1.98 times as long as A.
With 95% confidence the difference lies between 48.2% and 50.7% less time (B takes between 1.93 and 2.03 times as long as A).
Noise floor: 1.13%. Identical code measured against itself on this setup can look that different, so smaller differences mean nothing.
Neighbouring measurements are nearly independent (autocorrelation -0.18), so they were resampled one by one.

Verdict: RESOLVED. A is faster than B: the difference is real, as its interval excludes zero and it exceeds the noise floor.

Warnings:
  - the program holds 98 MB of live data, more than the caches of many machines; for data that size, where it lies in memory can shift the result by several points in ways the interval does not cover, and differently in the next process; run the comparison in several processes with the multiproc package
  - candidate B drifted during the run: its measurements were 7.73% higher in the second half than in the first, so the machine did not hold still
  - 6.4% of bootstrap replicates tied, so the measurement is coarse relative to the question; lower CollectOptions.MaxQuantizationError to lengthen the batches

== street multi n=16384 prefix: ordered vs map-sets
A: 1309 ns per operation (median)
B: 2.72e+05 ns per operation (median)
A needs 99.5% less time than B: B takes 207.55 times as long as A.
With 95% confidence the difference lies between 99.5% and 99.6% less time (B takes between 200 and 224.23 times as long as A).
Noise floor: 2.19%. Identical code measured against itself on this setup can look that different, so smaller differences mean nothing.
Neighbouring measurements are nearly independent (autocorrelation +0.13), so they were resampled one by one.

Verdict: RESOLVED. A is faster than B: the difference is real, as its interval excludes zero and it exceeds the noise floor.

Warnings:
  - the program holds 98 MB of live data, more than the caches of many machines; for data that size, where it lies in memory can shift the result by several points in ways the interval does not cover, and differently in the next process; run the comparison in several processes with the multiproc package

== street multi n=16384 churn and build: ordered vs hashed
steady state, per insertion or deletion in a structure of 42299 elements (cycle of 111004 operations, first pass untimed):
  A: 173.4 ns per operation (median)
  B: 83.42 ns per operation (median)
  A needs 112% more time than B: B takes only 0.47 times as long as A.
  With 95% confidence the difference lies between 108% and 114% more time (B takes between 0.468 and 0.48 times as long as A).
  Noise floor: 1.93%. Identical code measured against itself on this setup can look that different, so smaller differences mean nothing.
  Neighbouring measurements are correlated (autocorrelation +0.34), so they were resampled in blocks of 3.
  
  Verdict: RESOLVED. A is slower than B: the difference is real, as its interval excludes zero and it exceeds the noise floor.
  
  Warnings:
    - the program holds 107 MB of live data, more than the caches of many machines; for data that size, where it lies in memory can shift the result by several points in ways the interval does not cover, and differently in the next process; run the comparison in several processes with the multiproc package

build from empty to 42299 elements, per whole build (151987 operations):
  A: 2.71e+07 ns per operation (median)
  B: 1.45e+07 ns per operation (median)
  A needs 86.9% more time than B: B takes only 0.54 times as long as A.
  With 95% confidence the difference lies between 85.8% and 88.5% more time (B takes between 0.53 and 0.54 times as long as A).
  Noise floor: 0.248%. Identical code measured against itself on this setup can look that different, so smaller differences mean nothing.
  Neighbouring measurements are nearly independent (autocorrelation +0.10), so they were resampled one by one.
  
  Verdict: RESOLVED. A is slower than B: the difference is real, as its interval excludes zero and it exceeds the noise floor.
  
  Warnings:
    - the program holds 99 MB of live data, more than the caches of many machines; for data that size, where it lies in memory can shift the result by several points in ways the interval does not cover, and differently in the next process; run the comparison in several processes with the multiproc package

== street multi n=16384 churn and build: ordered vs btree-sets
steady state, per insertion or deletion in a structure of 42299 elements (cycle of 111004 operations, first pass untimed):
  A: 194.7 ns per operation (median)
  B: 326.8 ns per operation (median)
  A needs 42.1% less time than B: B takes 1.73 times as long as A.
  With 95% confidence the difference lies between 37.6% and 43.3% less time (B takes between 1.6 and 1.76 times as long as A).
  Noise floor: 2.29%. Identical code measured against itself on this setup can look that different, so smaller differences mean nothing.
  Neighbouring measurements are nearly independent (autocorrelation +0.13), so they were resampled one by one.
  
  Verdict: RESOLVED. A is faster than B: the difference is real, as its interval excludes zero and it exceeds the noise floor.
  
  Warnings:
    - the program holds 110 MB of live data, more than the caches of many machines; for data that size, where it lies in memory can shift the result by several points in ways the interval does not cover, and differently in the next process; run the comparison in several processes with the multiproc package

build from empty to 42299 elements, per whole build (151987 operations):
  A: 2.709e+07 ns per operation (median)
  B: 4.97e+07 ns per operation (median)
  A needs 45.4% less time than B: B takes 1.83 times as long as A.
  With 95% confidence the difference lies between 45.1% and 45.6% less time (B takes between 1.82 and 1.84 times as long as A).
  Noise floor: 0.333%. Identical code measured against itself on this setup can look that different, so smaller differences mean nothing.
  Neighbouring measurements are nearly independent (autocorrelation +0.11), so they were resampled one by one.
  
  Verdict: RESOLVED. A is faster than B: the difference is real, as its interval excludes zero and it exceeds the noise floor.
  
  Warnings:
    - the program holds 99 MB of live data, more than the caches of many machines; for data that size, where it lies in memory can shift the result by several points in ways the interval does not cover, and differently in the next process; run the comparison in several processes with the multiproc package
    - in 50% of A/A runs this setup reported a difference between identical code, well above the 10% expected; treat any confidence from it with suspicion

== street multi n=16384 churn and build: ordered vs map-sets
steady state, per insertion or deletion in a structure of 42299 elements (cycle of 111004 operations, first pass untimed):
  A: 183.8 ns per operation (median)
  B: 110.2 ns per operation (median)
  A needs 63.3% more time than B: B takes only 0.61 times as long as A.
  With 95% confidence the difference lies between 59.9% and 72.6% more time (B takes between 0.579 and 0.63 times as long as A).
  Noise floor: 4.3%. Identical code measured against itself on this setup can look that different, so smaller differences mean nothing.
  Neighbouring measurements are correlated (autocorrelation +0.30), so they were resampled in blocks of 3.
  
  Verdict: RESOLVED. A is slower than B: the difference is real, as its interval excludes zero and it exceeds the noise floor.
  
  Warnings:
    - the program holds 110 MB of live data, more than the caches of many machines; for data that size, where it lies in memory can shift the result by several points in ways the interval does not cover, and differently in the next process; run the comparison in several processes with the multiproc package

build from empty to 42299 elements, per whole build (151987 operations):
  A: 2.717e+07 ns per operation (median)
  B: 1.818e+07 ns per operation (median)
  A needs 49.9% more time than B: B takes only 0.67 times as long as A.
  With 95% confidence the difference lies between 48.9% and 51.8% more time (B takes between 0.659 and 0.67 times as long as A).
  Noise floor: 0.375%. Identical code measured against itself on this setup can look that different, so smaller differences mean nothing.
  Neighbouring measurements are nearly independent (autocorrelation +0.01), so they were resampled one by one.
  
  Verdict: RESOLVED. A is slower than B: the difference is real, as its interval excludes zero and it exceeds the noise floor.
  
  Warnings:
    - the program holds 99 MB of live data, more than the caches of many machines; for data that size, where it lies in memory can shift the result by several points in ways the interval does not cover, and differently in the next process; run the comparison in several processes with the multiproc package
    - in 50% of A/A runs this setup reported a difference between identical code, well above the 10% expected; treat any confidence from it with suspicion

checksum 15907273392357947118
== street multi n=16384 valuesFor: ordered vs hashed
A: 96.63 ns per operation (median)
B: 36.29 ns per operation (median)
A needs 166% more time than B: B takes only 0.38 times as long as A.
With 95% confidence the difference lies between 164% and 168% more time (B takes between 0.374 and 0.38 times as long as A).
Noise floor: 0.383%. Identical code measured against itself on this setup can look that different, so smaller differences mean nothing.
Neighbouring measurements are nearly independent (autocorrelation -0.19), so they were resampled one by one.

Verdict: RESOLVED. A is slower than B: the difference is real, as its interval excludes zero and it exceeds the noise floor.

Warnings:
  - the program holds 67 MB of live data, more than the caches of many machines; for data that size, where it lies in memory can shift the result by several points in ways the interval does not cover, and differently in the next process; run the comparison in several processes with the multiproc package

== street multi n=16384 valuesFor: ordered vs btree-sets
A: 113.7 ns per operation (median)
B: 280.3 ns per operation (median)
A needs 58.7% less time than B: B takes 2.42 times as long as A.
With 95% confidence the difference lies between 55.6% and 60.3% less time (B takes between 2.25 and 2.52 times as long as A).
Noise floor: 1.43%. Identical code measured against itself on this setup can look that different, so smaller differences mean nothing.
Neighbouring measurements are nearly independent (autocorrelation -0.59), so they were resampled one by one.

Verdict: RESOLVED. A is faster than B: the difference is real, as its interval excludes zero and it exceeds the noise floor.

Warnings:
  - the program holds 98 MB of live data, more than the caches of many machines; for data that size, where it lies in memory can shift the result by several points in ways the interval does not cover, and differently in the next process; run the comparison in several processes with the multiproc package
  - candidate A drifted during the run: its measurements were 16.1% higher in the second half than in the first, so the machine did not hold still
  - candidate B drifted during the run: its measurements were 19.5% higher in the second half than in the first, so the machine did not hold still

== street multi n=16384 valuesFor: ordered vs map-sets
A: 100.3 ns per operation (median)
B: 91.5 ns per operation (median)
A needs 7.75% more time than B: B takes only 0.93 times as long as A.
With 95% confidence the difference lies between 6.96% and 12% more time (B takes between 0.893 and 0.93 times as long as A).
Noise floor: 1.9%. Identical code measured against itself on this setup can look that different, so smaller differences mean nothing.
Neighbouring measurements are correlated (autocorrelation +0.24), so they were resampled in blocks of 3.

Verdict: RESOLVED. A is slower than B: the difference is real, as its interval excludes zero and it exceeds the noise floor.

Warnings:
  - the program holds 98 MB of live data, more than the caches of many machines; for data that size, where it lies in memory can shift the result by several points in ways the interval does not cover, and differently in the next process; run the comparison in several processes with the multiproc package

== street multi n=16384 valuesBetween: ordered vs hashed
A: 3893 ns per operation (median)
B: 2.914e+05 ns per operation (median)
A needs 98.7% less time than B: B takes 74.47 times as long as A.
With 95% confidence the difference lies between 98.5% and 98.7% less time (B takes between 68.8 and 75.80 times as long as A).
Noise floor: 1.23%. Identical code measured against itself on this setup can look that different, so smaller differences mean nothing.
Neighbouring measurements are nearly independent (autocorrelation +0.07), so they were resampled one by one.

Verdict: RESOLVED. A is faster than B: the difference is real, as its interval excludes zero and it exceeds the noise floor.

Warnings:
  - the program holds 98 MB of live data, more than the caches of many machines; for data that size, where it lies in memory can shift the result by several points in ways the interval does not cover, and differently in the next process; run the comparison in several processes with the multiproc package
  - in 50% of A/A runs this setup reported a difference between identical code, well above the 10% expected; treat any confidence from it with suspicion

== street multi n=16384 valuesBetween: ordered vs btree-sets
A: 3611 ns per operation (median)
B: 5880 ns per operation (median)
A needs 38.5% less time than B: B takes 1.63 times as long as A.
With 95% confidence the difference lies between 37.9% and 39.1% less time (B takes between 1.61 and 1.64 times as long as A).
Noise floor: 1.72%. Identical code measured against itself on this setup can look that different, so smaller differences mean nothing.
Neighbouring measurements are correlated (autocorrelation +0.60), so they were resampled in blocks of 3.

Verdict: RESOLVED. A is faster than B: the difference is real, as its interval excludes zero and it exceeds the noise floor.

Warnings:
  - the program holds 98 MB of live data, more than the caches of many machines; for data that size, where it lies in memory can shift the result by several points in ways the interval does not cover, and differently in the next process; run the comparison in several processes with the multiproc package
  - in 100% of A/A runs this setup reported a difference between identical code, well above the 10% expected; treat any confidence from it with suspicion

== street multi n=16384 valuesBetween: ordered vs map-sets
A: 3710 ns per operation (median)
B: 2.692e+05 ns per operation (median)
A needs 98.6% less time than B: B takes 72.11 times as long as A.
With 95% confidence the difference lies between 98.6% and 98.6% less time (B takes between 70.1 and 73.93 times as long as A).
Noise floor: 2.88%. Identical code measured against itself on this setup can look that different, so smaller differences mean nothing.
Neighbouring measurements are nearly independent (autocorrelation +0.10), so they were resampled one by one.

Verdict: RESOLVED. A is faster than B: the difference is real, as its interval excludes zero and it exceeds the noise floor.

Warnings:
  - the program holds 98 MB of live data, more than the caches of many machines; for data that size, where it lies in memory can shift the result by several points in ways the interval does not cover, and differently in the next process; run the comparison in several processes with the multiproc package
  - candidate A drifted during the run: its measurements were 5.57% lower in the second half than in the first, so the machine did not hold still
  - the ratio B/A was 4.43% higher in the second half of the run than in the first, so the candidates had not reached a steady state and the difference depends on how long the run was; a common cause is a head start for whichever candidate ran alone last before the comparison or had its data built last, which a longer CollectOptions.WarmupDuration removes

== street multi n=16384 prefix: ordered vs hashed
A: 1273 ns per operation (median)
B: 2.888e+05 ns per operation (median)
A needs 99.6% less time than B: B takes 228.19 times as long as A.
With 95% confidence the difference lies between 99.5% and 99.6% less time (B takes between 220 and 235.81 times as long as A).
Noise floor: 0.904%. Identical code measured against itself on this setup can look that different, so smaller differences mean nothing.
Neighbouring measurements are nearly independent (autocorrelation +0.10), so they were resampled one by one.

Verdict: RESOLVED. A is faster than B: the difference is real, as its interval excludes zero and it exceeds the noise floor.

Warnings:
  - the program holds 98 MB of live data, more than the caches of many machines; for data that size, where it lies in memory can shift the result by several points in ways the interval does not cover, and differently in the next process; run the comparison in several processes with the multiproc package

== street multi n=16384 prefix: ordered vs btree-sets
A: 1196 ns per operation (median)
B: 2311 ns per operation (median)
A needs 50.4% less time than B: B takes 2.02 times as long as A.
With 95% confidence the difference lies between 48.2% and 51.2% less time (B takes between 1.93 and 2.05 times as long as A).
Noise floor: 4.04%. Identical code measured against itself on this setup can look that different, so smaller differences mean nothing.
Neighbouring measurements are nearly independent (autocorrelation -0.24), so they were resampled one by one.

Verdict: RESOLVED. A is faster than B: the difference is real, as its interval excludes zero and it exceeds the noise floor.

Warnings:
  - the program holds 98 MB of live data, more than the caches of many machines; for data that size, where it lies in memory can shift the result by several points in ways the interval does not cover, and differently in the next process; run the comparison in several processes with the multiproc package

== street multi n=16384 prefix: ordered vs map-sets
A: 1294 ns per operation (median)
B: 2.718e+05 ns per operation (median)
A needs 99.5% less time than B: B takes 210.33 times as long as A.
With 95% confidence the difference lies between 99.5% and 99.5% less time (B takes between 205 and 216.86 times as long as A).
Noise floor: 6.47%. Identical code measured against itself on this setup can look that different, so smaller differences mean nothing.
Neighbouring measurements are nearly independent (autocorrelation +0.13), so they were resampled one by one.

Verdict: RESOLVED. A is faster than B: the difference is real, as its interval excludes zero and it exceeds the noise floor.

Warnings:
  - the program holds 98 MB of live data, more than the caches of many machines; for data that size, where it lies in memory can shift the result by several points in ways the interval does not cover, and differently in the next process; run the comparison in several processes with the multiproc package

== street multi n=16384 churn and build: ordered vs hashed
steady state, per insertion or deletion in a structure of 42299 elements (cycle of 111004 operations, first pass untimed):
  A: 176.4 ns per operation (median)
  B: 83.48 ns per operation (median)
  A needs 111% more time than B: B takes only 0.47 times as long as A.
  With 95% confidence the difference lies between 108% and 114% more time (B takes between 0.467 and 0.48 times as long as A).
  Noise floor: 0.999%. Identical code measured against itself on this setup can look that different, so smaller differences mean nothing.
  Neighbouring measurements are correlated (autocorrelation +0.29), so they were resampled in blocks of 3.
  
  Verdict: RESOLVED. A is slower than B: the difference is real, as its interval excludes zero and it exceeds the noise floor.
  
  Warnings:
    - the program holds 107 MB of live data, more than the caches of many machines; for data that size, where it lies in memory can shift the result by several points in ways the interval does not cover, and differently in the next process; run the comparison in several processes with the multiproc package

build from empty to 42299 elements, per whole build (151987 operations):
  A: 2.724e+07 ns per operation (median)
  B: 1.431e+07 ns per operation (median)
  A needs 90.6% more time than B: B takes only 0.52 times as long as A.
  With 95% confidence the difference lies between 89.1% and 91.4% more time (B takes between 0.522 and 0.53 times as long as A).
  Noise floor: 0.354%. Identical code measured against itself on this setup can look that different, so smaller differences mean nothing.
  Neighbouring measurements are nearly independent (autocorrelation +0.01), so they were resampled one by one.
  
  Verdict: RESOLVED. A is slower than B: the difference is real, as its interval excludes zero and it exceeds the noise floor.
  
  Warnings:
    - the program holds 99 MB of live data, more than the caches of many machines; for data that size, where it lies in memory can shift the result by several points in ways the interval does not cover, and differently in the next process; run the comparison in several processes with the multiproc package
    - in 50% of A/A runs this setup reported a difference between identical code, well above the 10% expected; treat any confidence from it with suspicion

== street multi n=16384 churn and build: ordered vs btree-sets
steady state, per insertion or deletion in a structure of 42299 elements (cycle of 111004 operations, first pass untimed):
  A: 190 ns per operation (median)
  B: 315.8 ns per operation (median)
  A needs 40.4% less time than B: B takes 1.68 times as long as A.
  With 95% confidence the difference lies between 37.6% and 41.7% less time (B takes between 1.6 and 1.72 times as long as A).
  Noise floor: 2.56%. Identical code measured against itself on this setup can look that different, so smaller differences mean nothing.
  Neighbouring measurements are nearly independent (autocorrelation -0.17), so they were resampled one by one.
  
  Verdict: RESOLVED. A is faster than B: the difference is real, as its interval excludes zero and it exceeds the noise floor.
  
  Warnings:
    - the program holds 110 MB of live data, more than the caches of many machines; for data that size, where it lies in memory can shift the result by several points in ways the interval does not cover, and differently in the next process; run the comparison in several processes with the multiproc package
    - candidate A drifted during the run: its measurements were 3.24% lower in the second half than in the first, so the machine did not hold still

build from empty to 42299 elements, per whole build (151987 operations):
  A: 2.728e+07 ns per operation (median)
  B: 4.904e+07 ns per operation (median)
  A needs 44.6% less time than B: B takes 1.80 times as long as A.
  With 95% confidence the difference lies between 44.3% and 45% less time (B takes between 1.8 and 1.82 times as long as A).
  Noise floor: 0.191%. Identical code measured against itself on this setup can look that different, so smaller differences mean nothing.
  Neighbouring measurements are nearly independent (autocorrelation -0.07), so they were resampled one by one.
  
  Verdict: RESOLVED. A is faster than B: the difference is real, as its interval excludes zero and it exceeds the noise floor.
  
  Warnings:
    - the program holds 99 MB of live data, more than the caches of many machines; for data that size, where it lies in memory can shift the result by several points in ways the interval does not cover, and differently in the next process; run the comparison in several processes with the multiproc package

== street multi n=16384 churn and build: ordered vs map-sets
steady state, per insertion or deletion in a structure of 42299 elements (cycle of 111004 operations, first pass untimed):
  A: 180.9 ns per operation (median)
  B: 110.3 ns per operation (median)
  A needs 61.5% more time than B: B takes only 0.62 times as long as A.
  With 95% confidence the difference lies between 59.8% and 72.3% more time (B takes between 0.58 and 0.63 times as long as A).
  Noise floor: 2.21%. Identical code measured against itself on this setup can look that different, so smaller differences mean nothing.
  Neighbouring measurements are correlated (autocorrelation +0.22), so they were resampled in blocks of 3.
  
  Verdict: RESOLVED. A is slower than B: the difference is real, as its interval excludes zero and it exceeds the noise floor.
  
  Warnings:
    - the program holds 110 MB of live data, more than the caches of many machines; for data that size, where it lies in memory can shift the result by several points in ways the interval does not cover, and differently in the next process; run the comparison in several processes with the multiproc package

build from empty to 42299 elements, per whole build (151987 operations):
  A: 2.729e+07 ns per operation (median)
  B: 1.784e+07 ns per operation (median)
  A needs 52.5% more time than B: B takes only 0.66 times as long as A.
  With 95% confidence the difference lies between 51.5% and 53.8% more time (B takes between 0.65 and 0.66 times as long as A).
  Noise floor: 0.321%. Identical code measured against itself on this setup can look that different, so smaller differences mean nothing.
  Neighbouring measurements are nearly independent (autocorrelation +0.01), so they were resampled one by one.
  
  Verdict: RESOLVED. A is slower than B: the difference is real, as its interval excludes zero and it exceeds the noise floor.
  
  Warnings:
    - the program holds 99 MB of live data, more than the caches of many machines; for data that size, where it lies in memory can shift the result by several points in ways the interval does not cover, and differently in the next process; run the comparison in several processes with the multiproc package

checksum 365806672347200398
