== street multi n=4096 valuesFor: ordered vs hashed
A: 74.92 ns per operation (median)
B: 33.69 ns per operation (median)
A needs 123% more time than B: B takes only 0.45 times as long as A.
With 95% confidence the difference lies between 121% and 124% more time (B takes between 0.447 and 0.45 times as long as A).
Noise floor: 0.941%. Identical code measured against itself on this setup can look that different, so smaller differences mean nothing.
Neighbouring measurements are nearly independent (autocorrelation -0.10), so they were resampled one by one.

Verdict: RESOLVED. A is slower than B: the difference is real, as its interval excludes zero and it exceeds the noise floor.

Warnings:
  - the program holds 71 MB of live data, more than the caches of many machines; for data that size, where it lies in memory can shift the result by several points in ways the interval does not cover, and differently in the next process; run the comparison in several processes with the multiproc package

== street multi n=4096 valuesFor: ordered vs btree-sets
A: 78.49 ns per operation (median)
B: 186.1 ns per operation (median)
A needs 58.3% less time than B: B takes 2.40 times as long as A.
With 95% confidence the difference lies between 57.2% and 58.8% less time (B takes between 2.34 and 2.43 times as long as A).
Noise floor: 0.863%. Identical code measured against itself on this setup can look that different, so smaller differences mean nothing.
Neighbouring measurements are correlated (autocorrelation +0.38), so they were resampled in blocks of 3.

Verdict: RESOLVED. A is faster than B: the difference is real, as its interval excludes zero and it exceeds the noise floor.

Warnings:
  - the program holds 71 MB of live data, more than the caches of many machines; for data that size, where it lies in memory can shift the result by several points in ways the interval does not cover, and differently in the next process; run the comparison in several processes with the multiproc package
  - candidate A drifted during the run: its measurements were 3.19% higher in the second half than in the first, so the machine did not hold still
  - candidate B drifted during the run: its measurements were 2.7% higher in the second half than in the first, so the machine did not hold still
  - in 50% of A/A runs this setup reported a difference between identical code, well above the 10% expected; treat any confidence from it with suspicion

== street multi n=4096 valuesFor: ordered vs map-sets
A: 75.08 ns per operation (median)
B: 78.55 ns per operation (median)
A needs 4.36% less time than B: B takes 1.05 times as long as A.
With 95% confidence the difference lies between 3.35% and 4.75% less time (B takes between 1.03 and 1.05 times as long as A).
Noise floor: 0.301%. Identical code measured against itself on this setup can look that different, so smaller differences mean nothing.
Neighbouring measurements are nearly independent (autocorrelation +0.03), so they were resampled one by one.

Verdict: RESOLVED. A is faster than B: the difference is real, as its interval excludes zero and it exceeds the noise floor.

Warnings:
  - the program holds 71 MB of live data, more than the caches of many machines; for data that size, where it lies in memory can shift the result by several points in ways the interval does not cover, and differently in the next process; run the comparison in several processes with the multiproc package

== street multi n=4096 valuesBetween: ordered vs hashed
A: 3367 ns per operation (median)
B: 7.369e+04 ns per operation (median)
A needs 95.4% less time than B: B takes 21.87 times as long as A.
With 95% confidence the difference lies between 95.3% and 95.5% less time (B takes between 21.4 and 22.23 times as long as A).
Noise floor: 0.931%. Identical code measured against itself on this setup can look that different, so smaller differences mean nothing.
Neighbouring measurements are correlated (autocorrelation +0.29), so they were resampled in blocks of 3.

Verdict: RESOLVED. A is faster than B: the difference is real, as its interval excludes zero and it exceeds the noise floor.

Warnings:
  - the program holds 71 MB of live data, more than the caches of many machines; for data that size, where it lies in memory can shift the result by several points in ways the interval does not cover, and differently in the next process; run the comparison in several processes with the multiproc package

== street multi n=4096 valuesBetween: ordered vs btree-sets
A: 3253 ns per operation (median)
B: 5356 ns per operation (median)
A needs 39.4% less time than B: B takes 1.65 times as long as A.
With 95% confidence the difference lies between 38.5% and 40.3% less time (B takes between 1.63 and 1.67 times as long as A).
Noise floor: 0.968%. Identical code measured against itself on this setup can look that different, so smaller differences mean nothing.
Neighbouring measurements are nearly independent (autocorrelation +0.06), so they were resampled one by one.

Verdict: RESOLVED. A is faster than B: the difference is real, as its interval excludes zero and it exceeds the noise floor.

Warnings:
  - the program holds 71 MB of live data, more than the caches of many machines; for data that size, where it lies in memory can shift the result by several points in ways the interval does not cover, and differently in the next process; run the comparison in several processes with the multiproc package
  - in 50% of A/A runs this setup reported a difference between identical code, well above the 10% expected; treat any confidence from it with suspicion

== street multi n=4096 valuesBetween: ordered vs map-sets
A: 3391 ns per operation (median)
B: 7.176e+04 ns per operation (median)
A needs 95.3% less time than B: B takes 21.37 times as long as A.
With 95% confidence the difference lies between 95.2% and 95.4% less time (B takes between 21 and 21.60 times as long as A).
Noise floor: 1.36%. Identical code measured against itself on this setup can look that different, so smaller differences mean nothing.
Neighbouring measurements are nearly independent (autocorrelation +0.16), so they were resampled one by one.

Verdict: RESOLVED. A is faster than B: the difference is real, as its interval excludes zero and it exceeds the noise floor.

Warnings:
  - the program holds 71 MB of live data, more than the caches of many machines; for data that size, where it lies in memory can shift the result by several points in ways the interval does not cover, and differently in the next process; run the comparison in several processes with the multiproc package

== street multi n=4096 prefix: ordered vs hashed
A: 321.7 ns per operation (median)
B: 7.146e+04 ns per operation (median)
A needs 99.6% less time than B: B takes 223.09 times as long as A.
With 95% confidence the difference lies between 99.5% and 99.6% less time (B takes between 216 and 226.57 times as long as A).
Noise floor: 1.52%. Identical code measured against itself on this setup can look that different, so smaller differences mean nothing.
Neighbouring measurements are nearly independent (autocorrelation +0.08), so they were resampled one by one.

Verdict: RESOLVED. A is faster than B: the difference is real, as its interval excludes zero and it exceeds the noise floor.

Warnings:
  - the program holds 72 MB of live data, more than the caches of many machines; for data that size, where it lies in memory can shift the result by several points in ways the interval does not cover, and differently in the next process; run the comparison in several processes with the multiproc package

== street multi n=4096 prefix: ordered vs btree-sets
A: 317.3 ns per operation (median)
B: 653.4 ns per operation (median)
A needs 51.4% less time than B: B takes 2.06 times as long as A.
With 95% confidence the difference lies between 51.1% and 52.1% less time (B takes between 2.05 and 2.09 times as long as A).
Noise floor: 0.789%. Identical code measured against itself on this setup can look that different, so smaller differences mean nothing.
Neighbouring measurements are nearly independent (autocorrelation +0.10), so they were resampled one by one.

Verdict: RESOLVED. A is faster than B: the difference is real, as its interval excludes zero and it exceeds the noise floor.

Warnings:
  - the program holds 72 MB of live data, more than the caches of many machines; for data that size, where it lies in memory can shift the result by several points in ways the interval does not cover, and differently in the next process; run the comparison in several processes with the multiproc package

== street multi n=4096 prefix: ordered vs map-sets
A: 320.1 ns per operation (median)
B: 6.521e+04 ns per operation (median)
A needs 99.5% less time than B: B takes 203.74 times as long as A.
With 95% confidence the difference lies between 99.5% and 99.5% less time (B takes between 198 and 206.18 times as long as A).
Noise floor: 1.57%. Identical code measured against itself on this setup can look that different, so smaller differences mean nothing.
Neighbouring measurements are nearly independent (autocorrelation +0.15), so they were resampled one by one.

Verdict: RESOLVED. A is faster than B: the difference is real, as its interval excludes zero and it exceeds the noise floor.

Warnings:
  - the program holds 72 MB of live data, more than the caches of many machines; for data that size, where it lies in memory can shift the result by several points in ways the interval does not cover, and differently in the next process; run the comparison in several processes with the multiproc package
  - in 50% of A/A runs this setup reported a difference between identical code, well above the 10% expected; treat any confidence from it with suspicion

== street multi n=4096 churn and build: ordered vs hashed
steady state, per insertion or deletion in a structure of 10449 elements (cycle of 27218 operations, first pass untimed):
  A: 136.1 ns per operation (median)
  B: 71.39 ns per operation (median)
  A needs 90.8% more time than B: B takes only 0.52 times as long as A.
  With 95% confidence the difference lies between 89.4% and 94.6% more time (B takes between 0.514 and 0.53 times as long as A).
  Noise floor: 0.667%. Identical code measured against itself on this setup can look that different, so smaller differences mean nothing.
  Neighbouring measurements are nearly independent (autocorrelation -0.03), so they were resampled one by one.
  
  Verdict: RESOLVED. A is slower than B: the difference is real, as its interval excludes zero and it exceeds the noise floor.
  
  Warnings:
    - the program holds 73 MB of live data, more than the caches of many machines; for data that size, where it lies in memory can shift the result by several points in ways the interval does not cover, and differently in the next process; run the comparison in several processes with the multiproc package
    - in 50% of A/A runs this setup reported a difference between identical code, well above the 10% expected; treat any confidence from it with suspicion

build from empty to 10449 elements, per whole build (37733 operations):
  A: 5.43e+06 ns per operation (median)
  B: 3.275e+06 ns per operation (median)
  A needs 64.5% more time than B: B takes only 0.61 times as long as A.
  With 95% confidence the difference lies between 63% and 66.8% more time (B takes between 0.599 and 0.61 times as long as A).
  Noise floor: 0.538%. Identical code measured against itself on this setup can look that different, so smaller differences mean nothing.
  Neighbouring measurements are nearly independent (autocorrelation +0.04), so they were resampled one by one.
  
  Verdict: RESOLVED. A is slower than B: the difference is real, as its interval excludes zero and it exceeds the noise floor.
  
  Warnings:
    - the program holds 71 MB of live data, more than the caches of many machines; for data that size, where it lies in memory can shift the result by several points in ways the interval does not cover, and differently in the next process; run the comparison in several processes with the multiproc package
    - candidate A drifted during the run: its measurements were 2.08% higher in the second half than in the first, so the machine did not hold still

== street multi n=4096 churn and build: ordered vs btree-sets
steady state, per insertion or deletion in a structure of 10449 elements (cycle of 27218 operations, first pass untimed):
  A: 134.9 ns per operation (median)
  B: 249.2 ns per operation (median)
  A needs 46.1% less time than B: B takes 1.86 times as long as A.
  With 95% confidence the difference lies between 44.8% and 46.8% less time (B takes between 1.81 and 1.88 times as long as A).
  Noise floor: 1.21%. Identical code measured against itself on this setup can look that different, so smaller differences mean nothing.
  Neighbouring measurements are nearly independent (autocorrelation +0.01), so they were resampled one by one.
  
  Verdict: RESOLVED. A is faster than B: the difference is real, as its interval excludes zero and it exceeds the noise floor.
  
  Warnings:
    - the program holds 74 MB of live data, more than the caches of many machines; for data that size, where it lies in memory can shift the result by several points in ways the interval does not cover, and differently in the next process; run the comparison in several processes with the multiproc package

build from empty to 10449 elements, per whole build (37733 operations):
  A: 5.385e+06 ns per operation (median)
  B: 1.012e+07 ns per operation (median)
  A needs 46.8% less time than B: B takes 1.88 times as long as A.
  With 95% confidence the difference lies between 46.4% and 47.1% less time (B takes between 1.87 and 1.89 times as long as A).
  Noise floor: 0.939%. Identical code measured against itself on this setup can look that different, so smaller differences mean nothing.
  Neighbouring measurements are nearly independent (autocorrelation +0.14), so they were resampled one by one.
  
  Verdict: RESOLVED. A is faster than B: the difference is real, as its interval excludes zero and it exceeds the noise floor.
  
  Warnings:
    - the program holds 71 MB of live data, more than the caches of many machines; for data that size, where it lies in memory can shift the result by several points in ways the interval does not cover, and differently in the next process; run the comparison in several processes with the multiproc package

== street multi n=4096 churn and build: ordered vs map-sets
steady state, per insertion or deletion in a structure of 10449 elements (cycle of 27218 operations, first pass untimed):
  A: 134.1 ns per operation (median)
  B: 82.43 ns per operation (median)
  A needs 63% more time than B: B takes only 0.61 times as long as A.
  With 95% confidence the difference lies between 60.4% and 64.3% more time (B takes between 0.609 and 0.62 times as long as A).
  Noise floor: 0.86%. Identical code measured against itself on this setup can look that different, so smaller differences mean nothing.
  Neighbouring measurements are nearly independent (autocorrelation +0.20), so they were resampled one by one.
  
  Verdict: RESOLVED. A is slower than B: the difference is real, as its interval excludes zero and it exceeds the noise floor.
  
  Warnings:
    - the program holds 74 MB of live data, more than the caches of many machines; for data that size, where it lies in memory can shift the result by several points in ways the interval does not cover, and differently in the next process; run the comparison in several processes with the multiproc package

build from empty to 10449 elements, per whole build (37733 operations):
  A: 5.399e+06 ns per operation (median)
  B: 4.032e+06 ns per operation (median)
  A needs 33.1% more time than B: B takes only 0.75 times as long as A.
  With 95% confidence the difference lies between 31.7% and 34.6% more time (B takes between 0.743 and 0.76 times as long as A).
  Noise floor: 0.382%. Identical code measured against itself on this setup can look that different, so smaller differences mean nothing.
  Neighbouring measurements are nearly independent (autocorrelation +0.07), so they were resampled one by one.
  
  Verdict: RESOLVED. A is slower than B: the difference is real, as its interval excludes zero and it exceeds the noise floor.
  
  Warnings:
    - the program holds 71 MB of live data, more than the caches of many machines; for data that size, where it lies in memory can shift the result by several points in ways the interval does not cover, and differently in the next process; run the comparison in several processes with the multiproc package

checksum 6704349156054309046
== street multi n=4096 valuesFor: ordered vs hashed
A: 74.82 ns per operation (median)
B: 34.04 ns per operation (median)
A needs 121% more time than B: B takes only 0.45 times as long as A.
With 95% confidence the difference lies between 118% and 123% more time (B takes between 0.449 and 0.46 times as long as A).
Noise floor: 0.444%. Identical code measured against itself on this setup can look that different, so smaller differences mean nothing.
Neighbouring measurements are correlated (autocorrelation +0.23), so they were resampled in blocks of 3.

Verdict: RESOLVED. A is slower than B: the difference is real, as its interval excludes zero and it exceeds the noise floor.

Warnings:
  - the program holds 60 MB of live data, more than the caches of many machines; for data that size, where it lies in memory can shift the result by several points in ways the interval does not cover, and differently in the next process; run the comparison in several processes with the multiproc package

== street multi n=4096 valuesFor: ordered vs btree-sets
A: 75.93 ns per operation (median)
B: 179.3 ns per operation (median)
A needs 57.7% less time than B: B takes 2.37 times as long as A.
With 95% confidence the difference lies between 57.1% and 58.2% less time (B takes between 2.33 and 2.39 times as long as A).
Noise floor: 0.747%. Identical code measured against itself on this setup can look that different, so smaller differences mean nothing.
Neighbouring measurements are nearly independent (autocorrelation -0.35), so they were resampled one by one.

Verdict: RESOLVED. A is faster than B: the difference is real, as its interval excludes zero and it exceeds the noise floor.

Warnings:
  - the program holds 60 MB of live data, more than the caches of many machines; for data that size, where it lies in memory can shift the result by several points in ways the interval does not cover, and differently in the next process; run the comparison in several processes with the multiproc package

== street multi n=4096 valuesFor: ordered vs map-sets
A: 75.28 ns per operation (median)
B: 78.65 ns per operation (median)
A needs 4.44% less time than B: B takes 1.05 times as long as A.
With 95% confidence the difference lies between 3.68% and 5.19% less time (B takes between 1.04 and 1.05 times as long as A).
Noise floor: 0.726%. Identical code measured against itself on this setup can look that different, so smaller differences mean nothing.
Neighbouring measurements are nearly independent (autocorrelation -0.08), so they were resampled one by one.

Verdict: RESOLVED. A is faster than B: the difference is real, as its interval excludes zero and it exceeds the noise floor.

Warnings:
  - the program holds 60 MB of live data, more than the caches of many machines; for data that size, where it lies in memory can shift the result by several points in ways the interval does not cover, and differently in the next process; run the comparison in several processes with the multiproc package
  - candidate A drifted during the run: its measurements were 1.54% higher in the second half than in the first, so the machine did not hold still
  - in 50% of A/A runs this setup reported a difference between identical code, well above the 10% expected; treat any confidence from it with suspicion

== street multi n=4096 valuesBetween: ordered vs hashed
A: 3308 ns per operation (median)
B: 7.317e+04 ns per operation (median)
A needs 95.5% less time than B: B takes 22.19 times as long as A.
With 95% confidence the difference lies between 95.4% and 95.5% less time (B takes between 21.8 and 22.36 times as long as A).
Noise floor: 1.71%. Identical code measured against itself on this setup can look that different, so smaller differences mean nothing.
Neighbouring measurements are nearly independent (autocorrelation +0.20), so they were resampled one by one.

Verdict: RESOLVED. A is faster than B: the difference is real, as its interval excludes zero and it exceeds the noise floor.

Warnings:
  - the program holds 71 MB of live data, more than the caches of many machines; for data that size, where it lies in memory can shift the result by several points in ways the interval does not cover, and differently in the next process; run the comparison in several processes with the multiproc package

== street multi n=4096 valuesBetween: ordered vs btree-sets
A: 3269 ns per operation (median)
B: 5372 ns per operation (median)
A needs 38.9% less time than B: B takes 1.64 times as long as A.
With 95% confidence the difference lies between 38.1% and 40% less time (B takes between 1.62 and 1.67 times as long as A).
Noise floor: 0.794%. Identical code measured against itself on this setup can look that different, so smaller differences mean nothing.
Neighbouring measurements are nearly independent (autocorrelation -0.15), so they were resampled one by one.

Verdict: RESOLVED. A is faster than B: the difference is real, as its interval excludes zero and it exceeds the noise floor.

Warnings:
  - the program holds 71 MB of live data, more than the caches of many machines; for data that size, where it lies in memory can shift the result by several points in ways the interval does not cover, and differently in the next process; run the comparison in several processes with the multiproc package

== street multi n=4096 valuesBetween: ordered vs map-sets
A: 3311 ns per operation (median)
B: 7.102e+04 ns per operation (median)
A needs 95.3% less time than B: B takes 21.43 times as long as A.
With 95% confidence the difference lies between 95.3% and 95.4% less time (B takes between 21.2 and 21.69 times as long as A).
Noise floor: 0.849%. Identical code measured against itself on this setup can look that different, so smaller differences mean nothing.
Neighbouring measurements are correlated (autocorrelation +0.21), so they were resampled in blocks of 3.

Verdict: RESOLVED. A is faster than B: the difference is real, as its interval excludes zero and it exceeds the noise floor.

Warnings:
  - the program holds 71 MB of live data, more than the caches of many machines; for data that size, where it lies in memory can shift the result by several points in ways the interval does not cover, and differently in the next process; run the comparison in several processes with the multiproc package

== street multi n=4096 prefix: ordered vs hashed
A: 318.9 ns per operation (median)
B: 7.129e+04 ns per operation (median)
A needs 99.6% less time than B: B takes 223.86 times as long as A.
With 95% confidence the difference lies between 99.5% and 99.6% less time (B takes between 218 and 225.69 times as long as A).
Noise floor: 1.35%. Identical code measured against itself on this setup can look that different, so smaller differences mean nothing.
Neighbouring measurements are nearly independent (autocorrelation +0.11), so they were resampled one by one.

Verdict: RESOLVED. A is faster than B: the difference is real, as its interval excludes zero and it exceeds the noise floor.

Warnings:
  - the program holds 71 MB of live data, more than the caches of many machines; for data that size, where it lies in memory can shift the result by several points in ways the interval does not cover, and differently in the next process; run the comparison in several processes with the multiproc package

== street multi n=4096 prefix: ordered vs btree-sets
A: 320 ns per operation (median)
B: 649.2 ns per operation (median)
A needs 50.9% less time than B: B takes 2.04 times as long as A.
With 95% confidence the difference lies between 49.7% and 52.1% less time (B takes between 1.99 and 2.09 times as long as A).
Noise floor: 0.559%. Identical code measured against itself on this setup can look that different, so smaller differences mean nothing.
Neighbouring measurements are nearly independent (autocorrelation +0.12), so they were resampled one by one.

Verdict: RESOLVED. A is faster than B: the difference is real, as its interval excludes zero and it exceeds the noise floor.

Warnings:
  - the program holds 71 MB of live data, more than the caches of many machines; for data that size, where it lies in memory can shift the result by several points in ways the interval does not cover, and differently in the next process; run the comparison in several processes with the multiproc package

== street multi n=4096 prefix: ordered vs map-sets
A: 320 ns per operation (median)
B: 6.514e+04 ns per operation (median)
A needs 99.5% less time than B: B takes 203.51 times as long as A.
With 95% confidence the difference lies between 99.5% and 99.5% less time (B takes between 199 and 205.04 times as long as A).
Noise floor: 0.826%. Identical code measured against itself on this setup can look that different, so smaller differences mean nothing.
Neighbouring measurements are nearly independent (autocorrelation +0.13), so they were resampled one by one.

Verdict: RESOLVED. A is faster than B: the difference is real, as its interval excludes zero and it exceeds the noise floor.

Warnings:
  - the program holds 71 MB of live data, more than the caches of many machines; for data that size, where it lies in memory can shift the result by several points in ways the interval does not cover, and differently in the next process; run the comparison in several processes with the multiproc package

== street multi n=4096 churn and build: ordered vs hashed
steady state, per insertion or deletion in a structure of 10449 elements (cycle of 27218 operations, first pass untimed):
  A: 134.5 ns per operation (median)
  B: 70.16 ns per operation (median)
  A needs 92.4% more time than B: B takes only 0.52 times as long as A.
  With 95% confidence the difference lies between 90.9% and 94.2% more time (B takes between 0.515 and 0.52 times as long as A).
  Noise floor: 1.73%. Identical code measured against itself on this setup can look that different, so smaller differences mean nothing.
  Neighbouring measurements are nearly independent (autocorrelation +0.14), so they were resampled one by one.
  
  Verdict: RESOLVED. A is slower than B: the difference is real, as its interval excludes zero and it exceeds the noise floor.
  
  Warnings:
    - the program holds 73 MB of live data, more than the caches of many machines; for data that size, where it lies in memory can shift the result by several points in ways the interval does not cover, and differently in the next process; run the comparison in several processes with the multiproc package
    - in 100% of A/A runs this setup reported a difference between identical code, well above the 10% expected; treat any confidence from it with suspicion

build from empty to 10449 elements, per whole build (37733 operations):
  A: 5.357e+06 ns per operation (median)
  B: 3.28e+06 ns per operation (median)
  A needs 63.4% more time than B: B takes only 0.61 times as long as A.
  With 95% confidence the difference lies between 62.4% and 64.4% more time (B takes between 0.608 and 0.62 times as long as A).
  Noise floor: 0.786%. Identical code measured against itself on this setup can look that different, so smaller differences mean nothing.
  Neighbouring measurements are nearly independent (autocorrelation +0.04), so they were resampled one by one.
  
  Verdict: RESOLVED. A is slower than B: the difference is real, as its interval excludes zero and it exceeds the noise floor.
  
  Warnings:
    - the program holds 71 MB of live data, more than the caches of many machines; for data that size, where it lies in memory can shift the result by several points in ways the interval does not cover, and differently in the next process; run the comparison in several processes with the multiproc package

== street multi n=4096 churn and build: ordered vs btree-sets
steady state, per insertion or deletion in a structure of 10449 elements (cycle of 27218 operations, first pass untimed):
  A: 137.2 ns per operation (median)
  B: 249.7 ns per operation (median)
  A needs 45.4% less time than B: B takes 1.83 times as long as A.
  With 95% confidence the difference lies between 44% and 45.9% less time (B takes between 1.79 and 1.85 times as long as A).
  Noise floor: 0.47%. Identical code measured against itself on this setup can look that different, so smaller differences mean nothing.
  Neighbouring measurements are nearly independent (autocorrelation -0.06), so they were resampled one by one.
  
  Verdict: RESOLVED. A is faster than B: the difference is real, as its interval excludes zero and it exceeds the noise floor.
  
  Warnings:
    - the program holds 74 MB of live data, more than the caches of many machines; for data that size, where it lies in memory can shift the result by several points in ways the interval does not cover, and differently in the next process; run the comparison in several processes with the multiproc package

build from empty to 10449 elements, per whole build (37733 operations):
  A: 5.416e+06 ns per operation (median)
  B: 1.015e+07 ns per operation (median)
  A needs 46.8% less time than B: B takes 1.88 times as long as A.
  With 95% confidence the difference lies between 46.1% and 47.3% less time (B takes between 1.85 and 1.90 times as long as A).
  Noise floor: 0.938%. Identical code measured against itself on this setup can look that different, so smaller differences mean nothing.
  Neighbouring measurements are nearly independent (autocorrelation +0.15), so they were resampled one by one.
  
  Verdict: RESOLVED. A is faster than B: the difference is real, as its interval excludes zero and it exceeds the noise floor.
  
  Warnings:
    - the program holds 71 MB of live data, more than the caches of many machines; for data that size, where it lies in memory can shift the result by several points in ways the interval does not cover, and differently in the next process; run the comparison in several processes with the multiproc package
    - candidate A drifted during the run: its measurements were 2.18% lower in the second half than in the first, so the machine did not hold still
    - in 50% of A/A runs this setup reported a difference between identical code, well above the 10% expected; treat any confidence from it with suspicion

== street multi n=4096 churn and build: ordered vs map-sets
steady state, per insertion or deletion in a structure of 10449 elements (cycle of 27218 operations, first pass untimed):
  A: 135.8 ns per operation (median)
  B: 83.89 ns per operation (median)
  A needs 61.6% more time than B: B takes only 0.62 times as long as A.
  With 95% confidence the difference lies between 61% and 62.6% more time (B takes between 0.615 and 0.62 times as long as A).
  Noise floor: 0.68%. Identical code measured against itself on this setup can look that different, so smaller differences mean nothing.
  Neighbouring measurements are nearly independent (autocorrelation +0.07), so they were resampled one by one.
  
  Verdict: RESOLVED. A is slower than B: the difference is real, as its interval excludes zero and it exceeds the noise floor.
  
  Warnings:
    - the program holds 74 MB of live data, more than the caches of many machines; for data that size, where it lies in memory can shift the result by several points in ways the interval does not cover, and differently in the next process; run the comparison in several processes with the multiproc package
    - in 50% of A/A runs this setup reported a difference between identical code, well above the 10% expected; treat any confidence from it with suspicion

build from empty to 10449 elements, per whole build (37733 operations):
  A: 5.412e+06 ns per operation (median)
  B: 4.005e+06 ns per operation (median)
  A needs 36% more time than B: B takes only 0.74 times as long as A.
  With 95% confidence the difference lies between 34.1% and 36.6% more time (B takes between 0.732 and 0.75 times as long as A).
  Noise floor: 0.452%. Identical code measured against itself on this setup can look that different, so smaller differences mean nothing.
  Neighbouring measurements are nearly independent (autocorrelation +0.05), so they were resampled one by one.
  
  Verdict: RESOLVED. A is slower than B: the difference is real, as its interval excludes zero and it exceeds the noise floor.
  
  Warnings:
    - the program holds 71 MB of live data, more than the caches of many machines; for data that size, where it lies in memory can shift the result by several points in ways the interval does not cover, and differently in the next process; run the comparison in several processes with the multiproc package

checksum 2670031505862158476
== street multi n=4096 valuesFor: ordered vs hashed
A: 75.91 ns per operation (median)
B: 34.54 ns per operation (median)
A needs 120% more time than B: B takes only 0.45 times as long as A.
With 95% confidence the difference lies between 117% and 125% more time (B takes between 0.443 and 0.46 times as long as A).
Noise floor: 0.706%. Identical code measured against itself on this setup can look that different, so smaller differences mean nothing.
Neighbouring measurements are nearly independent (autocorrelation -0.06), so they were resampled one by one.

Verdict: RESOLVED. A is slower than B: the difference is real, as its interval excludes zero and it exceeds the noise floor.

Warnings:
  - the program holds 65 MB of live data, more than the caches of many machines; for data that size, where it lies in memory can shift the result by several points in ways the interval does not cover, and differently in the next process; run the comparison in several processes with the multiproc package
  - candidate A drifted during the run: its measurements were 5.55% higher in the second half than in the first, so the machine did not hold still
  - candidate B drifted during the run: its measurements were 4.83% higher in the second half than in the first, so the machine did not hold still

== street multi n=4096 valuesFor: ordered vs btree-sets
A: 76.94 ns per operation (median)
B: 182.4 ns per operation (median)
A needs 57.9% less time than B: B takes 2.38 times as long as A.
With 95% confidence the difference lies between 57.6% and 58.7% less time (B takes between 2.36 and 2.42 times as long as A).
Noise floor: 0.643%. Identical code measured against itself on this setup can look that different, so smaller differences mean nothing.
Neighbouring measurements are nearly independent (autocorrelation -0.24), so they were resampled one by one.

Verdict: RESOLVED. A is faster than B: the difference is real, as its interval excludes zero and it exceeds the noise floor.

Warnings:
  - the program holds 65 MB of live data, more than the caches of many machines; for data that size, where it lies in memory can shift the result by several points in ways the interval does not cover, and differently in the next process; run the comparison in several processes with the multiproc package
  - candidate B drifted during the run: its measurements were 2.6% higher in the second half than in the first, so the machine did not hold still

== street multi n=4096 valuesFor: ordered vs map-sets
A: 75.67 ns per operation (median)
B: 79.23 ns per operation (median)
A needs 4.3% less time than B: B takes 1.04 times as long as A.
With 95% confidence the difference lies between 3.76% and 4.95% less time (B takes between 1.04 and 1.05 times as long as A).
Noise floor: 0.392%. Identical code measured against itself on this setup can look that different, so smaller differences mean nothing.
Neighbouring measurements are correlated (autocorrelation +0.29), so they were resampled in blocks of 3.

Verdict: RESOLVED. A is faster than B: the difference is real, as its interval excludes zero and it exceeds the noise floor.

Warnings:
  - the program holds 65 MB of live data, more than the caches of many machines; for data that size, where it lies in memory can shift the result by several points in ways the interval does not cover, and differently in the next process; run the comparison in several processes with the multiproc package

== street multi n=4096 valuesBetween: ordered vs hashed
A: 3268 ns per operation (median)
B: 7.314e+04 ns per operation (median)
A needs 95.5% less time than B: B takes 22.30 times as long as A.
With 95% confidence the difference lies between 95.5% and 95.6% less time (B takes between 22.2 and 22.52 times as long as A).
Noise floor: 0.667%. Identical code measured against itself on this setup can look that different, so smaller differences mean nothing.
Neighbouring measurements are correlated (autocorrelation +0.32), so they were resampled in blocks of 3.

Verdict: RESOLVED. A is faster than B: the difference is real, as its interval excludes zero and it exceeds the noise floor.

Warnings:
  - the program holds 65 MB of live data, more than the caches of many machines; for data that size, where it lies in memory can shift the result by several points in ways the interval does not cover, and differently in the next process; run the comparison in several processes with the multiproc package

== street multi n=4096 valuesBetween: ordered vs btree-sets
A: 3272 ns per operation (median)
B: 5397 ns per operation (median)
A needs 39.7% less time than B: B takes 1.66 times as long as A.
With 95% confidence the difference lies between 38.7% and 40.2% less time (B takes between 1.63 and 1.67 times as long as A).
Noise floor: 1.79%. Identical code measured against itself on this setup can look that different, so smaller differences mean nothing.
Neighbouring measurements are correlated (autocorrelation +0.23), so they were resampled in blocks of 3.

Verdict: RESOLVED. A is faster than B: the difference is real, as its interval excludes zero and it exceeds the noise floor.

Warnings:
  - the program holds 65 MB of live data, more than the caches of many machines; for data that size, where it lies in memory can shift the result by several points in ways the interval does not cover, and differently in the next process; run the comparison in several processes with the multiproc package
  - in 50% of A/A runs this setup reported a difference between identical code, well above the 10% expected; treat any confidence from it with suspicion

== street multi n=4096 valuesBetween: ordered vs map-sets
A: 3316 ns per operation (median)
B: 7.09e+04 ns per operation (median)
A needs 95.3% less time than B: B takes 21.29 times as long as A.
With 95% confidence the difference lies between 95.3% and 95.4% less time (B takes between 21.2 and 21.80 times as long as A).
Noise floor: 1.08%. Identical code measured against itself on this setup can look that different, so smaller differences mean nothing.
Neighbouring measurements are correlated (autocorrelation +0.21), so they were resampled in blocks of 3.

Verdict: RESOLVED. A is faster than B: the difference is real, as its interval excludes zero and it exceeds the noise floor.

Warnings:
  - the program holds 71 MB of live data, more than the caches of many machines; for data that size, where it lies in memory can shift the result by several points in ways the interval does not cover, and differently in the next process; run the comparison in several processes with the multiproc package

== street multi n=4096 prefix: ordered vs hashed
A: 320.1 ns per operation (median)
B: 7.127e+04 ns per operation (median)
A needs 99.6% less time than B: B takes 222.51 times as long as A.
With 95% confidence the difference lies between 99.5% and 99.6% less time (B takes between 217 and 225.92 times as long as A).
Noise floor: 1.76%. Identical code measured against itself on this setup can look that different, so smaller differences mean nothing.
Neighbouring measurements are nearly independent (autocorrelation +0.11), so they were resampled one by one.

Verdict: RESOLVED. A is faster than B: the difference is real, as its interval excludes zero and it exceeds the noise floor.

Warnings:
  - the program holds 71 MB of live data, more than the caches of many machines; for data that size, where it lies in memory can shift the result by several points in ways the interval does not cover, and differently in the next process; run the comparison in several processes with the multiproc package

== street multi n=4096 prefix: ordered vs btree-sets
A: 316.4 ns per operation (median)
B: 652.9 ns per operation (median)
A needs 51.7% less time than B: B takes 2.07 times as long as A.
With 95% confidence the difference lies between 50.5% and 52.7% less time (B takes between 2.02 and 2.11 times as long as A).
Noise floor: 0.512%. Identical code measured against itself on this setup can look that different, so smaller differences mean nothing.
Neighbouring measurements are nearly independent (autocorrelation +0.03), so they were resampled one by one.

Verdict: RESOLVED. A is faster than B: the difference is real, as its interval excludes zero and it exceeds the noise floor.

Warnings:
  - the program holds 71 MB of live data, more than the caches of many machines; for data that size, where it lies in memory can shift the result by several points in ways the interval does not cover, and differently in the next process; run the comparison in several processes with the multiproc package

== street multi n=4096 prefix: ordered vs map-sets
A: 323.2 ns per operation (median)
B: 6.542e+04 ns per operation (median)
A needs 99.5% less time than B: B takes 201.11 times as long as A.
With 95% confidence the difference lies between 99.5% and 99.5% less time (B takes between 194 and 205.16 times as long as A).
Noise floor: 1.71%. Identical code measured against itself on this setup can look that different, so smaller differences mean nothing.
Neighbouring measurements are nearly independent (autocorrelation +0.16), so they were resampled one by one.

Verdict: RESOLVED. A is faster than B: the difference is real, as its interval excludes zero and it exceeds the noise floor.

Warnings:
  - the program holds 71 MB of live data, more than the caches of many machines; for data that size, where it lies in memory can shift the result by several points in ways the interval does not cover, and differently in the next process; run the comparison in several processes with the multiproc package

== street multi n=4096 churn and build: ordered vs hashed
steady state, per insertion or deletion in a structure of 10449 elements (cycle of 27218 operations, first pass untimed):
  A: 134.6 ns per operation (median)
  B: 70.16 ns per operation (median)
  A needs 92.3% more time than B: B takes only 0.52 times as long as A.
  With 95% confidence the difference lies between 90.8% and 94% more time (B takes between 0.515 and 0.52 times as long as A).
  Noise floor: 0.392%. Identical code measured against itself on this setup can look that different, so smaller differences mean nothing.
  Neighbouring measurements are nearly independent (autocorrelation -0.11), so they were resampled one by one.
  
  Verdict: RESOLVED. A is slower than B: the difference is real, as its interval excludes zero and it exceeds the noise floor.
  
  Warnings:
    - the program holds 73 MB of live data, more than the caches of many machines; for data that size, where it lies in memory can shift the result by several points in ways the interval does not cover, and differently in the next process; run the comparison in several processes with the multiproc package

build from empty to 10449 elements, per whole build (37733 operations):
  A: 5.398e+06 ns per operation (median)
  B: 3.267e+06 ns per operation (median)
  A needs 64.9% more time than B: B takes only 0.61 times as long as A.
  With 95% confidence the difference lies between 63.3% and 66.7% more time (B takes between 0.6 and 0.61 times as long as A).
  Noise floor: 0.179%. Identical code measured against itself on this setup can look that different, so smaller differences mean nothing.
  Neighbouring measurements are nearly independent (autocorrelation -0.01), so they were resampled one by one.
  
  Verdict: RESOLVED. A is slower than B: the difference is real, as its interval excludes zero and it exceeds the noise floor.
  
  Warnings:
    - the program holds 71 MB of live data, more than the caches of many machines; for data that size, where it lies in memory can shift the result by several points in ways the interval does not cover, and differently in the next process; run the comparison in several processes with the multiproc package

== street multi n=4096 churn and build: ordered vs btree-sets
steady state, per insertion or deletion in a structure of 10449 elements (cycle of 27218 operations, first pass untimed):
  A: 136.6 ns per operation (median)
  B: 250.9 ns per operation (median)
  A needs 45.6% less time than B: B takes 1.84 times as long as A.
  With 95% confidence the difference lies between 44.8% and 46.4% less time (B takes between 1.81 and 1.87 times as long as A).
  Noise floor: 1%. Identical code measured against itself on this setup can look that different, so smaller differences mean nothing.
  Neighbouring measurements are nearly independent (autocorrelation +0.04), so they were resampled one by one.
  
  Verdict: RESOLVED. A is faster than B: the difference is real, as its interval excludes zero and it exceeds the noise floor.
  
  Warnings:
    - the program holds 74 MB of live data, more than the caches of many machines; for data that size, where it lies in memory can shift the result by several points in ways the interval does not cover, and differently in the next process; run the comparison in several processes with the multiproc package

build from empty to 10449 elements, per whole build (37733 operations):
  A: 5.404e+06 ns per operation (median)
  B: 1.005e+07 ns per operation (median)
  A needs 46.2% less time than B: B takes 1.86 times as long as A.
  With 95% confidence the difference lies between 45.8% and 46.9% less time (B takes between 1.85 and 1.88 times as long as A).
  Noise floor: 0.61%. Identical code measured against itself on this setup can look that different, so smaller differences mean nothing.
  Neighbouring measurements are nearly independent (autocorrelation -0.09), so they were resampled one by one.
  
  Verdict: RESOLVED. A is faster than B: the difference is real, as its interval excludes zero and it exceeds the noise floor.
  
  Warnings:
    - the program holds 71 MB of live data, more than the caches of many machines; for data that size, where it lies in memory can shift the result by several points in ways the interval does not cover, and differently in the next process; run the comparison in several processes with the multiproc package

== street multi n=4096 churn and build: ordered vs map-sets
steady state, per insertion or deletion in a structure of 10449 elements (cycle of 27218 operations, first pass untimed):
  A: 135 ns per operation (median)
  B: 83.59 ns per operation (median)
  A needs 62.2% more time than B: B takes only 0.62 times as long as A.
  With 95% confidence the difference lies between 60.5% and 62.9% more time (B takes between 0.614 and 0.62 times as long as A).
  Noise floor: 0.916%. Identical code measured against itself on this setup can look that different, so smaller differences mean nothing.
  Neighbouring measurements are correlated (autocorrelation +0.33), so they were resampled in blocks of 3.
  
  Verdict: RESOLVED. A is slower than B: the difference is real, as its interval excludes zero and it exceeds the noise floor.
  
  Warnings:
    - the program holds 75 MB of live data, more than the caches of many machines; for data that size, where it lies in memory can shift the result by several points in ways the interval does not cover, and differently in the next process; run the comparison in several processes with the multiproc package
    - candidate A drifted during the run: its measurements were 1.79% lower in the second half than in the first, so the machine did not hold still
    - candidate B drifted during the run: its measurements were 1.41% lower in the second half than in the first, so the machine did not hold still

build from empty to 10449 elements, per whole build (37733 operations):
  A: 5.385e+06 ns per operation (median)
  B: 3.982e+06 ns per operation (median)
  A needs 35.6% more time than B: B takes only 0.74 times as long as A.
  With 95% confidence the difference lies between 34.4% and 36.5% more time (B takes between 0.732 and 0.74 times as long as A).
  Noise floor: 1.25%. Identical code measured against itself on this setup can look that different, so smaller differences mean nothing.
  Neighbouring measurements are nearly independent (autocorrelation -0.18), so they were resampled one by one.
  
  Verdict: RESOLVED. A is slower than B: the difference is real, as its interval excludes zero and it exceeds the noise floor.
  
  Warnings:
    - the program holds 71 MB of live data, more than the caches of many machines; for data that size, where it lies in memory can shift the result by several points in ways the interval does not cover, and differently in the next process; run the comparison in several processes with the multiproc package

checksum 15552170555044240596
== street multi n=4096 valuesFor: ordered vs hashed
A: 75.29 ns per operation (median)
B: 33.88 ns per operation (median)
A needs 124% more time than B: B takes only 0.45 times as long as A.
With 95% confidence the difference lies between 120% and 126% more time (B takes between 0.442 and 0.45 times as long as A).
Noise floor: 0.786%. Identical code measured against itself on this setup can look that different, so smaller differences mean nothing.
Neighbouring measurements are nearly independent (autocorrelation -0.17), so they were resampled one by one.

Verdict: RESOLVED. A is slower than B: the difference is real, as its interval excludes zero and it exceeds the noise floor.

Warnings:
  - the program holds 70 MB of live data, more than the caches of many machines; for data that size, where it lies in memory can shift the result by several points in ways the interval does not cover, and differently in the next process; run the comparison in several processes with the multiproc package

== street multi n=4096 valuesFor: ordered vs btree-sets
A: 80.58 ns per operation (median)
B: 191.3 ns per operation (median)
A needs 58.3% less time than B: B takes 2.40 times as long as A.
With 95% confidence the difference lies between 57% and 59% less time (B takes between 2.33 and 2.44 times as long as A).
Noise floor: 0.493%. Identical code measured against itself on this setup can look that different, so smaller differences mean nothing.
Neighbouring measurements are nearly independent (autocorrelation -0.08), so they were resampled one by one.

Verdict: RESOLVED. A is faster than B: the difference is real, as its interval excludes zero and it exceeds the noise floor.

Warnings:
  - the program holds 70 MB of live data, more than the caches of many machines; for data that size, where it lies in memory can shift the result by several points in ways the interval does not cover, and differently in the next process; run the comparison in several processes with the multiproc package

== street multi n=4096 valuesFor: ordered vs map-sets
A: 75.44 ns per operation (median)
B: 78.29 ns per operation (median)
A needs 3.05% less time than B: B takes 1.03 times as long as A.
With 95% confidence the difference lies between 2.13% and 4.16% less time (B takes between 1.02 and 1.04 times as long as A).
Noise floor: 1.83%. Identical code measured against itself on this setup can look that different, so smaller differences mean nothing.
Neighbouring measurements are nearly independent (autocorrelation +0.10), so they were resampled one by one.

Verdict: RESOLVED. A is faster than B: the difference is real, as its interval excludes zero and it exceeds the noise floor.

Warnings:
  - the program holds 70 MB of live data, more than the caches of many machines; for data that size, where it lies in memory can shift the result by several points in ways the interval does not cover, and differently in the next process; run the comparison in several processes with the multiproc package

== street multi n=4096 valuesBetween: ordered vs hashed
A: 3311 ns per operation (median)
B: 7.336e+04 ns per operation (median)
A needs 95.5% less time than B: B takes 22.07 times as long as A.
With 95% confidence the difference lies between 95.4% and 95.5% less time (B takes between 21.8 and 22.34 times as long as A).
Noise floor: 2.81%. Identical code measured against itself on this setup can look that different, so smaller differences mean nothing.
Neighbouring measurements are correlated (autocorrelation +0.61), so they were resampled in blocks of 3.

Verdict: RESOLVED. A is faster than B: the difference is real, as its interval excludes zero and it exceeds the noise floor.

Warnings:
  - the program holds 70 MB of live data, more than the caches of many machines; for data that size, where it lies in memory can shift the result by several points in ways the interval does not cover, and differently in the next process; run the comparison in several processes with the multiproc package

== street multi n=4096 valuesBetween: ordered vs btree-sets
A: 3269 ns per operation (median)
B: 5389 ns per operation (median)
A needs 39.5% less time than B: B takes 1.65 times as long as A.
With 95% confidence the difference lies between 38.8% and 40.1% less time (B takes between 1.63 and 1.67 times as long as A).
Noise floor: 1.27%. Identical code measured against itself on this setup can look that different, so smaller differences mean nothing.
Neighbouring measurements are correlated (autocorrelation +0.38), so they were resampled in blocks of 3.

Verdict: RESOLVED. A is faster than B: the difference is real, as its interval excludes zero and it exceeds the noise floor.

Warnings:
  - the program holds 70 MB of live data, more than the caches of many machines; for data that size, where it lies in memory can shift the result by several points in ways the interval does not cover, and differently in the next process; run the comparison in several processes with the multiproc package
  - in 50% of A/A runs this setup reported a difference between identical code, well above the 10% expected; treat any confidence from it with suspicion

== street multi n=4096 valuesBetween: ordered vs map-sets
A: 3325 ns per operation (median)
B: 7.096e+04 ns per operation (median)
A needs 95.3% less time than B: B takes 21.20 times as long as A.
With 95% confidence the difference lies between 95.2% and 95.4% less time (B takes between 20.9 and 21.58 times as long as A).
Noise floor: 1.18%. Identical code measured against itself on this setup can look that different, so smaller differences mean nothing.
Neighbouring measurements are correlated (autocorrelation +0.40), so they were resampled in blocks of 3.

Verdict: RESOLVED. A is faster than B: the difference is real, as its interval excludes zero and it exceeds the noise floor.

Warnings:
  - the program holds 72 MB of live data, more than the caches of many machines; for data that size, where it lies in memory can shift the result by several points in ways the interval does not cover, and differently in the next process; run the comparison in several processes with the multiproc package

== street multi n=4096 prefix: ordered vs hashed
A: 321.6 ns per operation (median)
B: 7.119e+04 ns per operation (median)
A needs 99.5% less time than B: B takes 220.90 times as long as A.
With 95% confidence the difference lies between 99.5% and 99.6% less time (B takes between 218 and 226.39 times as long as A).
Noise floor: 0.693%. Identical code measured against itself on this setup can look that different, so smaller differences mean nothing.
Neighbouring measurements are nearly independent (autocorrelation +0.17), so they were resampled one by one.

Verdict: RESOLVED. A is faster than B: the difference is real, as its interval excludes zero and it exceeds the noise floor.

Warnings:
  - the program holds 72 MB of live data, more than the caches of many machines; for data that size, where it lies in memory can shift the result by several points in ways the interval does not cover, and differently in the next process; run the comparison in several processes with the multiproc package

== street multi n=4096 prefix: ordered vs btree-sets
A: 317.1 ns per operation (median)
B: 655.6 ns per operation (median)
A needs 51.6% less time than B: B takes 2.07 times as long as A.
With 95% confidence the difference lies between 50.4% and 52.9% less time (B takes between 2.01 and 2.12 times as long as A).
Noise floor: 1.1%. Identical code measured against itself on this setup can look that different, so smaller differences mean nothing.
Neighbouring measurements are nearly independent (autocorrelation +0.03), so they were resampled one by one.

Verdict: RESOLVED. A is faster than B: the difference is real, as its interval excludes zero and it exceeds the noise floor.

Warnings:
  - the program holds 72 MB of live data, more than the caches of many machines; for data that size, where it lies in memory can shift the result by several points in ways the interval does not cover, and differently in the next process; run the comparison in several processes with the multiproc package
  - 5.2% of bootstrap replicates tied, so the measurement is coarse relative to the question; lower CollectOptions.MaxQuantizationError to lengthen the batches

== street multi n=4096 prefix: ordered vs map-sets
A: 320.6 ns per operation (median)
B: 6.491e+04 ns per operation (median)
A needs 99.5% less time than B: B takes 201.85 times as long as A.
With 95% confidence the difference lies between 99.5% and 99.5% less time (B takes between 198 and 203.79 times as long as A).
Noise floor: 1.44%. Identical code measured against itself on this setup can look that different, so smaller differences mean nothing.
Neighbouring measurements are nearly independent (autocorrelation +0.16), so they were resampled one by one.

Verdict: RESOLVED. A is faster than B: the difference is real, as its interval excludes zero and it exceeds the noise floor.

Warnings:
  - the program holds 72 MB of live data, more than the caches of many machines; for data that size, where it lies in memory can shift the result by several points in ways the interval does not cover, and differently in the next process; run the comparison in several processes with the multiproc package

== street multi n=4096 churn and build: ordered vs hashed
steady state, per insertion or deletion in a structure of 10449 elements (cycle of 27218 operations, first pass untimed):
  A: 136.3 ns per operation (median)
  B: 70.22 ns per operation (median)
  A needs 94.3% more time than B: B takes only 0.51 times as long as A.
  With 95% confidence the difference lies between 92.2% and 96.4% more time (B takes between 0.509 and 0.52 times as long as A).
  Noise floor: 0.541%. Identical code measured against itself on this setup can look that different, so smaller differences mean nothing.
  Neighbouring measurements are nearly independent (autocorrelation +0.10), so they were resampled one by one.
  
  Verdict: RESOLVED. A is slower than B: the difference is real, as its interval excludes zero and it exceeds the noise floor.
  
  Warnings:
    - the program holds 73 MB of live data, more than the caches of many machines; for data that size, where it lies in memory can shift the result by several points in ways the interval does not cover, and differently in the next process; run the comparison in several processes with the multiproc package

build from empty to 10449 elements, per whole build (37733 operations):
  A: 5.384e+06 ns per operation (median)
  B: 3.259e+06 ns per operation (median)
  A needs 64.6% more time than B: B takes only 0.61 times as long as A.
  With 95% confidence the difference lies between 62.8% and 67% more time (B takes between 0.599 and 0.61 times as long as A).
  Noise floor: 0.986%. Identical code measured against itself on this setup can look that different, so smaller differences mean nothing.
  Neighbouring measurements are nearly independent (autocorrelation +0.05), so they were resampled one by one.
  
  Verdict: RESOLVED. A is slower than B: the difference is real, as its interval excludes zero and it exceeds the noise floor.
  
  Warnings:
    - the program holds 71 MB of live data, more than the caches of many machines; for data that size, where it lies in memory can shift the result by several points in ways the interval does not cover, and differently in the next process; run the comparison in several processes with the multiproc package
    - in 50% of A/A runs this setup reported a difference between identical code, well above the 10% expected; treat any confidence from it with suspicion

== street multi n=4096 churn and build: ordered vs btree-sets
steady state, per insertion or deletion in a structure of 10449 elements (cycle of 27218 operations, first pass untimed):
  A: 136.9 ns per operation (median)
  B: 249.8 ns per operation (median)
  A needs 45.6% less time than B: B takes 1.84 times as long as A.
  With 95% confidence the difference lies between 45.2% and 45.8% less time (B takes between 1.83 and 1.85 times as long as A).
  Noise floor: 0.374%. Identical code measured against itself on this setup can look that different, so smaller differences mean nothing.
  Neighbouring measurements are correlated (autocorrelation +0.28), so they were resampled in blocks of 3.
  
  Verdict: RESOLVED. A is faster than B: the difference is real, as its interval excludes zero and it exceeds the noise floor.
  
  Warnings:
    - the program holds 74 MB of live data, more than the caches of many machines; for data that size, where it lies in memory can shift the result by several points in ways the interval does not cover, and differently in the next process; run the comparison in several processes with the multiproc package

build from empty to 10449 elements, per whole build (37733 operations):
  A: 5.406e+06 ns per operation (median)
  B: 1.022e+07 ns per operation (median)
  A needs 47% less time than B: B takes 1.89 times as long as A.
  With 95% confidence the difference lies between 46.9% and 47.8% less time (B takes between 1.88 and 1.92 times as long as A).
  Noise floor: 0.422%. Identical code measured against itself on this setup can look that different, so smaller differences mean nothing.
  Neighbouring measurements are nearly independent (autocorrelation -0.12), so they were resampled one by one.
  
  Verdict: RESOLVED. A is faster than B: the difference is real, as its interval excludes zero and it exceeds the noise floor.
  
  Warnings:
    - the program holds 71 MB of live data, more than the caches of many machines; for data that size, where it lies in memory can shift the result by several points in ways the interval does not cover, and differently in the next process; run the comparison in several processes with the multiproc package

== street multi n=4096 churn and build: ordered vs map-sets
steady state, per insertion or deletion in a structure of 10449 elements (cycle of 27218 operations, first pass untimed):
  A: 136.2 ns per operation (median)
  B: 81.66 ns per operation (median)
  A needs 65.7% more time than B: B takes only 0.60 times as long as A.
  With 95% confidence the difference lies between 63.6% and 67.1% more time (B takes between 0.598 and 0.61 times as long as A).
  Noise floor: 0.7%. Identical code measured against itself on this setup can look that different, so smaller differences mean nothing.
  Neighbouring measurements are correlated (autocorrelation +0.29), so they were resampled in blocks of 3.
  
  Verdict: RESOLVED. A is slower than B: the difference is real, as its interval excludes zero and it exceeds the noise floor.
  
  Warnings:
    - the program holds 74 MB of live data, more than the caches of many machines; for data that size, where it lies in memory can shift the result by several points in ways the interval does not cover, and differently in the next process; run the comparison in several processes with the multiproc package
    - in 50% of A/A runs this setup reported a difference between identical code, well above the 10% expected; treat any confidence from it with suspicion

build from empty to 10449 elements, per whole build (37733 operations):
  A: 5.436e+06 ns per operation (median)
  B: 4.099e+06 ns per operation (median)
  A needs 32.4% more time than B: B takes only 0.76 times as long as A.
  With 95% confidence the difference lies between 30% and 33% more time (B takes between 0.752 and 0.77 times as long as A).
  Noise floor: 0.509%. Identical code measured against itself on this setup can look that different, so smaller differences mean nothing.
  Neighbouring measurements are nearly independent (autocorrelation -0.23), so they were resampled one by one.
  
  Verdict: RESOLVED. A is slower than B: the difference is real, as its interval excludes zero and it exceeds the noise floor.
  
  Warnings:
    - the program holds 71 MB of live data, more than the caches of many machines; for data that size, where it lies in memory can shift the result by several points in ways the interval does not cover, and differently in the next process; run the comparison in several processes with the multiproc package

checksum 3034547658775054607
== street multi n=4096 valuesFor: ordered vs hashed
A: 75.07 ns per operation (median)
B: 33.69 ns per operation (median)
A needs 123% more time than B: B takes only 0.45 times as long as A.
With 95% confidence the difference lies between 121% and 124% more time (B takes between 0.446 and 0.45 times as long as A).
Noise floor: 0.461%. Identical code measured against itself on this setup can look that different, so smaller differences mean nothing.
Neighbouring measurements are nearly independent (autocorrelation -0.16), so they were resampled one by one.

Verdict: RESOLVED. A is slower than B: the difference is real, as its interval excludes zero and it exceeds the noise floor.

Warnings:
  - the program holds 47 MB of live data, more than the caches of many machines; for data that size, where it lies in memory can shift the result by several points in ways the interval does not cover, and differently in the next process; run the comparison in several processes with the multiproc package

== street multi n=4096 valuesFor: ordered vs btree-sets
A: 76.04 ns per operation (median)
B: 178 ns per operation (median)
A needs 57% less time than B: B takes 2.33 times as long as A.
With 95% confidence the difference lies between 56.5% and 57.8% less time (B takes between 2.3 and 2.37 times as long as A).
Noise floor: 1.62%. Identical code measured against itself on this setup can look that different, so smaller differences mean nothing.
Neighbouring measurements are nearly independent (autocorrelation -0.39), so they were resampled one by one.

Verdict: RESOLVED. A is faster than B: the difference is real, as its interval excludes zero and it exceeds the noise floor.

Warnings:
  - the program holds 72 MB of live data, more than the caches of many machines; for data that size, where it lies in memory can shift the result by several points in ways the interval does not cover, and differently in the next process; run the comparison in several processes with the multiproc package

== street multi n=4096 valuesFor: ordered vs map-sets
A: 75.52 ns per operation (median)
B: 79.45 ns per operation (median)
A needs 4.74% less time than B: B takes 1.05 times as long as A.
With 95% confidence the difference lies between 3.88% and 5.35% less time (B takes between 1.04 and 1.06 times as long as A).
Noise floor: 1.37%. Identical code measured against itself on this setup can look that different, so smaller differences mean nothing.
Neighbouring measurements are nearly independent (autocorrelation +0.11), so they were resampled one by one.

Verdict: RESOLVED. A is faster than B: the difference is real, as its interval excludes zero and it exceeds the noise floor.

Warnings:
  - the program holds 72 MB of live data, more than the caches of many machines; for data that size, where it lies in memory can shift the result by several points in ways the interval does not cover, and differently in the next process; run the comparison in several processes with the multiproc package

== street multi n=4096 valuesBetween: ordered vs hashed
A: 3272 ns per operation (median)
B: 7.105e+04 ns per operation (median)
A needs 95.4% less time than B: B takes 21.78 times as long as A.
With 95% confidence the difference lies between 95.3% and 95.5% less time (B takes between 21.5 and 22.00 times as long as A).
Noise floor: 1%. Identical code measured against itself on this setup can look that different, so smaller differences mean nothing.
Neighbouring measurements are correlated (autocorrelation +0.36), so they were resampled in blocks of 3.

Verdict: RESOLVED. A is faster than B: the difference is real, as its interval excludes zero and it exceeds the noise floor.

Warnings:
  - the program holds 72 MB of live data, more than the caches of many machines; for data that size, where it lies in memory can shift the result by several points in ways the interval does not cover, and differently in the next process; run the comparison in several processes with the multiproc package

== street multi n=4096 valuesBetween: ordered vs btree-sets
A: 3260 ns per operation (median)
B: 5398 ns per operation (median)
A needs 39.8% less time than B: B takes 1.66 times as long as A.
With 95% confidence the difference lies between 39.1% and 40.8% less time (B takes between 1.64 and 1.69 times as long as A).
Noise floor: 0.742%. Identical code measured against itself on this setup can look that different, so smaller differences mean nothing.
Neighbouring measurements are nearly independent (autocorrelation -0.05), so they were resampled one by one.

Verdict: RESOLVED. A is faster than B: the difference is real, as its interval excludes zero and it exceeds the noise floor.

Warnings:
  - the program holds 72 MB of live data, more than the caches of many machines; for data that size, where it lies in memory can shift the result by several points in ways the interval does not cover, and differently in the next process; run the comparison in several processes with the multiproc package

== street multi n=4096 valuesBetween: ordered vs map-sets
A: 3321 ns per operation (median)
B: 6.925e+04 ns per operation (median)
A needs 95.2% less time than B: B takes 20.90 times as long as A.
With 95% confidence the difference lies between 95.1% and 95.3% less time (B takes between 20.6 and 21.15 times as long as A).
Noise floor: 0.281%. Identical code measured against itself on this setup can look that different, so smaller differences mean nothing.
Neighbouring measurements are nearly independent (autocorrelation -0.06), so they were resampled one by one.

Verdict: RESOLVED. A is faster than B: the difference is real, as its interval excludes zero and it exceeds the noise floor.

Warnings:
  - the program holds 72 MB of live data, more than the caches of many machines; for data that size, where it lies in memory can shift the result by several points in ways the interval does not cover, and differently in the next process; run the comparison in several processes with the multiproc package

== street multi n=4096 prefix: ordered vs hashed
A: 329.6 ns per operation (median)
B: 7.018e+04 ns per operation (median)
A needs 99.5% less time than B: B takes 212.56 times as long as A.
With 95% confidence the difference lies between 99.5% and 99.5% less time (B takes between 201 and 216.59 times as long as A).
Noise floor: 1.78%. Identical code measured against itself on this setup can look that different, so smaller differences mean nothing.
Neighbouring measurements are correlated (autocorrelation +0.22), so they were resampled in blocks of 3.

Verdict: RESOLVED. A is faster than B: the difference is real, as its interval excludes zero and it exceeds the noise floor.

Warnings:
  - the program holds 72 MB of live data, more than the caches of many machines; for data that size, where it lies in memory can shift the result by several points in ways the interval does not cover, and differently in the next process; run the comparison in several processes with the multiproc package

== street multi n=4096 prefix: ordered vs btree-sets
A: 329.3 ns per operation (median)
B: 694.8 ns per operation (median)
A needs 51.6% less time than B: B takes 2.07 times as long as A.
With 95% confidence the difference lies between 50.2% and 52.8% less time (B takes between 2.01 and 2.12 times as long as A).
Noise floor: 1.31%. Identical code measured against itself on this setup can look that different, so smaller differences mean nothing.
Neighbouring measurements are correlated (autocorrelation +0.27), so they were resampled in blocks of 3.

Verdict: RESOLVED. A is faster than B: the difference is real, as its interval excludes zero and it exceeds the noise floor.

Warnings:
  - the program holds 72 MB of live data, more than the caches of many machines; for data that size, where it lies in memory can shift the result by several points in ways the interval does not cover, and differently in the next process; run the comparison in several processes with the multiproc package

== street multi n=4096 prefix: ordered vs map-sets
A: 346.4 ns per operation (median)
B: 6.364e+04 ns per operation (median)
A needs 99.5% less time than B: B takes 185.53 times as long as A.
With 95% confidence the difference lies between 99.4% and 99.5% less time (B takes between 181 and 197.06 times as long as A).
Noise floor: 2.2%. Identical code measured against itself on this setup can look that different, so smaller differences mean nothing.
Neighbouring measurements are nearly independent (autocorrelation +0.20), so they were resampled one by one.

Verdict: RESOLVED. A is faster than B: the difference is real, as its interval excludes zero and it exceeds the noise floor.

Warnings:
  - the program holds 72 MB of live data, more than the caches of many machines; for data that size, where it lies in memory can shift the result by several points in ways the interval does not cover, and differently in the next process; run the comparison in several processes with the multiproc package

== street multi n=4096 churn and build: ordered vs hashed
steady state, per insertion or deletion in a structure of 10449 elements (cycle of 27218 operations, first pass untimed):
  A: 134.3 ns per operation (median)
  B: 70.92 ns per operation (median)
  A needs 90.8% more time than B: B takes only 0.52 times as long as A.
  With 95% confidence the difference lies between 88.1% and 93.3% more time (B takes between 0.517 and 0.53 times as long as A).
  Noise floor: 1.12%. Identical code measured against itself on this setup can look that different, so smaller differences mean nothing.
  Neighbouring measurements are correlated (autocorrelation +0.28), so they were resampled in blocks of 3.
  
  Verdict: RESOLVED. A is slower than B: the difference is real, as its interval excludes zero and it exceeds the noise floor.
  
  Warnings:
    - the program holds 73 MB of live data, more than the caches of many machines; for data that size, where it lies in memory can shift the result by several points in ways the interval does not cover, and differently in the next process; run the comparison in several processes with the multiproc package

build from empty to 10449 elements, per whole build (37733 operations):
  A: 5.489e+06 ns per operation (median)
  B: 3.46e+06 ns per operation (median)
  A needs 59.4% more time than B: B takes only 0.63 times as long as A.
  With 95% confidence the difference lies between 57.5% and 60% more time (B takes between 0.625 and 0.63 times as long as A).
  Noise floor: 0.845%. Identical code measured against itself on this setup can look that different, so smaller differences mean nothing.
  Neighbouring measurements are nearly independent (autocorrelation +0.19), so they were resampled one by one.
  
  Verdict: RESOLVED. A is slower than B: the difference is real, as its interval excludes zero and it exceeds the noise floor.
  
  Warnings:
    - the program holds 71 MB of live data, more than the caches of many machines; for data that size, where it lies in memory can shift the result by several points in ways the interval does not cover, and differently in the next process; run the comparison in several processes with the multiproc package
    - in 50% of A/A runs this setup reported a difference between identical code, well above the 10% expected; treat any confidence from it with suspicion

== street multi n=4096 churn and build: ordered vs btree-sets
steady state, per insertion or deletion in a structure of 10449 elements (cycle of 27218 operations, first pass untimed):
  A: 147.9 ns per operation (median)
  B: 263.7 ns per operation (median)
  A needs 44.1% less time than B: B takes 1.79 times as long as A.
  With 95% confidence the difference lies between 42.1% and 45% less time (B takes between 1.73 and 1.82 times as long as A).
  Noise floor: 1.36%. Identical code measured against itself on this setup can look that different, so smaller differences mean nothing.
  Neighbouring measurements are nearly independent (autocorrelation -0.02), so they were resampled one by one.
  
  Verdict: RESOLVED. A is faster than B: the difference is real, as its interval excludes zero and it exceeds the noise floor.
  
  Warnings:
    - the program holds 74 MB of live data, more than the caches of many machines; for data that size, where it lies in memory can shift the result by several points in ways the interval does not cover, and differently in the next process; run the comparison in several processes with the multiproc package

build from empty to 10449 elements, per whole build (37733 operations):
  A: 5.479e+06 ns per operation (median)
  B: 1.031e+07 ns per operation (median)
  A needs 46.7% less time than B: B takes 1.88 times as long as A.
  With 95% confidence the difference lies between 46.6% and 47.3% less time (B takes between 1.87 and 1.90 times as long as A).
  Noise floor: 1.5%. Identical code measured against itself on this setup can look that different, so smaller differences mean nothing.
  Neighbouring measurements are nearly independent (autocorrelation -0.02), so they were resampled one by one.
  
  Verdict: RESOLVED. A is faster than B: the difference is real, as its interval excludes zero and it exceeds the noise floor.
  
  Warnings:
    - the program holds 71 MB of live data, more than the caches of many machines; for data that size, where it lies in memory can shift the result by several points in ways the interval does not cover, and differently in the next process; run the comparison in several processes with the multiproc package
    - candidate A drifted during the run: its measurements were 1.77% lower in the second half than in the first, so the machine did not hold still
    - the ratio B/A was 1.7% higher in the second half of the run than in the first, so the candidates had not reached a steady state and the difference depends on how long the run was; a common cause is a head start for whichever candidate ran alone last before the comparison or had its data built last, which a longer CollectOptions.WarmupDuration removes

== street multi n=4096 churn and build: ordered vs map-sets
steady state, per insertion or deletion in a structure of 10449 elements (cycle of 27218 operations, first pass untimed):
  A: 136.1 ns per operation (median)
  B: 86.02 ns per operation (median)
  A needs 57.6% more time than B: B takes only 0.63 times as long as A.
  With 95% confidence the difference lies between 55.4% and 61.5% more time (B takes between 0.619 and 0.64 times as long as A).
  Noise floor: 0.893%. Identical code measured against itself on this setup can look that different, so smaller differences mean nothing.
  Neighbouring measurements are nearly independent (autocorrelation +0.17), so they were resampled one by one.
  
  Verdict: RESOLVED. A is slower than B: the difference is real, as its interval excludes zero and it exceeds the noise floor.
  
  Warnings:
    - the program holds 74 MB of live data, more than the caches of many machines; for data that size, where it lies in memory can shift the result by several points in ways the interval does not cover, and differently in the next process; run the comparison in several processes with the multiproc package

build from empty to 10449 elements, per whole build (37733 operations):
  A: 5.463e+06 ns per operation (median)
  B: 4.279e+06 ns per operation (median)
  A needs 27.3% more time than B: B takes only 0.79 times as long as A.
  With 95% confidence the difference lies between 26.5% and 30.8% more time (B takes between 0.765 and 0.79 times as long as A).
  Noise floor: 0.981%. Identical code measured against itself on this setup can look that different, so smaller differences mean nothing.
  Neighbouring measurements are nearly independent (autocorrelation +0.06), so they were resampled one by one.
  
  Verdict: RESOLVED. A is slower than B: the difference is real, as its interval excludes zero and it exceeds the noise floor.
  
  Warnings:
    - the program holds 71 MB of live data, more than the caches of many machines; for data that size, where it lies in memory can shift the result by several points in ways the interval does not cover, and differently in the next process; run the comparison in several processes with the multiproc package

checksum 16271170270294959306
== street multi n=4096 valuesFor: ordered vs hashed
A: 76.82 ns per operation (median)
B: 34.97 ns per operation (median)
A needs 121% more time than B: B takes only 0.45 times as long as A.
With 95% confidence the difference lies between 116% and 123% more time (B takes between 0.449 and 0.46 times as long as A).
Noise floor: 0.868%. Identical code measured against itself on this setup can look that different, so smaller differences mean nothing.
Neighbouring measurements are correlated (autocorrelation +0.26), so they were resampled in blocks of 3.

Verdict: RESOLVED. A is slower than B: the difference is real, as its interval excludes zero and it exceeds the noise floor.

Warnings:
  - the program holds 64 MB of live data, more than the caches of many machines; for data that size, where it lies in memory can shift the result by several points in ways the interval does not cover, and differently in the next process; run the comparison in several processes with the multiproc package
  - candidate B drifted during the run: its measurements were 5.43% higher in the second half than in the first, so the machine did not hold still

== street multi n=4096 valuesFor: ordered vs btree-sets
A: 79.06 ns per operation (median)
B: 188.9 ns per operation (median)
A needs 58.3% less time than B: B takes 2.40 times as long as A.
With 95% confidence the difference lies between 57.1% and 58.8% less time (B takes between 2.33 and 2.43 times as long as A).
Noise floor: 1.35%. Identical code measured against itself on this setup can look that different, so smaller differences mean nothing.
Neighbouring measurements are nearly independent (autocorrelation -0.12), so they were resampled one by one.

Verdict: RESOLVED. A is faster than B: the difference is real, as its interval excludes zero and it exceeds the noise floor.

Warnings:
  - the program holds 64 MB of live data, more than the caches of many machines; for data that size, where it lies in memory can shift the result by several points in ways the interval does not cover, and differently in the next process; run the comparison in several processes with the multiproc package

== street multi n=4096 valuesFor: ordered vs map-sets
A: 76.8 ns per operation (median)
B: 80.42 ns per operation (median)
A needs 5.24% less time than B: B takes 1.06 times as long as A.
With 95% confidence the difference lies between 5.04% and 6.17% less time (B takes between 1.05 and 1.07 times as long as A).
Noise floor: 0.73%. Identical code measured against itself on this setup can look that different, so smaller differences mean nothing.
Neighbouring measurements are correlated (autocorrelation +0.34), so they were resampled in blocks of 3.

Verdict: RESOLVED. A is faster than B: the difference is real, as its interval excludes zero and it exceeds the noise floor.

Warnings:
  - the program holds 64 MB of live data, more than the caches of many machines; for data that size, where it lies in memory can shift the result by several points in ways the interval does not cover, and differently in the next process; run the comparison in several processes with the multiproc package
  - in 50% of A/A runs this setup reported a difference between identical code, well above the 10% expected; treat any confidence from it with suspicion

== street multi n=4096 valuesBetween: ordered vs hashed
A: 3328 ns per operation (median)
B: 7.383e+04 ns per operation (median)
A needs 95.5% less time than B: B takes 22.24 times as long as A.
With 95% confidence the difference lies between 95.4% and 95.5% less time (B takes between 21.9 and 22.38 times as long as A).
Noise floor: 0.323%. Identical code measured against itself on this setup can look that different, so smaller differences mean nothing.
Neighbouring measurements are correlated (autocorrelation +0.25), so they were resampled in blocks of 3.

Verdict: RESOLVED. A is faster than B: the difference is real, as its interval excludes zero and it exceeds the noise floor.

Warnings:
  - the program holds 64 MB of live data, more than the caches of many machines; for data that size, where it lies in memory can shift the result by several points in ways the interval does not cover, and differently in the next process; run the comparison in several processes with the multiproc package

== street multi n=4096 valuesBetween: ordered vs btree-sets
A: 3249 ns per operation (median)
B: 5455 ns per operation (median)
A needs 39.9% less time than B: B takes 1.66 times as long as A.
With 95% confidence the difference lies between 39.1% and 40.6% less time (B takes between 1.64 and 1.68 times as long as A).
Noise floor: 1.45%. Identical code measured against itself on this setup can look that different, so smaller differences mean nothing.
Neighbouring measurements are nearly independent (autocorrelation +0.03), so they were resampled one by one.

Verdict: RESOLVED. A is faster than B: the difference is real, as its interval excludes zero and it exceeds the noise floor.

Warnings:
  - the program holds 64 MB of live data, more than the caches of many machines; for data that size, where it lies in memory can shift the result by several points in ways the interval does not cover, and differently in the next process; run the comparison in several processes with the multiproc package
  - in 50% of A/A runs this setup reported a difference between identical code, well above the 10% expected; treat any confidence from it with suspicion

== street multi n=4096 valuesBetween: ordered vs map-sets
A: 3369 ns per operation (median)
B: 7.134e+04 ns per operation (median)
A needs 95.3% less time than B: B takes 21.12 times as long as A.
With 95% confidence the difference lies between 95.2% and 95.3% less time (B takes between 20.8 and 21.49 times as long as A).
Noise floor: 1.24%. Identical code measured against itself on this setup can look that different, so smaller differences mean nothing.
Neighbouring measurements are correlated (autocorrelation +0.32), so they were resampled in blocks of 3.

Verdict: RESOLVED. A is faster than B: the difference is real, as its interval excludes zero and it exceeds the noise floor.

Warnings:
  - the program holds 71 MB of live data, more than the caches of many machines; for data that size, where it lies in memory can shift the result by several points in ways the interval does not cover, and differently in the next process; run the comparison in several processes with the multiproc package

== street multi n=4096 prefix: ordered vs hashed
A: 333.4 ns per operation (median)
B: 7.184e+04 ns per operation (median)
A needs 99.5% less time than B: B takes 216.24 times as long as A.
With 95% confidence the difference lies between 99.5% and 99.5% less time (B takes between 203 and 220.81 times as long as A).
Noise floor: 5.3%. Identical code measured against itself on this setup can look that different, so smaller differences mean nothing.
Neighbouring measurements are correlated (autocorrelation +0.21), so they were resampled in blocks of 3.

Verdict: RESOLVED. A is faster than B: the difference is real, as its interval excludes zero and it exceeds the noise floor.

Warnings:
  - the program holds 71 MB of live data, more than the caches of many machines; for data that size, where it lies in memory can shift the result by several points in ways the interval does not cover, and differently in the next process; run the comparison in several processes with the multiproc package

== street multi n=4096 prefix: ordered vs btree-sets
A: 321.9 ns per operation (median)
B: 662.7 ns per operation (median)
A needs 51.7% less time than B: B takes 2.07 times as long as A.
With 95% confidence the difference lies between 50.4% and 52.8% less time (B takes between 2.01 and 2.12 times as long as A).
Noise floor: 0.84%. Identical code measured against itself on this setup can look that different, so smaller differences mean nothing.
Neighbouring measurements are nearly independent (autocorrelation -0.13), so they were resampled one by one.

Verdict: RESOLVED. A is faster than B: the difference is real, as its interval excludes zero and it exceeds the noise floor.

Warnings:
  - the program holds 71 MB of live data, more than the caches of many machines; for data that size, where it lies in memory can shift the result by several points in ways the interval does not cover, and differently in the next process; run the comparison in several processes with the multiproc package

== street multi n=4096 prefix: ordered vs map-sets
A: 337.6 ns per operation (median)
B: 6.602e+04 ns per operation (median)
A needs 99.5% less time than B: B takes 196.76 times as long as A.
With 95% confidence the difference lies between 99.5% and 99.5% less time (B takes between 185 and 201.28 times as long as A).
Noise floor: 4.59%. Identical code measured against itself on this setup can look that different, so smaller differences mean nothing.
Neighbouring measurements are correlated (autocorrelation +0.27), so they were resampled in blocks of 3.

Verdict: RESOLVED. A is faster than B: the difference is real, as its interval excludes zero and it exceeds the noise floor.

Warnings:
  - the program holds 71 MB of live data, more than the caches of many machines; for data that size, where it lies in memory can shift the result by several points in ways the interval does not cover, and differently in the next process; run the comparison in several processes with the multiproc package

== street multi n=4096 churn and build: ordered vs hashed
steady state, per insertion or deletion in a structure of 10449 elements (cycle of 27218 operations, first pass untimed):
  A: 136.9 ns per operation (median)
  B: 71.66 ns per operation (median)
  A needs 89.7% more time than B: B takes only 0.53 times as long as A.
  With 95% confidence the difference lies between 87.8% and 91.9% more time (B takes between 0.521 and 0.53 times as long as A).
  Noise floor: 1.05%. Identical code measured against itself on this setup can look that different, so smaller differences mean nothing.
  Neighbouring measurements are nearly independent (autocorrelation +0.12), so they were resampled one by one.
  
  Verdict: RESOLVED. A is slower than B: the difference is real, as its interval excludes zero and it exceeds the noise floor.
  
  Warnings:
    - the program holds 73 MB of live data, more than the caches of many machines; for data that size, where it lies in memory can shift the result by several points in ways the interval does not cover, and differently in the next process; run the comparison in several processes with the multiproc package

build from empty to 10449 elements, per whole build (37733 operations):
  A: 5.621e+06 ns per operation (median)
  B: 3.388e+06 ns per operation (median)
  A needs 64.3% more time than B: B takes only 0.61 times as long as A.
  With 95% confidence the difference lies between 62.7% and 67.1% more time (B takes between 0.599 and 0.61 times as long as A).
  Noise floor: 0.806%. Identical code measured against itself on this setup can look that different, so smaller differences mean nothing.
  Neighbouring measurements are correlated (autocorrelation +0.22), so they were resampled in blocks of 3.
  
  Verdict: RESOLVED. A is slower than B: the difference is real, as its interval excludes zero and it exceeds the noise floor.
  
  Warnings:
    - the program holds 71 MB of live data, more than the caches of many machines; for data that size, where it lies in memory can shift the result by several points in ways the interval does not cover, and differently in the next process; run the comparison in several processes with the multiproc package
    - in 50% of A/A runs this setup reported a difference between identical code, well above the 10% expected; treat any confidence from it with suspicion

== street multi n=4096 churn and build: ordered vs btree-sets
steady state, per insertion or deletion in a structure of 10449 elements (cycle of 27218 operations, first pass untimed):
  A: 138.7 ns per operation (median)
  B: 255.2 ns per operation (median)
  A needs 45.8% less time than B: B takes 1.85 times as long as A.
  With 95% confidence the difference lies between 44.2% and 46.3% less time (B takes between 1.79 and 1.86 times as long as A).
  Noise floor: 1.11%. Identical code measured against itself on this setup can look that different, so smaller differences mean nothing.
  Neighbouring measurements are correlated (autocorrelation +0.32), so they were resampled in blocks of 3.
  
  Verdict: RESOLVED. A is faster than B: the difference is real, as its interval excludes zero and it exceeds the noise floor.
  
  Warnings:
    - the program holds 74 MB of live data, more than the caches of many machines; for data that size, where it lies in memory can shift the result by several points in ways the interval does not cover, and differently in the next process; run the comparison in several processes with the multiproc package
    - candidate A drifted during the run: its measurements were 2.68% lower in the second half than in the first, so the machine did not hold still
    - candidate B drifted during the run: its measurements were 3.28% lower in the second half than in the first, so the machine did not hold still

build from empty to 10449 elements, per whole build (37733 operations):
  A: 5.527e+06 ns per operation (median)
  B: 1.033e+07 ns per operation (median)
  A needs 46.3% less time than B: B takes 1.86 times as long as A.
  With 95% confidence the difference lies between 45.8% and 47.4% less time (B takes between 1.85 and 1.90 times as long as A).
  Noise floor: 1.62%. Identical code measured against itself on this setup can look that different, so smaller differences mean nothing.
  Neighbouring measurements are nearly independent (autocorrelation -0.12), so they were resampled one by one.
  
  Verdict: RESOLVED. A is faster than B: the difference is real, as its interval excludes zero and it exceeds the noise floor.
  
  Warnings:
    - the program holds 71 MB of live data, more than the caches of many machines; for data that size, where it lies in memory can shift the result by several points in ways the interval does not cover, and differently in the next process; run the comparison in several processes with the multiproc package
    - in 50% of A/A runs this setup reported a difference between identical code, well above the 10% expected; treat any confidence from it with suspicion

== street multi n=4096 churn and build: ordered vs map-sets
steady state, per insertion or deletion in a structure of 10449 elements (cycle of 27218 operations, first pass untimed):
  A: 136.7 ns per operation (median)
  B: 85.87 ns per operation (median)
  A needs 58.7% more time than B: B takes only 0.63 times as long as A.
  With 95% confidence the difference lies between 56.6% and 61.5% more time (B takes between 0.619 and 0.64 times as long as A).
  Noise floor: 0.711%. Identical code measured against itself on this setup can look that different, so smaller differences mean nothing.
  Neighbouring measurements are correlated (autocorrelation +0.54), so they were resampled in blocks of 3.
  
  Verdict: RESOLVED. A is slower than B: the difference is real, as its interval excludes zero and it exceeds the noise floor.
  
  Warnings:
    - the program holds 74 MB of live data, more than the caches of many machines; for data that size, where it lies in memory can shift the result by several points in ways the interval does not cover, and differently in the next process; run the comparison in several processes with the multiproc package

build from empty to 10449 elements, per whole build (37733 operations):
  A: 5.578e+06 ns per operation (median)
  B: 4.196e+06 ns per operation (median)
  A needs 33.1% more time than B: B takes only 0.75 times as long as A.
  With 95% confidence the difference lies between 31.2% and 35.4% more time (B takes between 0.738 and 0.76 times as long as A).
  Noise floor: 0.751%. Identical code measured against itself on this setup can look that different, so smaller differences mean nothing.
  Neighbouring measurements are nearly independent (autocorrelation +0.04), so they were resampled one by one.
  
  Verdict: RESOLVED. A is slower than B: the difference is real, as its interval excludes zero and it exceeds the noise floor.
  
  Warnings:
    - the program holds 71 MB of live data, more than the caches of many machines; for data that size, where it lies in memory can shift the result by several points in ways the interval does not cover, and differently in the next process; run the comparison in several processes with the multiproc package

checksum 9100953926917228143
== street multi n=4096 valuesFor: ordered vs hashed
A: 75.7 ns per operation (median)
B: 34.01 ns per operation (median)
A needs 124% more time than B: B takes only 0.45 times as long as A.
With 95% confidence the difference lies between 120% and 126% more time (B takes between 0.442 and 0.45 times as long as A).
Noise floor: 0.458%. Identical code measured against itself on this setup can look that different, so smaller differences mean nothing.
Neighbouring measurements are nearly independent (autocorrelation -0.09), so they were resampled one by one.

Verdict: RESOLVED. A is slower than B: the difference is real, as its interval excludes zero and it exceeds the noise floor.

Warnings:
  - the program holds 71 MB of live data, more than the caches of many machines; for data that size, where it lies in memory can shift the result by several points in ways the interval does not cover, and differently in the next process; run the comparison in several processes with the multiproc package

== street multi n=4096 valuesFor: ordered vs btree-sets
A: 77.22 ns per operation (median)
B: 179.2 ns per operation (median)
A needs 57.1% less time than B: B takes 2.33 times as long as A.
With 95% confidence the difference lies between 56.2% and 57.7% less time (B takes between 2.28 and 2.36 times as long as A).
Noise floor: 1.98%. Identical code measured against itself on this setup can look that different, so smaller differences mean nothing.
Neighbouring measurements are nearly independent (autocorrelation +0.02), so they were resampled one by one.

Verdict: RESOLVED. A is faster than B: the difference is real, as its interval excludes zero and it exceeds the noise floor.

Warnings:
  - the program holds 71 MB of live data, more than the caches of many machines; for data that size, where it lies in memory can shift the result by several points in ways the interval does not cover, and differently in the next process; run the comparison in several processes with the multiproc package
  - in 50% of A/A runs this setup reported a difference between identical code, well above the 10% expected; treat any confidence from it with suspicion

== street multi n=4096 valuesFor: ordered vs map-sets
A: 75.82 ns per operation (median)
B: 79.5 ns per operation (median)
A needs 4.44% less time than B: B takes 1.05 times as long as A.
With 95% confidence the difference lies between 3.54% and 5.04% less time (B takes between 1.04 and 1.05 times as long as A).
Noise floor: 0.591%. Identical code measured against itself on this setup can look that different, so smaller differences mean nothing.
Neighbouring measurements are nearly independent (autocorrelation +0.07), so they were resampled one by one.

Verdict: RESOLVED. A is faster than B: the difference is real, as its interval excludes zero and it exceeds the noise floor.

Warnings:
  - the program holds 71 MB of live data, more than the caches of many machines; for data that size, where it lies in memory can shift the result by several points in ways the interval does not cover, and differently in the next process; run the comparison in several processes with the multiproc package
  - candidate B drifted during the run: its measurements were 2.1% lower in the second half than in the first, so the machine did not hold still

== street multi n=4096 valuesBetween: ordered vs hashed
A: 3382 ns per operation (median)
B: 7.189e+04 ns per operation (median)
A needs 95.3% less time than B: B takes 21.35 times as long as A.
With 95% confidence the difference lies between 95.2% and 95.4% less time (B takes between 20.8 and 21.69 times as long as A).
Noise floor: 1.18%. Identical code measured against itself on this setup can look that different, so smaller differences mean nothing.
Neighbouring measurements are correlated (autocorrelation +0.24), so they were resampled in blocks of 3.

Verdict: RESOLVED. A is faster than B: the difference is real, as its interval excludes zero and it exceeds the noise floor.

Warnings:
  - the program holds 71 MB of live data, more than the caches of many machines; for data that size, where it lies in memory can shift the result by several points in ways the interval does not cover, and differently in the next process; run the comparison in several processes with the multiproc package

== street multi n=4096 valuesBetween: ordered vs btree-sets
A: 3327 ns per operation (median)
B: 5446 ns per operation (median)
A needs 39.5% less time than B: B takes 1.65 times as long as A.
With 95% confidence the difference lies between 38.4% and 40.3% less time (B takes between 1.62 and 1.67 times as long as A).
Noise floor: 1.29%. Identical code measured against itself on this setup can look that different, so smaller differences mean nothing.
Neighbouring measurements are nearly independent (autocorrelation -0.02), so they were resampled one by one.

Verdict: RESOLVED. A is faster than B: the difference is real, as its interval excludes zero and it exceeds the noise floor.

Warnings:
  - the program holds 71 MB of live data, more than the caches of many machines; for data that size, where it lies in memory can shift the result by several points in ways the interval does not cover, and differently in the next process; run the comparison in several processes with the multiproc package
  - 5.8% of bootstrap replicates tied, so the measurement is coarse relative to the question; lower CollectOptions.MaxQuantizationError to lengthen the batches

== street multi n=4096 valuesBetween: ordered vs map-sets
A: 3376 ns per operation (median)
B: 7.001e+04 ns per operation (median)
A needs 95.1% less time than B: B takes 20.50 times as long as A.
With 95% confidence the difference lies between 95.1% and 95.2% less time (B takes between 20.4 and 21.01 times as long as A).
Noise floor: 1.64%. Identical code measured against itself on this setup can look that different, so smaller differences mean nothing.
Neighbouring measurements are nearly independent (autocorrelation +0.11), so they were resampled one by one.

Verdict: RESOLVED. A is faster than B: the difference is real, as its interval excludes zero and it exceeds the noise floor.

Warnings:
  - the program holds 71 MB of live data, more than the caches of many machines; for data that size, where it lies in memory can shift the result by several points in ways the interval does not cover, and differently in the next process; run the comparison in several processes with the multiproc package
  - in 50% of A/A runs this setup reported a difference between identical code, well above the 10% expected; treat any confidence from it with suspicion

== street multi n=4096 prefix: ordered vs hashed
A: 339.3 ns per operation (median)
B: 7.012e+04 ns per operation (median)
A needs 99.5% less time than B: B takes 203.38 times as long as A.
With 95% confidence the difference lies between 99.5% and 99.5% less time (B takes between 195 and 213.24 times as long as A).
Noise floor: 2.09%. Identical code measured against itself on this setup can look that different, so smaller differences mean nothing.
Neighbouring measurements are nearly independent (autocorrelation +0.05), so they were resampled one by one.

Verdict: RESOLVED. A is faster than B: the difference is real, as its interval excludes zero and it exceeds the noise floor.

Warnings:
  - the program holds 71 MB of live data, more than the caches of many machines; for data that size, where it lies in memory can shift the result by several points in ways the interval does not cover, and differently in the next process; run the comparison in several processes with the multiproc package

== street multi n=4096 prefix: ordered vs btree-sets
A: 326.6 ns per operation (median)
B: 679.1 ns per operation (median)
A needs 52.2% less time than B: B takes 2.09 times as long as A.
With 95% confidence the difference lies between 50.3% and 53.2% less time (B takes between 2.01 and 2.14 times as long as A).
Noise floor: 2.12%. Identical code measured against itself on this setup can look that different, so smaller differences mean nothing.
Neighbouring measurements are nearly independent (autocorrelation +0.09), so they were resampled one by one.

Verdict: RESOLVED. A is faster than B: the difference is real, as its interval excludes zero and it exceeds the noise floor.

Warnings:
  - the program holds 71 MB of live data, more than the caches of many machines; for data that size, where it lies in memory can shift the result by several points in ways the interval does not cover, and differently in the next process; run the comparison in several processes with the multiproc package

== street multi n=4096 prefix: ordered vs map-sets
A: 341.4 ns per operation (median)
B: 6.415e+04 ns per operation (median)
A needs 99.5% less time than B: B takes 190.87 times as long as A.
With 95% confidence the difference lies between 99.4% and 99.5% less time (B takes between 179 and 195.86 times as long as A).
Noise floor: 3.47%. Identical code measured against itself on this setup can look that different, so smaller differences mean nothing.
Neighbouring measurements are nearly independent (autocorrelation +0.05), so they were resampled one by one.

Verdict: RESOLVED. A is faster than B: the difference is real, as its interval excludes zero and it exceeds the noise floor.

Warnings:
  - the program holds 71 MB of live data, more than the caches of many machines; for data that size, where it lies in memory can shift the result by several points in ways the interval does not cover, and differently in the next process; run the comparison in several processes with the multiproc package

== street multi n=4096 churn and build: ordered vs hashed
steady state, per insertion or deletion in a structure of 10449 elements (cycle of 27218 operations, first pass untimed):
  A: 136.2 ns per operation (median)
  B: 70.61 ns per operation (median)
  A needs 92.9% more time than B: B takes only 0.52 times as long as A.
  With 95% confidence the difference lies between 88.9% and 94.4% more time (B takes between 0.514 and 0.53 times as long as A).
  Noise floor: 0.41%. Identical code measured against itself on this setup can look that different, so smaller differences mean nothing.
  Neighbouring measurements are correlated (autocorrelation +0.40), so they were resampled in blocks of 3.
  
  Verdict: RESOLVED. A is slower than B: the difference is real, as its interval excludes zero and it exceeds the noise floor.
  
  Warnings:
    - the program holds 73 MB of live data, more than the caches of many machines; for data that size, where it lies in memory can shift the result by several points in ways the interval does not cover, and differently in the next process; run the comparison in several processes with the multiproc package

build from empty to 10449 elements, per whole build (37733 operations):
  A: 5.593e+06 ns per operation (median)
  B: 3.545e+06 ns per operation (median)
  A needs 57.6% more time than B: B takes only 0.63 times as long as A.
  With 95% confidence the difference lies between 55.7% and 59% more time (B takes between 0.629 and 0.64 times as long as A).
  Noise floor: 1.4%. Identical code measured against itself on this setup can look that different, so smaller differences mean nothing.
  Neighbouring measurements are correlated (autocorrelation +0.21), so they were resampled in blocks of 3.
  
  Verdict: RESOLVED. A is slower than B: the difference is real, as its interval excludes zero and it exceeds the noise floor.
  
  Warnings:
    - the program holds 71 MB of live data, more than the caches of many machines; for data that size, where it lies in memory can shift the result by several points in ways the interval does not cover, and differently in the next process; run the comparison in several processes with the multiproc package

== street multi n=4096 churn and build: ordered vs btree-sets
steady state, per insertion or deletion in a structure of 10449 elements (cycle of 27218 operations, first pass untimed):
  A: 136.7 ns per operation (median)
  B: 247.8 ns per operation (median)
  A needs 44.9% less time than B: B takes 1.81 times as long as A.
  With 95% confidence the difference lies between 44.2% and 45.3% less time (B takes between 1.79 and 1.83 times as long as A).
  Noise floor: 0.726%. Identical code measured against itself on this setup can look that different, so smaller differences mean nothing.
  Neighbouring measurements are nearly independent (autocorrelation +0.15), so they were resampled one by one.
  
  Verdict: RESOLVED. A is faster than B: the difference is real, as its interval excludes zero and it exceeds the noise floor.
  
  Warnings:
    - the program holds 74 MB of live data, more than the caches of many machines; for data that size, where it lies in memory can shift the result by several points in ways the interval does not cover, and differently in the next process; run the comparison in several processes with the multiproc package

build from empty to 10449 elements, per whole build (37733 operations):
  A: 5.546e+06 ns per operation (median)
  B: 1.061e+07 ns per operation (median)
  A needs 47.8% less time than B: B takes 1.92 times as long as A.
  With 95% confidence the difference lies between 47% and 48.9% less time (B takes between 1.89 and 1.96 times as long as A).
  Noise floor: 0.979%. Identical code measured against itself on this setup can look that different, so smaller differences mean nothing.
  Neighbouring measurements are correlated (autocorrelation +0.31), so they were resampled in blocks of 3.
  
  Verdict: RESOLVED. A is faster than B: the difference is real, as its interval excludes zero and it exceeds the noise floor.
  
  Warnings:
    - the program holds 71 MB of live data, more than the caches of many machines; for data that size, where it lies in memory can shift the result by several points in ways the interval does not cover, and differently in the next process; run the comparison in several processes with the multiproc package

== street multi n=4096 churn and build: ordered vs map-sets
steady state, per insertion or deletion in a structure of 10449 elements (cycle of 27218 operations, first pass untimed):
  A: 136.2 ns per operation (median)
  B: 83.55 ns per operation (median)
  A needs 62.7% more time than B: B takes only 0.61 times as long as A.
  With 95% confidence the difference lies between 60.4% and 64.4% more time (B takes between 0.608 and 0.62 times as long as A).
  Noise floor: 0.557%. Identical code measured against itself on this setup can look that different, so smaller differences mean nothing.
  Neighbouring measurements are correlated (autocorrelation +0.43), so they were resampled in blocks of 3.
  
  Verdict: RESOLVED. A is slower than B: the difference is real, as its interval excludes zero and it exceeds the noise floor.
  
  Warnings:
    - the program holds 74 MB of live data, more than the caches of many machines; for data that size, where it lies in memory can shift the result by several points in ways the interval does not cover, and differently in the next process; run the comparison in several processes with the multiproc package
    - candidate B drifted during the run: its measurements were 2.21% lower in the second half than in the first, so the machine did not hold still
    - the ratio B/A was 2.06% lower in the second half of the run than in the first, so the candidates had not reached a steady state and the difference depends on how long the run was; a common cause is a head start for whichever candidate ran alone last before the comparison or had its data built last, which a longer CollectOptions.WarmupDuration removes

build from empty to 10449 elements, per whole build (37733 operations):
  A: 5.64e+06 ns per operation (median)
  B: 4.366e+06 ns per operation (median)
  A needs 29.8% more time than B: B takes only 0.77 times as long as A.
  With 95% confidence the difference lies between 27.8% and 31.2% more time (B takes between 0.762 and 0.78 times as long as A).
  Noise floor: 1.19%. Identical code measured against itself on this setup can look that different, so smaller differences mean nothing.
  Neighbouring measurements are nearly independent (autocorrelation +0.09), so they were resampled one by one.
  
  Verdict: RESOLVED. A is slower than B: the difference is real, as its interval excludes zero and it exceeds the noise floor.
  
  Warnings:
    - the program holds 71 MB of live data, more than the caches of many machines; for data that size, where it lies in memory can shift the result by several points in ways the interval does not cover, and differently in the next process; run the comparison in several processes with the multiproc package

checksum 5963242938584846934
== street multi n=4096 valuesFor: ordered vs hashed
A: 76.39 ns per operation (median)
B: 34.55 ns per operation (median)
A needs 120% more time than B: B takes only 0.46 times as long as A.
With 95% confidence the difference lies between 116% and 124% more time (B takes between 0.446 and 0.46 times as long as A).
Noise floor: 0.894%. Identical code measured against itself on this setup can look that different, so smaller differences mean nothing.
Neighbouring measurements are nearly independent (autocorrelation -0.00), so they were resampled one by one.

Verdict: RESOLVED. A is slower than B: the difference is real, as its interval excludes zero and it exceeds the noise floor.

Warnings:
  - the program holds 46 MB of live data, more than the caches of many machines; for data that size, where it lies in memory can shift the result by several points in ways the interval does not cover, and differently in the next process; run the comparison in several processes with the multiproc package

== street multi n=4096 valuesFor: ordered vs btree-sets
A: 79.55 ns per operation (median)
B: 186.4 ns per operation (median)
A needs 57.7% less time than B: B takes 2.36 times as long as A.
With 95% confidence the difference lies between 56.7% and 58% less time (B takes between 2.31 and 2.38 times as long as A).
Noise floor: 0.66%. Identical code measured against itself on this setup can look that different, so smaller differences mean nothing.
Neighbouring measurements are nearly independent (autocorrelation +0.02), so they were resampled one by one.

Verdict: RESOLVED. A is faster than B: the difference is real, as its interval excludes zero and it exceeds the noise floor.

Warnings:
  - the program holds 70 MB of live data, more than the caches of many machines; for data that size, where it lies in memory can shift the result by several points in ways the interval does not cover, and differently in the next process; run the comparison in several processes with the multiproc package

== street multi n=4096 valuesFor: ordered vs map-sets
A: 77.9 ns per operation (median)
B: 81.11 ns per operation (median)
A needs 4.14% less time than B: B takes 1.04 times as long as A.
With 95% confidence the difference lies between 3.36% and 4.86% less time (B takes between 1.03 and 1.05 times as long as A).
Noise floor: 1.37%. Identical code measured against itself on this setup can look that different, so smaller differences mean nothing.
Neighbouring measurements are nearly independent (autocorrelation +0.10), so they were resampled one by one.

Verdict: RESOLVED. A is faster than B: the difference is real, as its interval excludes zero and it exceeds the noise floor.

Warnings:
  - the program holds 70 MB of live data, more than the caches of many machines; for data that size, where it lies in memory can shift the result by several points in ways the interval does not cover, and differently in the next process; run the comparison in several processes with the multiproc package

== street multi n=4096 valuesBetween: ordered vs hashed
A: 3458 ns per operation (median)
B: 7.345e+04 ns per operation (median)
A needs 95.3% less time than B: B takes 21.43 times as long as A.
With 95% confidence the difference lies between 95% and 95.4% less time (B takes between 20.1 and 21.80 times as long as A).
Noise floor: 2.77%. Identical code measured against itself on this setup can look that different, so smaller differences mean nothing.
Neighbouring measurements are nearly independent (autocorrelation +0.15), so they were resampled one by one.

Verdict: RESOLVED. A is faster than B: the difference is real, as its interval excludes zero and it exceeds the noise floor.

Warnings:
  - the program holds 70 MB of live data, more than the caches of many machines; for data that size, where it lies in memory can shift the result by several points in ways the interval does not cover, and differently in the next process; run the comparison in several processes with the multiproc package

== street multi n=4096 valuesBetween: ordered vs btree-sets
A: 3372 ns per operation (median)
B: 5577 ns per operation (median)
A needs 40% less time than B: B takes 1.67 times as long as A.
With 95% confidence the difference lies between 39.1% and 40.7% less time (B takes between 1.64 and 1.69 times as long as A).
Noise floor: 2.79%. Identical code measured against itself on this setup can look that different, so smaller differences mean nothing.
Neighbouring measurements are nearly independent (autocorrelation +0.12), so they were resampled one by one.

Verdict: RESOLVED. A is faster than B: the difference is real, as its interval excludes zero and it exceeds the noise floor.

Warnings:
  - the program holds 70 MB of live data, more than the caches of many machines; for data that size, where it lies in memory can shift the result by several points in ways the interval does not cover, and differently in the next process; run the comparison in several processes with the multiproc package
  - in 50% of A/A runs this setup reported a difference between identical code, well above the 10% expected; treat any confidence from it with suspicion

== street multi n=4096 valuesBetween: ordered vs map-sets
A: 3457 ns per operation (median)
B: 7.105e+04 ns per operation (median)
A needs 95.1% less time than B: B takes 20.50 times as long as A.
With 95% confidence the difference lies between 95% and 95.2% less time (B takes between 20 and 20.95 times as long as A).
Noise floor: 3.77%. Identical code measured against itself on this setup can look that different, so smaller differences mean nothing.
Neighbouring measurements are nearly independent (autocorrelation +0.08), so they were resampled one by one.

Verdict: RESOLVED. A is faster than B: the difference is real, as its interval excludes zero and it exceeds the noise floor.

Warnings:
  - the program holds 70 MB of live data, more than the caches of many machines; for data that size, where it lies in memory can shift the result by several points in ways the interval does not cover, and differently in the next process; run the comparison in several processes with the multiproc package
  - in 50% of A/A runs this setup reported a difference between identical code, well above the 10% expected; treat any confidence from it with suspicion

== street multi n=4096 prefix: ordered vs hashed
A: 354.8 ns per operation (median)
B: 7.103e+04 ns per operation (median)
A needs 99.5% less time than B: B takes 201.53 times as long as A.
With 95% confidence the difference lies between 99.5% and 99.5% less time (B takes between 195 and 210.84 times as long as A).
Noise floor: 0.643%. Identical code measured against itself on this setup can look that different, so smaller differences mean nothing.
Neighbouring measurements are correlated (autocorrelation +0.41), so they were resampled in blocks of 3.

Verdict: RESOLVED. A is faster than B: the difference is real, as its interval excludes zero and it exceeds the noise floor.

Warnings:
  - the program holds 70 MB of live data, more than the caches of many machines; for data that size, where it lies in memory can shift the result by several points in ways the interval does not cover, and differently in the next process; run the comparison in several processes with the multiproc package

== street multi n=4096 prefix: ordered vs btree-sets
A: 322.2 ns per operation (median)
B: 662.1 ns per operation (median)
A needs 50.6% less time than B: B takes 2.03 times as long as A.
With 95% confidence the difference lies between 50% and 51.4% less time (B takes between 2 and 2.06 times as long as A).
Noise floor: 0.367%. Identical code measured against itself on this setup can look that different, so smaller differences mean nothing.
Neighbouring measurements are nearly independent (autocorrelation -0.21), so they were resampled one by one.

Verdict: RESOLVED. A is faster than B: the difference is real, as its interval excludes zero and it exceeds the noise floor.

Warnings:
  - the program holds 70 MB of live data, more than the caches of many machines; for data that size, where it lies in memory can shift the result by several points in ways the interval does not cover, and differently in the next process; run the comparison in several processes with the multiproc package

== street multi n=4096 prefix: ordered vs map-sets
A: 347.9 ns per operation (median)
B: 6.452e+04 ns per operation (median)
A needs 99.5% less time than B: B takes 185.01 times as long as A.
With 95% confidence the difference lies between 99.4% and 99.5% less time (B takes between 180 and 194.72 times as long as A).
Noise floor: 4.57%. Identical code measured against itself on this setup can look that different, so smaller differences mean nothing.
Neighbouring measurements are nearly independent (autocorrelation +0.08), so they were resampled one by one.

Verdict: RESOLVED. A is faster than B: the difference is real, as its interval excludes zero and it exceeds the noise floor.

Warnings:
  - the program holds 70 MB of live data, more than the caches of many machines; for data that size, where it lies in memory can shift the result by several points in ways the interval does not cover, and differently in the next process; run the comparison in several processes with the multiproc package

== street multi n=4096 churn and build: ordered vs hashed
steady state, per insertion or deletion in a structure of 10449 elements (cycle of 27218 operations, first pass untimed):
  A: 137.2 ns per operation (median)
  B: 71.96 ns per operation (median)
  A needs 90.5% more time than B: B takes only 0.52 times as long as A.
  With 95% confidence the difference lies between 86.4% and 93.4% more time (B takes between 0.517 and 0.54 times as long as A).
  Noise floor: 2.03%. Identical code measured against itself on this setup can look that different, so smaller differences mean nothing.
  Neighbouring measurements are correlated (autocorrelation +0.32), so they were resampled in blocks of 3.
  
  Verdict: RESOLVED. A is slower than B: the difference is real, as its interval excludes zero and it exceeds the noise floor.
  
  Warnings:
    - the program holds 73 MB of live data, more than the caches of many machines; for data that size, where it lies in memory can shift the result by several points in ways the interval does not cover, and differently in the next process; run the comparison in several processes with the multiproc package
    - in 50% of A/A runs this setup reported a difference between identical code, well above the 10% expected; treat any confidence from it with suspicion

build from empty to 10449 elements, per whole build (37733 operations):
  A: 5.562e+06 ns per operation (median)
  B: 3.48e+06 ns per operation (median)
  A needs 60.6% more time than B: B takes only 0.62 times as long as A.
  With 95% confidence the difference lies between 59% and 62.3% more time (B takes between 0.616 and 0.63 times as long as A).
  Noise floor: 0.924%. Identical code measured against itself on this setup can look that different, so smaller differences mean nothing.
  Neighbouring measurements are correlated (autocorrelation +0.23), so they were resampled in blocks of 3.
  
  Verdict: RESOLVED. A is slower than B: the difference is real, as its interval excludes zero and it exceeds the noise floor.
  
  Warnings:
    - the program holds 71 MB of live data, more than the caches of many machines; for data that size, where it lies in memory can shift the result by several points in ways the interval does not cover, and differently in the next process; run the comparison in several processes with the multiproc package
    - candidate A drifted during the run: its measurements were 2.24% lower in the second half than in the first, so the machine did not hold still
    - in 50% of A/A runs this setup reported a difference between identical code, well above the 10% expected; treat any confidence from it with suspicion

== street multi n=4096 churn and build: ordered vs btree-sets
steady state, per insertion or deletion in a structure of 10449 elements (cycle of 27218 operations, first pass untimed):
  A: 150.8 ns per operation (median)
  B: 281.6 ns per operation (median)
  A needs 47.1% less time than B: B takes 1.89 times as long as A.
  With 95% confidence the difference lies between 45.3% and 47.5% less time (B takes between 1.83 and 1.90 times as long as A).
  Noise floor: 1.86%. Identical code measured against itself on this setup can look that different, so smaller differences mean nothing.
  Neighbouring measurements are correlated (autocorrelation +0.45), so they were resampled in blocks of 3.
  
  Verdict: RESOLVED. A is faster than B: the difference is real, as its interval excludes zero and it exceeds the noise floor.
  
  Warnings:
    - the program holds 74 MB of live data, more than the caches of many machines; for data that size, where it lies in memory can shift the result by several points in ways the interval does not cover, and differently in the next process; run the comparison in several processes with the multiproc package

build from empty to 10449 elements, per whole build (37733 operations):
  A: 5.585e+06 ns per operation (median)
  B: 1.036e+07 ns per operation (median)
  A needs 46.3% less time than B: B takes 1.86 times as long as A.
  With 95% confidence the difference lies between 45.9% and 46.6% less time (B takes between 1.85 and 1.87 times as long as A).
  Noise floor: 0.974%. Identical code measured against itself on this setup can look that different, so smaller differences mean nothing.
  Neighbouring measurements are nearly independent (autocorrelation +0.04), so they were resampled one by one.
  
  Verdict: RESOLVED. A is faster than B: the difference is real, as its interval excludes zero and it exceeds the noise floor.
  
  Warnings:
    - the program holds 73 MB of live data, more than the caches of many machines; for data that size, where it lies in memory can shift the result by several points in ways the interval does not cover, and differently in the next process; run the comparison in several processes with the multiproc package

== street multi n=4096 churn and build: ordered vs map-sets
steady state, per insertion or deletion in a structure of 10449 elements (cycle of 27218 operations, first pass untimed):
  A: 137.9 ns per operation (median)
  B: 89.07 ns per operation (median)
  A needs 54.2% more time than B: B takes only 0.65 times as long as A.
  With 95% confidence the difference lies between 50% and 58.1% more time (B takes between 0.633 and 0.67 times as long as A).
  Noise floor: 2.02%. Identical code measured against itself on this setup can look that different, so smaller differences mean nothing.
  Neighbouring measurements are correlated (autocorrelation +0.40), so they were resampled in blocks of 3.
  
  Verdict: RESOLVED. A is slower than B: the difference is real, as its interval excludes zero and it exceeds the noise floor.
  
  Warnings:
    - the program holds 74 MB of live data, more than the caches of many machines; for data that size, where it lies in memory can shift the result by several points in ways the interval does not cover, and differently in the next process; run the comparison in several processes with the multiproc package

build from empty to 10449 elements, per whole build (37733 operations):
  A: 5.528e+06 ns per operation (median)
  B: 4.295e+06 ns per operation (median)
  A needs 30.8% more time than B: B takes only 0.76 times as long as A.
  With 95% confidence the difference lies between 28.5% and 32% more time (B takes between 0.758 and 0.78 times as long as A).
  Noise floor: 0.805%. Identical code measured against itself on this setup can look that different, so smaller differences mean nothing.
  Neighbouring measurements are nearly independent (autocorrelation -0.10), so they were resampled one by one.
  
  Verdict: RESOLVED. A is slower than B: the difference is real, as its interval excludes zero and it exceeds the noise floor.
  
  Warnings:
    - the program holds 71 MB of live data, more than the caches of many machines; for data that size, where it lies in memory can shift the result by several points in ways the interval does not cover, and differently in the next process; run the comparison in several processes with the multiproc package
    - candidate A drifted during the run: its measurements were 2.21% higher in the second half than in the first, so the machine did not hold still
    - in 50% of A/A runs this setup reported a difference between identical code, well above the 10% expected; treat any confidence from it with suspicion

checksum 12522023977218833780
