== url single-value n=65536 valuesFor: ordered vs btree-map
A: 196.7 ns per operation (median)
B: 272 ns per operation (median)
A needs 28% less time than B: B takes 1.39 times as long as A.
With 95% confidence the difference lies between 22.1% and 30.2% less time (B takes between 1.28 and 1.43 times as long as A).
Noise floor: 2.96%. Identical code measured against itself on this setup can look that different, so smaller differences mean nothing.
Neighbouring measurements are nearly independent (autocorrelation -0.71), so they were resampled one by one.

Verdict: RESOLVED. A is faster than B: the difference is real, as its interval excludes zero and it exceeds the noise floor.

Warnings:
  - the program holds 183 MB of live data, more than the caches of many machines; for data that size, where it lies in memory can shift the result by several points in ways the interval does not cover, and differently in the next process; run the comparison in several processes with the multiproc package

== url single-value n=65536 valuesFor: ordered vs baseline
A: 191.1 ns per operation (median)
B: 209.3 ns per operation (median)
A needs 9.59% less time than B: B takes 1.11 times as long as A.
With 95% confidence the difference lies between 3.25% and 10.3% less time (B takes between 1.03 and 1.11 times as long as A).
Noise floor: 2.54%. Identical code measured against itself on this setup can look that different, so smaller differences mean nothing.
Neighbouring measurements are correlated (autocorrelation +0.66), so they were resampled in blocks of 3.

Verdict: RESOLVED. A is faster than B: the difference is real, as its interval excludes zero and it exceeds the noise floor.

Warnings:
  - the program holds 183 MB of live data, more than the caches of many machines; for data that size, where it lies in memory can shift the result by several points in ways the interval does not cover, and differently in the next process; run the comparison in several processes with the multiproc package

== url single-value n=65536 valuesFor: ordered vs ordered-mk1
A: 189.9 ns per operation (median)
B: 201 ns per operation (median)
A needs 3.75% less time than B: B takes 1.04 times as long as A.
With 95% confidence the difference lies between 0.38% and 9.3% less time (B takes between 1 and 1.10 times as long as A).
Noise floor: 5.09%. Identical code measured against itself on this setup can look that different, so smaller differences mean nothing.
Neighbouring measurements are nearly independent (autocorrelation -0.38), so they were resampled one by one.

Verdict: NOT RESOLVED. This run did not establish which candidate is faster. That is not the same as "equally fast": the warnings below say what is missing.

Warnings:
  - the difference of 3.75% does not clear the 5.09% noise floor, which is what this setup reports between two runs of identical code
  - the program holds 183 MB of live data, more than the caches of many machines; for data that size, where it lies in memory can shift the result by several points in ways the interval does not cover, and differently in the next process; run the comparison in several processes with the multiproc package

== url single-value n=65536 valuesFor: ordered vs ordered-mk2
A: 187.9 ns per operation (median)
B: 210 ns per operation (median)
A needs 8.81% less time than B: B takes 1.10 times as long as A.
With 95% confidence the difference lies between 3.04% and 13.2% less time (B takes between 1.03 and 1.15 times as long as A).
Noise floor: 3.51%. Identical code measured against itself on this setup can look that different, so smaller differences mean nothing.
Neighbouring measurements are nearly independent (autocorrelation -0.60), so they were resampled one by one.

Verdict: RESOLVED. A is faster than B: the difference is real, as its interval excludes zero and it exceeds the noise floor.

Warnings:
  - the program holds 183 MB of live data, more than the caches of many machines; for data that size, where it lies in memory can shift the result by several points in ways the interval does not cover, and differently in the next process; run the comparison in several processes with the multiproc package

== url single-value n=65536 valuesFor: ordered vs ordered-mk4
A: 183.1 ns per operation (median)
B: 193 ns per operation (median)
A needs 4.75% less time than B: B takes 1.05 times as long as A.
With 95% confidence the difference lies between 0.615% and 6.79% less time (B takes between 1.01 and 1.07 times as long as A).
Noise floor: 2.99%. Identical code measured against itself on this setup can look that different, so smaller differences mean nothing.
Neighbouring measurements are nearly independent (autocorrelation -0.24), so they were resampled one by one.

Verdict: RESOLVED. A is faster than B: the difference is real, as its interval excludes zero and it exceeds the noise floor.

Warnings:
  - the program holds 183 MB of live data, more than the caches of many machines; for data that size, where it lies in memory can shift the result by several points in ways the interval does not cover, and differently in the next process; run the comparison in several processes with the multiproc package

== url single-value n=65536 valuesBetween: ordered vs btree-map
A: 1998 ns per operation (median)
B: 1021 ns per operation (median)
A needs 95% more time than B: B takes only 0.51 times as long as A.
With 95% confidence the difference lies between 86.7% and 132% more time (B takes between 0.432 and 0.54 times as long as A).
Noise floor: 18.4%. Identical code measured against itself on this setup can look that different, so smaller differences mean nothing.
Neighbouring measurements are nearly independent (autocorrelation -0.80), so they were resampled one by one.

Verdict: RESOLVED. A is slower than B: the difference is real, as its interval excludes zero and it exceeds the noise floor.

Warnings:
  - the program holds 183 MB of live data, more than the caches of many machines; for data that size, where it lies in memory can shift the result by several points in ways the interval does not cover, and differently in the next process; run the comparison in several processes with the multiproc package

== url single-value n=65536 valuesBetween: ordered vs baseline
A: 2147 ns per operation (median)
B: 3642 ns per operation (median)
A needs 43.2% less time than B: B takes 1.76 times as long as A.
With 95% confidence the difference lies between 38% and 44% less time (B takes between 1.61 and 1.79 times as long as A).
Noise floor: 3%. Identical code measured against itself on this setup can look that different, so smaller differences mean nothing.
Neighbouring measurements are nearly independent (autocorrelation +0.20), so they were resampled one by one.

Verdict: RESOLVED. A is faster than B: the difference is real, as its interval excludes zero and it exceeds the noise floor.

Warnings:
  - the program holds 183 MB of live data, more than the caches of many machines; for data that size, where it lies in memory can shift the result by several points in ways the interval does not cover, and differently in the next process; run the comparison in several processes with the multiproc package
  - candidate A drifted during the run: its measurements were 4.25% lower in the second half than in the first, so the machine did not hold still
  - candidate B drifted during the run: its measurements were 4.57% lower in the second half than in the first, so the machine did not hold still

== url single-value n=65536 valuesBetween: ordered vs ordered-mk1
A: 2317 ns per operation (median)
B: 5327 ns per operation (median)
A needs 56.3% less time than B: B takes 2.29 times as long as A.
With 95% confidence the difference lies between 54.8% and 58.4% less time (B takes between 2.21 and 2.40 times as long as A).
Noise floor: 2.32%. Identical code measured against itself on this setup can look that different, so smaller differences mean nothing.
Neighbouring measurements are nearly independent (autocorrelation -0.08), so they were resampled one by one.

Verdict: RESOLVED. A is faster than B: the difference is real, as its interval excludes zero and it exceeds the noise floor.

Warnings:
  - the program holds 183 MB of live data, more than the caches of many machines; for data that size, where it lies in memory can shift the result by several points in ways the interval does not cover, and differently in the next process; run the comparison in several processes with the multiproc package

== url single-value n=65536 valuesBetween: ordered vs ordered-mk2
A: 2133 ns per operation (median)
B: 3840 ns per operation (median)
A needs 45.6% less time than B: B takes 1.84 times as long as A.
With 95% confidence the difference lies between 41.7% and 46.3% less time (B takes between 1.72 and 1.86 times as long as A).
Noise floor: 1.34%. Identical code measured against itself on this setup can look that different, so smaller differences mean nothing.
Neighbouring measurements are correlated (autocorrelation +0.37), so they were resampled in blocks of 3.

Verdict: RESOLVED. A is faster than B: the difference is real, as its interval excludes zero and it exceeds the noise floor.

Warnings:
  - the program holds 183 MB of live data, more than the caches of many machines; for data that size, where it lies in memory can shift the result by several points in ways the interval does not cover, and differently in the next process; run the comparison in several processes with the multiproc package
  - candidate B drifted during the run: its measurements were 2.32% lower in the second half than in the first, so the machine did not hold still

== url single-value n=65536 valuesBetween: ordered vs ordered-mk4
A: 2121 ns per operation (median)
B: 2934 ns per operation (median)
A needs 28.9% less time than B: B takes 1.41 times as long as A.
With 95% confidence the difference lies between 24.9% and 31.3% less time (B takes between 1.33 and 1.46 times as long as A).
Noise floor: 3.68%. Identical code measured against itself on this setup can look that different, so smaller differences mean nothing.
Neighbouring measurements are nearly independent (autocorrelation -0.17), so they were resampled one by one.

Verdict: RESOLVED. A is faster than B: the difference is real, as its interval excludes zero and it exceeds the noise floor.

Warnings:
  - the program holds 183 MB of live data, more than the caches of many machines; for data that size, where it lies in memory can shift the result by several points in ways the interval does not cover, and differently in the next process; run the comparison in several processes with the multiproc package
  - candidate A drifted during the run: its measurements were 5.33% higher in the second half than in the first, so the machine did not hold still
  - candidate B drifted during the run: its measurements were 5.72% higher in the second half than in the first, so the machine did not hold still

== url single-value n=65536 churn and build: ordered vs btree-map
steady state, per insertion or deletion in a structure of 65536 elements (cycle of 171410 operations, first pass untimed):
  A: 438.5 ns per operation (median)
  B: 448.3 ns per operation (median)
  A needs 3.7% less time than B: B takes 1.04 times as long as A.
  With 95% confidence the difference lies between 0.572% and 5.55% less time (B takes between 1.01 and 1.06 times as long as A).
  Noise floor: 1.6%. Identical code measured against itself on this setup can look that different, so smaller differences mean nothing.
  Neighbouring measurements are correlated (autocorrelation +0.37), so they were resampled in blocks of 3.
  
  Verdict: RESOLVED. A is faster than B: the difference is real, as its interval excludes zero and it exceeds the noise floor.
  
  Warnings:
    - the program holds 198 MB of live data, more than the caches of many machines; for data that size, where it lies in memory can shift the result by several points in ways the interval does not cover, and differently in the next process; run the comparison in several processes with the multiproc package
    - candidate A drifted during the run: its measurements were 10.4% lower in the second half than in the first, so the machine did not hold still
    - candidate B drifted during the run: its measurements were 7.47% lower in the second half than in the first, so the machine did not hold still
    - the ratio B/A was 4.96% higher in the second half of the run than in the first, so the candidates had not reached a steady state and the difference depends on how long the run was; a common cause is a head start for whichever candidate ran alone last before the comparison or had its data built last, which a longer CollectOptions.WarmupDuration removes

build from empty to 65536 elements, per whole build (235116 operations):
  A: 9.289e+07 ns per operation (median)
  B: 8.076e+07 ns per operation (median)
  A needs 14.9% more time than B: B takes only 0.87 times as long as A.
  With 95% confidence the difference lies between 14.5% and 15.2% more time (B takes between 0.868 and 0.87 times as long as A).
  Noise floor: 0.638%. Identical code measured against itself on this setup can look that different, so smaller differences mean nothing.
  Neighbouring measurements are correlated (autocorrelation +0.26), so they were resampled in blocks of 3.
  
  Verdict: RESOLVED. A is slower than B: the difference is real, as its interval excludes zero and it exceeds the noise floor.
  
  Warnings:
    - the program holds 181 MB of live data, more than the caches of many machines; for data that size, where it lies in memory can shift the result by several points in ways the interval does not cover, and differently in the next process; run the comparison in several processes with the multiproc package

== url single-value n=65536 churn and build: ordered vs baseline
steady state, per insertion or deletion in a structure of 65536 elements (cycle of 171410 operations, first pass untimed):
  A: 393.7 ns per operation (median)
  B: 411.4 ns per operation (median)
  A needs 3.92% less time than B: B takes 1.04 times as long as A.
  With 95% confidence the difference lies between 0.584% more time and 6.98% less time (B takes between 0.994 and 1.08 times as long as A).
  Noise floor: 2.16%. Identical code measured against itself on this setup can look that different, so smaller differences mean nothing.
  Neighbouring measurements are nearly independent (autocorrelation +0.16), so they were resampled one by one.
  
  Verdict: NOT RESOLVED. This run did not establish which candidate is faster. That is not the same as "equally fast": the warnings below say what is missing.
  
  Warnings:
    - the interval [-0.58%, 6.98%] includes zero, so a difference in either direction is consistent with these measurements
    - the program holds 202 MB of live data, more than the caches of many machines; for data that size, where it lies in memory can shift the result by several points in ways the interval does not cover, and differently in the next process; run the comparison in several processes with the multiproc package
    - candidate A drifted during the run: its measurements were 8.95% higher in the second half than in the first, so the machine did not hold still
    - candidate B drifted during the run: its measurements were 5.71% higher in the second half than in the first, so the machine did not hold still

build from empty to 65536 elements, per whole build (235116 operations):
  A: 9.274e+07 ns per operation (median)
  B: 8.029e+07 ns per operation (median)
  A needs 15.2% more time than B: B takes only 0.87 times as long as A.
  With 95% confidence the difference lies between 15% and 15.5% more time (B takes between 0.865 and 0.87 times as long as A).
  Noise floor: 0.4%. Identical code measured against itself on this setup can look that different, so smaller differences mean nothing.
  Neighbouring measurements are nearly independent (autocorrelation +0.19), so they were resampled one by one.
  
  Verdict: RESOLVED. A is slower than B: the difference is real, as its interval excludes zero and it exceeds the noise floor.
  
  Warnings:
    - the program holds 181 MB of live data, more than the caches of many machines; for data that size, where it lies in memory can shift the result by several points in ways the interval does not cover, and differently in the next process; run the comparison in several processes with the multiproc package
    - in 50% of A/A runs this setup reported a difference between identical code, well above the 10% expected; treat any confidence from it with suspicion

== url single-value n=65536 churn and build: ordered vs ordered-mk1
steady state, per insertion or deletion in a structure of 65536 elements (cycle of 171410 operations, first pass untimed):
  A: 383.4 ns per operation (median)
  B: 405.9 ns per operation (median)
  A needs 4.58% less time than B: B takes 1.05 times as long as A.
  With 95% confidence the difference lies between 0.899% and 5.94% less time (B takes between 1.01 and 1.06 times as long as A).
  Noise floor: 3.3%. Identical code measured against itself on this setup can look that different, so smaller differences mean nothing.
  Neighbouring measurements are correlated (autocorrelation +0.30), so they were resampled in blocks of 3.
  
  Verdict: RESOLVED. A is faster than B: the difference is real, as its interval excludes zero and it exceeds the noise floor.
  
  Warnings:
    - the program holds 198 MB of live data, more than the caches of many machines; for data that size, where it lies in memory can shift the result by several points in ways the interval does not cover, and differently in the next process; run the comparison in several processes with the multiproc package
    - candidate A drifted during the run: its measurements were 11% higher in the second half than in the first, so the machine did not hold still
    - candidate B drifted during the run: its measurements were 9.98% higher in the second half than in the first, so the machine did not hold still

build from empty to 65536 elements, per whole build (235116 operations):
  A: 9.29e+07 ns per operation (median)
  B: 8.223e+07 ns per operation (median)
  A needs 13.1% more time than B: B takes only 0.88 times as long as A.
  With 95% confidence the difference lies between 12.4% and 13.4% more time (B takes between 0.882 and 0.89 times as long as A).
  Noise floor: 0.108%. Identical code measured against itself on this setup can look that different, so smaller differences mean nothing.
  Neighbouring measurements are correlated (autocorrelation +0.20), so they were resampled in blocks of 3.
  
  Verdict: RESOLVED. A is slower than B: the difference is real, as its interval excludes zero and it exceeds the noise floor.
  
  Warnings:
    - the program holds 181 MB of live data, more than the caches of many machines; for data that size, where it lies in memory can shift the result by several points in ways the interval does not cover, and differently in the next process; run the comparison in several processes with the multiproc package
    - candidate B drifted during the run: its measurements were 0.556% lower in the second half than in the first, so the machine did not hold still

== url single-value n=65536 churn and build: ordered vs ordered-mk2
steady state, per insertion or deletion in a structure of 65536 elements (cycle of 171410 operations, first pass untimed):
  A: 421.8 ns per operation (median)
  B: 501.1 ns per operation (median)
  A needs 20.9% less time than B: B takes 1.26 times as long as A.
  With 95% confidence the difference lies between 12.2% and 24.3% less time (B takes between 1.14 and 1.32 times as long as A).
  Noise floor: 1.55%. Identical code measured against itself on this setup can look that different, so smaller differences mean nothing.
  Neighbouring measurements are nearly independent (autocorrelation +0.07), so they were resampled one by one.
  
  Verdict: RESOLVED. A is faster than B: the difference is real, as its interval excludes zero and it exceeds the noise floor.
  
  Warnings:
    - the program holds 198 MB of live data, more than the caches of many machines; for data that size, where it lies in memory can shift the result by several points in ways the interval does not cover, and differently in the next process; run the comparison in several processes with the multiproc package

build from empty to 65536 elements, per whole build (235116 operations):
  A: 9.297e+07 ns per operation (median)
  B: 1.087e+08 ns per operation (median)
  A needs 14.6% less time than B: B takes 1.17 times as long as A.
  With 95% confidence the difference lies between 14.4% and 14.8% less time (B takes between 1.17 and 1.17 times as long as A).
  Noise floor: 0.253%. Identical code measured against itself on this setup can look that different, so smaller differences mean nothing.
  Neighbouring measurements are nearly independent (autocorrelation +0.12), so they were resampled one by one.
  
  Verdict: RESOLVED. A is faster than B: the difference is real, as its interval excludes zero and it exceeds the noise floor.
  
  Warnings:
    - the program holds 181 MB of live data, more than the caches of many machines; for data that size, where it lies in memory can shift the result by several points in ways the interval does not cover, and differently in the next process; run the comparison in several processes with the multiproc package
    - in 50% of A/A runs this setup reported a difference between identical code, well above the 10% expected; treat any confidence from it with suspicion

== url single-value n=65536 churn and build: ordered vs ordered-mk4
steady state, per insertion or deletion in a structure of 65536 elements (cycle of 171410 operations, first pass untimed):
  A: 394 ns per operation (median)
  B: 459.4 ns per operation (median)
  A needs 14.8% less time than B: B takes 1.17 times as long as A.
  With 95% confidence the difference lies between 10.6% and 17.4% less time (B takes between 1.12 and 1.21 times as long as A).
  Noise floor: 1.78%. Identical code measured against itself on this setup can look that different, so smaller differences mean nothing.
  Neighbouring measurements are nearly independent (autocorrelation +0.03), so they were resampled one by one.
  
  Verdict: RESOLVED. A is faster than B: the difference is real, as its interval excludes zero and it exceeds the noise floor.
  
  Warnings:
    - the program holds 198 MB of live data, more than the caches of many machines; for data that size, where it lies in memory can shift the result by several points in ways the interval does not cover, and differently in the next process; run the comparison in several processes with the multiproc package
    - candidate A drifted during the run: its measurements were 11.7% lower in the second half than in the first, so the machine did not hold still

build from empty to 65536 elements, per whole build (235116 operations):
  A: 9.304e+07 ns per operation (median)
  B: 1.049e+08 ns per operation (median)
  A needs 10.9% less time than B: B takes 1.12 times as long as A.
  With 95% confidence the difference lies between 10.8% and 11.5% less time (B takes between 1.12 and 1.13 times as long as A).
  Noise floor: 0.22%. Identical code measured against itself on this setup can look that different, so smaller differences mean nothing.
  Neighbouring measurements are correlated (autocorrelation +0.20), so they were resampled in blocks of 3.
  
  Verdict: RESOLVED. A is faster than B: the difference is real, as its interval excludes zero and it exceeds the noise floor.
  
  Warnings:
    - the program holds 181 MB of live data, more than the caches of many machines; for data that size, where it lies in memory can shift the result by several points in ways the interval does not cover, and differently in the next process; run the comparison in several processes with the multiproc package

checksum 6645778496937918572
== url single-value n=65536 valuesFor: ordered vs btree-map
A: 196.8 ns per operation (median)
B: 261.6 ns per operation (median)
A needs 24.6% less time than B: B takes 1.33 times as long as A.
With 95% confidence the difference lies between 21% and 29.2% less time (B takes between 1.27 and 1.41 times as long as A).
Noise floor: 4.65%. Identical code measured against itself on this setup can look that different, so smaller differences mean nothing.
Neighbouring measurements are nearly independent (autocorrelation -0.51), so they were resampled one by one.

Verdict: RESOLVED. A is faster than B: the difference is real, as its interval excludes zero and it exceeds the noise floor.

Warnings:
  - the program holds 200 MB of live data, more than the caches of many machines; for data that size, where it lies in memory can shift the result by several points in ways the interval does not cover, and differently in the next process; run the comparison in several processes with the multiproc package

== url single-value n=65536 valuesFor: ordered vs baseline
A: 194.9 ns per operation (median)
B: 213 ns per operation (median)
A needs 10.2% less time than B: B takes 1.11 times as long as A.
With 95% confidence the difference lies between 3.43% and 13.5% less time (B takes between 1.04 and 1.16 times as long as A).
Noise floor: 4.52%. Identical code measured against itself on this setup can look that different, so smaller differences mean nothing.
Neighbouring measurements are correlated (autocorrelation +0.77), so they were resampled in blocks of 3.

Verdict: RESOLVED. A is faster than B: the difference is real, as its interval excludes zero and it exceeds the noise floor.

Warnings:
  - the program holds 200 MB of live data, more than the caches of many machines; for data that size, where it lies in memory can shift the result by several points in ways the interval does not cover, and differently in the next process; run the comparison in several processes with the multiproc package

== url single-value n=65536 valuesFor: ordered vs ordered-mk1
A: 180.8 ns per operation (median)
B: 194.3 ns per operation (median)
A needs 7.82% less time than B: B takes 1.08 times as long as A.
With 95% confidence the difference lies between 2.2% more time and 9.9% less time (B takes between 0.978 and 1.11 times as long as A).
Noise floor: 6.55%. Identical code measured against itself on this setup can look that different, so smaller differences mean nothing.
Neighbouring measurements are nearly independent (autocorrelation -0.68), so they were resampled one by one.

Verdict: NOT RESOLVED. This run did not establish which candidate is faster. That is not the same as "equally fast": the warnings below say what is missing.

Warnings:
  - the interval [-2.20%, 9.90%] includes zero, so a difference in either direction is consistent with these measurements
  - the program holds 200 MB of live data, more than the caches of many machines; for data that size, where it lies in memory can shift the result by several points in ways the interval does not cover, and differently in the next process; run the comparison in several processes with the multiproc package

== url single-value n=65536 valuesFor: ordered vs ordered-mk2
A: 189.1 ns per operation (median)
B: 204.6 ns per operation (median)
A needs 8.31% less time than B: B takes 1.09 times as long as A.
With 95% confidence the difference lies between 1.44% and 13.2% less time (B takes between 1.01 and 1.15 times as long as A).
Noise floor: 4.43%. Identical code measured against itself on this setup can look that different, so smaller differences mean nothing.
Neighbouring measurements are nearly independent (autocorrelation -0.73), so they were resampled one by one.

Verdict: RESOLVED. A is faster than B: the difference is real, as its interval excludes zero and it exceeds the noise floor.

Warnings:
  - the program holds 200 MB of live data, more than the caches of many machines; for data that size, where it lies in memory can shift the result by several points in ways the interval does not cover, and differently in the next process; run the comparison in several processes with the multiproc package

== url single-value n=65536 valuesFor: ordered vs ordered-mk4
A: 190.2 ns per operation (median)
B: 200.2 ns per operation (median)
A needs 6.02% less time than B: B takes 1.06 times as long as A.
With 95% confidence the difference lies between 1.05% and 10.2% less time (B takes between 1.01 and 1.11 times as long as A).
Noise floor: 3.44%. Identical code measured against itself on this setup can look that different, so smaller differences mean nothing.
Neighbouring measurements are nearly independent (autocorrelation -0.56), so they were resampled one by one.

Verdict: RESOLVED. A is faster than B: the difference is real, as its interval excludes zero and it exceeds the noise floor.

Warnings:
  - the program holds 200 MB of live data, more than the caches of many machines; for data that size, where it lies in memory can shift the result by several points in ways the interval does not cover, and differently in the next process; run the comparison in several processes with the multiproc package

== url single-value n=65536 valuesBetween: ordered vs btree-map
A: 1973 ns per operation (median)
B: 975.2 ns per operation (median)
A needs 101% more time than B: B takes only 0.50 times as long as A.
With 95% confidence the difference lies between 95.5% and 140% more time (B takes between 0.417 and 0.51 times as long as A).
Noise floor: 16.7%. Identical code measured against itself on this setup can look that different, so smaller differences mean nothing.
Neighbouring measurements are nearly independent (autocorrelation -0.83), so they were resampled one by one.

Verdict: RESOLVED. A is slower than B: the difference is real, as its interval excludes zero and it exceeds the noise floor.

Warnings:
  - the program holds 200 MB of live data, more than the caches of many machines; for data that size, where it lies in memory can shift the result by several points in ways the interval does not cover, and differently in the next process; run the comparison in several processes with the multiproc package

== url single-value n=65536 valuesBetween: ordered vs baseline
A: 2092 ns per operation (median)
B: 3651 ns per operation (median)
A needs 41.3% less time than B: B takes 1.70 times as long as A.
With 95% confidence the difference lies between 39.9% and 44.7% less time (B takes between 1.66 and 1.81 times as long as A).
Noise floor: 2.15%. Identical code measured against itself on this setup can look that different, so smaller differences mean nothing.
Neighbouring measurements are correlated (autocorrelation +0.33), so they were resampled in blocks of 3.

Verdict: RESOLVED. A is faster than B: the difference is real, as its interval excludes zero and it exceeds the noise floor.

Warnings:
  - the program holds 200 MB of live data, more than the caches of many machines; for data that size, where it lies in memory can shift the result by several points in ways the interval does not cover, and differently in the next process; run the comparison in several processes with the multiproc package
  - 5.9% of bootstrap replicates tied, so the measurement is coarse relative to the question; lower CollectOptions.MaxQuantizationError to lengthen the batches

== url single-value n=65536 valuesBetween: ordered vs ordered-mk1
A: 2043 ns per operation (median)
B: 4763 ns per operation (median)
A needs 57.4% less time than B: B takes 2.35 times as long as A.
With 95% confidence the difference lies between 54.1% and 58.5% less time (B takes between 2.18 and 2.41 times as long as A).
Noise floor: 3.11%. Identical code measured against itself on this setup can look that different, so smaller differences mean nothing.
Neighbouring measurements are nearly independent (autocorrelation -0.79), so they were resampled one by one.

Verdict: RESOLVED. A is faster than B: the difference is real, as its interval excludes zero and it exceeds the noise floor.

Warnings:
  - the program holds 200 MB of live data, more than the caches of many machines; for data that size, where it lies in memory can shift the result by several points in ways the interval does not cover, and differently in the next process; run the comparison in several processes with the multiproc package

== url single-value n=65536 valuesBetween: ordered vs ordered-mk2
A: 2042 ns per operation (median)
B: 3747 ns per operation (median)
A needs 46.3% less time than B: B takes 1.86 times as long as A.
With 95% confidence the difference lies between 42.2% and 46.8% less time (B takes between 1.73 and 1.88 times as long as A).
Noise floor: 3.22%. Identical code measured against itself on this setup can look that different, so smaller differences mean nothing.
Neighbouring measurements are nearly independent (autocorrelation -0.74), so they were resampled one by one.

Verdict: RESOLVED. A is faster than B: the difference is real, as its interval excludes zero and it exceeds the noise floor.

Warnings:
  - the program holds 200 MB of live data, more than the caches of many machines; for data that size, where it lies in memory can shift the result by several points in ways the interval does not cover, and differently in the next process; run the comparison in several processes with the multiproc package

== url single-value n=65536 valuesBetween: ordered vs ordered-mk4
A: 2033 ns per operation (median)
B: 2898 ns per operation (median)
A needs 30.1% less time than B: B takes 1.43 times as long as A.
With 95% confidence the difference lies between 25.9% and 32.1% less time (B takes between 1.35 and 1.47 times as long as A).
Noise floor: 2.88%. Identical code measured against itself on this setup can look that different, so smaller differences mean nothing.
Neighbouring measurements are nearly independent (autocorrelation -0.77), so they were resampled one by one.

Verdict: RESOLVED. A is faster than B: the difference is real, as its interval excludes zero and it exceeds the noise floor.

Warnings:
  - the program holds 200 MB of live data, more than the caches of many machines; for data that size, where it lies in memory can shift the result by several points in ways the interval does not cover, and differently in the next process; run the comparison in several processes with the multiproc package

== url single-value n=65536 churn and build: ordered vs btree-map
steady state, per insertion or deletion in a structure of 65536 elements (cycle of 171410 operations, first pass untimed):
  A: 462.8 ns per operation (median)
  B: 458.1 ns per operation (median)
  A needs 1.86% more time than B: B takes only 0.98 times as long as A.
  With 95% confidence the difference lies between 2.15% more time and 0.623% less time (B takes between 0.979 and 1.01 times as long as A).
  Noise floor: 1.15%. Identical code measured against itself on this setup can look that different, so smaller differences mean nothing.
  Neighbouring measurements are correlated (autocorrelation +0.45), so they were resampled in blocks of 3.
  
  Verdict: NOT RESOLVED. This run did not establish which candidate is faster. That is not the same as "equally fast": the warnings below say what is missing.
  
  Warnings:
    - the interval [-2.15%, 0.62%] includes zero, so a difference in either direction is consistent with these measurements
    - the program holds 198 MB of live data, more than the caches of many machines; for data that size, where it lies in memory can shift the result by several points in ways the interval does not cover, and differently in the next process; run the comparison in several processes with the multiproc package
    - candidate A drifted during the run: its measurements were 2.46% lower in the second half than in the first, so the machine did not hold still

build from empty to 65536 elements, per whole build (235116 operations):
  A: 9.225e+07 ns per operation (median)
  B: 8.195e+07 ns per operation (median)
  A needs 11.5% more time than B: B takes only 0.90 times as long as A.
  With 95% confidence the difference lies between 10.5% and 12.3% more time (B takes between 0.89 and 0.90 times as long as A).
  Noise floor: 0.158%. Identical code measured against itself on this setup can look that different, so smaller differences mean nothing.
  Neighbouring measurements are nearly independent (autocorrelation +0.18), so they were resampled one by one.
  
  Verdict: RESOLVED. A is slower than B: the difference is real, as its interval excludes zero and it exceeds the noise floor.
  
  Warnings:
    - the program holds 181 MB of live data, more than the caches of many machines; for data that size, where it lies in memory can shift the result by several points in ways the interval does not cover, and differently in the next process; run the comparison in several processes with the multiproc package
    - in 50% of A/A runs this setup reported a difference between identical code, well above the 10% expected; treat any confidence from it with suspicion

== url single-value n=65536 churn and build: ordered vs baseline
steady state, per insertion or deletion in a structure of 65536 elements (cycle of 171410 operations, first pass untimed):
  A: 396.3 ns per operation (median)
  B: 414.6 ns per operation (median)
  A needs 3.79% less time than B: B takes 1.04 times as long as A.
  With 95% confidence the difference lies between 0.0094% and 5.58% less time (B takes between 1 and 1.06 times as long as A).
  Noise floor: 1.37%. Identical code measured against itself on this setup can look that different, so smaller differences mean nothing.
  Neighbouring measurements are nearly independent (autocorrelation +0.10), so they were resampled one by one.
  
  Verdict: RESOLVED. A is faster than B: the difference is real, as its interval excludes zero and it exceeds the noise floor.
  
  Warnings:
    - the program holds 201 MB of live data, more than the caches of many machines; for data that size, where it lies in memory can shift the result by several points in ways the interval does not cover, and differently in the next process; run the comparison in several processes with the multiproc package
    - candidate B drifted during the run: its measurements were 9.29% higher in the second half than in the first, so the machine did not hold still

build from empty to 65536 elements, per whole build (235116 operations):
  A: 9.233e+07 ns per operation (median)
  B: 7.893e+07 ns per operation (median)
  A needs 16.9% more time than B: B takes only 0.86 times as long as A.
  With 95% confidence the difference lies between 16.5% and 17.1% more time (B takes between 0.854 and 0.86 times as long as A).
  Noise floor: 0.162%. Identical code measured against itself on this setup can look that different, so smaller differences mean nothing.
  Neighbouring measurements are nearly independent (autocorrelation -0.03), so they were resampled one by one.
  
  Verdict: RESOLVED. A is slower than B: the difference is real, as its interval excludes zero and it exceeds the noise floor.
  
  Warnings:
    - the program holds 181 MB of live data, more than the caches of many machines; for data that size, where it lies in memory can shift the result by several points in ways the interval does not cover, and differently in the next process; run the comparison in several processes with the multiproc package

== url single-value n=65536 churn and build: ordered vs ordered-mk1
steady state, per insertion or deletion in a structure of 65536 elements (cycle of 171410 operations, first pass untimed):
  A: 386.9 ns per operation (median)
  B: 400 ns per operation (median)
  A needs 4.18% less time than B: B takes 1.04 times as long as A.
  With 95% confidence the difference lies between 0.611% more time and 7.03% less time (B takes between 0.994 and 1.08 times as long as A).
  Noise floor: 0.787%. Identical code measured against itself on this setup can look that different, so smaller differences mean nothing.
  Neighbouring measurements are nearly independent (autocorrelation +0.10), so they were resampled one by one.
  
  Verdict: NOT RESOLVED. This run did not establish which candidate is faster. That is not the same as "equally fast": the warnings below say what is missing.
  
  Warnings:
    - the interval [-0.61%, 7.03%] includes zero, so a difference in either direction is consistent with these measurements
    - the program holds 198 MB of live data, more than the caches of many machines; for data that size, where it lies in memory can shift the result by several points in ways the interval does not cover, and differently in the next process; run the comparison in several processes with the multiproc package
    - candidate A drifted during the run: its measurements were 9.02% higher in the second half than in the first, so the machine did not hold still
    - candidate B drifted during the run: its measurements were 6.91% higher in the second half than in the first, so the machine did not hold still

build from empty to 65536 elements, per whole build (235116 operations):
  A: 9.236e+07 ns per operation (median)
  B: 8.165e+07 ns per operation (median)
  A needs 13% more time than B: B takes only 0.89 times as long as A.
  With 95% confidence the difference lies between 12.8% and 13.7% more time (B takes between 0.879 and 0.89 times as long as A).
  Noise floor: 0.116%. Identical code measured against itself on this setup can look that different, so smaller differences mean nothing.
  Neighbouring measurements are nearly independent (autocorrelation +0.12), so they were resampled one by one.
  
  Verdict: RESOLVED. A is slower than B: the difference is real, as its interval excludes zero and it exceeds the noise floor.
  
  Warnings:
    - the program holds 181 MB of live data, more than the caches of many machines; for data that size, where it lies in memory can shift the result by several points in ways the interval does not cover, and differently in the next process; run the comparison in several processes with the multiproc package

== url single-value n=65536 churn and build: ordered vs ordered-mk2
steady state, per insertion or deletion in a structure of 65536 elements (cycle of 171410 operations, first pass untimed):
  A: 393 ns per operation (median)
  B: 489.5 ns per operation (median)
  A needs 19.8% less time than B: B takes 1.25 times as long as A.
  With 95% confidence the difference lies between 18.2% and 24.5% less time (B takes between 1.22 and 1.32 times as long as A).
  Noise floor: 2.19%. Identical code measured against itself on this setup can look that different, so smaller differences mean nothing.
  Neighbouring measurements are nearly independent (autocorrelation +0.19), so they were resampled one by one.
  
  Verdict: RESOLVED. A is faster than B: the difference is real, as its interval excludes zero and it exceeds the noise floor.
  
  Warnings:
    - the program holds 198 MB of live data, more than the caches of many machines; for data that size, where it lies in memory can shift the result by several points in ways the interval does not cover, and differently in the next process; run the comparison in several processes with the multiproc package
    - candidate A drifted during the run: its measurements were 8.88% lower in the second half than in the first, so the machine did not hold still
    - candidate B drifted during the run: its measurements were 5.52% lower in the second half than in the first, so the machine did not hold still

build from empty to 65536 elements, per whole build (235116 operations):
  A: 9.213e+07 ns per operation (median)
  B: 1.079e+08 ns per operation (median)
  A needs 14.6% less time than B: B takes 1.17 times as long as A.
  With 95% confidence the difference lies between 13.8% and 14.9% less time (B takes between 1.16 and 1.18 times as long as A).
  Noise floor: 0.362%. Identical code measured against itself on this setup can look that different, so smaller differences mean nothing.
  Neighbouring measurements are nearly independent (autocorrelation +0.02), so they were resampled one by one.
  
  Verdict: RESOLVED. A is faster than B: the difference is real, as its interval excludes zero and it exceeds the noise floor.
  
  Warnings:
    - the program holds 181 MB of live data, more than the caches of many machines; for data that size, where it lies in memory can shift the result by several points in ways the interval does not cover, and differently in the next process; run the comparison in several processes with the multiproc package

== url single-value n=65536 churn and build: ordered vs ordered-mk4
steady state, per insertion or deletion in a structure of 65536 elements (cycle of 171410 operations, first pass untimed):
  A: 387.6 ns per operation (median)
  B: 460.9 ns per operation (median)
  A needs 15.6% less time than B: B takes 1.18 times as long as A.
  With 95% confidence the difference lies between 12.8% and 19.3% less time (B takes between 1.15 and 1.24 times as long as A).
  Noise floor: 3.26%. Identical code measured against itself on this setup can look that different, so smaller differences mean nothing.
  Neighbouring measurements are correlated (autocorrelation +0.24), so they were resampled in blocks of 3.
  
  Verdict: RESOLVED. A is faster than B: the difference is real, as its interval excludes zero and it exceeds the noise floor.
  
  Warnings:
    - the program holds 197 MB of live data, more than the caches of many machines; for data that size, where it lies in memory can shift the result by several points in ways the interval does not cover, and differently in the next process; run the comparison in several processes with the multiproc package

build from empty to 65536 elements, per whole build (235116 operations):
  A: 9.237e+07 ns per operation (median)
  B: 1.045e+08 ns per operation (median)
  A needs 11.7% less time than B: B takes 1.13 times as long as A.
  With 95% confidence the difference lies between 11.5% and 11.9% less time (B takes between 1.13 and 1.13 times as long as A).
  Noise floor: 0.122%. Identical code measured against itself on this setup can look that different, so smaller differences mean nothing.
  Neighbouring measurements are nearly independent (autocorrelation -0.04), so they were resampled one by one.
  
  Verdict: RESOLVED. A is faster than B: the difference is real, as its interval excludes zero and it exceeds the noise floor.
  
  Warnings:
    - the program holds 181 MB of live data, more than the caches of many machines; for data that size, where it lies in memory can shift the result by several points in ways the interval does not cover, and differently in the next process; run the comparison in several processes with the multiproc package

checksum 16966645290362595961
== url single-value n=65536 valuesFor: ordered vs btree-map
A: 193.9 ns per operation (median)
B: 270.4 ns per operation (median)
A needs 26% less time than B: B takes 1.35 times as long as A.
With 95% confidence the difference lies between 23.5% and 30.3% less time (B takes between 1.31 and 1.43 times as long as A).
Noise floor: 4.33%. Identical code measured against itself on this setup can look that different, so smaller differences mean nothing.
Neighbouring measurements are correlated (autocorrelation +0.75), so they were resampled in blocks of 3.

Verdict: RESOLVED. A is faster than B: the difference is real, as its interval excludes zero and it exceeds the noise floor.

Warnings:
  - the program holds 155 MB of live data, more than the caches of many machines; for data that size, where it lies in memory can shift the result by several points in ways the interval does not cover, and differently in the next process; run the comparison in several processes with the multiproc package

== url single-value n=65536 valuesFor: ordered vs baseline
A: 189.9 ns per operation (median)
B: 214.8 ns per operation (median)
A needs 12.4% less time than B: B takes 1.14 times as long as A.
With 95% confidence the difference lies between 5.35% and 14.8% less time (B takes between 1.06 and 1.17 times as long as A).
Noise floor: 3.88%. Identical code measured against itself on this setup can look that different, so smaller differences mean nothing.
Neighbouring measurements are nearly independent (autocorrelation -0.44), so they were resampled one by one.

Verdict: RESOLVED. A is faster than B: the difference is real, as its interval excludes zero and it exceeds the noise floor.

Warnings:
  - the program holds 155 MB of live data, more than the caches of many machines; for data that size, where it lies in memory can shift the result by several points in ways the interval does not cover, and differently in the next process; run the comparison in several processes with the multiproc package

== url single-value n=65536 valuesFor: ordered vs ordered-mk1
A: 183.9 ns per operation (median)
B: 193.1 ns per operation (median)
A needs 4.12% less time than B: B takes 1.04 times as long as A.
With 95% confidence the difference lies between 2.36% more time and 7.64% less time (B takes between 0.977 and 1.08 times as long as A).
Noise floor: 6.02%. Identical code measured against itself on this setup can look that different, so smaller differences mean nothing.
Neighbouring measurements are nearly independent (autocorrelation -0.47), so they were resampled one by one.

Verdict: NOT RESOLVED. This run did not establish which candidate is faster. That is not the same as "equally fast": the warnings below say what is missing.

Warnings:
  - the difference of 4.12% does not clear the 6.02% noise floor, which is what this setup reports between two runs of identical code
  - the interval [-2.36%, 7.64%] includes zero, so a difference in either direction is consistent with these measurements
  - the program holds 155 MB of live data, more than the caches of many machines; for data that size, where it lies in memory can shift the result by several points in ways the interval does not cover, and differently in the next process; run the comparison in several processes with the multiproc package

== url single-value n=65536 valuesFor: ordered vs ordered-mk2
A: 186.4 ns per operation (median)
B: 208.5 ns per operation (median)
A needs 11.8% less time than B: B takes 1.13 times as long as A.
With 95% confidence the difference lies between 3.61% and 13.9% less time (B takes between 1.04 and 1.16 times as long as A).
Noise floor: 6.74%. Identical code measured against itself on this setup can look that different, so smaller differences mean nothing.
Neighbouring measurements are nearly independent (autocorrelation -0.52), so they were resampled one by one.

Verdict: RESOLVED. A is faster than B: the difference is real, as its interval excludes zero and it exceeds the noise floor.

Warnings:
  - the program holds 155 MB of live data, more than the caches of many machines; for data that size, where it lies in memory can shift the result by several points in ways the interval does not cover, and differently in the next process; run the comparison in several processes with the multiproc package

== url single-value n=65536 valuesFor: ordered vs ordered-mk4
A: 182.7 ns per operation (median)
B: 199.6 ns per operation (median)
A needs 8.46% less time than B: B takes 1.09 times as long as A.
With 95% confidence the difference lies between 2.68% and 11% less time (B takes between 1.03 and 1.12 times as long as A).
Noise floor: 3.18%. Identical code measured against itself on this setup can look that different, so smaller differences mean nothing.
Neighbouring measurements are nearly independent (autocorrelation +0.14), so they were resampled one by one.

Verdict: RESOLVED. A is faster than B: the difference is real, as its interval excludes zero and it exceeds the noise floor.

Warnings:
  - the program holds 178 MB of live data, more than the caches of many machines; for data that size, where it lies in memory can shift the result by several points in ways the interval does not cover, and differently in the next process; run the comparison in several processes with the multiproc package

== url single-value n=65536 valuesBetween: ordered vs btree-map
A: 1978 ns per operation (median)
B: 995.2 ns per operation (median)
A needs 97.8% more time than B: B takes only 0.51 times as long as A.
With 95% confidence the difference lies between 90.2% and 139% more time (B takes between 0.418 and 0.53 times as long as A).
Noise floor: 12.3%. Identical code measured against itself on this setup can look that different, so smaller differences mean nothing.
Neighbouring measurements are nearly independent (autocorrelation -0.22), so they were resampled one by one.

Verdict: RESOLVED. A is slower than B: the difference is real, as its interval excludes zero and it exceeds the noise floor.

Warnings:
  - the program holds 178 MB of live data, more than the caches of many machines; for data that size, where it lies in memory can shift the result by several points in ways the interval does not cover, and differently in the next process; run the comparison in several processes with the multiproc package

== url single-value n=65536 valuesBetween: ordered vs baseline
A: 2095 ns per operation (median)
B: 3587 ns per operation (median)
A needs 40.4% less time than B: B takes 1.68 times as long as A.
With 95% confidence the difference lies between 38.3% and 44% less time (B takes between 1.62 and 1.79 times as long as A).
Noise floor: 3.11%. Identical code measured against itself on this setup can look that different, so smaller differences mean nothing.
Neighbouring measurements are nearly independent (autocorrelation -0.63), so they were resampled one by one.

Verdict: RESOLVED. A is faster than B: the difference is real, as its interval excludes zero and it exceeds the noise floor.

Warnings:
  - the program holds 178 MB of live data, more than the caches of many machines; for data that size, where it lies in memory can shift the result by several points in ways the interval does not cover, and differently in the next process; run the comparison in several processes with the multiproc package

== url single-value n=65536 valuesBetween: ordered vs ordered-mk1
A: 2067 ns per operation (median)
B: 4771 ns per operation (median)
A needs 57.4% less time than B: B takes 2.35 times as long as A.
With 95% confidence the difference lies between 54.2% and 58% less time (B takes between 2.18 and 2.38 times as long as A).
Noise floor: 2.92%. Identical code measured against itself on this setup can look that different, so smaller differences mean nothing.
Neighbouring measurements are nearly independent (autocorrelation -0.83), so they were resampled one by one.

Verdict: RESOLVED. A is faster than B: the difference is real, as its interval excludes zero and it exceeds the noise floor.

Warnings:
  - the program holds 178 MB of live data, more than the caches of many machines; for data that size, where it lies in memory can shift the result by several points in ways the interval does not cover, and differently in the next process; run the comparison in several processes with the multiproc package

== url single-value n=65536 valuesBetween: ordered vs ordered-mk2
A: 2066 ns per operation (median)
B: 3770 ns per operation (median)
A needs 43.5% less time than B: B takes 1.77 times as long as A.
With 95% confidence the difference lies between 42.2% and 46.8% less time (B takes between 1.73 and 1.88 times as long as A).
Noise floor: 2.68%. Identical code measured against itself on this setup can look that different, so smaller differences mean nothing.
Neighbouring measurements are nearly independent (autocorrelation -0.76), so they were resampled one by one.

Verdict: RESOLVED. A is faster than B: the difference is real, as its interval excludes zero and it exceeds the noise floor.

Warnings:
  - the program holds 178 MB of live data, more than the caches of many machines; for data that size, where it lies in memory can shift the result by several points in ways the interval does not cover, and differently in the next process; run the comparison in several processes with the multiproc package

== url single-value n=65536 valuesBetween: ordered vs ordered-mk4
A: 2031 ns per operation (median)
B: 2865 ns per operation (median)
A needs 28.9% less time than B: B takes 1.41 times as long as A.
With 95% confidence the difference lies between 26.9% and 32% less time (B takes between 1.37 and 1.47 times as long as A).
Noise floor: 3.3%. Identical code measured against itself on this setup can look that different, so smaller differences mean nothing.
Neighbouring measurements are nearly independent (autocorrelation -0.72), so they were resampled one by one.

Verdict: RESOLVED. A is faster than B: the difference is real, as its interval excludes zero and it exceeds the noise floor.

Warnings:
  - the program holds 178 MB of live data, more than the caches of many machines; for data that size, where it lies in memory can shift the result by several points in ways the interval does not cover, and differently in the next process; run the comparison in several processes with the multiproc package

== url single-value n=65536 churn and build: ordered vs btree-map
steady state, per insertion or deletion in a structure of 65536 elements (cycle of 171410 operations, first pass untimed):
  A: 486.4 ns per operation (median)
  B: 489.4 ns per operation (median)
  A needs 2.72% less time than B: B takes 1.03 times as long as A.
  With 95% confidence the difference lies between 1.22% and 5.96% less time (B takes between 1.01 and 1.06 times as long as A).
  Noise floor: 0.364%. Identical code measured against itself on this setup can look that different, so smaller differences mean nothing.
  Neighbouring measurements are correlated (autocorrelation +0.56), so they were resampled in blocks of 3.
  
  Verdict: RESOLVED. A is faster than B: the difference is real, as its interval excludes zero and it exceeds the noise floor.
  
  Warnings:
    - the program holds 195 MB of live data, more than the caches of many machines; for data that size, where it lies in memory can shift the result by several points in ways the interval does not cover, and differently in the next process; run the comparison in several processes with the multiproc package
    - candidate B drifted during the run: its measurements were 5.03% higher in the second half than in the first, so the machine did not hold still
    - the ratio B/A was 2.68% higher in the second half of the run than in the first, so the candidates had not reached a steady state and the difference depends on how long the run was; a common cause is a head start for whichever candidate ran alone last before the comparison or had its data built last, which a longer CollectOptions.WarmupDuration removes
    - 5.5% of bootstrap replicates tied, so the measurement is coarse relative to the question; lower CollectOptions.MaxQuantizationError to lengthen the batches
    - in 50% of A/A runs this setup reported a difference between identical code, well above the 10% expected; treat any confidence from it with suspicion

build from empty to 65536 elements, per whole build (235116 operations):
  A: 9.322e+07 ns per operation (median)
  B: 8.169e+07 ns per operation (median)
  A needs 14% more time than B: B takes only 0.88 times as long as A.
  With 95% confidence the difference lies between 13.8% and 14.4% more time (B takes between 0.874 and 0.88 times as long as A).
  Noise floor: 0.184%. Identical code measured against itself on this setup can look that different, so smaller differences mean nothing.
  Neighbouring measurements are correlated (autocorrelation +0.22), so they were resampled in blocks of 3.
  
  Verdict: RESOLVED. A is slower than B: the difference is real, as its interval excludes zero and it exceeds the noise floor.
  
  Warnings:
    - the program holds 181 MB of live data, more than the caches of many machines; for data that size, where it lies in memory can shift the result by several points in ways the interval does not cover, and differently in the next process; run the comparison in several processes with the multiproc package
    - the ratio B/A was 0.461% lower in the second half of the run than in the first, so the candidates had not reached a steady state and the difference depends on how long the run was; a common cause is a head start for whichever candidate ran alone last before the comparison or had its data built last, which a longer CollectOptions.WarmupDuration removes

== url single-value n=65536 churn and build: ordered vs baseline
steady state, per insertion or deletion in a structure of 65536 elements (cycle of 171410 operations, first pass untimed):
  A: 398.2 ns per operation (median)
  B: 410.7 ns per operation (median)
  A needs 3.28% less time than B: B takes 1.03 times as long as A.
  With 95% confidence the difference lies between 1.08% more time and 4.57% less time (B takes between 0.989 and 1.05 times as long as A).
  Noise floor: 2.65%. Identical code measured against itself on this setup can look that different, so smaller differences mean nothing.
  Neighbouring measurements are correlated (autocorrelation +0.21), so they were resampled in blocks of 3.
  
  Verdict: NOT RESOLVED. This run did not establish which candidate is faster. That is not the same as "equally fast": the warnings below say what is missing.
  
  Warnings:
    - the interval [-1.08%, 4.57%] includes zero, so a difference in either direction is consistent with these measurements
    - the program holds 202 MB of live data, more than the caches of many machines; for data that size, where it lies in memory can shift the result by several points in ways the interval does not cover, and differently in the next process; run the comparison in several processes with the multiproc package
    - candidate A drifted during the run: its measurements were 8.68% higher in the second half than in the first, so the machine did not hold still
    - candidate B drifted during the run: its measurements were 9.58% higher in the second half than in the first, so the machine did not hold still

build from empty to 65536 elements, per whole build (235116 operations):
  A: 9.314e+07 ns per operation (median)
  B: 7.94e+07 ns per operation (median)
  A needs 17.3% more time than B: B takes only 0.85 times as long as A.
  With 95% confidence the difference lies between 14.6% and 17.5% more time (B takes between 0.851 and 0.87 times as long as A).
  Noise floor: 0.407%. Identical code measured against itself on this setup can look that different, so smaller differences mean nothing.
  Neighbouring measurements are nearly independent (autocorrelation +0.07), so they were resampled one by one.
  
  Verdict: RESOLVED. A is slower than B: the difference is real, as its interval excludes zero and it exceeds the noise floor.
  
  Warnings:
    - the program holds 181 MB of live data, more than the caches of many machines; for data that size, where it lies in memory can shift the result by several points in ways the interval does not cover, and differently in the next process; run the comparison in several processes with the multiproc package

== url single-value n=65536 churn and build: ordered vs ordered-mk1
steady state, per insertion or deletion in a structure of 65536 elements (cycle of 171410 operations, first pass untimed):
  A: 389.3 ns per operation (median)
  B: 412.6 ns per operation (median)
  A needs 3.42% less time than B: B takes 1.04 times as long as A.
  With 95% confidence the difference lies between 0.492% and 6.18% less time (B takes between 1 and 1.07 times as long as A).
  Noise floor: 1.08%. Identical code measured against itself on this setup can look that different, so smaller differences mean nothing.
  Neighbouring measurements are nearly independent (autocorrelation +0.10), so they were resampled one by one.
  
  Verdict: RESOLVED. A is faster than B: the difference is real, as its interval excludes zero and it exceeds the noise floor.
  
  Warnings:
    - the program holds 198 MB of live data, more than the caches of many machines; for data that size, where it lies in memory can shift the result by several points in ways the interval does not cover, and differently in the next process; run the comparison in several processes with the multiproc package
    - candidate A drifted during the run: its measurements were 10.5% higher in the second half than in the first, so the machine did not hold still
    - candidate B drifted during the run: its measurements were 8.23% higher in the second half than in the first, so the machine did not hold still

build from empty to 65536 elements, per whole build (235116 operations):
  A: 9.339e+07 ns per operation (median)
  B: 8.256e+07 ns per operation (median)
  A needs 13% more time than B: B takes only 0.88 times as long as A.
  With 95% confidence the difference lies between 11.6% and 13.4% more time (B takes between 0.882 and 0.90 times as long as A).
  Noise floor: 0.185%. Identical code measured against itself on this setup can look that different, so smaller differences mean nothing.
  Neighbouring measurements are nearly independent (autocorrelation +0.15), so they were resampled one by one.
  
  Verdict: RESOLVED. A is slower than B: the difference is real, as its interval excludes zero and it exceeds the noise floor.
  
  Warnings:
    - the program holds 181 MB of live data, more than the caches of many machines; for data that size, where it lies in memory can shift the result by several points in ways the interval does not cover, and differently in the next process; run the comparison in several processes with the multiproc package
    - candidate B drifted during the run: its measurements were 7.83% lower in the second half than in the first, so the machine did not hold still
    - the ratio B/A was 6% lower in the second half of the run than in the first, so the candidates had not reached a steady state and the difference depends on how long the run was; a common cause is a head start for whichever candidate ran alone last before the comparison or had its data built last, which a longer CollectOptions.WarmupDuration removes

== url single-value n=65536 churn and build: ordered vs ordered-mk2
steady state, per insertion or deletion in a structure of 65536 elements (cycle of 171410 operations, first pass untimed):
  A: 430 ns per operation (median)
  B: 521 ns per operation (median)
  A needs 21.6% less time than B: B takes 1.27 times as long as A.
  With 95% confidence the difference lies between 11.8% and 24.5% less time (B takes between 1.13 and 1.32 times as long as A).
  Noise floor: 2.96%. Identical code measured against itself on this setup can look that different, so smaller differences mean nothing.
  Neighbouring measurements are nearly independent (autocorrelation +0.13), so they were resampled one by one.
  
  Verdict: RESOLVED. A is faster than B: the difference is real, as its interval excludes zero and it exceeds the noise floor.
  
  Warnings:
    - the program holds 198 MB of live data, more than the caches of many machines; for data that size, where it lies in memory can shift the result by several points in ways the interval does not cover, and differently in the next process; run the comparison in several processes with the multiproc package
    - candidate A drifted during the run: its measurements were 10.4% lower in the second half than in the first, so the machine did not hold still
    - candidate B drifted during the run: its measurements were 9.11% lower in the second half than in the first, so the machine did not hold still

build from empty to 65536 elements, per whole build (235116 operations):
  A: 9.337e+07 ns per operation (median)
  B: 1.085e+08 ns per operation (median)
  A needs 14% less time than B: B takes 1.16 times as long as A.
  With 95% confidence the difference lies between 13.9% and 14.9% less time (B takes between 1.16 and 1.18 times as long as A).
  Noise floor: 0.168%. Identical code measured against itself on this setup can look that different, so smaller differences mean nothing.
  Neighbouring measurements are correlated (autocorrelation +0.42), so they were resampled in blocks of 3.
  
  Verdict: RESOLVED. A is faster than B: the difference is real, as its interval excludes zero and it exceeds the noise floor.
  
  Warnings:
    - the program holds 181 MB of live data, more than the caches of many machines; for data that size, where it lies in memory can shift the result by several points in ways the interval does not cover, and differently in the next process; run the comparison in several processes with the multiproc package

== url single-value n=65536 churn and build: ordered vs ordered-mk4
steady state, per insertion or deletion in a structure of 65536 elements (cycle of 171410 operations, first pass untimed):
  A: 427.1 ns per operation (median)
  B: 488.1 ns per operation (median)
  A needs 14.9% less time than B: B takes 1.17 times as long as A.
  With 95% confidence the difference lies between 12.3% and 17.7% less time (B takes between 1.14 and 1.22 times as long as A).
  Noise floor: 1.58%. Identical code measured against itself on this setup can look that different, so smaller differences mean nothing.
  Neighbouring measurements are nearly independent (autocorrelation +0.17), so they were resampled one by one.
  
  Verdict: RESOLVED. A is faster than B: the difference is real, as its interval excludes zero and it exceeds the noise floor.
  
  Warnings:
    - the program holds 198 MB of live data, more than the caches of many machines; for data that size, where it lies in memory can shift the result by several points in ways the interval does not cover, and differently in the next process; run the comparison in several processes with the multiproc package

build from empty to 65536 elements, per whole build (235116 operations):
  A: 9.319e+07 ns per operation (median)
  B: 1.051e+08 ns per operation (median)
  A needs 11.4% less time than B: B takes 1.13 times as long as A.
  With 95% confidence the difference lies between 11.2% and 11.6% less time (B takes between 1.13 and 1.13 times as long as A).
  Noise floor: 0.261%. Identical code measured against itself on this setup can look that different, so smaller differences mean nothing.
  Neighbouring measurements are nearly independent (autocorrelation -0.02), so they were resampled one by one.
  
  Verdict: RESOLVED. A is faster than B: the difference is real, as its interval excludes zero and it exceeds the noise floor.
  
  Warnings:
    - the program holds 181 MB of live data, more than the caches of many machines; for data that size, where it lies in memory can shift the result by several points in ways the interval does not cover, and differently in the next process; run the comparison in several processes with the multiproc package
    - in 50% of A/A runs this setup reported a difference between identical code, well above the 10% expected; treat any confidence from it with suspicion

checksum 15509859154844967764
== url single-value n=65536 valuesFor: ordered vs btree-map
A: 194 ns per operation (median)
B: 272.3 ns per operation (median)
A needs 28.4% less time than B: B takes 1.40 times as long as A.
With 95% confidence the difference lies between 22.2% and 30.1% less time (B takes between 1.29 and 1.43 times as long as A).
Noise floor: 4.3%. Identical code measured against itself on this setup can look that different, so smaller differences mean nothing.
Neighbouring measurements are nearly independent (autocorrelation -0.68), so they were resampled one by one.

Verdict: RESOLVED. A is faster than B: the difference is real, as its interval excludes zero and it exceeds the noise floor.

Warnings:
  - the program holds 183 MB of live data, more than the caches of many machines; for data that size, where it lies in memory can shift the result by several points in ways the interval does not cover, and differently in the next process; run the comparison in several processes with the multiproc package

== url single-value n=65536 valuesFor: ordered vs baseline
A: 195 ns per operation (median)
B: 211.7 ns per operation (median)
A needs 10.5% less time than B: B takes 1.12 times as long as A.
With 95% confidence the difference lies between 4.12% and 12.4% less time (B takes between 1.04 and 1.14 times as long as A).
Noise floor: 4.74%. Identical code measured against itself on this setup can look that different, so smaller differences mean nothing.
Neighbouring measurements are correlated (autocorrelation +0.56), so they were resampled in blocks of 3.

Verdict: RESOLVED. A is faster than B: the difference is real, as its interval excludes zero and it exceeds the noise floor.

Warnings:
  - the program holds 183 MB of live data, more than the caches of many machines; for data that size, where it lies in memory can shift the result by several points in ways the interval does not cover, and differently in the next process; run the comparison in several processes with the multiproc package

== url single-value n=65536 valuesFor: ordered vs ordered-mk1
A: 189.3 ns per operation (median)
B: 201.3 ns per operation (median)
A needs 2.07% less time than B: B takes 1.02 times as long as A.
With 95% confidence the difference lies between 1.05% more time and 9.59% less time (B takes between 0.99 and 1.11 times as long as A).
Noise floor: 7.59%. Identical code measured against itself on this setup can look that different, so smaller differences mean nothing.
Neighbouring measurements are nearly independent (autocorrelation +0.04), so they were resampled one by one.

Verdict: NOT RESOLVED. This run did not establish which candidate is faster. That is not the same as "equally fast": the warnings below say what is missing.

Warnings:
  - the difference of 2.07% does not clear the 7.59% noise floor, which is what this setup reports between two runs of identical code
  - the interval [-1.05%, 9.59%] includes zero, so a difference in either direction is consistent with these measurements
  - the program holds 183 MB of live data, more than the caches of many machines; for data that size, where it lies in memory can shift the result by several points in ways the interval does not cover, and differently in the next process; run the comparison in several processes with the multiproc package

== url single-value n=65536 valuesFor: ordered vs ordered-mk2
A: 186.9 ns per operation (median)
B: 204.9 ns per operation (median)
A needs 9.32% less time than B: B takes 1.10 times as long as A.
With 95% confidence the difference lies between 1.72% and 12% less time (B takes between 1.02 and 1.14 times as long as A).
Noise floor: 3.98%. Identical code measured against itself on this setup can look that different, so smaller differences mean nothing.
Neighbouring measurements are nearly independent (autocorrelation -0.69), so they were resampled one by one.

Verdict: RESOLVED. A is faster than B: the difference is real, as its interval excludes zero and it exceeds the noise floor.

Warnings:
  - the program holds 183 MB of live data, more than the caches of many machines; for data that size, where it lies in memory can shift the result by several points in ways the interval does not cover, and differently in the next process; run the comparison in several processes with the multiproc package

== url single-value n=65536 valuesFor: ordered vs ordered-mk4
A: 195.3 ns per operation (median)
B: 205.8 ns per operation (median)
A needs 6.13% less time than B: B takes 1.07 times as long as A.
With 95% confidence the difference lies between 0.784% and 10.9% less time (B takes between 1.01 and 1.12 times as long as A).
Noise floor: 4.61%. Identical code measured against itself on this setup can look that different, so smaller differences mean nothing.
Neighbouring measurements are nearly independent (autocorrelation -0.52), so they were resampled one by one.

Verdict: RESOLVED. A is faster than B: the difference is real, as its interval excludes zero and it exceeds the noise floor.

Warnings:
  - the program holds 183 MB of live data, more than the caches of many machines; for data that size, where it lies in memory can shift the result by several points in ways the interval does not cover, and differently in the next process; run the comparison in several processes with the multiproc package

== url single-value n=65536 valuesBetween: ordered vs btree-map
A: 1996 ns per operation (median)
B: 1019 ns per operation (median)
A needs 99.3% more time than B: B takes only 0.50 times as long as A.
With 95% confidence the difference lies between 88.9% and 133% more time (B takes between 0.43 and 0.53 times as long as A).
Noise floor: 18.3%. Identical code measured against itself on this setup can look that different, so smaller differences mean nothing.
Neighbouring measurements are nearly independent (autocorrelation -0.80), so they were resampled one by one.

Verdict: RESOLVED. A is slower than B: the difference is real, as its interval excludes zero and it exceeds the noise floor.

Warnings:
  - the program holds 183 MB of live data, more than the caches of many machines; for data that size, where it lies in memory can shift the result by several points in ways the interval does not cover, and differently in the next process; run the comparison in several processes with the multiproc package

== url single-value n=65536 valuesBetween: ordered vs baseline
A: 2101 ns per operation (median)
B: 3648 ns per operation (median)
A needs 42.7% less time than B: B takes 1.74 times as long as A.
With 95% confidence the difference lies between 39.1% and 44.1% less time (B takes between 1.64 and 1.79 times as long as A).
Noise floor: 2.79%. Identical code measured against itself on this setup can look that different, so smaller differences mean nothing.
Neighbouring measurements are nearly independent (autocorrelation -0.78), so they were resampled one by one.

Verdict: RESOLVED. A is faster than B: the difference is real, as its interval excludes zero and it exceeds the noise floor.

Warnings:
  - the program holds 183 MB of live data, more than the caches of many machines; for data that size, where it lies in memory can shift the result by several points in ways the interval does not cover, and differently in the next process; run the comparison in several processes with the multiproc package

== url single-value n=65536 valuesBetween: ordered vs ordered-mk1
A: 2110 ns per operation (median)
B: 4789 ns per operation (median)
A needs 55.1% less time than B: B takes 2.23 times as long as A.
With 95% confidence the difference lies between 54% and 57.9% less time (B takes between 2.17 and 2.37 times as long as A).
Noise floor: 2.11%. Identical code measured against itself on this setup can look that different, so smaller differences mean nothing.
Neighbouring measurements are correlated (autocorrelation +0.27), so they were resampled in blocks of 3.

Verdict: RESOLVED. A is faster than B: the difference is real, as its interval excludes zero and it exceeds the noise floor.

Warnings:
  - the program holds 183 MB of live data, more than the caches of many machines; for data that size, where it lies in memory can shift the result by several points in ways the interval does not cover, and differently in the next process; run the comparison in several processes with the multiproc package

== url single-value n=65536 valuesBetween: ordered vs ordered-mk2
A: 2086 ns per operation (median)
B: 3752 ns per operation (median)
A needs 44.1% less time than B: B takes 1.79 times as long as A.
With 95% confidence the difference lies between 41.5% and 46.1% less time (B takes between 1.71 and 1.86 times as long as A).
Noise floor: 3.34%. Identical code measured against itself on this setup can look that different, so smaller differences mean nothing.
Neighbouring measurements are nearly independent (autocorrelation -0.65), so they were resampled one by one.

Verdict: RESOLVED. A is faster than B: the difference is real, as its interval excludes zero and it exceeds the noise floor.

Warnings:
  - the program holds 183 MB of live data, more than the caches of many machines; for data that size, where it lies in memory can shift the result by several points in ways the interval does not cover, and differently in the next process; run the comparison in several processes with the multiproc package

== url single-value n=65536 valuesBetween: ordered vs ordered-mk4
A: 2068 ns per operation (median)
B: 2888 ns per operation (median)
A needs 29.2% less time than B: B takes 1.41 times as long as A.
With 95% confidence the difference lies between 25.9% and 31.4% less time (B takes between 1.35 and 1.46 times as long as A).
Noise floor: 3.25%. Identical code measured against itself on this setup can look that different, so smaller differences mean nothing.
Neighbouring measurements are nearly independent (autocorrelation -0.70), so they were resampled one by one.

Verdict: RESOLVED. A is faster than B: the difference is real, as its interval excludes zero and it exceeds the noise floor.

Warnings:
  - the program holds 183 MB of live data, more than the caches of many machines; for data that size, where it lies in memory can shift the result by several points in ways the interval does not cover, and differently in the next process; run the comparison in several processes with the multiproc package

== url single-value n=65536 churn and build: ordered vs btree-map
steady state, per insertion or deletion in a structure of 65536 elements (cycle of 171410 operations, first pass untimed):
  A: 441.6 ns per operation (median)
  B: 429.7 ns per operation (median)
  A needs 0.181% less time than B: B takes 1.00 times as long as A.
  With 95% confidence the difference lies between 1.57% more time and 1.64% less time (B takes between 0.985 and 1.02 times as long as A).
  Noise floor: 0.607%. Identical code measured against itself on this setup can look that different, so smaller differences mean nothing.
  Neighbouring measurements are correlated (autocorrelation +0.60), so they were resampled in blocks of 3.
  
  Verdict: NOT RESOLVED. This run did not establish which candidate is faster. That is not the same as "equally fast": the warnings below say what is missing.
  
  Warnings:
    - the difference of 0.18% does not clear the 0.61% noise floor, which is what this setup reports between two runs of identical code
    - the interval [-1.57%, 1.64%] includes zero, so a difference in either direction is consistent with these measurements
    - the program holds 198 MB of live data, more than the caches of many machines; for data that size, where it lies in memory can shift the result by several points in ways the interval does not cover, and differently in the next process; run the comparison in several processes with the multiproc package
    - candidate A drifted during the run: its measurements were 9.97% lower in the second half than in the first, so the machine did not hold still
    - candidate B drifted during the run: its measurements were 7.16% lower in the second half than in the first, so the machine did not hold still

build from empty to 65536 elements, per whole build (235116 operations):
  A: 9.176e+07 ns per operation (median)
  B: 8.13e+07 ns per operation (median)
  A needs 12.8% more time than B: B takes only 0.89 times as long as A.
  With 95% confidence the difference lies between 12.6% and 13.3% more time (B takes between 0.883 and 0.89 times as long as A).
  Noise floor: 0.52%. Identical code measured against itself on this setup can look that different, so smaller differences mean nothing.
  Neighbouring measurements are correlated (autocorrelation +0.62), so they were resampled in blocks of 3.
  
  Verdict: RESOLVED. A is slower than B: the difference is real, as its interval excludes zero and it exceeds the noise floor.
  
  Warnings:
    - the program holds 181 MB of live data, more than the caches of many machines; for data that size, where it lies in memory can shift the result by several points in ways the interval does not cover, and differently in the next process; run the comparison in several processes with the multiproc package

== url single-value n=65536 churn and build: ordered vs baseline
steady state, per insertion or deletion in a structure of 65536 elements (cycle of 171410 operations, first pass untimed):
  A: 400 ns per operation (median)
  B: 413 ns per operation (median)
  A needs 3.08% less time than B: B takes 1.03 times as long as A.
  With 95% confidence the difference lies between 1.54% more time and 7.05% less time (B takes between 0.985 and 1.08 times as long as A).
  Noise floor: 2.04%. Identical code measured against itself on this setup can look that different, so smaller differences mean nothing.
  Neighbouring measurements are nearly independent (autocorrelation -0.08), so they were resampled one by one.
  
  Verdict: NOT RESOLVED. This run did not establish which candidate is faster. That is not the same as "equally fast": the warnings below say what is missing.
  
  Warnings:
    - the interval [-1.54%, 7.05%] includes zero, so a difference in either direction is consistent with these measurements
    - the program holds 201 MB of live data, more than the caches of many machines; for data that size, where it lies in memory can shift the result by several points in ways the interval does not cover, and differently in the next process; run the comparison in several processes with the multiproc package

build from empty to 65536 elements, per whole build (235116 operations):
  A: 9.167e+07 ns per operation (median)
  B: 7.955e+07 ns per operation (median)
  A needs 15.2% more time than B: B takes only 0.87 times as long as A.
  With 95% confidence the difference lies between 15% and 15.7% more time (B takes between 0.864 and 0.87 times as long as A).
  Noise floor: 0.0959%. Identical code measured against itself on this setup can look that different, so smaller differences mean nothing.
  Neighbouring measurements are nearly independent (autocorrelation +0.10), so they were resampled one by one.
  
  Verdict: RESOLVED. A is slower than B: the difference is real, as its interval excludes zero and it exceeds the noise floor.
  
  Warnings:
    - the program holds 181 MB of live data, more than the caches of many machines; for data that size, where it lies in memory can shift the result by several points in ways the interval does not cover, and differently in the next process; run the comparison in several processes with the multiproc package
    - candidate B drifted during the run: its measurements were 1.42% higher in the second half than in the first, so the machine did not hold still

== url single-value n=65536 churn and build: ordered vs ordered-mk1
steady state, per insertion or deletion in a structure of 65536 elements (cycle of 171410 operations, first pass untimed):
  A: 397.4 ns per operation (median)
  B: 411 ns per operation (median)
  A needs 4.26% less time than B: B takes 1.04 times as long as A.
  With 95% confidence the difference lies between 0.996% and 6.6% less time (B takes between 1.01 and 1.07 times as long as A).
  Noise floor: 2.91%. Identical code measured against itself on this setup can look that different, so smaller differences mean nothing.
  Neighbouring measurements are correlated (autocorrelation +0.31), so they were resampled in blocks of 3.
  
  Verdict: RESOLVED. A is faster than B: the difference is real, as its interval excludes zero and it exceeds the noise floor.
  
  Warnings:
    - the program holds 198 MB of live data, more than the caches of many machines; for data that size, where it lies in memory can shift the result by several points in ways the interval does not cover, and differently in the next process; run the comparison in several processes with the multiproc package

build from empty to 65536 elements, per whole build (235116 operations):
  A: 9.145e+07 ns per operation (median)
  B: 8.09e+07 ns per operation (median)
  A needs 12.9% more time than B: B takes only 0.89 times as long as A.
  With 95% confidence the difference lies between 12.3% and 13.4% more time (B takes between 0.882 and 0.89 times as long as A).
  Noise floor: 0.225%. Identical code measured against itself on this setup can look that different, so smaller differences mean nothing.
  Neighbouring measurements are correlated (autocorrelation +0.22), so they were resampled in blocks of 3.
  
  Verdict: RESOLVED. A is slower than B: the difference is real, as its interval excludes zero and it exceeds the noise floor.
  
  Warnings:
    - the program holds 181 MB of live data, more than the caches of many machines; for data that size, where it lies in memory can shift the result by several points in ways the interval does not cover, and differently in the next process; run the comparison in several processes with the multiproc package
    - the ratio B/A was 0.898% higher in the second half of the run than in the first, so the candidates had not reached a steady state and the difference depends on how long the run was; a common cause is a head start for whichever candidate ran alone last before the comparison or had its data built last, which a longer CollectOptions.WarmupDuration removes

== url single-value n=65536 churn and build: ordered vs ordered-mk2
steady state, per insertion or deletion in a structure of 65536 elements (cycle of 171410 operations, first pass untimed):
  A: 503 ns per operation (median)
  B: 619.8 ns per operation (median)
  A needs 16.8% less time than B: B takes 1.20 times as long as A.
  With 95% confidence the difference lies between 11.8% and 23.4% less time (B takes between 1.13 and 1.31 times as long as A).
  Noise floor: 4.21%. Identical code measured against itself on this setup can look that different, so smaller differences mean nothing.
  Neighbouring measurements are nearly independent (autocorrelation +0.17), so they were resampled one by one.
  
  Verdict: RESOLVED. A is faster than B: the difference is real, as its interval excludes zero and it exceeds the noise floor.
  
  Warnings:
    - the program holds 198 MB of live data, more than the caches of many machines; for data that size, where it lies in memory can shift the result by several points in ways the interval does not cover, and differently in the next process; run the comparison in several processes with the multiproc package

build from empty to 65536 elements, per whole build (235116 operations):
  A: 9.137e+07 ns per operation (median)
  B: 1.074e+08 ns per operation (median)
  A needs 15% less time than B: B takes 1.18 times as long as A.
  With 95% confidence the difference lies between 14.8% and 15.1% less time (B takes between 1.17 and 1.18 times as long as A).
  Noise floor: 0.606%. Identical code measured against itself on this setup can look that different, so smaller differences mean nothing.
  Neighbouring measurements are correlated (autocorrelation +0.22), so they were resampled in blocks of 3.
  
  Verdict: RESOLVED. A is faster than B: the difference is real, as its interval excludes zero and it exceeds the noise floor.
  
  Warnings:
    - the program holds 181 MB of live data, more than the caches of many machines; for data that size, where it lies in memory can shift the result by several points in ways the interval does not cover, and differently in the next process; run the comparison in several processes with the multiproc package

== url single-value n=65536 churn and build: ordered vs ordered-mk4
steady state, per insertion or deletion in a structure of 65536 elements (cycle of 171410 operations, first pass untimed):
  A: 393.8 ns per operation (median)
  B: 460.2 ns per operation (median)
  A needs 14% less time than B: B takes 1.16 times as long as A.
  With 95% confidence the difference lies between 11.3% and 18.4% less time (B takes between 1.13 and 1.23 times as long as A).
  Noise floor: 2.52%. Identical code measured against itself on this setup can look that different, so smaller differences mean nothing.
  Neighbouring measurements are nearly independent (autocorrelation +0.05), so they were resampled one by one.
  
  Verdict: RESOLVED. A is faster than B: the difference is real, as its interval excludes zero and it exceeds the noise floor.
  
  Warnings:
    - the program holds 197 MB of live data, more than the caches of many machines; for data that size, where it lies in memory can shift the result by several points in ways the interval does not cover, and differently in the next process; run the comparison in several processes with the multiproc package

build from empty to 65536 elements, per whole build (235116 operations):
  A: 9.75e+07 ns per operation (median)
  B: 1.104e+08 ns per operation (median)
  A needs 11.7% less time than B: B takes 1.13 times as long as A.
  With 95% confidence the difference lies between 11.3% and 16.2% less time (B takes between 1.13 and 1.19 times as long as A).
  Noise floor: 0.254%. Identical code measured against itself on this setup can look that different, so smaller differences mean nothing.
  Neighbouring measurements are correlated (autocorrelation +0.30), so they were resampled in blocks of 3.
  
  Verdict: RESOLVED. A is faster than B: the difference is real, as its interval excludes zero and it exceeds the noise floor.
  
  Warnings:
    - the program holds 181 MB of live data, more than the caches of many machines; for data that size, where it lies in memory can shift the result by several points in ways the interval does not cover, and differently in the next process; run the comparison in several processes with the multiproc package

checksum 15439008933797110523
== url single-value n=65536 valuesFor: ordered vs btree-map
A: 195.1 ns per operation (median)
B: 263.8 ns per operation (median)
A needs 26.8% less time than B: B takes 1.37 times as long as A.
With 95% confidence the difference lies between 22.3% and 30.4% less time (B takes between 1.29 and 1.44 times as long as A).
Noise floor: 3.88%. Identical code measured against itself on this setup can look that different, so smaller differences mean nothing.
Neighbouring measurements are nearly independent (autocorrelation -0.68), so they were resampled one by one.

Verdict: RESOLVED. A is faster than B: the difference is real, as its interval excludes zero and it exceeds the noise floor.

Warnings:
  - the program holds 201 MB of live data, more than the caches of many machines; for data that size, where it lies in memory can shift the result by several points in ways the interval does not cover, and differently in the next process; run the comparison in several processes with the multiproc package

== url single-value n=65536 valuesFor: ordered vs baseline
A: 191.1 ns per operation (median)
B: 208.2 ns per operation (median)
A needs 8.46% less time than B: B takes 1.09 times as long as A.
With 95% confidence the difference lies between 2.39% and 12.9% less time (B takes between 1.02 and 1.15 times as long as A).
Noise floor: 5.48%. Identical code measured against itself on this setup can look that different, so smaller differences mean nothing.
Neighbouring measurements are nearly independent (autocorrelation -0.77), so they were resampled one by one.

Verdict: RESOLVED. A is faster than B: the difference is real, as its interval excludes zero and it exceeds the noise floor.

Warnings:
  - the program holds 201 MB of live data, more than the caches of many machines; for data that size, where it lies in memory can shift the result by several points in ways the interval does not cover, and differently in the next process; run the comparison in several processes with the multiproc package

== url single-value n=65536 valuesFor: ordered vs ordered-mk1
A: 185.7 ns per operation (median)
B: 198.1 ns per operation (median)
A needs 7.69% less time than B: B takes 1.08 times as long as A.
With 95% confidence the difference lies between 0.312% and 9.77% less time (B takes between 1 and 1.11 times as long as A).
Noise floor: 4.08%. Identical code measured against itself on this setup can look that different, so smaller differences mean nothing.
Neighbouring measurements are correlated (autocorrelation +0.71), so they were resampled in blocks of 3.

Verdict: RESOLVED. A is faster than B: the difference is real, as its interval excludes zero and it exceeds the noise floor.

Warnings:
  - the program holds 201 MB of live data, more than the caches of many machines; for data that size, where it lies in memory can shift the result by several points in ways the interval does not cover, and differently in the next process; run the comparison in several processes with the multiproc package

== url single-value n=65536 valuesFor: ordered vs ordered-mk2
A: 182.8 ns per operation (median)
B: 207.5 ns per operation (median)
A needs 11% less time than B: B takes 1.12 times as long as A.
With 95% confidence the difference lies between 3.47% and 14.4% less time (B takes between 1.04 and 1.17 times as long as A).
Noise floor: 5.07%. Identical code measured against itself on this setup can look that different, so smaller differences mean nothing.
Neighbouring measurements are nearly independent (autocorrelation -0.66), so they were resampled one by one.

Verdict: RESOLVED. A is faster than B: the difference is real, as its interval excludes zero and it exceeds the noise floor.

Warnings:
  - the program holds 201 MB of live data, more than the caches of many machines; for data that size, where it lies in memory can shift the result by several points in ways the interval does not cover, and differently in the next process; run the comparison in several processes with the multiproc package

== url single-value n=65536 valuesFor: ordered vs ordered-mk4
A: 181.5 ns per operation (median)
B: 199.2 ns per operation (median)
A needs 8.97% less time than B: B takes 1.10 times as long as A.
With 95% confidence the difference lies between 1.98% and 11.2% less time (B takes between 1.02 and 1.13 times as long as A).
Noise floor: 4.86%. Identical code measured against itself on this setup can look that different, so smaller differences mean nothing.
Neighbouring measurements are nearly independent (autocorrelation -0.63), so they were resampled one by one.

Verdict: RESOLVED. A is faster than B: the difference is real, as its interval excludes zero and it exceeds the noise floor.

Warnings:
  - the program holds 201 MB of live data, more than the caches of many machines; for data that size, where it lies in memory can shift the result by several points in ways the interval does not cover, and differently in the next process; run the comparison in several processes with the multiproc package

== url single-value n=65536 valuesBetween: ordered vs btree-map
A: 1934 ns per operation (median)
B: 992.5 ns per operation (median)
A needs 93.2% more time than B: B takes only 0.52 times as long as A.
With 95% confidence the difference lies between 89.5% and 134% more time (B takes between 0.427 and 0.53 times as long as A).
Noise floor: 12.3%. Identical code measured against itself on this setup can look that different, so smaller differences mean nothing.
Neighbouring measurements are nearly independent (autocorrelation -0.79), so they were resampled one by one.

Verdict: RESOLVED. A is slower than B: the difference is real, as its interval excludes zero and it exceeds the noise floor.

Warnings:
  - the program holds 201 MB of live data, more than the caches of many machines; for data that size, where it lies in memory can shift the result by several points in ways the interval does not cover, and differently in the next process; run the comparison in several processes with the multiproc package

== url single-value n=65536 valuesBetween: ordered vs baseline
A: 2076 ns per operation (median)
B: 3510 ns per operation (median)
A needs 38.9% less time than B: B takes 1.64 times as long as A.
With 95% confidence the difference lies between 37.2% and 43.2% less time (B takes between 1.59 and 1.76 times as long as A).
Noise floor: 4.43%. Identical code measured against itself on this setup can look that different, so smaller differences mean nothing.
Neighbouring measurements are nearly independent (autocorrelation -0.12), so they were resampled one by one.

Verdict: RESOLVED. A is faster than B: the difference is real, as its interval excludes zero and it exceeds the noise floor.

Warnings:
  - the program holds 201 MB of live data, more than the caches of many machines; for data that size, where it lies in memory can shift the result by several points in ways the interval does not cover, and differently in the next process; run the comparison in several processes with the multiproc package

== url single-value n=65536 valuesBetween: ordered vs ordered-mk1
A: 2083 ns per operation (median)
B: 4789 ns per operation (median)
A needs 56.7% less time than B: B takes 2.31 times as long as A.
With 95% confidence the difference lies between 54.1% and 58.4% less time (B takes between 2.18 and 2.41 times as long as A).
Noise floor: 3.46%. Identical code measured against itself on this setup can look that different, so smaller differences mean nothing.
Neighbouring measurements are nearly independent (autocorrelation -0.14), so they were resampled one by one.

Verdict: RESOLVED. A is faster than B: the difference is real, as its interval excludes zero and it exceeds the noise floor.

Warnings:
  - the program holds 201 MB of live data, more than the caches of many machines; for data that size, where it lies in memory can shift the result by several points in ways the interval does not cover, and differently in the next process; run the comparison in several processes with the multiproc package

== url single-value n=65536 valuesBetween: ordered vs ordered-mk2
A: 2060 ns per operation (median)
B: 3755 ns per operation (median)
A needs 44.9% less time than B: B takes 1.81 times as long as A.
With 95% confidence the difference lies between 42.6% and 47.4% less time (B takes between 1.74 and 1.90 times as long as A).
Noise floor: 3.17%. Identical code measured against itself on this setup can look that different, so smaller differences mean nothing.
Neighbouring measurements are nearly independent (autocorrelation -0.06), so they were resampled one by one.

Verdict: RESOLVED. A is faster than B: the difference is real, as its interval excludes zero and it exceeds the noise floor.

Warnings:
  - the program holds 201 MB of live data, more than the caches of many machines; for data that size, where it lies in memory can shift the result by several points in ways the interval does not cover, and differently in the next process; run the comparison in several processes with the multiproc package

== url single-value n=65536 valuesBetween: ordered vs ordered-mk4
A: 2198 ns per operation (median)
B: 3111 ns per operation (median)
A needs 28.9% less time than B: B takes 1.41 times as long as A.
With 95% confidence the difference lies between 25.7% and 31.8% less time (B takes between 1.35 and 1.47 times as long as A).
Noise floor: 3.09%. Identical code measured against itself on this setup can look that different, so smaller differences mean nothing.
Neighbouring measurements are nearly independent (autocorrelation -0.76), so they were resampled one by one.

Verdict: RESOLVED. A is faster than B: the difference is real, as its interval excludes zero and it exceeds the noise floor.

Warnings:
  - the program holds 201 MB of live data, more than the caches of many machines; for data that size, where it lies in memory can shift the result by several points in ways the interval does not cover, and differently in the next process; run the comparison in several processes with the multiproc package

== url single-value n=65536 churn and build: ordered vs btree-map
steady state, per insertion or deletion in a structure of 65536 elements (cycle of 171410 operations, first pass untimed):
  A: 454.9 ns per operation (median)
  B: 450.9 ns per operation (median)
  A needs 0.337% more time than B: B takes only 1.00 times as long as A.
  With 95% confidence the difference lies between 0.902% more time and 2.68% less time (B takes between 0.991 and 1.03 times as long as A).
  Noise floor: 0.264%. Identical code measured against itself on this setup can look that different, so smaller differences mean nothing.
  Neighbouring measurements are correlated (autocorrelation +0.52), so they were resampled in blocks of 3.
  
  Verdict: NOT RESOLVED. This run did not establish which candidate is faster. That is not the same as "equally fast": the warnings below say what is missing.
  
  Warnings:
    - the interval [-0.90%, 2.68%] includes zero, so a difference in either direction is consistent with these measurements
    - the program holds 198 MB of live data, more than the caches of many machines; for data that size, where it lies in memory can shift the result by several points in ways the interval does not cover, and differently in the next process; run the comparison in several processes with the multiproc package
    - candidate A drifted during the run: its measurements were 9.54% lower in the second half than in the first, so the machine did not hold still
    - candidate B drifted during the run: its measurements were 9.34% lower in the second half than in the first, so the machine did not hold still

build from empty to 65536 elements, per whole build (235116 operations):
  A: 9.252e+07 ns per operation (median)
  B: 8.152e+07 ns per operation (median)
  A needs 13.3% more time than B: B takes only 0.88 times as long as A.
  With 95% confidence the difference lies between 12.8% and 13.7% more time (B takes between 0.88 and 0.89 times as long as A).
  Noise floor: 0.198%. Identical code measured against itself on this setup can look that different, so smaller differences mean nothing.
  Neighbouring measurements are nearly independent (autocorrelation +0.04), so they were resampled one by one.
  
  Verdict: RESOLVED. A is slower than B: the difference is real, as its interval excludes zero and it exceeds the noise floor.
  
  Warnings:
    - the program holds 181 MB of live data, more than the caches of many machines; for data that size, where it lies in memory can shift the result by several points in ways the interval does not cover, and differently in the next process; run the comparison in several processes with the multiproc package

== url single-value n=65536 churn and build: ordered vs baseline
steady state, per insertion or deletion in a structure of 65536 elements (cycle of 171410 operations, first pass untimed):
  A: 402.6 ns per operation (median)
  B: 421.4 ns per operation (median)
  A needs 3.99% less time than B: B takes 1.04 times as long as A.
  With 95% confidence the difference lies between 1.39% more time and 6.36% less time (B takes between 0.986 and 1.07 times as long as A).
  Noise floor: 1.35%. Identical code measured against itself on this setup can look that different, so smaller differences mean nothing.
  Neighbouring measurements are nearly independent (autocorrelation +0.16), so they were resampled one by one.
  
  Verdict: NOT RESOLVED. This run did not establish which candidate is faster. That is not the same as "equally fast": the warnings below say what is missing.
  
  Warnings:
    - the interval [-1.39%, 6.36%] includes zero, so a difference in either direction is consistent with these measurements
    - the program holds 202 MB of live data, more than the caches of many machines; for data that size, where it lies in memory can shift the result by several points in ways the interval does not cover, and differently in the next process; run the comparison in several processes with the multiproc package
    - candidate A drifted during the run: its measurements were 5.69% higher in the second half than in the first, so the machine did not hold still
    - candidate B drifted during the run: its measurements were 8.25% higher in the second half than in the first, so the machine did not hold still

build from empty to 65536 elements, per whole build (235116 operations):
  A: 9.222e+07 ns per operation (median)
  B: 8e+07 ns per operation (median)
  A needs 15.3% more time than B: B takes only 0.87 times as long as A.
  With 95% confidence the difference lies between 14.9% and 15.8% more time (B takes between 0.863 and 0.87 times as long as A).
  Noise floor: 0.31%. Identical code measured against itself on this setup can look that different, so smaller differences mean nothing.
  Neighbouring measurements are nearly independent (autocorrelation +0.09), so they were resampled one by one.
  
  Verdict: RESOLVED. A is slower than B: the difference is real, as its interval excludes zero and it exceeds the noise floor.
  
  Warnings:
    - the program holds 181 MB of live data, more than the caches of many machines; for data that size, where it lies in memory can shift the result by several points in ways the interval does not cover, and differently in the next process; run the comparison in several processes with the multiproc package
    - in 50% of A/A runs this setup reported a difference between identical code, well above the 10% expected; treat any confidence from it with suspicion

== url single-value n=65536 churn and build: ordered vs ordered-mk1
steady state, per insertion or deletion in a structure of 65536 elements (cycle of 171410 operations, first pass untimed):
  A: 388.4 ns per operation (median)
  B: 403.5 ns per operation (median)
  A needs 2.41% less time than B: B takes 1.02 times as long as A.
  With 95% confidence the difference lies between 0.283% and 4.32% less time (B takes between 1 and 1.05 times as long as A).
  Noise floor: 2.18%. Identical code measured against itself on this setup can look that different, so smaller differences mean nothing.
  Neighbouring measurements are nearly independent (autocorrelation +0.17), so they were resampled one by one.
  
  Verdict: RESOLVED. A is faster than B: the difference is real, as its interval excludes zero and it exceeds the noise floor.
  
  Warnings:
    - the program holds 199 MB of live data, more than the caches of many machines; for data that size, where it lies in memory can shift the result by several points in ways the interval does not cover, and differently in the next process; run the comparison in several processes with the multiproc package
    - candidate A drifted during the run: its measurements were 9.74% higher in the second half than in the first, so the machine did not hold still
    - candidate B drifted during the run: its measurements were 7.91% higher in the second half than in the first, so the machine did not hold still

build from empty to 65536 elements, per whole build (235116 operations):
  A: 9.762e+07 ns per operation (median)
  B: 8.765e+07 ns per operation (median)
  A needs 10.2% more time than B: B takes only 0.91 times as long as A.
  With 95% confidence the difference lies between 3.3% and 12.7% more time (B takes between 0.887 and 0.97 times as long as A).
  Noise floor: 0.572%. Identical code measured against itself on this setup can look that different, so smaller differences mean nothing.
  Neighbouring measurements are nearly independent (autocorrelation +0.09), so they were resampled one by one.
  
  Verdict: RESOLVED. A is slower than B: the difference is real, as its interval excludes zero and it exceeds the noise floor.
  
  Warnings:
    - the program holds 181 MB of live data, more than the caches of many machines; for data that size, where it lies in memory can shift the result by several points in ways the interval does not cover, and differently in the next process; run the comparison in several processes with the multiproc package
    - in 50% of A/A runs this setup reported a difference between identical code, well above the 10% expected; treat any confidence from it with suspicion

== url single-value n=65536 churn and build: ordered vs ordered-mk2
steady state, per insertion or deletion in a structure of 65536 elements (cycle of 171410 operations, first pass untimed):
  A: 421.1 ns per operation (median)
  B: 516.5 ns per operation (median)
  A needs 13.3% less time than B: B takes 1.15 times as long as A.
  With 95% confidence the difference lies between 11.8% and 25.7% less time (B takes between 1.13 and 1.35 times as long as A).
  Noise floor: 1.95%. Identical code measured against itself on this setup can look that different, so smaller differences mean nothing.
  Neighbouring measurements are nearly independent (autocorrelation +0.18), so they were resampled one by one.
  
  Verdict: RESOLVED. A is faster than B: the difference is real, as its interval excludes zero and it exceeds the noise floor.
  
  Warnings:
    - the program holds 198 MB of live data, more than the caches of many machines; for data that size, where it lies in memory can shift the result by several points in ways the interval does not cover, and differently in the next process; run the comparison in several processes with the multiproc package

build from empty to 65536 elements, per whole build (235116 operations):
  A: 9.95e+07 ns per operation (median)
  B: 1.225e+08 ns per operation (median)
  A needs 18.1% less time than B: B takes 1.22 times as long as A.
  With 95% confidence the difference lies between 16.5% and 20.4% less time (B takes between 1.2 and 1.26 times as long as A).
  Noise floor: 0.162%. Identical code measured against itself on this setup can look that different, so smaller differences mean nothing.
  Neighbouring measurements are nearly independent (autocorrelation +0.16), so they were resampled one by one.
  
  Verdict: RESOLVED. A is faster than B: the difference is real, as its interval excludes zero and it exceeds the noise floor.
  
  Warnings:
    - the program holds 181 MB of live data, more than the caches of many machines; for data that size, where it lies in memory can shift the result by several points in ways the interval does not cover, and differently in the next process; run the comparison in several processes with the multiproc package

== url single-value n=65536 churn and build: ordered vs ordered-mk4
steady state, per insertion or deletion in a structure of 65536 elements (cycle of 171410 operations, first pass untimed):
  A: 395.1 ns per operation (median)
  B: 468.1 ns per operation (median)
  A needs 13.9% less time than B: B takes 1.16 times as long as A.
  With 95% confidence the difference lies between 7.61% and 20.4% less time (B takes between 1.08 and 1.26 times as long as A).
  Noise floor: 3.84%. Identical code measured against itself on this setup can look that different, so smaller differences mean nothing.
  Neighbouring measurements are nearly independent (autocorrelation +0.17), so they were resampled one by one.
  
  Verdict: RESOLVED. A is faster than B: the difference is real, as its interval excludes zero and it exceeds the noise floor.
  
  Warnings:
    - the program holds 198 MB of live data, more than the caches of many machines; for data that size, where it lies in memory can shift the result by several points in ways the interval does not cover, and differently in the next process; run the comparison in several processes with the multiproc package

build from empty to 65536 elements, per whole build (235116 operations):
  A: 9.198e+07 ns per operation (median)
  B: 1.061e+08 ns per operation (median)
  A needs 13.2% less time than B: B takes 1.15 times as long as A.
  With 95% confidence the difference lies between 12.9% and 13.5% less time (B takes between 1.15 and 1.16 times as long as A).
  Noise floor: 0.0321%. Identical code measured against itself on this setup can look that different, so smaller differences mean nothing.
  Neighbouring measurements are nearly independent (autocorrelation +0.14), so they were resampled one by one.
  
  Verdict: RESOLVED. A is faster than B: the difference is real, as its interval excludes zero and it exceeds the noise floor.
  
  Warnings:
    - the program holds 181 MB of live data, more than the caches of many machines; for data that size, where it lies in memory can shift the result by several points in ways the interval does not cover, and differently in the next process; run the comparison in several processes with the multiproc package

checksum 7554223938486517001
== url single-value n=65536 valuesFor: ordered vs btree-map
A: 222.7 ns per operation (median)
B: 315.2 ns per operation (median)
A needs 30.2% less time than B: B takes 1.43 times as long as A.
With 95% confidence the difference lies between 22.4% and 33.6% less time (B takes between 1.29 and 1.51 times as long as A).
Noise floor: 5.66%. Identical code measured against itself on this setup can look that different, so smaller differences mean nothing.
Neighbouring measurements are nearly independent (autocorrelation -0.13), so they were resampled one by one.

Verdict: RESOLVED. A is faster than B: the difference is real, as its interval excludes zero and it exceeds the noise floor.

Warnings:
  - the program holds 150 MB of live data, more than the caches of many machines; for data that size, where it lies in memory can shift the result by several points in ways the interval does not cover, and differently in the next process; run the comparison in several processes with the multiproc package
  - candidate A drifted during the run: its measurements were 6.5% higher in the second half than in the first, so the machine did not hold still

== url single-value n=65536 valuesFor: ordered vs baseline
A: 193.3 ns per operation (median)
B: 213.6 ns per operation (median)
A needs 11.7% less time than B: B takes 1.13 times as long as A.
With 95% confidence the difference lies between 5.21% and 13.2% less time (B takes between 1.05 and 1.15 times as long as A).
Noise floor: 3.51%. Identical code measured against itself on this setup can look that different, so smaller differences mean nothing.
Neighbouring measurements are nearly independent (autocorrelation -0.42), so they were resampled one by one.

Verdict: RESOLVED. A is faster than B: the difference is real, as its interval excludes zero and it exceeds the noise floor.

Warnings:
  - the program holds 150 MB of live data, more than the caches of many machines; for data that size, where it lies in memory can shift the result by several points in ways the interval does not cover, and differently in the next process; run the comparison in several processes with the multiproc package

== url single-value n=65536 valuesFor: ordered vs ordered-mk1
A: 183.2 ns per operation (median)
B: 190.8 ns per operation (median)
A needs 3.8% less time than B: B takes 1.04 times as long as A.
With 95% confidence the difference lies between 2.02% more time and 8.01% less time (B takes between 0.98 and 1.09 times as long as A).
Noise floor: 5.17%. Identical code measured against itself on this setup can look that different, so smaller differences mean nothing.
Neighbouring measurements are nearly independent (autocorrelation -0.48), so they were resampled one by one.

Verdict: NOT RESOLVED. This run did not establish which candidate is faster. That is not the same as "equally fast": the warnings below say what is missing.

Warnings:
  - the difference of 3.80% does not clear the 5.17% noise floor, which is what this setup reports between two runs of identical code
  - the interval [-2.02%, 8.01%] includes zero, so a difference in either direction is consistent with these measurements
  - the program holds 180 MB of live data, more than the caches of many machines; for data that size, where it lies in memory can shift the result by several points in ways the interval does not cover, and differently in the next process; run the comparison in several processes with the multiproc package

== url single-value n=65536 valuesFor: ordered vs ordered-mk2
A: 184.7 ns per operation (median)
B: 201.9 ns per operation (median)
A needs 8.7% less time than B: B takes 1.10 times as long as A.
With 95% confidence the difference lies between 2.25% and 11.5% less time (B takes between 1.02 and 1.13 times as long as A).
Noise floor: 4.61%. Identical code measured against itself on this setup can look that different, so smaller differences mean nothing.
Neighbouring measurements are nearly independent (autocorrelation -0.56), so they were resampled one by one.

Verdict: RESOLVED. A is faster than B: the difference is real, as its interval excludes zero and it exceeds the noise floor.

Warnings:
  - the program holds 180 MB of live data, more than the caches of many machines; for data that size, where it lies in memory can shift the result by several points in ways the interval does not cover, and differently in the next process; run the comparison in several processes with the multiproc package

== url single-value n=65536 valuesFor: ordered vs ordered-mk4
A: 189.9 ns per operation (median)
B: 201.2 ns per operation (median)
A needs 7.27% less time than B: B takes 1.08 times as long as A.
With 95% confidence the difference lies between 2.25% and 10.2% less time (B takes between 1.02 and 1.11 times as long as A).
Noise floor: 2.96%. Identical code measured against itself on this setup can look that different, so smaller differences mean nothing.
Neighbouring measurements are nearly independent (autocorrelation -0.59), so they were resampled one by one.

Verdict: RESOLVED. A is faster than B: the difference is real, as its interval excludes zero and it exceeds the noise floor.

Warnings:
  - the program holds 180 MB of live data, more than the caches of many machines; for data that size, where it lies in memory can shift the result by several points in ways the interval does not cover, and differently in the next process; run the comparison in several processes with the multiproc package

== url single-value n=65536 valuesBetween: ordered vs btree-map
A: 1975 ns per operation (median)
B: 1030 ns per operation (median)
A needs 87.5% more time than B: B takes only 0.53 times as long as A.
With 95% confidence the difference lies between 85.2% and 127% more time (B takes between 0.441 and 0.54 times as long as A).
Noise floor: 11.5%. Identical code measured against itself on this setup can look that different, so smaller differences mean nothing.
Neighbouring measurements are nearly independent (autocorrelation -0.20), so they were resampled one by one.

Verdict: RESOLVED. A is slower than B: the difference is real, as its interval excludes zero and it exceeds the noise floor.

Warnings:
  - the program holds 180 MB of live data, more than the caches of many machines; for data that size, where it lies in memory can shift the result by several points in ways the interval does not cover, and differently in the next process; run the comparison in several processes with the multiproc package

== url single-value n=65536 valuesBetween: ordered vs baseline
A: 2094 ns per operation (median)
B: 3562 ns per operation (median)
A needs 40.9% less time than B: B takes 1.69 times as long as A.
With 95% confidence the difference lies between 38.5% and 43.7% less time (B takes between 1.63 and 1.78 times as long as A).
Noise floor: 4.27%. Identical code measured against itself on this setup can look that different, so smaller differences mean nothing.
Neighbouring measurements are correlated (autocorrelation +0.50), so they were resampled in blocks of 3.

Verdict: RESOLVED. A is faster than B: the difference is real, as its interval excludes zero and it exceeds the noise floor.

Warnings:
  - the program holds 180 MB of live data, more than the caches of many machines; for data that size, where it lies in memory can shift the result by several points in ways the interval does not cover, and differently in the next process; run the comparison in several processes with the multiproc package

== url single-value n=65536 valuesBetween: ordered vs ordered-mk1
A: 2060 ns per operation (median)
B: 4771 ns per operation (median)
A needs 57.4% less time than B: B takes 2.35 times as long as A.
With 95% confidence the difference lies between 54.6% and 58.4% less time (B takes between 2.21 and 2.40 times as long as A).
Noise floor: 3.52%. Identical code measured against itself on this setup can look that different, so smaller differences mean nothing.
Neighbouring measurements are nearly independent (autocorrelation -0.75), so they were resampled one by one.

Verdict: RESOLVED. A is faster than B: the difference is real, as its interval excludes zero and it exceeds the noise floor.

Warnings:
  - the program holds 180 MB of live data, more than the caches of many machines; for data that size, where it lies in memory can shift the result by several points in ways the interval does not cover, and differently in the next process; run the comparison in several processes with the multiproc package

== url single-value n=65536 valuesBetween: ordered vs ordered-mk2
A: 2091 ns per operation (median)
B: 3791 ns per operation (median)
A needs 44.3% less time than B: B takes 1.80 times as long as A.
With 95% confidence the difference lies between 42.6% and 47.6% less time (B takes between 1.74 and 1.91 times as long as A).
Noise floor: 2.98%. Identical code measured against itself on this setup can look that different, so smaller differences mean nothing.
Neighbouring measurements are nearly independent (autocorrelation -0.80), so they were resampled one by one.

Verdict: RESOLVED. A is faster than B: the difference is real, as its interval excludes zero and it exceeds the noise floor.

Warnings:
  - the program holds 180 MB of live data, more than the caches of many machines; for data that size, where it lies in memory can shift the result by several points in ways the interval does not cover, and differently in the next process; run the comparison in several processes with the multiproc package

== url single-value n=65536 valuesBetween: ordered vs ordered-mk4
A: 2072 ns per operation (median)
B: 2922 ns per operation (median)
A needs 29.6% less time than B: B takes 1.42 times as long as A.
With 95% confidence the difference lies between 26.8% and 31.7% less time (B takes between 1.37 and 1.46 times as long as A).
Noise floor: 1.39%. Identical code measured against itself on this setup can look that different, so smaller differences mean nothing.
Neighbouring measurements are nearly independent (autocorrelation -0.14), so they were resampled one by one.

Verdict: RESOLVED. A is faster than B: the difference is real, as its interval excludes zero and it exceeds the noise floor.

Warnings:
  - the program holds 180 MB of live data, more than the caches of many machines; for data that size, where it lies in memory can shift the result by several points in ways the interval does not cover, and differently in the next process; run the comparison in several processes with the multiproc package

== url single-value n=65536 churn and build: ordered vs btree-map
steady state, per insertion or deletion in a structure of 65536 elements (cycle of 171410 operations, first pass untimed):
  A: 458.4 ns per operation (median)
  B: 451.7 ns per operation (median)
  A needs 0.951% less time than B: B takes 1.01 times as long as A.
  With 95% confidence the difference lies between 1.51% more time and 2.7% less time (B takes between 0.985 and 1.03 times as long as A).
  Noise floor: 0.576%. Identical code measured against itself on this setup can look that different, so smaller differences mean nothing.
  Neighbouring measurements are correlated (autocorrelation +0.63), so they were resampled in blocks of 3.
  
  Verdict: NOT RESOLVED. This run did not establish which candidate is faster. That is not the same as "equally fast": the warnings below say what is missing.
  
  Warnings:
    - the interval [-1.51%, 2.70%] includes zero, so a difference in either direction is consistent with these measurements
    - the program holds 198 MB of live data, more than the caches of many machines; for data that size, where it lies in memory can shift the result by several points in ways the interval does not cover, and differently in the next process; run the comparison in several processes with the multiproc package
    - candidate A drifted during the run: its measurements were 12.1% lower in the second half than in the first, so the machine did not hold still
    - candidate B drifted during the run: its measurements were 8.69% lower in the second half than in the first, so the machine did not hold still
    - the ratio B/A was 5.03% higher in the second half of the run than in the first, so the candidates had not reached a steady state and the difference depends on how long the run was; a common cause is a head start for whichever candidate ran alone last before the comparison or had its data built last, which a longer CollectOptions.WarmupDuration removes

build from empty to 65536 elements, per whole build (235116 operations):
  A: 9.135e+07 ns per operation (median)
  B: 8.128e+07 ns per operation (median)
  A needs 12.5% more time than B: B takes only 0.89 times as long as A.
  With 95% confidence the difference lies between 11.3% and 12.6% more time (B takes between 0.888 and 0.90 times as long as A).
  Noise floor: 0.295%. Identical code measured against itself on this setup can look that different, so smaller differences mean nothing.
  Neighbouring measurements are correlated (autocorrelation +0.30), so they were resampled in blocks of 3.
  
  Verdict: RESOLVED. A is slower than B: the difference is real, as its interval excludes zero and it exceeds the noise floor.
  
  Warnings:
    - the program holds 181 MB of live data, more than the caches of many machines; for data that size, where it lies in memory can shift the result by several points in ways the interval does not cover, and differently in the next process; run the comparison in several processes with the multiproc package
    - candidate B drifted during the run: its measurements were 1.22% higher in the second half than in the first, so the machine did not hold still

== url single-value n=65536 churn and build: ordered vs baseline
steady state, per insertion or deletion in a structure of 65536 elements (cycle of 171410 operations, first pass untimed):
  A: 401.4 ns per operation (median)
  B: 413.1 ns per operation (median)
  A needs 4.96% less time than B: B takes 1.05 times as long as A.
  With 95% confidence the difference lies between 0.26% more time and 6.99% less time (B takes between 0.997 and 1.08 times as long as A).
  Noise floor: 2.98%. Identical code measured against itself on this setup can look that different, so smaller differences mean nothing.
  Neighbouring measurements are nearly independent (autocorrelation -0.09), so they were resampled one by one.
  
  Verdict: NOT RESOLVED. This run did not establish which candidate is faster. That is not the same as "equally fast": the warnings below say what is missing.
  
  Warnings:
    - the interval [-0.26%, 6.99%] includes zero, so a difference in either direction is consistent with these measurements
    - the program holds 201 MB of live data, more than the caches of many machines; for data that size, where it lies in memory can shift the result by several points in ways the interval does not cover, and differently in the next process; run the comparison in several processes with the multiproc package
    - candidate A drifted during the run: its measurements were 7.35% higher in the second half than in the first, so the machine did not hold still
    - candidate B drifted during the run: its measurements were 11% higher in the second half than in the first, so the machine did not hold still
    - 6.0% of bootstrap replicates tied, so the measurement is coarse relative to the question; lower CollectOptions.MaxQuantizationError to lengthen the batches

build from empty to 65536 elements, per whole build (235116 operations):
  A: 9.147e+07 ns per operation (median)
  B: 8.008e+07 ns per operation (median)
  A needs 14% more time than B: B takes only 0.88 times as long as A.
  With 95% confidence the difference lies between 13.7% and 14.7% more time (B takes between 0.872 and 0.88 times as long as A).
  Noise floor: 0.171%. Identical code measured against itself on this setup can look that different, so smaller differences mean nothing.
  Neighbouring measurements are nearly independent (autocorrelation +0.05), so they were resampled one by one.
  
  Verdict: RESOLVED. A is slower than B: the difference is real, as its interval excludes zero and it exceeds the noise floor.
  
  Warnings:
    - the program holds 181 MB of live data, more than the caches of many machines; for data that size, where it lies in memory can shift the result by several points in ways the interval does not cover, and differently in the next process; run the comparison in several processes with the multiproc package

== url single-value n=65536 churn and build: ordered vs ordered-mk1
steady state, per insertion or deletion in a structure of 65536 elements (cycle of 171410 operations, first pass untimed):
  A: 388.1 ns per operation (median)
  B: 404.5 ns per operation (median)
  A needs 4.62% less time than B: B takes 1.05 times as long as A.
  With 95% confidence the difference lies between 0.154% more time and 6.93% less time (B takes between 0.998 and 1.07 times as long as A).
  Noise floor: 2.56%. Identical code measured against itself on this setup can look that different, so smaller differences mean nothing.
  Neighbouring measurements are nearly independent (autocorrelation -0.07), so they were resampled one by one.
  
  Verdict: NOT RESOLVED. This run did not establish which candidate is faster. That is not the same as "equally fast": the warnings below say what is missing.
  
  Warnings:
    - the interval [-0.15%, 6.93%] includes zero, so a difference in either direction is consistent with these measurements
    - the program holds 198 MB of live data, more than the caches of many machines; for data that size, where it lies in memory can shift the result by several points in ways the interval does not cover, and differently in the next process; run the comparison in several processes with the multiproc package
    - candidate A drifted during the run: its measurements were 8.93% higher in the second half than in the first, so the machine did not hold still
    - candidate B drifted during the run: its measurements were 6.9% higher in the second half than in the first, so the machine did not hold still

build from empty to 65536 elements, per whole build (235116 operations):
  A: 9.148e+07 ns per operation (median)
  B: 8.128e+07 ns per operation (median)
  A needs 12.4% more time than B: B takes only 0.89 times as long as A.
  With 95% confidence the difference lies between 12.1% and 13.3% more time (B takes between 0.883 and 0.89 times as long as A).
  Noise floor: 0.252%. Identical code measured against itself on this setup can look that different, so smaller differences mean nothing.
  Neighbouring measurements are correlated (autocorrelation +0.24), so they were resampled in blocks of 3.
  
  Verdict: RESOLVED. A is slower than B: the difference is real, as its interval excludes zero and it exceeds the noise floor.
  
  Warnings:
    - the program holds 181 MB of live data, more than the caches of many machines; for data that size, where it lies in memory can shift the result by several points in ways the interval does not cover, and differently in the next process; run the comparison in several processes with the multiproc package

== url single-value n=65536 churn and build: ordered vs ordered-mk2
steady state, per insertion or deletion in a structure of 65536 elements (cycle of 171410 operations, first pass untimed):
  A: 425.8 ns per operation (median)
  B: 510.2 ns per operation (median)
  A needs 16% less time than B: B takes 1.19 times as long as A.
  With 95% confidence the difference lies between 12.5% and 25% less time (B takes between 1.14 and 1.33 times as long as A).
  Noise floor: 2%. Identical code measured against itself on this setup can look that different, so smaller differences mean nothing.
  Neighbouring measurements are correlated (autocorrelation +0.22), so they were resampled in blocks of 3.
  
  Verdict: RESOLVED. A is faster than B: the difference is real, as its interval excludes zero and it exceeds the noise floor.
  
  Warnings:
    - the program holds 198 MB of live data, more than the caches of many machines; for data that size, where it lies in memory can shift the result by several points in ways the interval does not cover, and differently in the next process; run the comparison in several processes with the multiproc package

build from empty to 65536 elements, per whole build (235116 operations):
  A: 9.136e+07 ns per operation (median)
  B: 1.065e+08 ns per operation (median)
  A needs 14.3% less time than B: B takes 1.17 times as long as A.
  With 95% confidence the difference lies between 14.1% and 14.5% less time (B takes between 1.16 and 1.17 times as long as A).
  Noise floor: 0.613%. Identical code measured against itself on this setup can look that different, so smaller differences mean nothing.
  Neighbouring measurements are correlated (autocorrelation +0.28), so they were resampled in blocks of 3.
  
  Verdict: RESOLVED. A is faster than B: the difference is real, as its interval excludes zero and it exceeds the noise floor.
  
  Warnings:
    - the program holds 181 MB of live data, more than the caches of many machines; for data that size, where it lies in memory can shift the result by several points in ways the interval does not cover, and differently in the next process; run the comparison in several processes with the multiproc package
    - in 50% of A/A runs this setup reported a difference between identical code, well above the 10% expected; treat any confidence from it with suspicion

== url single-value n=65536 churn and build: ordered vs ordered-mk4
steady state, per insertion or deletion in a structure of 65536 elements (cycle of 171410 operations, first pass untimed):
  A: 418.8 ns per operation (median)
  B: 477.4 ns per operation (median)
  A needs 10.1% less time than B: B takes 1.11 times as long as A.
  With 95% confidence the difference lies between 6.94% and 21.8% less time (B takes between 1.07 and 1.28 times as long as A).
  Noise floor: 2.99%. Identical code measured against itself on this setup can look that different, so smaller differences mean nothing.
  Neighbouring measurements are correlated (autocorrelation +0.27), so they were resampled in blocks of 3.
  
  Verdict: RESOLVED. A is faster than B: the difference is real, as its interval excludes zero and it exceeds the noise floor.
  
  Warnings:
    - the program holds 197 MB of live data, more than the caches of many machines; for data that size, where it lies in memory can shift the result by several points in ways the interval does not cover, and differently in the next process; run the comparison in several processes with the multiproc package

build from empty to 65536 elements, per whole build (235116 operations):
  A: 9.136e+07 ns per operation (median)
  B: 1.025e+08 ns per operation (median)
  A needs 10.8% less time than B: B takes 1.12 times as long as A.
  With 95% confidence the difference lies between 10.7% and 11.1% less time (B takes between 1.12 and 1.13 times as long as A).
  Noise floor: 0.335%. Identical code measured against itself on this setup can look that different, so smaller differences mean nothing.
  Neighbouring measurements are nearly independent (autocorrelation +0.17), so they were resampled one by one.
  
  Verdict: RESOLVED. A is faster than B: the difference is real, as its interval excludes zero and it exceeds the noise floor.
  
  Warnings:
    - the program holds 181 MB of live data, more than the caches of many machines; for data that size, where it lies in memory can shift the result by several points in ways the interval does not cover, and differently in the next process; run the comparison in several processes with the multiproc package
    - in 50% of A/A runs this setup reported a difference between identical code, well above the 10% expected; treat any confidence from it with suspicion

checksum 7211775339487348854
== url single-value n=65536 valuesFor: ordered vs btree-map
A: 196.1 ns per operation (median)
B: 268 ns per operation (median)
A needs 28.6% less time than B: B takes 1.40 times as long as A.
With 95% confidence the difference lies between 21% and 29.4% less time (B takes between 1.27 and 1.42 times as long as A).
Noise floor: 3.72%. Identical code measured against itself on this setup can look that different, so smaller differences mean nothing.
Neighbouring measurements are nearly independent (autocorrelation -0.74), so they were resampled one by one.

Verdict: RESOLVED. A is faster than B: the difference is real, as its interval excludes zero and it exceeds the noise floor.

Warnings:
  - the program holds 183 MB of live data, more than the caches of many machines; for data that size, where it lies in memory can shift the result by several points in ways the interval does not cover, and differently in the next process; run the comparison in several processes with the multiproc package

== url single-value n=65536 valuesFor: ordered vs baseline
A: 194.4 ns per operation (median)
B: 212.9 ns per operation (median)
A needs 12% less time than B: B takes 1.14 times as long as A.
With 95% confidence the difference lies between 4.04% and 13.2% less time (B takes between 1.04 and 1.15 times as long as A).
Noise floor: 4.09%. Identical code measured against itself on this setup can look that different, so smaller differences mean nothing.
Neighbouring measurements are nearly independent (autocorrelation -0.54), so they were resampled one by one.

Verdict: RESOLVED. A is faster than B: the difference is real, as its interval excludes zero and it exceeds the noise floor.

Warnings:
  - the program holds 183 MB of live data, more than the caches of many machines; for data that size, where it lies in memory can shift the result by several points in ways the interval does not cover, and differently in the next process; run the comparison in several processes with the multiproc package

== url single-value n=65536 valuesFor: ordered vs ordered-mk1
A: 185.9 ns per operation (median)
B: 198.8 ns per operation (median)
A needs 6.42% less time than B: B takes 1.07 times as long as A.
With 95% confidence the difference lies between 0.302% and 10.8% less time (B takes between 1 and 1.12 times as long as A).
Noise floor: 6.38%. Identical code measured against itself on this setup can look that different, so smaller differences mean nothing.
Neighbouring measurements are nearly independent (autocorrelation -0.51), so they were resampled one by one.

Verdict: RESOLVED. A is faster than B: the difference is real, as its interval excludes zero and it exceeds the noise floor.

Warnings:
  - the program holds 183 MB of live data, more than the caches of many machines; for data that size, where it lies in memory can shift the result by several points in ways the interval does not cover, and differently in the next process; run the comparison in several processes with the multiproc package

== url single-value n=65536 valuesFor: ordered vs ordered-mk2
A: 190.1 ns per operation (median)
B: 207.9 ns per operation (median)
A needs 8.54% less time than B: B takes 1.09 times as long as A.
With 95% confidence the difference lies between 1.33% and 12.9% less time (B takes between 1.01 and 1.15 times as long as A).
Noise floor: 5.89%. Identical code measured against itself on this setup can look that different, so smaller differences mean nothing.
Neighbouring measurements are nearly independent (autocorrelation -0.69), so they were resampled one by one.

Verdict: RESOLVED. A is faster than B: the difference is real, as its interval excludes zero and it exceeds the noise floor.

Warnings:
  - the program holds 183 MB of live data, more than the caches of many machines; for data that size, where it lies in memory can shift the result by several points in ways the interval does not cover, and differently in the next process; run the comparison in several processes with the multiproc package

== url single-value n=65536 valuesFor: ordered vs ordered-mk4
A: 187.4 ns per operation (median)
B: 199.1 ns per operation (median)
A needs 5.19% less time than B: B takes 1.05 times as long as A.
With 95% confidence the difference lies between 0.921% more time and 8.86% less time (B takes between 0.991 and 1.10 times as long as A).
Noise floor: 5.8%. Identical code measured against itself on this setup can look that different, so smaller differences mean nothing.
Neighbouring measurements are nearly independent (autocorrelation -0.71), so they were resampled one by one.

Verdict: NOT RESOLVED. This run did not establish which candidate is faster. That is not the same as "equally fast": the warnings below say what is missing.

Warnings:
  - the difference of 5.19% does not clear the 5.80% noise floor, which is what this setup reports between two runs of identical code
  - the interval [-0.92%, 8.86%] includes zero, so a difference in either direction is consistent with these measurements
  - the program holds 183 MB of live data, more than the caches of many machines; for data that size, where it lies in memory can shift the result by several points in ways the interval does not cover, and differently in the next process; run the comparison in several processes with the multiproc package

== url single-value n=65536 valuesBetween: ordered vs btree-map
A: 1985 ns per operation (median)
B: 1022 ns per operation (median)
A needs 90.3% more time than B: B takes only 0.53 times as long as A.
With 95% confidence the difference lies between 87.8% and 133% more time (B takes between 0.429 and 0.53 times as long as A).
Noise floor: 4.26%. Identical code measured against itself on this setup can look that different, so smaller differences mean nothing.
Neighbouring measurements are nearly independent (autocorrelation +0.18), so they were resampled one by one.

Verdict: RESOLVED. A is slower than B: the difference is real, as its interval excludes zero and it exceeds the noise floor.

Warnings:
  - the program holds 183 MB of live data, more than the caches of many machines; for data that size, where it lies in memory can shift the result by several points in ways the interval does not cover, and differently in the next process; run the comparison in several processes with the multiproc package

== url single-value n=65536 valuesBetween: ordered vs baseline
A: 2095 ns per operation (median)
B: 3619 ns per operation (median)
A needs 43.3% less time than B: B takes 1.77 times as long as A.
With 95% confidence the difference lies between 39.3% and 44.3% less time (B takes between 1.65 and 1.80 times as long as A).
Noise floor: 3.6%. Identical code measured against itself on this setup can look that different, so smaller differences mean nothing.
Neighbouring measurements are nearly independent (autocorrelation -0.77), so they were resampled one by one.

Verdict: RESOLVED. A is faster than B: the difference is real, as its interval excludes zero and it exceeds the noise floor.

Warnings:
  - the program holds 183 MB of live data, more than the caches of many machines; for data that size, where it lies in memory can shift the result by several points in ways the interval does not cover, and differently in the next process; run the comparison in several processes with the multiproc package

== url single-value n=65536 valuesBetween: ordered vs ordered-mk1
A: 2052 ns per operation (median)
B: 4888 ns per operation (median)
A needs 58.4% less time than B: B takes 2.40 times as long as A.
With 95% confidence the difference lies between 55.2% and 59.3% less time (B takes between 2.23 and 2.46 times as long as A).
Noise floor: 3.77%. Identical code measured against itself on this setup can look that different, so smaller differences mean nothing.
Neighbouring measurements are nearly independent (autocorrelation -0.76), so they were resampled one by one.

Verdict: RESOLVED. A is faster than B: the difference is real, as its interval excludes zero and it exceeds the noise floor.

Warnings:
  - the program holds 183 MB of live data, more than the caches of many machines; for data that size, where it lies in memory can shift the result by several points in ways the interval does not cover, and differently in the next process; run the comparison in several processes with the multiproc package

== url single-value n=65536 valuesBetween: ordered vs ordered-mk2
A: 2087 ns per operation (median)
B: 3753 ns per operation (median)
A needs 42.4% less time than B: B takes 1.74 times as long as A.
With 95% confidence the difference lies between 41.5% and 46.2% less time (B takes between 1.71 and 1.86 times as long as A).
Noise floor: 2.97%. Identical code measured against itself on this setup can look that different, so smaller differences mean nothing.
Neighbouring measurements are nearly independent (autocorrelation -0.12), so they were resampled one by one.

Verdict: RESOLVED. A is faster than B: the difference is real, as its interval excludes zero and it exceeds the noise floor.

Warnings:
  - the program holds 183 MB of live data, more than the caches of many machines; for data that size, where it lies in memory can shift the result by several points in ways the interval does not cover, and differently in the next process; run the comparison in several processes with the multiproc package

== url single-value n=65536 valuesBetween: ordered vs ordered-mk4
A: 2053 ns per operation (median)
B: 2893 ns per operation (median)
A needs 27.4% less time than B: B takes 1.38 times as long as A.
With 95% confidence the difference lies between 25.4% and 31.4% less time (B takes between 1.34 and 1.46 times as long as A).
Noise floor: 2.93%. Identical code measured against itself on this setup can look that different, so smaller differences mean nothing.
Neighbouring measurements are nearly independent (autocorrelation -0.71), so they were resampled one by one.

Verdict: RESOLVED. A is faster than B: the difference is real, as its interval excludes zero and it exceeds the noise floor.

Warnings:
  - the program holds 183 MB of live data, more than the caches of many machines; for data that size, where it lies in memory can shift the result by several points in ways the interval does not cover, and differently in the next process; run the comparison in several processes with the multiproc package

== url single-value n=65536 churn and build: ordered vs btree-map
steady state, per insertion or deletion in a structure of 65536 elements (cycle of 171410 operations, first pass untimed):
  A: 445.6 ns per operation (median)
  B: 445.9 ns per operation (median)
  A needs 2.83% less time than B: B takes 1.03 times as long as A.
  With 95% confidence the difference lies between 0.172% more time and 4.63% less time (B takes between 0.998 and 1.05 times as long as A).
  Noise floor: 0.643%. Identical code measured against itself on this setup can look that different, so smaller differences mean nothing.
  Neighbouring measurements are correlated (autocorrelation +0.72), so they were resampled in blocks of 3.
  
  Verdict: NOT RESOLVED. This run did not establish which candidate is faster. That is not the same as "equally fast": the warnings below say what is missing.
  
  Warnings:
    - the interval [-0.17%, 4.63%] includes zero, so a difference in either direction is consistent with these measurements
    - the program holds 198 MB of live data, more than the caches of many machines; for data that size, where it lies in memory can shift the result by several points in ways the interval does not cover, and differently in the next process; run the comparison in several processes with the multiproc package
    - candidate A drifted during the run: its measurements were 9.13% lower in the second half than in the first, so the machine did not hold still
    - candidate B drifted during the run: its measurements were 7.69% lower in the second half than in the first, so the machine did not hold still
    - the ratio B/A was 3.93% higher in the second half of the run than in the first, so the candidates had not reached a steady state and the difference depends on how long the run was; a common cause is a head start for whichever candidate ran alone last before the comparison or had its data built last, which a longer CollectOptions.WarmupDuration removes

build from empty to 65536 elements, per whole build (235116 operations):
  A: 9.274e+07 ns per operation (median)
  B: 8.006e+07 ns per operation (median)
  A needs 15.9% more time than B: B takes only 0.86 times as long as A.
  With 95% confidence the difference lies between 15.5% and 16.5% more time (B takes between 0.859 and 0.87 times as long as A).
  Noise floor: 0.148%. Identical code measured against itself on this setup can look that different, so smaller differences mean nothing.
  Neighbouring measurements are correlated (autocorrelation +0.26), so they were resampled in blocks of 3.
  
  Verdict: RESOLVED. A is slower than B: the difference is real, as its interval excludes zero and it exceeds the noise floor.
  
  Warnings:
    - the program holds 181 MB of live data, more than the caches of many machines; for data that size, where it lies in memory can shift the result by several points in ways the interval does not cover, and differently in the next process; run the comparison in several processes with the multiproc package

== url single-value n=65536 churn and build: ordered vs baseline
steady state, per insertion or deletion in a structure of 65536 elements (cycle of 171410 operations, first pass untimed):
  A: 408.1 ns per operation (median)
  B: 422.1 ns per operation (median)
  A needs 1.34% less time than B: B takes 1.01 times as long as A.
  With 95% confidence the difference lies between 2.58% more time and 7.86% less time (B takes between 0.975 and 1.09 times as long as A).
  Noise floor: 3.2%. Identical code measured against itself on this setup can look that different, so smaller differences mean nothing.
  Neighbouring measurements are nearly independent (autocorrelation -0.11), so they were resampled one by one.
  
  Verdict: NOT RESOLVED. This run did not establish which candidate is faster. That is not the same as "equally fast": the warnings below say what is missing.
  
  Warnings:
    - the difference of 1.34% does not clear the 3.20% noise floor, which is what this setup reports between two runs of identical code
    - the interval [-2.58%, 7.86%] includes zero, so a difference in either direction is consistent with these measurements
    - the program holds 202 MB of live data, more than the caches of many machines; for data that size, where it lies in memory can shift the result by several points in ways the interval does not cover, and differently in the next process; run the comparison in several processes with the multiproc package

build from empty to 65536 elements, per whole build (235116 operations):
  A: 9.303e+07 ns per operation (median)
  B: 7.978e+07 ns per operation (median)
  A needs 16.6% more time than B: B takes only 0.86 times as long as A.
  With 95% confidence the difference lies between 16.5% and 17.1% more time (B takes between 0.854 and 0.86 times as long as A).
  Noise floor: 0.319%. Identical code measured against itself on this setup can look that different, so smaller differences mean nothing.
  Neighbouring measurements are nearly independent (autocorrelation +0.11), so they were resampled one by one.
  
  Verdict: RESOLVED. A is slower than B: the difference is real, as its interval excludes zero and it exceeds the noise floor.
  
  Warnings:
    - the program holds 181 MB of live data, more than the caches of many machines; for data that size, where it lies in memory can shift the result by several points in ways the interval does not cover, and differently in the next process; run the comparison in several processes with the multiproc package

== url single-value n=65536 churn and build: ordered vs ordered-mk1
steady state, per insertion or deletion in a structure of 65536 elements (cycle of 171410 operations, first pass untimed):
  A: 385.1 ns per operation (median)
  B: 394.4 ns per operation (median)
  A needs 2.21% less time than B: B takes 1.02 times as long as A.
  With 95% confidence the difference lies between 1.15% and 4.75% less time (B takes between 1.01 and 1.05 times as long as A).
  Noise floor: 5.11%. Identical code measured against itself on this setup can look that different, so smaller differences mean nothing.
  Neighbouring measurements are correlated (autocorrelation +0.44), so they were resampled in blocks of 3.
  
  Verdict: NOT RESOLVED. This run did not establish which candidate is faster. That is not the same as "equally fast": the warnings below say what is missing.
  
  Warnings:
    - the difference of 2.21% does not clear the 5.11% noise floor, which is what this setup reports between two runs of identical code
    - the program holds 198 MB of live data, more than the caches of many machines; for data that size, where it lies in memory can shift the result by several points in ways the interval does not cover, and differently in the next process; run the comparison in several processes with the multiproc package

build from empty to 65536 elements, per whole build (235116 operations):
  A: 9.293e+07 ns per operation (median)
  B: 8.12e+07 ns per operation (median)
  A needs 14.4% more time than B: B takes only 0.87 times as long as A.
  With 95% confidence the difference lies between 14.1% and 14.7% more time (B takes between 0.872 and 0.88 times as long as A).
  Noise floor: 0.0939%. Identical code measured against itself on this setup can look that different, so smaller differences mean nothing.
  Neighbouring measurements are nearly independent (autocorrelation +0.15), so they were resampled one by one.
  
  Verdict: RESOLVED. A is slower than B: the difference is real, as its interval excludes zero and it exceeds the noise floor.
  
  Warnings:
    - the program holds 181 MB of live data, more than the caches of many machines; for data that size, where it lies in memory can shift the result by several points in ways the interval does not cover, and differently in the next process; run the comparison in several processes with the multiproc package

== url single-value n=65536 churn and build: ordered vs ordered-mk2
steady state, per insertion or deletion in a structure of 65536 elements (cycle of 171410 operations, first pass untimed):
  A: 427.1 ns per operation (median)
  B: 520.2 ns per operation (median)
  A needs 21.3% less time than B: B takes 1.27 times as long as A.
  With 95% confidence the difference lies between 21.1% and 22.8% less time (B takes between 1.27 and 1.30 times as long as A).
  Noise floor: 2.2%. Identical code measured against itself on this setup can look that different, so smaller differences mean nothing.
  Neighbouring measurements are correlated (autocorrelation +0.24), so they were resampled in blocks of 3.
  
  Verdict: RESOLVED. A is faster than B: the difference is real, as its interval excludes zero and it exceeds the noise floor.
  
  Warnings:
    - the program holds 198 MB of live data, more than the caches of many machines; for data that size, where it lies in memory can shift the result by several points in ways the interval does not cover, and differently in the next process; run the comparison in several processes with the multiproc package

build from empty to 65536 elements, per whole build (235116 operations):
  A: 9.631e+07 ns per operation (median)
  B: 1.109e+08 ns per operation (median)
  A needs 12.7% less time than B: B takes 1.14 times as long as A.
  With 95% confidence the difference lies between 10.7% and 13.2% less time (B takes between 1.12 and 1.15 times as long as A).
  Noise floor: 0.12%. Identical code measured against itself on this setup can look that different, so smaller differences mean nothing.
  Neighbouring measurements are nearly independent (autocorrelation +0.03), so they were resampled one by one.
  
  Verdict: RESOLVED. A is faster than B: the difference is real, as its interval excludes zero and it exceeds the noise floor.
  
  Warnings:
    - the program holds 181 MB of live data, more than the caches of many machines; for data that size, where it lies in memory can shift the result by several points in ways the interval does not cover, and differently in the next process; run the comparison in several processes with the multiproc package

== url single-value n=65536 churn and build: ordered vs ordered-mk4
steady state, per insertion or deletion in a structure of 65536 elements (cycle of 171410 operations, first pass untimed):
  A: 398.3 ns per operation (median)
  B: 469.5 ns per operation (median)
  A needs 13.5% less time than B: B takes 1.16 times as long as A.
  With 95% confidence the difference lies between 12.3% and 17.7% less time (B takes between 1.14 and 1.21 times as long as A).
  Noise floor: 1.86%. Identical code measured against itself on this setup can look that different, so smaller differences mean nothing.
  Neighbouring measurements are correlated (autocorrelation +0.39), so they were resampled in blocks of 3.
  
  Verdict: RESOLVED. A is faster than B: the difference is real, as its interval excludes zero and it exceeds the noise floor.
  
  Warnings:
    - the program holds 198 MB of live data, more than the caches of many machines; for data that size, where it lies in memory can shift the result by several points in ways the interval does not cover, and differently in the next process; run the comparison in several processes with the multiproc package
    - candidate A drifted during the run: its measurements were 11.3% lower in the second half than in the first, so the machine did not hold still
    - candidate B drifted during the run: its measurements were 5.95% lower in the second half than in the first, so the machine did not hold still

build from empty to 65536 elements, per whole build (235116 operations):
  A: 9.295e+07 ns per operation (median)
  B: 1.038e+08 ns per operation (median)
  A needs 10.5% less time than B: B takes 1.12 times as long as A.
  With 95% confidence the difference lies between 9.96% and 10.7% less time (B takes between 1.11 and 1.12 times as long as A).
  Noise floor: 0.241%. Identical code measured against itself on this setup can look that different, so smaller differences mean nothing.
  Neighbouring measurements are nearly independent (autocorrelation +0.14), so they were resampled one by one.
  
  Verdict: RESOLVED. A is faster than B: the difference is real, as its interval excludes zero and it exceeds the noise floor.
  
  Warnings:
    - the program holds 181 MB of live data, more than the caches of many machines; for data that size, where it lies in memory can shift the result by several points in ways the interval does not cover, and differently in the next process; run the comparison in several processes with the multiproc package
    - candidate B drifted during the run: its measurements were 0.396% higher in the second half than in the first, so the machine did not hold still
    - in 50% of A/A runs this setup reported a difference between identical code, well above the 10% expected; treat any confidence from it with suspicion

checksum 12319061417767861817
== url single-value n=65536 valuesFor: ordered vs btree-map
A: 188.6 ns per operation (median)
B: 268 ns per operation (median)
A needs 30.4% less time than B: B takes 1.44 times as long as A.
With 95% confidence the difference lies between 22.5% and 31.3% less time (B takes between 1.29 and 1.46 times as long as A).
Noise floor: 5.08%. Identical code measured against itself on this setup can look that different, so smaller differences mean nothing.
Neighbouring measurements are nearly independent (autocorrelation -0.71), so they were resampled one by one.

Verdict: RESOLVED. A is faster than B: the difference is real, as its interval excludes zero and it exceeds the noise floor.

Warnings:
  - the program holds 155 MB of live data, more than the caches of many machines; for data that size, where it lies in memory can shift the result by several points in ways the interval does not cover, and differently in the next process; run the comparison in several processes with the multiproc package

== url single-value n=65536 valuesFor: ordered vs baseline
A: 219.5 ns per operation (median)
B: 262.9 ns per operation (median)
A needs 15.8% less time than B: B takes 1.19 times as long as A.
With 95% confidence the difference lies between 12.4% and 20.5% less time (B takes between 1.14 and 1.26 times as long as A).
Noise floor: 4.2%. Identical code measured against itself on this setup can look that different, so smaller differences mean nothing.
Neighbouring measurements are nearly independent (autocorrelation -0.56), so they were resampled one by one.

Verdict: RESOLVED. A is faster than B: the difference is real, as its interval excludes zero and it exceeds the noise floor.

Warnings:
  - the program holds 155 MB of live data, more than the caches of many machines; for data that size, where it lies in memory can shift the result by several points in ways the interval does not cover, and differently in the next process; run the comparison in several processes with the multiproc package
  - candidate A drifted during the run: its measurements were 12.4% lower in the second half than in the first, so the machine did not hold still
  - candidate B drifted during the run: its measurements were 14.5% lower in the second half than in the first, so the machine did not hold still

== url single-value n=65536 valuesFor: ordered vs ordered-mk1
A: 184 ns per operation (median)
B: 193.5 ns per operation (median)
A needs 3.91% less time than B: B takes 1.04 times as long as A.
With 95% confidence the difference lies between 0% and 9.26% less time (B takes between 1 and 1.10 times as long as A).
Noise floor: 4.74%. Identical code measured against itself on this setup can look that different, so smaller differences mean nothing.
Neighbouring measurements are correlated (autocorrelation +0.68), so they were resampled in blocks of 3.

Verdict: NOT RESOLVED. This run did not establish which candidate is faster. That is not the same as "equally fast": the warnings below say what is missing.

Warnings:
  - the difference of 3.91% does not clear the 4.74% noise floor, which is what this setup reports between two runs of identical code
  - the interval [0.00%, 9.26%] includes zero, so a difference in either direction is consistent with these measurements
  - the program holds 155 MB of live data, more than the caches of many machines; for data that size, where it lies in memory can shift the result by several points in ways the interval does not cover, and differently in the next process; run the comparison in several processes with the multiproc package
  - 5.7% of bootstrap replicates tied, so the measurement is coarse relative to the question; lower CollectOptions.MaxQuantizationError to lengthen the batches

== url single-value n=65536 valuesFor: ordered vs ordered-mk2
A: 187.1 ns per operation (median)
B: 200.3 ns per operation (median)
A needs 8.63% less time than B: B takes 1.09 times as long as A.
With 95% confidence the difference lies between 3.2% and 12% less time (B takes between 1.03 and 1.14 times as long as A).
Noise floor: 3.8%. Identical code measured against itself on this setup can look that different, so smaller differences mean nothing.
Neighbouring measurements are nearly independent (autocorrelation -0.35), so they were resampled one by one.

Verdict: RESOLVED. A is faster than B: the difference is real, as its interval excludes zero and it exceeds the noise floor.

Warnings:
  - the program holds 178 MB of live data, more than the caches of many machines; for data that size, where it lies in memory can shift the result by several points in ways the interval does not cover, and differently in the next process; run the comparison in several processes with the multiproc package

== url single-value n=65536 valuesFor: ordered vs ordered-mk4
A: 190 ns per operation (median)
B: 200.1 ns per operation (median)
A needs 8.38% less time than B: B takes 1.09 times as long as A.
With 95% confidence the difference lies between 0.856% and 10.3% less time (B takes between 1.01 and 1.12 times as long as A).
Noise floor: 3.67%. Identical code measured against itself on this setup can look that different, so smaller differences mean nothing.
Neighbouring measurements are nearly independent (autocorrelation +0.15), so they were resampled one by one.

Verdict: RESOLVED. A is faster than B: the difference is real, as its interval excludes zero and it exceeds the noise floor.

Warnings:
  - the program holds 178 MB of live data, more than the caches of many machines; for data that size, where it lies in memory can shift the result by several points in ways the interval does not cover, and differently in the next process; run the comparison in several processes with the multiproc package

== url single-value n=65536 valuesBetween: ordered vs btree-map
A: 1975 ns per operation (median)
B: 1074 ns per operation (median)
A needs 84.1% more time than B: B takes only 0.54 times as long as A.
With 95% confidence the difference lies between 79.1% and 106% more time (B takes between 0.485 and 0.56 times as long as A).
Noise floor: 11.1%. Identical code measured against itself on this setup can look that different, so smaller differences mean nothing.
Neighbouring measurements are nearly independent (autocorrelation -0.50), so they were resampled one by one.

Verdict: RESOLVED. A is slower than B: the difference is real, as its interval excludes zero and it exceeds the noise floor.

Warnings:
  - the program holds 178 MB of live data, more than the caches of many machines; for data that size, where it lies in memory can shift the result by several points in ways the interval does not cover, and differently in the next process; run the comparison in several processes with the multiproc package

== url single-value n=65536 valuesBetween: ordered vs baseline
A: 2191 ns per operation (median)
B: 3888 ns per operation (median)
A needs 43.6% less time than B: B takes 1.77 times as long as A.
With 95% confidence the difference lies between 40.9% and 45.7% less time (B takes between 1.69 and 1.84 times as long as A).
Noise floor: 3.25%. Identical code measured against itself on this setup can look that different, so smaller differences mean nothing.
Neighbouring measurements are nearly independent (autocorrelation -0.78), so they were resampled one by one.

Verdict: RESOLVED. A is faster than B: the difference is real, as its interval excludes zero and it exceeds the noise floor.

Warnings:
  - the program holds 178 MB of live data, more than the caches of many machines; for data that size, where it lies in memory can shift the result by several points in ways the interval does not cover, and differently in the next process; run the comparison in several processes with the multiproc package
  - candidate A drifted during the run: its measurements were 9.14% higher in the second half than in the first, so the machine did not hold still
  - candidate B drifted during the run: its measurements were 12.6% higher in the second half than in the first, so the machine did not hold still
  - the ratio B/A was 4.36% higher in the second half of the run than in the first, so the candidates had not reached a steady state and the difference depends on how long the run was; a common cause is a head start for whichever candidate ran alone last before the comparison or had its data built last, which a longer CollectOptions.WarmupDuration removes

== url single-value n=65536 valuesBetween: ordered vs ordered-mk1
A: 2062 ns per operation (median)
B: 4781 ns per operation (median)
A needs 55.5% less time than B: B takes 2.25 times as long as A.
With 95% confidence the difference lies between 54.3% and 58.6% less time (B takes between 2.19 and 2.42 times as long as A).
Noise floor: 2.54%. Identical code measured against itself on this setup can look that different, so smaller differences mean nothing.
Neighbouring measurements are nearly independent (autocorrelation -0.72), so they were resampled one by one.

Verdict: RESOLVED. A is faster than B: the difference is real, as its interval excludes zero and it exceeds the noise floor.

Warnings:
  - the program holds 178 MB of live data, more than the caches of many machines; for data that size, where it lies in memory can shift the result by several points in ways the interval does not cover, and differently in the next process; run the comparison in several processes with the multiproc package

== url single-value n=65536 valuesBetween: ordered vs ordered-mk2
A: 2109 ns per operation (median)
B: 3876 ns per operation (median)
A needs 44.6% less time than B: B takes 1.80 times as long as A.
With 95% confidence the difference lies between 43% and 47.1% less time (B takes between 1.76 and 1.89 times as long as A).
Noise floor: 3.59%. Identical code measured against itself on this setup can look that different, so smaller differences mean nothing.
Neighbouring measurements are nearly independent (autocorrelation -0.78), so they were resampled one by one.

Verdict: RESOLVED. A is faster than B: the difference is real, as its interval excludes zero and it exceeds the noise floor.

Warnings:
  - the program holds 178 MB of live data, more than the caches of many machines; for data that size, where it lies in memory can shift the result by several points in ways the interval does not cover, and differently in the next process; run the comparison in several processes with the multiproc package

== url single-value n=65536 valuesBetween: ordered vs ordered-mk4
A: 2074 ns per operation (median)
B: 2917 ns per operation (median)
A needs 28.5% less time than B: B takes 1.40 times as long as A.
With 95% confidence the difference lies between 26% and 31.3% less time (B takes between 1.35 and 1.46 times as long as A).
Noise floor: 2.08%. Identical code measured against itself on this setup can look that different, so smaller differences mean nothing.
Neighbouring measurements are correlated (autocorrelation +0.21), so they were resampled in blocks of 3.

Verdict: RESOLVED. A is faster than B: the difference is real, as its interval excludes zero and it exceeds the noise floor.

Warnings:
  - the program holds 178 MB of live data, more than the caches of many machines; for data that size, where it lies in memory can shift the result by several points in ways the interval does not cover, and differently in the next process; run the comparison in several processes with the multiproc package
  - candidate A drifted during the run: its measurements were 5.7% lower in the second half than in the first, so the machine did not hold still
  - candidate B drifted during the run: its measurements were 5.68% lower in the second half than in the first, so the machine did not hold still

== url single-value n=65536 churn and build: ordered vs btree-map
steady state, per insertion or deletion in a structure of 65536 elements (cycle of 171410 operations, first pass untimed):
  A: 498.8 ns per operation (median)
  B: 472.5 ns per operation (median)
  A needs 6.46% more time than B: B takes only 0.94 times as long as A.
  With 95% confidence the difference lies between 5.09% and 7.41% more time (B takes between 0.931 and 0.95 times as long as A).
  Noise floor: 1.67%. Identical code measured against itself on this setup can look that different, so smaller differences mean nothing.
  Neighbouring measurements are correlated (autocorrelation +0.75), so they were resampled in blocks of 3.
  
  Verdict: RESOLVED. A is slower than B: the difference is real, as its interval excludes zero and it exceeds the noise floor.
  
  Warnings:
    - the program holds 198 MB of live data, more than the caches of many machines; for data that size, where it lies in memory can shift the result by several points in ways the interval does not cover, and differently in the next process; run the comparison in several processes with the multiproc package
    - in 50% of A/A runs this setup reported a difference between identical code, well above the 10% expected; treat any confidence from it with suspicion

build from empty to 65536 elements, per whole build (235116 operations):
  A: 9.304e+07 ns per operation (median)
  B: 8.152e+07 ns per operation (median)
  A needs 14% more time than B: B takes only 0.88 times as long as A.
  With 95% confidence the difference lies between 13.5% and 14.2% more time (B takes between 0.876 and 0.88 times as long as A).
  Noise floor: 0.121%. Identical code measured against itself on this setup can look that different, so smaller differences mean nothing.
  Neighbouring measurements are correlated (autocorrelation +0.21), so they were resampled in blocks of 3.
  
  Verdict: RESOLVED. A is slower than B: the difference is real, as its interval excludes zero and it exceeds the noise floor.
  
  Warnings:
    - the program holds 181 MB of live data, more than the caches of many machines; for data that size, where it lies in memory can shift the result by several points in ways the interval does not cover, and differently in the next process; run the comparison in several processes with the multiproc package
    - in 50% of A/A runs this setup reported a difference between identical code, well above the 10% expected; treat any confidence from it with suspicion

== url single-value n=65536 churn and build: ordered vs baseline
steady state, per insertion or deletion in a structure of 65536 elements (cycle of 171410 operations, first pass untimed):
  A: 399.6 ns per operation (median)
  B: 412.6 ns per operation (median)
  A needs 3.98% less time than B: B takes 1.04 times as long as A.
  With 95% confidence the difference lies between 1.39% more time and 6.52% less time (B takes between 0.986 and 1.07 times as long as A).
  Noise floor: 2.96%. Identical code measured against itself on this setup can look that different, so smaller differences mean nothing.
  Neighbouring measurements are nearly independent (autocorrelation +0.07), so they were resampled one by one.
  
  Verdict: NOT RESOLVED. This run did not establish which candidate is faster. That is not the same as "equally fast": the warnings below say what is missing.
  
  Warnings:
    - the interval [-1.39%, 6.52%] includes zero, so a difference in either direction is consistent with these measurements
    - the program holds 201 MB of live data, more than the caches of many machines; for data that size, where it lies in memory can shift the result by several points in ways the interval does not cover, and differently in the next process; run the comparison in several processes with the multiproc package
    - candidate B drifted during the run: its measurements were 6.4% higher in the second half than in the first, so the machine did not hold still

build from empty to 65536 elements, per whole build (235116 operations):
  A: 9.308e+07 ns per operation (median)
  B: 8.034e+07 ns per operation (median)
  A needs 15.9% more time than B: B takes only 0.86 times as long as A.
  With 95% confidence the difference lies between 15.5% and 16% more time (B takes between 0.862 and 0.87 times as long as A).
  Noise floor: 0.206%. Identical code measured against itself on this setup can look that different, so smaller differences mean nothing.
  Neighbouring measurements are correlated (autocorrelation +0.26), so they were resampled in blocks of 3.
  
  Verdict: RESOLVED. A is slower than B: the difference is real, as its interval excludes zero and it exceeds the noise floor.
  
  Warnings:
    - the program holds 181 MB of live data, more than the caches of many machines; for data that size, where it lies in memory can shift the result by several points in ways the interval does not cover, and differently in the next process; run the comparison in several processes with the multiproc package
    - in 50% of A/A runs this setup reported a difference between identical code, well above the 10% expected; treat any confidence from it with suspicion

== url single-value n=65536 churn and build: ordered vs ordered-mk1
steady state, per insertion or deletion in a structure of 65536 elements (cycle of 171410 operations, first pass untimed):
  A: 389.2 ns per operation (median)
  B: 403.2 ns per operation (median)
  A needs 4.58% less time than B: B takes 1.05 times as long as A.
  With 95% confidence the difference lies between 1.15% and 6.61% less time (B takes between 1.01 and 1.07 times as long as A).
  Noise floor: 1.74%. Identical code measured against itself on this setup can look that different, so smaller differences mean nothing.
  Neighbouring measurements are correlated (autocorrelation +0.21), so they were resampled in blocks of 3.
  
  Verdict: RESOLVED. A is faster than B: the difference is real, as its interval excludes zero and it exceeds the noise floor.
  
  Warnings:
    - the program holds 198 MB of live data, more than the caches of many machines; for data that size, where it lies in memory can shift the result by several points in ways the interval does not cover, and differently in the next process; run the comparison in several processes with the multiproc package
    - candidate A drifted during the run: its measurements were 8.8% higher in the second half than in the first, so the machine did not hold still
    - candidate B drifted during the run: its measurements were 8.36% higher in the second half than in the first, so the machine did not hold still

build from empty to 65536 elements, per whole build (235116 operations):
  A: 9.317e+07 ns per operation (median)
  B: 8.33e+07 ns per operation (median)
  A needs 11.8% more time than B: B takes only 0.89 times as long as A.
  With 95% confidence the difference lies between 11.5% and 12.3% more time (B takes between 0.89 and 0.90 times as long as A).
  Noise floor: 0.579%. Identical code measured against itself on this setup can look that different, so smaller differences mean nothing.
  Neighbouring measurements are correlated (autocorrelation +0.28), so they were resampled in blocks of 3.
  
  Verdict: RESOLVED. A is slower than B: the difference is real, as its interval excludes zero and it exceeds the noise floor.
  
  Warnings:
    - the program holds 181 MB of live data, more than the caches of many machines; for data that size, where it lies in memory can shift the result by several points in ways the interval does not cover, and differently in the next process; run the comparison in several processes with the multiproc package
    - in 50% of A/A runs this setup reported a difference between identical code, well above the 10% expected; treat any confidence from it with suspicion

== url single-value n=65536 churn and build: ordered vs ordered-mk2
steady state, per insertion or deletion in a structure of 65536 elements (cycle of 171410 operations, first pass untimed):
  A: 436.3 ns per operation (median)
  B: 557.7 ns per operation (median)
  A needs 19.9% less time than B: B takes 1.25 times as long as A.
  With 95% confidence the difference lies between 13.3% and 25% less time (B takes between 1.15 and 1.33 times as long as A).
  Noise floor: 3.2%. Identical code measured against itself on this setup can look that different, so smaller differences mean nothing.
  Neighbouring measurements are correlated (autocorrelation +0.28), so they were resampled in blocks of 3.
  
  Verdict: RESOLVED. A is faster than B: the difference is real, as its interval excludes zero and it exceeds the noise floor.
  
  Warnings:
    - the program holds 198 MB of live data, more than the caches of many machines; for data that size, where it lies in memory can shift the result by several points in ways the interval does not cover, and differently in the next process; run the comparison in several processes with the multiproc package

build from empty to 65536 elements, per whole build (235116 operations):
  A: 9.329e+07 ns per operation (median)
  B: 1.106e+08 ns per operation (median)
  A needs 15.7% less time than B: B takes 1.19 times as long as A.
  With 95% confidence the difference lies between 15.5% and 16% less time (B takes between 1.18 and 1.19 times as long as A).
  Noise floor: 0.317%. Identical code measured against itself on this setup can look that different, so smaller differences mean nothing.
  Neighbouring measurements are nearly independent (autocorrelation -0.09), so they were resampled one by one.
  
  Verdict: RESOLVED. A is faster than B: the difference is real, as its interval excludes zero and it exceeds the noise floor.
  
  Warnings:
    - the program holds 181 MB of live data, more than the caches of many machines; for data that size, where it lies in memory can shift the result by several points in ways the interval does not cover, and differently in the next process; run the comparison in several processes with the multiproc package

== url single-value n=65536 churn and build: ordered vs ordered-mk4
steady state, per insertion or deletion in a structure of 65536 elements (cycle of 171410 operations, first pass untimed):
  A: 392 ns per operation (median)
  B: 465.2 ns per operation (median)
  A needs 13.7% less time than B: B takes 1.16 times as long as A.
  With 95% confidence the difference lies between 12.9% and 18.4% less time (B takes between 1.15 and 1.23 times as long as A).
  Noise floor: 3.61%. Identical code measured against itself on this setup can look that different, so smaller differences mean nothing.
  Neighbouring measurements are nearly independent (autocorrelation +0.06), so they were resampled one by one.
  
  Verdict: RESOLVED. A is faster than B: the difference is real, as its interval excludes zero and it exceeds the noise floor.
  
  Warnings:
    - the program holds 197 MB of live data, more than the caches of many machines; for data that size, where it lies in memory can shift the result by several points in ways the interval does not cover, and differently in the next process; run the comparison in several processes with the multiproc package

build from empty to 65536 elements, per whole build (235116 operations):
  A: 9.297e+07 ns per operation (median)
  B: 1.07e+08 ns per operation (median)
  A needs 13.2% less time than B: B takes 1.15 times as long as A.
  With 95% confidence the difference lies between 12.7% and 13.3% less time (B takes between 1.15 and 1.15 times as long as A).
  Noise floor: 0.287%. Identical code measured against itself on this setup can look that different, so smaller differences mean nothing.
  Neighbouring measurements are correlated (autocorrelation +0.21), so they were resampled in blocks of 3.
  
  Verdict: RESOLVED. A is faster than B: the difference is real, as its interval excludes zero and it exceeds the noise floor.
  
  Warnings:
    - the program holds 181 MB of live data, more than the caches of many machines; for data that size, where it lies in memory can shift the result by several points in ways the interval does not cover, and differently in the next process; run the comparison in several processes with the multiproc package
    - in 50% of A/A runs this setup reported a difference between identical code, well above the 10% expected; treat any confidence from it with suspicion

checksum 1363976455700116627
