== street natural n=65536 valuesFor: ordered vs btree-sets
A: 157.1 ns per operation (median)
B: 405 ns per operation (median)
A needs 61.3% less time than B: B takes 2.59 times as long as A.
With 95% confidence the difference lies between 58.7% and 62.9% less time (B takes between 2.42 and 2.69 times as long as A).
Noise floor: 4.77%. Identical code measured against itself on this setup can look that different, so smaller differences mean nothing.
Neighbouring measurements are nearly independent (autocorrelation -0.59), so they were resampled one by one.

Verdict: RESOLVED. A is faster than B: the difference is real, as its interval excludes zero and it exceeds the noise floor.

Warnings:
  - the program holds 144 MB of live data, more than the caches of many machines; for data that size, where it lies in memory can shift the result by several points in ways the interval does not cover, and differently in the next process; run the comparison in several processes with the multiproc package

== street natural n=65536 valuesFor: ordered vs baseline
A: 144.9 ns per operation (median)
B: 144.8 ns per operation (median)
A needs 1.11% more time than B: B takes only 0.99 times as long as A.
With 95% confidence the difference lies between 2.41% more time and 2.56% less time (B takes between 0.976 and 1.03 times as long as A).
Noise floor: 2.02%. Identical code measured against itself on this setup can look that different, so smaller differences mean nothing.
Neighbouring measurements are nearly independent (autocorrelation -0.18), so they were resampled one by one.

Verdict: NOT RESOLVED. This run did not establish which candidate is faster. That is not the same as "equally fast": the warnings below say what is missing.

Warnings:
  - the difference of -1.11% does not clear the 2.02% noise floor, which is what this setup reports between two runs of identical code
  - the interval [-2.41%, 2.56%] includes zero, so a difference in either direction is consistent with these measurements
  - the program holds 144 MB of live data, more than the caches of many machines; for data that size, where it lies in memory can shift the result by several points in ways the interval does not cover, and differently in the next process; run the comparison in several processes with the multiproc package
  - 5.2% of bootstrap replicates tied, so the measurement is coarse relative to the question; lower CollectOptions.MaxQuantizationError to lengthen the batches

== street natural n=65536 valuesFor: ordered vs ordered-mk1
A: 144.2 ns per operation (median)
B: 139.8 ns per operation (median)
A needs 3.89% more time than B: B takes only 0.96 times as long as A.
With 95% confidence the difference lies between 1.88% and 5.71% more time (B takes between 0.946 and 0.98 times as long as A).
Noise floor: 0.606%. Identical code measured against itself on this setup can look that different, so smaller differences mean nothing.
Neighbouring measurements are nearly independent (autocorrelation -0.03), so they were resampled one by one.

Verdict: RESOLVED. A is slower than B: the difference is real, as its interval excludes zero and it exceeds the noise floor.

Warnings:
  - the program holds 175 MB of live data, more than the caches of many machines; for data that size, where it lies in memory can shift the result by several points in ways the interval does not cover, and differently in the next process; run the comparison in several processes with the multiproc package

== street natural n=65536 valuesFor: ordered vs ordered-mk2
A: 143.8 ns per operation (median)
B: 144.1 ns per operation (median)
A needs 0.644% less time than B: B takes 1.01 times as long as A.
With 95% confidence the difference lies between 0.731% more time and 2.22% less time (B takes between 0.993 and 1.02 times as long as A).
Noise floor: 0.799%. Identical code measured against itself on this setup can look that different, so smaller differences mean nothing.
Neighbouring measurements are nearly independent (autocorrelation -0.27), so they were resampled one by one.

Verdict: NOT RESOLVED. This run did not establish which candidate is faster. That is not the same as "equally fast": the warnings below say what is missing.

Warnings:
  - the difference of 0.64% does not clear the 0.80% noise floor, which is what this setup reports between two runs of identical code
  - the interval [-0.73%, 2.22%] includes zero, so a difference in either direction is consistent with these measurements
  - the program holds 175 MB of live data, more than the caches of many machines; for data that size, where it lies in memory can shift the result by several points in ways the interval does not cover, and differently in the next process; run the comparison in several processes with the multiproc package

== street natural n=65536 valuesFor: ordered vs ordered-mk4
A: 141.8 ns per operation (median)
B: 143 ns per operation (median)
A needs 1.33% less time than B: B takes 1.01 times as long as A.
With 95% confidence the difference lies between 1.23% more time and 2.38% less time (B takes between 0.988 and 1.02 times as long as A).
Noise floor: 0.899%. Identical code measured against itself on this setup can look that different, so smaller differences mean nothing.
Neighbouring measurements are nearly independent (autocorrelation -0.11), so they were resampled one by one.

Verdict: NOT RESOLVED. This run did not establish which candidate is faster. That is not the same as "equally fast": the warnings below say what is missing.

Warnings:
  - the interval [-1.23%, 2.38%] includes zero, so a difference in either direction is consistent with these measurements
  - the program holds 175 MB of live data, more than the caches of many machines; for data that size, where it lies in memory can shift the result by several points in ways the interval does not cover, and differently in the next process; run the comparison in several processes with the multiproc package
  - candidate B drifted during the run: its measurements were 2.13% higher in the second half than in the first, so the machine did not hold still

== street natural n=65536 valuesBetween: ordered vs btree-sets
A: 1891 ns per operation (median)
B: 9338 ns per operation (median)
A needs 79.8% less time than B: B takes 4.95 times as long as A.
With 95% confidence the difference lies between 79.4% and 80.1% less time (B takes between 4.86 and 5.04 times as long as A).
Noise floor: 1.15%. Identical code measured against itself on this setup can look that different, so smaller differences mean nothing.
Neighbouring measurements are nearly independent (autocorrelation -0.35), so they were resampled one by one.

Verdict: RESOLVED. A is faster than B: the difference is real, as its interval excludes zero and it exceeds the noise floor.

Warnings:
  - the program holds 175 MB of live data, more than the caches of many machines; for data that size, where it lies in memory can shift the result by several points in ways the interval does not cover, and differently in the next process; run the comparison in several processes with the multiproc package

== street natural n=65536 valuesBetween: ordered vs baseline
A: 1811 ns per operation (median)
B: 4031 ns per operation (median)
A needs 54.5% less time than B: B takes 2.20 times as long as A.
With 95% confidence the difference lies between 53.4% and 56.4% less time (B takes between 2.15 and 2.29 times as long as A).
Noise floor: 1.53%. Identical code measured against itself on this setup can look that different, so smaller differences mean nothing.
Neighbouring measurements are nearly independent (autocorrelation -0.37), so they were resampled one by one.

Verdict: RESOLVED. A is faster than B: the difference is real, as its interval excludes zero and it exceeds the noise floor.

Warnings:
  - the program holds 175 MB of live data, more than the caches of many machines; for data that size, where it lies in memory can shift the result by several points in ways the interval does not cover, and differently in the next process; run the comparison in several processes with the multiproc package

== street natural n=65536 valuesBetween: ordered vs ordered-mk1
A: 1800 ns per operation (median)
B: 5075 ns per operation (median)
A needs 64.4% less time than B: B takes 2.81 times as long as A.
With 95% confidence the difference lies between 63.5% and 65.4% less time (B takes between 2.74 and 2.89 times as long as A).
Noise floor: 2.01%. Identical code measured against itself on this setup can look that different, so smaller differences mean nothing.
Neighbouring measurements are nearly independent (autocorrelation +0.15), so they were resampled one by one.

Verdict: RESOLVED. A is faster than B: the difference is real, as its interval excludes zero and it exceeds the noise floor.

Warnings:
  - the program holds 175 MB of live data, more than the caches of many machines; for data that size, where it lies in memory can shift the result by several points in ways the interval does not cover, and differently in the next process; run the comparison in several processes with the multiproc package

== street natural n=65536 valuesBetween: ordered vs ordered-mk2
A: 1774 ns per operation (median)
B: 3986 ns per operation (median)
A needs 55.6% less time than B: B takes 2.25 times as long as A.
With 95% confidence the difference lies between 54.1% and 56.4% less time (B takes between 2.18 and 2.29 times as long as A).
Noise floor: 1.27%. Identical code measured against itself on this setup can look that different, so smaller differences mean nothing.
Neighbouring measurements are nearly independent (autocorrelation -0.33), so they were resampled one by one.

Verdict: RESOLVED. A is faster than B: the difference is real, as its interval excludes zero and it exceeds the noise floor.

Warnings:
  - the program holds 175 MB of live data, more than the caches of many machines; for data that size, where it lies in memory can shift the result by several points in ways the interval does not cover, and differently in the next process; run the comparison in several processes with the multiproc package

== street natural n=65536 valuesBetween: ordered vs ordered-mk4
A: 1784 ns per operation (median)
B: 3142 ns per operation (median)
A needs 43.2% less time than B: B takes 1.76 times as long as A.
With 95% confidence the difference lies between 42% and 44.1% less time (B takes between 1.73 and 1.79 times as long as A).
Noise floor: 0.84%. Identical code measured against itself on this setup can look that different, so smaller differences mean nothing.
Neighbouring measurements are nearly independent (autocorrelation -0.34), so they were resampled one by one.

Verdict: RESOLVED. A is faster than B: the difference is real, as its interval excludes zero and it exceeds the noise floor.

Warnings:
  - the program holds 175 MB of live data, more than the caches of many machines; for data that size, where it lies in memory can shift the result by several points in ways the interval does not cover, and differently in the next process; run the comparison in several processes with the multiproc package

== street natural n=65536 churn and build: ordered vs btree-sets
steady state, per insertion or deletion in a structure of 185027 elements (cycle of 483790 operations, first pass untimed):
  A: 335.6 ns per operation (median)
  B: 506.6 ns per operation (median)
  A needs 33.8% less time than B: B takes 1.51 times as long as A.
  With 95% confidence the difference lies between 33.2% and 34.8% less time (B takes between 1.5 and 1.53 times as long as A).
  Noise floor: 1.77%. Identical code measured against itself on this setup can look that different, so smaller differences mean nothing.
  Neighbouring measurements are correlated (autocorrelation +0.32), so they were resampled in blocks of 3.
  
  Verdict: RESOLVED. A is faster than B: the difference is real, as its interval excludes zero and it exceeds the noise floor.
  
  Warnings:
    - the program holds 217 MB of live data, more than the caches of many machines; for data that size, where it lies in memory can shift the result by several points in ways the interval does not cover, and differently in the next process; run the comparison in several processes with the multiproc package
    - candidate A drifted during the run: its measurements were 3.43% higher in the second half than in the first, so the machine did not hold still
    - the ratio B/A was 2.47% lower in the second half of the run than in the first, so the candidates had not reached a steady state and the difference depends on how long the run was; a common cause is a head start for whichever candidate ran alone last before the comparison or had its data built last, which a longer CollectOptions.WarmupDuration removes

build from empty to 185027 elements, per whole build (663737 operations):
  A: 1.828e+08 ns per operation (median)
  B: 2.876e+08 ns per operation (median)
  A needs 36.5% less time than B: B takes 1.58 times as long as A.
  With 95% confidence the difference lies between 36.2% and 37% less time (B takes between 1.57 and 1.59 times as long as A).
  Noise floor: 0.887%. Identical code measured against itself on this setup can look that different, so smaller differences mean nothing.
  Neighbouring measurements are correlated (autocorrelation +0.25), so they were resampled in blocks of 3.
  
  Verdict: RESOLVED. A is faster than B: the difference is real, as its interval excludes zero and it exceeds the noise floor.
  
  Warnings:
    - the program holds 185 MB of live data, more than the caches of many machines; for data that size, where it lies in memory can shift the result by several points in ways the interval does not cover, and differently in the next process; run the comparison in several processes with the multiproc package

== street natural n=65536 churn and build: ordered vs baseline
steady state, per insertion or deletion in a structure of 185027 elements (cycle of 483790 operations, first pass untimed):
  A: 279.5 ns per operation (median)
  B: 252.3 ns per operation (median)
  A needs 15.8% more time than B: B takes only 0.86 times as long as A.
  With 95% confidence the difference lies between 4.84% and 19.1% more time (B takes between 0.839 and 0.95 times as long as A).
  Noise floor: 9.27%. Identical code measured against itself on this setup can look that different, so smaller differences mean nothing.
  Neighbouring measurements are nearly independent (autocorrelation -0.07), so they were resampled one by one.
  
  Verdict: RESOLVED. A is slower than B: the difference is real, as its interval excludes zero and it exceeds the noise floor.
  
  Warnings:
    - the program holds 200 MB of live data, more than the caches of many machines; for data that size, where it lies in memory can shift the result by several points in ways the interval does not cover, and differently in the next process; run the comparison in several processes with the multiproc package

build from empty to 185027 elements, per whole build (663737 operations):
  A: 1.816e+08 ns per operation (median)
  B: 1.584e+08 ns per operation (median)
  A needs 14.6% more time than B: B takes only 0.87 times as long as A.
  With 95% confidence the difference lies between 14.1% and 15% more time (B takes between 0.87 and 0.88 times as long as A).
  Noise floor: 0.458%. Identical code measured against itself on this setup can look that different, so smaller differences mean nothing.
  Neighbouring measurements are nearly independent (autocorrelation -0.11), so they were resampled one by one.
  
  Verdict: RESOLVED. A is slower than B: the difference is real, as its interval excludes zero and it exceeds the noise floor.
  
  Warnings:
    - the program holds 185 MB of live data, more than the caches of many machines; for data that size, where it lies in memory can shift the result by several points in ways the interval does not cover, and differently in the next process; run the comparison in several processes with the multiproc package
    - in 50% of A/A runs this setup reported a difference between identical code, well above the 10% expected; treat any confidence from it with suspicion

== street natural n=65536 churn and build: ordered vs ordered-mk1
steady state, per insertion or deletion in a structure of 185027 elements (cycle of 483790 operations, first pass untimed):
  A: 294.7 ns per operation (median)
  B: 293.7 ns per operation (median)
  A needs 0.745% more time than B: B takes only 0.99 times as long as A.
  With 95% confidence the difference lies between 6.1% more time and 14% less time (B takes between 0.943 and 1.16 times as long as A).
  Noise floor: 8.38%. Identical code measured against itself on this setup can look that different, so smaller differences mean nothing.
  Neighbouring measurements are nearly independent (autocorrelation -0.63), so they were resampled one by one.
  
  Verdict: NOT RESOLVED. This run did not establish which candidate is faster. That is not the same as "equally fast": the warnings below say what is missing.
  
  Warnings:
    - the difference of -0.74% does not clear the 8.38% noise floor, which is what this setup reports between two runs of identical code
    - the interval [-6.10%, 13.98%] includes zero, so a difference in either direction is consistent with these measurements
    - the program holds 204 MB of live data, more than the caches of many machines; for data that size, where it lies in memory can shift the result by several points in ways the interval does not cover, and differently in the next process; run the comparison in several processes with the multiproc package

build from empty to 185027 elements, per whole build (663737 operations):
  A: 1.823e+08 ns per operation (median)
  B: 1.724e+08 ns per operation (median)
  A needs 5.89% more time than B: B takes only 0.94 times as long as A.
  With 95% confidence the difference lies between 5.4% and 6.49% more time (B takes between 0.939 and 0.95 times as long as A).
  Noise floor: 0.135%. Identical code measured against itself on this setup can look that different, so smaller differences mean nothing.
  Neighbouring measurements are nearly independent (autocorrelation -0.11), so they were resampled one by one.
  
  Verdict: RESOLVED. A is slower than B: the difference is real, as its interval excludes zero and it exceeds the noise floor.
  
  Warnings:
    - the program holds 185 MB of live data, more than the caches of many machines; for data that size, where it lies in memory can shift the result by several points in ways the interval does not cover, and differently in the next process; run the comparison in several processes with the multiproc package

== street natural n=65536 churn and build: ordered vs ordered-mk2
steady state, per insertion or deletion in a structure of 185027 elements (cycle of 483790 operations, first pass untimed):
  A: 299.8 ns per operation (median)
  B: 325.7 ns per operation (median)
  A needs 4.44% less time than B: B takes 1.05 times as long as A.
  With 95% confidence the difference lies between 3.17% and 21.1% less time (B takes between 1.03 and 1.27 times as long as A).
  Noise floor: 9.77%. Identical code measured against itself on this setup can look that different, so smaller differences mean nothing.
  Neighbouring measurements are nearly independent (autocorrelation -0.29), so they were resampled one by one.
  
  Verdict: NOT RESOLVED. This run did not establish which candidate is faster. That is not the same as "equally fast": the warnings below say what is missing.
  
  Warnings:
    - the difference of 4.44% does not clear the 9.77% noise floor, which is what this setup reports between two runs of identical code
    - the program holds 202 MB of live data, more than the caches of many machines; for data that size, where it lies in memory can shift the result by several points in ways the interval does not cover, and differently in the next process; run the comparison in several processes with the multiproc package

build from empty to 185027 elements, per whole build (663737 operations):
  A: 1.826e+08 ns per operation (median)
  B: 2.083e+08 ns per operation (median)
  A needs 12.4% less time than B: B takes 1.14 times as long as A.
  With 95% confidence the difference lies between 12.2% and 12.7% less time (B takes between 1.14 and 1.15 times as long as A).
  Noise floor: 0.981%. Identical code measured against itself on this setup can look that different, so smaller differences mean nothing.
  Neighbouring measurements are correlated (autocorrelation +0.27), so they were resampled in blocks of 3.
  
  Verdict: RESOLVED. A is faster than B: the difference is real, as its interval excludes zero and it exceeds the noise floor.
  
  Warnings:
    - the program holds 185 MB of live data, more than the caches of many machines; for data that size, where it lies in memory can shift the result by several points in ways the interval does not cover, and differently in the next process; run the comparison in several processes with the multiproc package
    - in 50% of A/A runs this setup reported a difference between identical code, well above the 10% expected; treat any confidence from it with suspicion

== street natural n=65536 churn and build: ordered vs ordered-mk4
steady state, per insertion or deletion in a structure of 185027 elements (cycle of 483790 operations, first pass untimed):
  A: 298.6 ns per operation (median)
  B: 320.6 ns per operation (median)
  A needs 1.65% less time than B: B takes 1.02 times as long as A.
  With 95% confidence the difference lies between 0.291% and 19.6% less time (B takes between 1 and 1.24 times as long as A).
  Noise floor: 8.51%. Identical code measured against itself on this setup can look that different, so smaller differences mean nothing.
  Neighbouring measurements are nearly independent (autocorrelation -0.43), so they were resampled one by one.
  
  Verdict: NOT RESOLVED. This run did not establish which candidate is faster. That is not the same as "equally fast": the warnings below say what is missing.
  
  Warnings:
    - the difference of 1.65% does not clear the 8.51% noise floor, which is what this setup reports between two runs of identical code
    - the program holds 201 MB of live data, more than the caches of many machines; for data that size, where it lies in memory can shift the result by several points in ways the interval does not cover, and differently in the next process; run the comparison in several processes with the multiproc package

build from empty to 185027 elements, per whole build (663737 operations):
  A: 1.807e+08 ns per operation (median)
  B: 2.05e+08 ns per operation (median)
  A needs 11.9% less time than B: B takes 1.13 times as long as A.
  With 95% confidence the difference lies between 11.4% and 12.1% less time (B takes between 1.13 and 1.14 times as long as A).
  Noise floor: 0.424%. Identical code measured against itself on this setup can look that different, so smaller differences mean nothing.
  Neighbouring measurements are nearly independent (autocorrelation -0.16), so they were resampled one by one.
  
  Verdict: RESOLVED. A is faster than B: the difference is real, as its interval excludes zero and it exceeds the noise floor.
  
  Warnings:
    - the program holds 185 MB of live data, more than the caches of many machines; for data that size, where it lies in memory can shift the result by several points in ways the interval does not cover, and differently in the next process; run the comparison in several processes with the multiproc package
    - in 50% of A/A runs this setup reported a difference between identical code, well above the 10% expected; treat any confidence from it with suspicion

checksum 2489542636031
== street natural n=65536 valuesFor: ordered vs btree-sets
A: 156.8 ns per operation (median)
B: 412.2 ns per operation (median)
A needs 62.7% less time than B: B takes 2.68 times as long as A.
With 95% confidence the difference lies between 59.4% and 63.4% less time (B takes between 2.46 and 2.73 times as long as A).
Noise floor: 4.65%. Identical code measured against itself on this setup can look that different, so smaller differences mean nothing.
Neighbouring measurements are nearly independent (autocorrelation -0.56), so they were resampled one by one.

Verdict: RESOLVED. A is faster than B: the difference is real, as its interval excludes zero and it exceeds the noise floor.

Warnings:
  - the program holds 160 MB of live data, more than the caches of many machines; for data that size, where it lies in memory can shift the result by several points in ways the interval does not cover, and differently in the next process; run the comparison in several processes with the multiproc package

== street natural n=65536 valuesFor: ordered vs baseline
A: 145.9 ns per operation (median)
B: 148.6 ns per operation (median)
A needs 2.5% less time than B: B takes 1.03 times as long as A.
With 95% confidence the difference lies between 1.1% more time and 4.06% less time (B takes between 0.989 and 1.04 times as long as A).
Noise floor: 0.85%. Identical code measured against itself on this setup can look that different, so smaller differences mean nothing.
Neighbouring measurements are nearly independent (autocorrelation -0.06), so they were resampled one by one.

Verdict: NOT RESOLVED. This run did not establish which candidate is faster. That is not the same as "equally fast": the warnings below say what is missing.

Warnings:
  - the interval [-1.10%, 4.06%] includes zero, so a difference in either direction is consistent with these measurements
  - the program holds 160 MB of live data, more than the caches of many machines; for data that size, where it lies in memory can shift the result by several points in ways the interval does not cover, and differently in the next process; run the comparison in several processes with the multiproc package
  - candidate A drifted during the run: its measurements were 12.4% higher in the second half than in the first, so the machine did not hold still
  - candidate B drifted during the run: its measurements were 22.8% higher in the second half than in the first, so the machine did not hold still
  - the ratio B/A was 5.85% higher in the second half of the run than in the first, so the candidates had not reached a steady state and the difference depends on how long the run was; a common cause is a head start for whichever candidate ran alone last before the comparison or had its data built last, which a longer CollectOptions.WarmupDuration removes

== street natural n=65536 valuesFor: ordered vs ordered-mk1
A: 142.6 ns per operation (median)
B: 135.6 ns per operation (median)
A needs 5.01% more time than B: B takes only 0.95 times as long as A.
With 95% confidence the difference lies between 3.31% and 7% more time (B takes between 0.935 and 0.97 times as long as A).
Noise floor: 2.72%. Identical code measured against itself on this setup can look that different, so smaller differences mean nothing.
Neighbouring measurements are correlated (autocorrelation +0.36), so they were resampled in blocks of 3.

Verdict: RESOLVED. A is slower than B: the difference is real, as its interval excludes zero and it exceeds the noise floor.

Warnings:
  - the program holds 160 MB of live data, more than the caches of many machines; for data that size, where it lies in memory can shift the result by several points in ways the interval does not cover, and differently in the next process; run the comparison in several processes with the multiproc package
  - candidate B drifted during the run: its measurements were 3.44% lower in the second half than in the first, so the machine did not hold still

== street natural n=65536 valuesFor: ordered vs ordered-mk2
A: 142.4 ns per operation (median)
B: 141.8 ns per operation (median)
A needs 0.00871% more time than B: B takes only 1.00 times as long as A.
With 95% confidence the difference lies between 2.05% more time and 0.902% less time (B takes between 0.98 and 1.01 times as long as A).
Noise floor: 1.8%. Identical code measured against itself on this setup can look that different, so smaller differences mean nothing.
Neighbouring measurements are nearly independent (autocorrelation -0.10), so they were resampled one by one.

Verdict: NOT RESOLVED. This run did not establish which candidate is faster. That is not the same as "equally fast": the warnings below say what is missing.

Warnings:
  - the difference of -0.01% does not clear the 1.80% noise floor, which is what this setup reports between two runs of identical code
  - the interval [-2.05%, 0.90%] includes zero, so a difference in either direction is consistent with these measurements
  - the program holds 160 MB of live data, more than the caches of many machines; for data that size, where it lies in memory can shift the result by several points in ways the interval does not cover, and differently in the next process; run the comparison in several processes with the multiproc package

== street natural n=65536 valuesFor: ordered vs ordered-mk4
A: 142.8 ns per operation (median)
B: 145.1 ns per operation (median)
A needs 1.44% less time than B: B takes 1.01 times as long as A.
With 95% confidence the difference lies between 0.504% and 3.63% less time (B takes between 1.01 and 1.04 times as long as A).
Noise floor: 1.36%. Identical code measured against itself on this setup can look that different, so smaller differences mean nothing.
Neighbouring measurements are nearly independent (autocorrelation -0.33), so they were resampled one by one.

Verdict: RESOLVED. A is faster than B: the difference is real, as its interval excludes zero and it exceeds the noise floor.

Warnings:
  - the program holds 160 MB of live data, more than the caches of many machines; for data that size, where it lies in memory can shift the result by several points in ways the interval does not cover, and differently in the next process; run the comparison in several processes with the multiproc package

== street natural n=65536 valuesBetween: ordered vs btree-sets
A: 1953 ns per operation (median)
B: 9767 ns per operation (median)
A needs 79.8% less time than B: B takes 4.95 times as long as A.
With 95% confidence the difference lies between 79.1% and 80.6% less time (B takes between 4.79 and 5.14 times as long as A).
Noise floor: 0.924%. Identical code measured against itself on this setup can look that different, so smaller differences mean nothing.
Neighbouring measurements are nearly independent (autocorrelation -0.36), so they were resampled one by one.

Verdict: RESOLVED. A is faster than B: the difference is real, as its interval excludes zero and it exceeds the noise floor.

Warnings:
  - the program holds 160 MB of live data, more than the caches of many machines; for data that size, where it lies in memory can shift the result by several points in ways the interval does not cover, and differently in the next process; run the comparison in several processes with the multiproc package
  - candidate A drifted during the run: its measurements were 11.5% higher in the second half than in the first, so the machine did not hold still
  - candidate B drifted during the run: its measurements were 15.2% higher in the second half than in the first, so the machine did not hold still

== street natural n=65536 valuesBetween: ordered vs baseline
A: 1823 ns per operation (median)
B: 4056 ns per operation (median)
A needs 55.1% less time than B: B takes 2.23 times as long as A.
With 95% confidence the difference lies between 53.9% and 56.8% less time (B takes between 2.17 and 2.32 times as long as A).
Noise floor: 1.18%. Identical code measured against itself on this setup can look that different, so smaller differences mean nothing.
Neighbouring measurements are nearly independent (autocorrelation -0.28), so they were resampled one by one.

Verdict: RESOLVED. A is faster than B: the difference is real, as its interval excludes zero and it exceeds the noise floor.

Warnings:
  - the program holds 160 MB of live data, more than the caches of many machines; for data that size, where it lies in memory can shift the result by several points in ways the interval does not cover, and differently in the next process; run the comparison in several processes with the multiproc package

== street natural n=65536 valuesBetween: ordered vs ordered-mk1
A: 1793 ns per operation (median)
B: 4900 ns per operation (median)
A needs 63.6% less time than B: B takes 2.75 times as long as A.
With 95% confidence the difference lies between 63% and 64.1% less time (B takes between 2.7 and 2.79 times as long as A).
Noise floor: 0.741%. Identical code measured against itself on this setup can look that different, so smaller differences mean nothing.
Neighbouring measurements are correlated (autocorrelation +0.69), so they were resampled in blocks of 3.

Verdict: RESOLVED. A is faster than B: the difference is real, as its interval excludes zero and it exceeds the noise floor.

Warnings:
  - the program holds 160 MB of live data, more than the caches of many machines; for data that size, where it lies in memory can shift the result by several points in ways the interval does not cover, and differently in the next process; run the comparison in several processes with the multiproc package

== street natural n=65536 valuesBetween: ordered vs ordered-mk2
A: 1818 ns per operation (median)
B: 3981 ns per operation (median)
A needs 55% less time than B: B takes 2.22 times as long as A.
With 95% confidence the difference lies between 53.6% and 55.7% less time (B takes between 2.15 and 2.25 times as long as A).
Noise floor: 1.65%. Identical code measured against itself on this setup can look that different, so smaller differences mean nothing.
Neighbouring measurements are nearly independent (autocorrelation -0.19), so they were resampled one by one.

Verdict: RESOLVED. A is faster than B: the difference is real, as its interval excludes zero and it exceeds the noise floor.

Warnings:
  - the program holds 175 MB of live data, more than the caches of many machines; for data that size, where it lies in memory can shift the result by several points in ways the interval does not cover, and differently in the next process; run the comparison in several processes with the multiproc package
  - in 50% of A/A runs this setup reported a difference between identical code, well above the 10% expected; treat any confidence from it with suspicion

== street natural n=65536 valuesBetween: ordered vs ordered-mk4
A: 1783 ns per operation (median)
B: 3114 ns per operation (median)
A needs 42.4% less time than B: B takes 1.74 times as long as A.
With 95% confidence the difference lies between 41.6% and 44.8% less time (B takes between 1.71 and 1.81 times as long as A).
Noise floor: 1.58%. Identical code measured against itself on this setup can look that different, so smaller differences mean nothing.
Neighbouring measurements are nearly independent (autocorrelation -0.40), so they were resampled one by one.

Verdict: RESOLVED. A is faster than B: the difference is real, as its interval excludes zero and it exceeds the noise floor.

Warnings:
  - the program holds 175 MB of live data, more than the caches of many machines; for data that size, where it lies in memory can shift the result by several points in ways the interval does not cover, and differently in the next process; run the comparison in several processes with the multiproc package

== street natural n=65536 churn and build: ordered vs btree-sets
steady state, per insertion or deletion in a structure of 185027 elements (cycle of 483790 operations, first pass untimed):
  A: 413 ns per operation (median)
  B: 608.7 ns per operation (median)
  A needs 33.4% less time than B: B takes 1.50 times as long as A.
  With 95% confidence the difference lies between 32.4% and 34.3% less time (B takes between 1.48 and 1.52 times as long as A).
  Noise floor: 0.466%. Identical code measured against itself on this setup can look that different, so smaller differences mean nothing.
  Neighbouring measurements are correlated (autocorrelation +0.30), so they were resampled in blocks of 3.
  
  Verdict: RESOLVED. A is faster than B: the difference is real, as its interval excludes zero and it exceeds the noise floor.
  
  Warnings:
    - the program holds 206 MB of live data, more than the caches of many machines; for data that size, where it lies in memory can shift the result by several points in ways the interval does not cover, and differently in the next process; run the comparison in several processes with the multiproc package
    - candidate A drifted during the run: its measurements were 22.6% higher in the second half than in the first, so the machine did not hold still
    - candidate B drifted during the run: its measurements were 22.5% higher in the second half than in the first, so the machine did not hold still
    - 5.2% of bootstrap replicates tied, so the measurement is coarse relative to the question; lower CollectOptions.MaxQuantizationError to lengthen the batches

build from empty to 185027 elements, per whole build (663737 operations):
  A: 1.816e+08 ns per operation (median)
  B: 2.874e+08 ns per operation (median)
  A needs 36.8% less time than B: B takes 1.58 times as long as A.
  With 95% confidence the difference lies between 36.6% and 38.2% less time (B takes between 1.58 and 1.62 times as long as A).
  Noise floor: 0.316%. Identical code measured against itself on this setup can look that different, so smaller differences mean nothing.
  Neighbouring measurements are nearly independent (autocorrelation -0.12), so they were resampled one by one.
  
  Verdict: RESOLVED. A is faster than B: the difference is real, as its interval excludes zero and it exceeds the noise floor.
  
  Warnings:
    - the program holds 184 MB of live data, more than the caches of many machines; for data that size, where it lies in memory can shift the result by several points in ways the interval does not cover, and differently in the next process; run the comparison in several processes with the multiproc package

== street natural n=65536 churn and build: ordered vs baseline
steady state, per insertion or deletion in a structure of 185027 elements (cycle of 483790 operations, first pass untimed):
  A: 303.1 ns per operation (median)
  B: 277 ns per operation (median)
  A needs 9.06% more time than B: B takes only 0.92 times as long as A.
  With 95% confidence the difference lies between 17% more time and 0.0544% less time (B takes between 0.855 and 1.00 times as long as A).
  Noise floor: 6.43%. Identical code measured against itself on this setup can look that different, so smaller differences mean nothing.
  Neighbouring measurements are nearly independent (autocorrelation -0.47), so they were resampled one by one.
  
  Verdict: NOT RESOLVED. This run did not establish which candidate is faster. That is not the same as "equally fast": the warnings below say what is missing.
  
  Warnings:
    - the interval [-17.03%, 0.05%] includes zero, so a difference in either direction is consistent with these measurements
    - the program holds 201 MB of live data, more than the caches of many machines; for data that size, where it lies in memory can shift the result by several points in ways the interval does not cover, and differently in the next process; run the comparison in several processes with the multiproc package

build from empty to 185027 elements, per whole build (663737 operations):
  A: 1.818e+08 ns per operation (median)
  B: 1.607e+08 ns per operation (median)
  A needs 13.5% more time than B: B takes only 0.88 times as long as A.
  With 95% confidence the difference lies between 12.3% and 13.7% more time (B takes between 0.879 and 0.89 times as long as A).
  Noise floor: 0.553%. Identical code measured against itself on this setup can look that different, so smaller differences mean nothing.
  Neighbouring measurements are nearly independent (autocorrelation +0.09), so they were resampled one by one.
  
  Verdict: RESOLVED. A is slower than B: the difference is real, as its interval excludes zero and it exceeds the noise floor.
  
  Warnings:
    - the program holds 184 MB of live data, more than the caches of many machines; for data that size, where it lies in memory can shift the result by several points in ways the interval does not cover, and differently in the next process; run the comparison in several processes with the multiproc package
    - in 50% of A/A runs this setup reported a difference between identical code, well above the 10% expected; treat any confidence from it with suspicion

== street natural n=65536 churn and build: ordered vs ordered-mk1
steady state, per insertion or deletion in a structure of 185027 elements (cycle of 483790 operations, first pass untimed):
  A: 303.6 ns per operation (median)
  B: 321.6 ns per operation (median)
  A needs 7.41% less time than B: B takes 1.08 times as long as A.
  With 95% confidence the difference lies between 7.38% more time and 17.2% less time (B takes between 0.931 and 1.21 times as long as A).
  Noise floor: 9.19%. Identical code measured against itself on this setup can look that different, so smaller differences mean nothing.
  Neighbouring measurements are nearly independent (autocorrelation -0.70), so they were resampled one by one.
  
  Verdict: NOT RESOLVED. This run did not establish which candidate is faster. That is not the same as "equally fast": the warnings below say what is missing.
  
  Warnings:
    - the difference of 7.41% does not clear the 9.19% noise floor, which is what this setup reports between two runs of identical code
    - the interval [-7.38%, 17.16%] includes zero, so a difference in either direction is consistent with these measurements
    - the program holds 204 MB of live data, more than the caches of many machines; for data that size, where it lies in memory can shift the result by several points in ways the interval does not cover, and differently in the next process; run the comparison in several processes with the multiproc package

build from empty to 185027 elements, per whole build (663737 operations):
  A: 1.815e+08 ns per operation (median)
  B: 1.735e+08 ns per operation (median)
  A needs 4.53% more time than B: B takes only 0.96 times as long as A.
  With 95% confidence the difference lies between 4.33% and 5.14% more time (B takes between 0.951 and 0.96 times as long as A).
  Noise floor: 0.0985%. Identical code measured against itself on this setup can look that different, so smaller differences mean nothing.
  Neighbouring measurements are nearly independent (autocorrelation +0.10), so they were resampled one by one.
  
  Verdict: RESOLVED. A is slower than B: the difference is real, as its interval excludes zero and it exceeds the noise floor.
  
  Warnings:
    - the program holds 184 MB of live data, more than the caches of many machines; for data that size, where it lies in memory can shift the result by several points in ways the interval does not cover, and differently in the next process; run the comparison in several processes with the multiproc package
    - in 50% of A/A runs this setup reported a difference between identical code, well above the 10% expected; treat any confidence from it with suspicion

== street natural n=65536 churn and build: ordered vs ordered-mk2
steady state, per insertion or deletion in a structure of 185027 elements (cycle of 483790 operations, first pass untimed):
  A: 300.4 ns per operation (median)
  B: 321.5 ns per operation (median)
  A needs 4.59% less time than B: B takes 1.05 times as long as A.
  With 95% confidence the difference lies between 3.4% and 20% less time (B takes between 1.04 and 1.25 times as long as A).
  Noise floor: 9.5%. Identical code measured against itself on this setup can look that different, so smaller differences mean nothing.
  Neighbouring measurements are nearly independent (autocorrelation -0.44), so they were resampled one by one.
  
  Verdict: NOT RESOLVED. This run did not establish which candidate is faster. That is not the same as "equally fast": the warnings below say what is missing.
  
  Warnings:
    - the difference of 4.59% does not clear the 9.50% noise floor, which is what this setup reports between two runs of identical code
    - the program holds 203 MB of live data, more than the caches of many machines; for data that size, where it lies in memory can shift the result by several points in ways the interval does not cover, and differently in the next process; run the comparison in several processes with the multiproc package

build from empty to 185027 elements, per whole build (663737 operations):
  A: 1.813e+08 ns per operation (median)
  B: 2.088e+08 ns per operation (median)
  A needs 13% less time than B: B takes 1.15 times as long as A.
  With 95% confidence the difference lies between 12.7% and 13.4% less time (B takes between 1.15 and 1.16 times as long as A).
  Noise floor: 0.116%. Identical code measured against itself on this setup can look that different, so smaller differences mean nothing.
  Neighbouring measurements are nearly independent (autocorrelation +0.00), so they were resampled one by one.
  
  Verdict: RESOLVED. A is faster than B: the difference is real, as its interval excludes zero and it exceeds the noise floor.
  
  Warnings:
    - the program holds 184 MB of live data, more than the caches of many machines; for data that size, where it lies in memory can shift the result by several points in ways the interval does not cover, and differently in the next process; run the comparison in several processes with the multiproc package

== street natural n=65536 churn and build: ordered vs ordered-mk4
steady state, per insertion or deletion in a structure of 185027 elements (cycle of 483790 operations, first pass untimed):
  A: 301.8 ns per operation (median)
  B: 328.1 ns per operation (median)
  A needs 5.47% less time than B: B takes 1.06 times as long as A.
  With 95% confidence the difference lies between 0.909% and 18.4% less time (B takes between 1.01 and 1.22 times as long as A).
  Noise floor: 9.37%. Identical code measured against itself on this setup can look that different, so smaller differences mean nothing.
  Neighbouring measurements are nearly independent (autocorrelation -0.52), so they were resampled one by one.
  
  Verdict: NOT RESOLVED. This run did not establish which candidate is faster. That is not the same as "equally fast": the warnings below say what is missing.
  
  Warnings:
    - the difference of 5.47% does not clear the 9.37% noise floor, which is what this setup reports between two runs of identical code
    - the program holds 201 MB of live data, more than the caches of many machines; for data that size, where it lies in memory can shift the result by several points in ways the interval does not cover, and differently in the next process; run the comparison in several processes with the multiproc package

build from empty to 185027 elements, per whole build (663737 operations):
  A: 1.8e+08 ns per operation (median)
  B: 2.078e+08 ns per operation (median)
  A needs 13.4% less time than B: B takes 1.15 times as long as A.
  With 95% confidence the difference lies between 13.1% and 14% less time (B takes between 1.15 and 1.16 times as long as A).
  Noise floor: 0.105%. Identical code measured against itself on this setup can look that different, so smaller differences mean nothing.
  Neighbouring measurements are nearly independent (autocorrelation +0.11), so they were resampled one by one.
  
  Verdict: RESOLVED. A is faster than B: the difference is real, as its interval excludes zero and it exceeds the noise floor.
  
  Warnings:
    - the program holds 184 MB of live data, more than the caches of many machines; for data that size, where it lies in memory can shift the result by several points in ways the interval does not cover, and differently in the next process; run the comparison in several processes with the multiproc package

checksum 2424745354793
== street natural n=65536 valuesFor: ordered vs btree-sets
A: 162.2 ns per operation (median)
B: 411.9 ns per operation (median)
A needs 61% less time than B: B takes 2.56 times as long as A.
With 95% confidence the difference lies between 58.7% and 62.7% less time (B takes between 2.42 and 2.68 times as long as A).
Noise floor: 4.17%. Identical code measured against itself on this setup can look that different, so smaller differences mean nothing.
Neighbouring measurements are nearly independent (autocorrelation -0.61), so they were resampled one by one.

Verdict: RESOLVED. A is faster than B: the difference is real, as its interval excludes zero and it exceeds the noise floor.

Warnings:
  - the program holds 206 MB of live data, more than the caches of many machines; for data that size, where it lies in memory can shift the result by several points in ways the interval does not cover, and differently in the next process; run the comparison in several processes with the multiproc package

== street natural n=65536 valuesFor: ordered vs baseline
A: 145.1 ns per operation (median)
B: 144.5 ns per operation (median)
A needs 0.692% more time than B: B takes only 0.99 times as long as A.
With 95% confidence the difference lies between 1.78% more time and 2.21% less time (B takes between 0.982 and 1.02 times as long as A).
Noise floor: 1.65%. Identical code measured against itself on this setup can look that different, so smaller differences mean nothing.
Neighbouring measurements are nearly independent (autocorrelation -0.14), so they were resampled one by one.

Verdict: NOT RESOLVED. This run did not establish which candidate is faster. That is not the same as "equally fast": the warnings below say what is missing.

Warnings:
  - the difference of -0.69% does not clear the 1.65% noise floor, which is what this setup reports between two runs of identical code
  - the interval [-1.78%, 2.21%] includes zero, so a difference in either direction is consistent with these measurements
  - the program holds 206 MB of live data, more than the caches of many machines; for data that size, where it lies in memory can shift the result by several points in ways the interval does not cover, and differently in the next process; run the comparison in several processes with the multiproc package

== street natural n=65536 valuesFor: ordered vs ordered-mk1
A: 144.5 ns per operation (median)
B: 138.5 ns per operation (median)
A needs 4.93% more time than B: B takes only 0.95 times as long as A.
With 95% confidence the difference lies between 2.44% and 8.65% more time (B takes between 0.92 and 0.98 times as long as A).
Noise floor: 2.08%. Identical code measured against itself on this setup can look that different, so smaller differences mean nothing.
Neighbouring measurements are nearly independent (autocorrelation -0.10), so they were resampled one by one.

Verdict: RESOLVED. A is slower than B: the difference is real, as its interval excludes zero and it exceeds the noise floor.

Warnings:
  - the program holds 206 MB of live data, more than the caches of many machines; for data that size, where it lies in memory can shift the result by several points in ways the interval does not cover, and differently in the next process; run the comparison in several processes with the multiproc package

== street natural n=65536 valuesFor: ordered vs ordered-mk2
A: 144.2 ns per operation (median)
B: 147 ns per operation (median)
A needs 1.54% less time than B: B takes 1.02 times as long as A.
With 95% confidence the difference lies between 0.905% more time and 5.18% less time (B takes between 0.991 and 1.05 times as long as A).
Noise floor: 2.58%. Identical code measured against itself on this setup can look that different, so smaller differences mean nothing.
Neighbouring measurements are nearly independent (autocorrelation -0.06), so they were resampled one by one.

Verdict: NOT RESOLVED. This run did not establish which candidate is faster. That is not the same as "equally fast": the warnings below say what is missing.

Warnings:
  - the difference of 1.54% does not clear the 2.58% noise floor, which is what this setup reports between two runs of identical code
  - the interval [-0.91%, 5.18%] includes zero, so a difference in either direction is consistent with these measurements
  - the program holds 206 MB of live data, more than the caches of many machines; for data that size, where it lies in memory can shift the result by several points in ways the interval does not cover, and differently in the next process; run the comparison in several processes with the multiproc package
  - in 50% of A/A runs this setup reported a difference between identical code, well above the 10% expected; treat any confidence from it with suspicion

== street natural n=65536 valuesFor: ordered vs ordered-mk4
A: 154.5 ns per operation (median)
B: 162.7 ns per operation (median)
A needs 4.7% less time than B: B takes 1.05 times as long as A.
With 95% confidence the difference lies between 0.161% and 9.05% less time (B takes between 1 and 1.10 times as long as A).
Noise floor: 1.08%. Identical code measured against itself on this setup can look that different, so smaller differences mean nothing.
Neighbouring measurements are nearly independent (autocorrelation +0.03), so they were resampled one by one.

Verdict: RESOLVED. A is faster than B: the difference is real, as its interval excludes zero and it exceeds the noise floor.

Warnings:
  - the program holds 206 MB of live data, more than the caches of many machines; for data that size, where it lies in memory can shift the result by several points in ways the interval does not cover, and differently in the next process; run the comparison in several processes with the multiproc package
  - candidate A drifted during the run: its measurements were 5.63% lower in the second half than in the first, so the machine did not hold still
  - candidate B drifted during the run: its measurements were 4.95% lower in the second half than in the first, so the machine did not hold still

== street natural n=65536 valuesBetween: ordered vs btree-sets
A: 2008 ns per operation (median)
B: 9648 ns per operation (median)
A needs 79.4% less time than B: B takes 4.86 times as long as A.
With 95% confidence the difference lies between 78.9% and 80.3% less time (B takes between 4.73 and 5.07 times as long as A).
Noise floor: 1.31%. Identical code measured against itself on this setup can look that different, so smaller differences mean nothing.
Neighbouring measurements are nearly independent (autocorrelation -0.46), so they were resampled one by one.

Verdict: RESOLVED. A is faster than B: the difference is real, as its interval excludes zero and it exceeds the noise floor.

Warnings:
  - the program holds 206 MB of live data, more than the caches of many machines; for data that size, where it lies in memory can shift the result by several points in ways the interval does not cover, and differently in the next process; run the comparison in several processes with the multiproc package
  - candidate A drifted during the run: its measurements were 6.65% lower in the second half than in the first, so the machine did not hold still
  - candidate B drifted during the run: its measurements were 9.21% lower in the second half than in the first, so the machine did not hold still

== street natural n=65536 valuesBetween: ordered vs baseline
A: 1830 ns per operation (median)
B: 4033 ns per operation (median)
A needs 54.3% less time than B: B takes 2.19 times as long as A.
With 95% confidence the difference lies between 53.1% and 56.3% less time (B takes between 2.13 and 2.29 times as long as A).
Noise floor: 1.28%. Identical code measured against itself on this setup can look that different, so smaller differences mean nothing.
Neighbouring measurements are nearly independent (autocorrelation +0.18), so they were resampled one by one.

Verdict: RESOLVED. A is faster than B: the difference is real, as its interval excludes zero and it exceeds the noise floor.

Warnings:
  - the program holds 206 MB of live data, more than the caches of many machines; for data that size, where it lies in memory can shift the result by several points in ways the interval does not cover, and differently in the next process; run the comparison in several processes with the multiproc package

== street natural n=65536 valuesBetween: ordered vs ordered-mk1
A: 1812 ns per operation (median)
B: 5030 ns per operation (median)
A needs 64.1% less time than B: B takes 2.78 times as long as A.
With 95% confidence the difference lies between 63.2% and 64.7% less time (B takes between 2.72 and 2.83 times as long as A).
Noise floor: 1.04%. Identical code measured against itself on this setup can look that different, so smaller differences mean nothing.
Neighbouring measurements are nearly independent (autocorrelation +0.01), so they were resampled one by one.

Verdict: RESOLVED. A is faster than B: the difference is real, as its interval excludes zero and it exceeds the noise floor.

Warnings:
  - the program holds 206 MB of live data, more than the caches of many machines; for data that size, where it lies in memory can shift the result by several points in ways the interval does not cover, and differently in the next process; run the comparison in several processes with the multiproc package

== street natural n=65536 valuesBetween: ordered vs ordered-mk2
A: 1816 ns per operation (median)
B: 4088 ns per operation (median)
A needs 55.6% less time than B: B takes 2.25 times as long as A.
With 95% confidence the difference lies between 54.3% and 57% less time (B takes between 2.19 and 2.33 times as long as A).
Noise floor: 1.61%. Identical code measured against itself on this setup can look that different, so smaller differences mean nothing.
Neighbouring measurements are nearly independent (autocorrelation -0.14), so they were resampled one by one.

Verdict: RESOLVED. A is faster than B: the difference is real, as its interval excludes zero and it exceeds the noise floor.

Warnings:
  - the program holds 206 MB of live data, more than the caches of many machines; for data that size, where it lies in memory can shift the result by several points in ways the interval does not cover, and differently in the next process; run the comparison in several processes with the multiproc package

== street natural n=65536 valuesBetween: ordered vs ordered-mk4
A: 1791 ns per operation (median)
B: 3118 ns per operation (median)
A needs 43.3% less time than B: B takes 1.76 times as long as A.
With 95% confidence the difference lies between 42.1% and 44% less time (B takes between 1.73 and 1.79 times as long as A).
Noise floor: 0.545%. Identical code measured against itself on this setup can look that different, so smaller differences mean nothing.
Neighbouring measurements are nearly independent (autocorrelation -0.34), so they were resampled one by one.

Verdict: RESOLVED. A is faster than B: the difference is real, as its interval excludes zero and it exceeds the noise floor.

Warnings:
  - the program holds 206 MB of live data, more than the caches of many machines; for data that size, where it lies in memory can shift the result by several points in ways the interval does not cover, and differently in the next process; run the comparison in several processes with the multiproc package

== street natural n=65536 churn and build: ordered vs btree-sets
steady state, per insertion or deletion in a structure of 185027 elements (cycle of 483790 operations, first pass untimed):
  A: 395.3 ns per operation (median)
  B: 584.6 ns per operation (median)
  A needs 33.2% less time than B: B takes 1.50 times as long as A.
  With 95% confidence the difference lies between 32.6% and 33.6% less time (B takes between 1.48 and 1.51 times as long as A).
  Noise floor: 0.952%. Identical code measured against itself on this setup can look that different, so smaller differences mean nothing.
  Neighbouring measurements are correlated (autocorrelation +0.31), so they were resampled in blocks of 3.
  
  Verdict: RESOLVED. A is faster than B: the difference is real, as its interval excludes zero and it exceeds the noise floor.
  
  Warnings:
    - the program holds 218 MB of live data, more than the caches of many machines; for data that size, where it lies in memory can shift the result by several points in ways the interval does not cover, and differently in the next process; run the comparison in several processes with the multiproc package
    - candidate A drifted during the run: its measurements were 18.9% lower in the second half than in the first, so the machine did not hold still
    - candidate B drifted during the run: its measurements were 15.1% lower in the second half than in the first, so the machine did not hold still
    - the ratio B/A was 1.16% higher in the second half of the run than in the first, so the candidates had not reached a steady state and the difference depends on how long the run was; a common cause is a head start for whichever candidate ran alone last before the comparison or had its data built last, which a longer CollectOptions.WarmupDuration removes

build from empty to 185027 elements, per whole build (663737 operations):
  A: 1.82e+08 ns per operation (median)
  B: 2.865e+08 ns per operation (median)
  A needs 36.4% less time than B: B takes 1.57 times as long as A.
  With 95% confidence the difference lies between 35.7% and 36.8% less time (B takes between 1.55 and 1.58 times as long as A).
  Noise floor: 0.375%. Identical code measured against itself on this setup can look that different, so smaller differences mean nothing.
  Neighbouring measurements are correlated (autocorrelation +0.23), so they were resampled in blocks of 3.
  
  Verdict: RESOLVED. A is faster than B: the difference is real, as its interval excludes zero and it exceeds the noise floor.
  
  Warnings:
    - the program holds 185 MB of live data, more than the caches of many machines; for data that size, where it lies in memory can shift the result by several points in ways the interval does not cover, and differently in the next process; run the comparison in several processes with the multiproc package
    - candidate B drifted during the run: its measurements were 0.616% lower in the second half than in the first, so the machine did not hold still
    - the ratio B/A was 1.37% lower in the second half of the run than in the first, so the candidates had not reached a steady state and the difference depends on how long the run was; a common cause is a head start for whichever candidate ran alone last before the comparison or had its data built last, which a longer CollectOptions.WarmupDuration removes

== street natural n=65536 churn and build: ordered vs baseline
steady state, per insertion or deletion in a structure of 185027 elements (cycle of 483790 operations, first pass untimed):
  A: 276.7 ns per operation (median)
  B: 250.7 ns per operation (median)
  A needs 16.6% more time than B: B takes only 0.86 times as long as A.
  With 95% confidence the difference lies between 5.55% and 21.5% more time (B takes between 0.823 and 0.95 times as long as A).
  Noise floor: 10.2%. Identical code measured against itself on this setup can look that different, so smaller differences mean nothing.
  Neighbouring measurements are nearly independent (autocorrelation -0.57), so they were resampled one by one.
  
  Verdict: RESOLVED. A is slower than B: the difference is real, as its interval excludes zero and it exceeds the noise floor.
  
  Warnings:
    - the program holds 202 MB of live data, more than the caches of many machines; for data that size, where it lies in memory can shift the result by several points in ways the interval does not cover, and differently in the next process; run the comparison in several processes with the multiproc package

build from empty to 185027 elements, per whole build (663737 operations):
  A: 1.817e+08 ns per operation (median)
  B: 1.571e+08 ns per operation (median)
  A needs 15.5% more time than B: B takes only 0.87 times as long as A.
  With 95% confidence the difference lies between 10.8% and 15.8% more time (B takes between 0.864 and 0.90 times as long as A).
  Noise floor: 0.429%. Identical code measured against itself on this setup can look that different, so smaller differences mean nothing.
  Neighbouring measurements are nearly independent (autocorrelation +0.06), so they were resampled one by one.
  
  Verdict: RESOLVED. A is slower than B: the difference is real, as its interval excludes zero and it exceeds the noise floor.
  
  Warnings:
    - the program holds 185 MB of live data, more than the caches of many machines; for data that size, where it lies in memory can shift the result by several points in ways the interval does not cover, and differently in the next process; run the comparison in several processes with the multiproc package

== street natural n=65536 churn and build: ordered vs ordered-mk1
steady state, per insertion or deletion in a structure of 185027 elements (cycle of 483790 operations, first pass untimed):
  A: 295.6 ns per operation (median)
  B: 301.7 ns per operation (median)
  A needs 0.929% more time than B: B takes only 0.99 times as long as A.
  With 95% confidence the difference lies between 6.77% more time and 12.5% less time (B takes between 0.937 and 1.14 times as long as A).
  Noise floor: 7.37%. Identical code measured against itself on this setup can look that different, so smaller differences mean nothing.
  Neighbouring measurements are nearly independent (autocorrelation -0.58), so they were resampled one by one.
  
  Verdict: NOT RESOLVED. This run did not establish which candidate is faster. That is not the same as "equally fast": the warnings below say what is missing.
  
  Warnings:
    - the difference of -0.93% does not clear the 7.37% noise floor, which is what this setup reports between two runs of identical code
    - the interval [-6.77%, 12.47%] includes zero, so a difference in either direction is consistent with these measurements
    - the program holds 205 MB of live data, more than the caches of many machines; for data that size, where it lies in memory can shift the result by several points in ways the interval does not cover, and differently in the next process; run the comparison in several processes with the multiproc package

build from empty to 185027 elements, per whole build (663737 operations):
  A: 1.827e+08 ns per operation (median)
  B: 1.707e+08 ns per operation (median)
  A needs 7.08% more time than B: B takes only 0.93 times as long as A.
  With 95% confidence the difference lies between 6.55% and 7.31% more time (B takes between 0.932 and 0.94 times as long as A).
  Noise floor: 0.775%. Identical code measured against itself on this setup can look that different, so smaller differences mean nothing.
  Neighbouring measurements are nearly independent (autocorrelation +0.10), so they were resampled one by one.
  
  Verdict: RESOLVED. A is slower than B: the difference is real, as its interval excludes zero and it exceeds the noise floor.
  
  Warnings:
    - the program holds 185 MB of live data, more than the caches of many machines; for data that size, where it lies in memory can shift the result by several points in ways the interval does not cover, and differently in the next process; run the comparison in several processes with the multiproc package
    - in 50% of A/A runs this setup reported a difference between identical code, well above the 10% expected; treat any confidence from it with suspicion

== street natural n=65536 churn and build: ordered vs ordered-mk2
steady state, per insertion or deletion in a structure of 185027 elements (cycle of 483790 operations, first pass untimed):
  A: 301.7 ns per operation (median)
  B: 325.5 ns per operation (median)
  A needs 5.14% less time than B: B takes 1.05 times as long as A.
  With 95% confidence the difference lies between 2.39% and 20.8% less time (B takes between 1.02 and 1.26 times as long as A).
  Noise floor: 7.37%. Identical code measured against itself on this setup can look that different, so smaller differences mean nothing.
  Neighbouring measurements are nearly independent (autocorrelation -0.24), so they were resampled one by one.
  
  Verdict: NOT RESOLVED. This run did not establish which candidate is faster. That is not the same as "equally fast": the warnings below say what is missing.
  
  Warnings:
    - the difference of 5.14% does not clear the 7.37% noise floor, which is what this setup reports between two runs of identical code
    - the program holds 203 MB of live data, more than the caches of many machines; for data that size, where it lies in memory can shift the result by several points in ways the interval does not cover, and differently in the next process; run the comparison in several processes with the multiproc package

build from empty to 185027 elements, per whole build (663737 operations):
  A: 1.823e+08 ns per operation (median)
  B: 2.069e+08 ns per operation (median)
  A needs 11.9% less time than B: B takes 1.13 times as long as A.
  With 95% confidence the difference lies between 11.4% and 12.3% less time (B takes between 1.13 and 1.14 times as long as A).
  Noise floor: 0.149%. Identical code measured against itself on this setup can look that different, so smaller differences mean nothing.
  Neighbouring measurements are nearly independent (autocorrelation +0.06), so they were resampled one by one.
  
  Verdict: RESOLVED. A is faster than B: the difference is real, as its interval excludes zero and it exceeds the noise floor.
  
  Warnings:
    - the program holds 185 MB of live data, more than the caches of many machines; for data that size, where it lies in memory can shift the result by several points in ways the interval does not cover, and differently in the next process; run the comparison in several processes with the multiproc package

== street natural n=65536 churn and build: ordered vs ordered-mk4
steady state, per insertion or deletion in a structure of 185027 elements (cycle of 483790 operations, first pass untimed):
  A: 332.4 ns per operation (median)
  B: 372.8 ns per operation (median)
  A needs 6.41% less time than B: B takes 1.07 times as long as A.
  With 95% confidence the difference lies between 4.75% more time and 24.4% less time (B takes between 0.955 and 1.32 times as long as A).
  Noise floor: 8.19%. Identical code measured against itself on this setup can look that different, so smaller differences mean nothing.
  Neighbouring measurements are nearly independent (autocorrelation -0.39), so they were resampled one by one.
  
  Verdict: NOT RESOLVED. This run did not establish which candidate is faster. That is not the same as "equally fast": the warnings below say what is missing.
  
  Warnings:
    - the difference of 6.41% does not clear the 8.19% noise floor, which is what this setup reports between two runs of identical code
    - the interval [-4.75%, 24.42%] includes zero, so a difference in either direction is consistent with these measurements
    - the program holds 202 MB of live data, more than the caches of many machines; for data that size, where it lies in memory can shift the result by several points in ways the interval does not cover, and differently in the next process; run the comparison in several processes with the multiproc package
    - candidate A drifted during the run: its measurements were 15.6% lower in the second half than in the first, so the machine did not hold still
    - candidate B drifted during the run: its measurements were 18.1% lower in the second half than in the first, so the machine did not hold still

build from empty to 185027 elements, per whole build (663737 operations):
  A: 1.824e+08 ns per operation (median)
  B: 2.061e+08 ns per operation (median)
  A needs 11.5% less time than B: B takes 1.13 times as long as A.
  With 95% confidence the difference lies between 11.1% and 11.9% less time (B takes between 1.13 and 1.13 times as long as A).
  Noise floor: 0.886%. Identical code measured against itself on this setup can look that different, so smaller differences mean nothing.
  Neighbouring measurements are nearly independent (autocorrelation +0.13), so they were resampled one by one.
  
  Verdict: RESOLVED. A is faster than B: the difference is real, as its interval excludes zero and it exceeds the noise floor.
  
  Warnings:
    - the program holds 185 MB of live data, more than the caches of many machines; for data that size, where it lies in memory can shift the result by several points in ways the interval does not cover, and differently in the next process; run the comparison in several processes with the multiproc package
    - in 50% of A/A runs this setup reported a difference between identical code, well above the 10% expected; treat any confidence from it with suspicion

checksum 2474371135313
== street natural n=65536 valuesFor: ordered vs btree-sets
A: 166.8 ns per operation (median)
B: 407.9 ns per operation (median)
A needs 59.2% less time than B: B takes 2.45 times as long as A.
With 95% confidence the difference lies between 57.8% and 61.7% less time (B takes between 2.37 and 2.61 times as long as A).
Noise floor: 2.59%. Identical code measured against itself on this setup can look that different, so smaller differences mean nothing.
Neighbouring measurements are nearly independent (autocorrelation -0.56), so they were resampled one by one.

Verdict: RESOLVED. A is faster than B: the difference is real, as its interval excludes zero and it exceeds the noise floor.

Warnings:
  - the program holds 178 MB of live data, more than the caches of many machines; for data that size, where it lies in memory can shift the result by several points in ways the interval does not cover, and differently in the next process; run the comparison in several processes with the multiproc package

== street natural n=65536 valuesFor: ordered vs baseline
A: 146.6 ns per operation (median)
B: 144.1 ns per operation (median)
A needs 2.04% more time than B: B takes only 0.98 times as long as A.
With 95% confidence the difference lies between 0.378% and 2.97% more time (B takes between 0.971 and 1.00 times as long as A).
Noise floor: 2.56%. Identical code measured against itself on this setup can look that different, so smaller differences mean nothing.
Neighbouring measurements are nearly independent (autocorrelation -0.13), so they were resampled one by one.

Verdict: NOT RESOLVED. This run did not establish which candidate is faster. That is not the same as "equally fast": the warnings below say what is missing.

Warnings:
  - the difference of -2.04% does not clear the 2.56% noise floor, which is what this setup reports between two runs of identical code
  - the program holds 178 MB of live data, more than the caches of many machines; for data that size, where it lies in memory can shift the result by several points in ways the interval does not cover, and differently in the next process; run the comparison in several processes with the multiproc package

== street natural n=65536 valuesFor: ordered vs ordered-mk1
A: 145.6 ns per operation (median)
B: 139.3 ns per operation (median)
A needs 4.72% more time than B: B takes only 0.95 times as long as A.
With 95% confidence the difference lies between 2.58% and 6.29% more time (B takes between 0.941 and 0.97 times as long as A).
Noise floor: 2.15%. Identical code measured against itself on this setup can look that different, so smaller differences mean nothing.
Neighbouring measurements are correlated (autocorrelation +0.21), so they were resampled in blocks of 3.

Verdict: RESOLVED. A is slower than B: the difference is real, as its interval excludes zero and it exceeds the noise floor.

Warnings:
  - the program holds 178 MB of live data, more than the caches of many machines; for data that size, where it lies in memory can shift the result by several points in ways the interval does not cover, and differently in the next process; run the comparison in several processes with the multiproc package
  - candidate B drifted during the run: its measurements were 2.15% higher in the second half than in the first, so the machine did not hold still
  - 6.0% of bootstrap replicates tied, so the measurement is coarse relative to the question; lower CollectOptions.MaxQuantizationError to lengthen the batches

== street natural n=65536 valuesFor: ordered vs ordered-mk2
A: 144.2 ns per operation (median)
B: 145.2 ns per operation (median)
A needs 0.931% less time than B: B takes 1.01 times as long as A.
With 95% confidence the difference lies between 0.054% and 3.84% less time (B takes between 1 and 1.04 times as long as A).
Noise floor: 1.65%. Identical code measured against itself on this setup can look that different, so smaller differences mean nothing.
Neighbouring measurements are correlated (autocorrelation +0.45), so they were resampled in blocks of 3.

Verdict: NOT RESOLVED. This run did not establish which candidate is faster. That is not the same as "equally fast": the warnings below say what is missing.

Warnings:
  - the difference of 0.93% does not clear the 1.65% noise floor, which is what this setup reports between two runs of identical code
  - the program holds 178 MB of live data, more than the caches of many machines; for data that size, where it lies in memory can shift the result by several points in ways the interval does not cover, and differently in the next process; run the comparison in several processes with the multiproc package

== street natural n=65536 valuesFor: ordered vs ordered-mk4
A: 145.2 ns per operation (median)
B: 144.3 ns per operation (median)
A needs 0.648% more time than B: B takes only 0.99 times as long as A.
With 95% confidence the difference lies between 1.75% more time and 0.622% less time (B takes between 0.983 and 1.01 times as long as A).
Noise floor: 2.33%. Identical code measured against itself on this setup can look that different, so smaller differences mean nothing.
Neighbouring measurements are nearly independent (autocorrelation -0.26), so they were resampled one by one.

Verdict: NOT RESOLVED. This run did not establish which candidate is faster. That is not the same as "equally fast": the warnings below say what is missing.

Warnings:
  - the difference of -0.65% does not clear the 2.33% noise floor, which is what this setup reports between two runs of identical code
  - the interval [-1.75%, 0.62%] includes zero, so a difference in either direction is consistent with these measurements
  - the program holds 178 MB of live data, more than the caches of many machines; for data that size, where it lies in memory can shift the result by several points in ways the interval does not cover, and differently in the next process; run the comparison in several processes with the multiproc package

== street natural n=65536 valuesBetween: ordered vs btree-sets
A: 1967 ns per operation (median)
B: 9320 ns per operation (median)
A needs 78.9% less time than B: B takes 4.74 times as long as A.
With 95% confidence the difference lies between 78.2% and 79.2% less time (B takes between 4.59 and 4.80 times as long as A).
Noise floor: 1.84%. Identical code measured against itself on this setup can look that different, so smaller differences mean nothing.
Neighbouring measurements are correlated (autocorrelation +0.20), so they were resampled in blocks of 3.

Verdict: RESOLVED. A is faster than B: the difference is real, as its interval excludes zero and it exceeds the noise floor.

Warnings:
  - the program holds 178 MB of live data, more than the caches of many machines; for data that size, where it lies in memory can shift the result by several points in ways the interval does not cover, and differently in the next process; run the comparison in several processes with the multiproc package

== street natural n=65536 valuesBetween: ordered vs baseline
A: 1888 ns per operation (median)
B: 4114 ns per operation (median)
A needs 54.7% less time than B: B takes 2.21 times as long as A.
With 95% confidence the difference lies between 53.5% and 55.4% less time (B takes between 2.15 and 2.24 times as long as A).
Noise floor: 0.907%. Identical code measured against itself on this setup can look that different, so smaller differences mean nothing.
Neighbouring measurements are nearly independent (autocorrelation +0.04), so they were resampled one by one.

Verdict: RESOLVED. A is faster than B: the difference is real, as its interval excludes zero and it exceeds the noise floor.

Warnings:
  - the program holds 178 MB of live data, more than the caches of many machines; for data that size, where it lies in memory can shift the result by several points in ways the interval does not cover, and differently in the next process; run the comparison in several processes with the multiproc package

== street natural n=65536 valuesBetween: ordered vs ordered-mk1
A: 1839 ns per operation (median)
B: 5085 ns per operation (median)
A needs 63.9% less time than B: B takes 2.77 times as long as A.
With 95% confidence the difference lies between 62.6% and 64.5% less time (B takes between 2.67 and 2.82 times as long as A).
Noise floor: 2.33%. Identical code measured against itself on this setup can look that different, so smaller differences mean nothing.
Neighbouring measurements are nearly independent (autocorrelation -0.55), so they were resampled one by one.

Verdict: RESOLVED. A is faster than B: the difference is real, as its interval excludes zero and it exceeds the noise floor.

Warnings:
  - the program holds 178 MB of live data, more than the caches of many machines; for data that size, where it lies in memory can shift the result by several points in ways the interval does not cover, and differently in the next process; run the comparison in several processes with the multiproc package

== street natural n=65536 valuesBetween: ordered vs ordered-mk2
A: 2014 ns per operation (median)
B: 4455 ns per operation (median)
A needs 55.5% less time than B: B takes 2.25 times as long as A.
With 95% confidence the difference lies between 54.4% and 56% less time (B takes between 2.19 and 2.27 times as long as A).
Noise floor: 2.03%. Identical code measured against itself on this setup can look that different, so smaller differences mean nothing.
Neighbouring measurements are correlated (autocorrelation +0.37), so they were resampled in blocks of 3.

Verdict: RESOLVED. A is faster than B: the difference is real, as its interval excludes zero and it exceeds the noise floor.

Warnings:
  - the program holds 178 MB of live data, more than the caches of many machines; for data that size, where it lies in memory can shift the result by several points in ways the interval does not cover, and differently in the next process; run the comparison in several processes with the multiproc package

== street natural n=65536 valuesBetween: ordered vs ordered-mk4
A: 1818 ns per operation (median)
B: 3138 ns per operation (median)
A needs 42.3% less time than B: B takes 1.73 times as long as A.
With 95% confidence the difference lies between 41.5% and 43.1% less time (B takes between 1.71 and 1.76 times as long as A).
Noise floor: 1.64%. Identical code measured against itself on this setup can look that different, so smaller differences mean nothing.
Neighbouring measurements are nearly independent (autocorrelation -0.25), so they were resampled one by one.

Verdict: RESOLVED. A is faster than B: the difference is real, as its interval excludes zero and it exceeds the noise floor.

Warnings:
  - the program holds 178 MB of live data, more than the caches of many machines; for data that size, where it lies in memory can shift the result by several points in ways the interval does not cover, and differently in the next process; run the comparison in several processes with the multiproc package

== street natural n=65536 churn and build: ordered vs btree-sets
steady state, per insertion or deletion in a structure of 185027 elements (cycle of 483790 operations, first pass untimed):
  A: 350.5 ns per operation (median)
  B: 532.7 ns per operation (median)
  A needs 34.1% less time than B: B takes 1.52 times as long as A.
  With 95% confidence the difference lies between 33.7% and 34.6% less time (B takes between 1.51 and 1.53 times as long as A).
  Noise floor: 0.423%. Identical code measured against itself on this setup can look that different, so smaller differences mean nothing.
  Neighbouring measurements are correlated (autocorrelation +0.51), so they were resampled in blocks of 3.
  
  Verdict: RESOLVED. A is faster than B: the difference is real, as its interval excludes zero and it exceeds the noise floor.
  
  Warnings:
    - the program holds 208 MB of live data, more than the caches of many machines; for data that size, where it lies in memory can shift the result by several points in ways the interval does not cover, and differently in the next process; run the comparison in several processes with the multiproc package

build from empty to 185027 elements, per whole build (663737 operations):
  A: 1.824e+08 ns per operation (median)
  B: 2.863e+08 ns per operation (median)
  A needs 36.5% less time than B: B takes 1.58 times as long as A.
  With 95% confidence the difference lies between 36% and 38.2% less time (B takes between 1.56 and 1.62 times as long as A).
  Noise floor: 0.453%. Identical code measured against itself on this setup can look that different, so smaller differences mean nothing.
  Neighbouring measurements are nearly independent (autocorrelation +0.12), so they were resampled one by one.
  
  Verdict: RESOLVED. A is faster than B: the difference is real, as its interval excludes zero and it exceeds the noise floor.
  
  Warnings:
    - the program holds 185 MB of live data, more than the caches of many machines; for data that size, where it lies in memory can shift the result by several points in ways the interval does not cover, and differently in the next process; run the comparison in several processes with the multiproc package

== street natural n=65536 churn and build: ordered vs baseline
steady state, per insertion or deletion in a structure of 185027 elements (cycle of 483790 operations, first pass untimed):
  A: 288.1 ns per operation (median)
  B: 255.5 ns per operation (median)
  A needs 11.3% more time than B: B takes only 0.90 times as long as A.
  With 95% confidence the difference lies between 4.29% and 17.4% more time (B takes between 0.852 and 0.96 times as long as A).
  Noise floor: 10.5%. Identical code measured against itself on this setup can look that different, so smaller differences mean nothing.
  Neighbouring measurements are nearly independent (autocorrelation -0.53), so they were resampled one by one.
  
  Verdict: RESOLVED. A is slower than B: the difference is real, as its interval excludes zero and it exceeds the noise floor.
  
  Warnings:
    - the program holds 201 MB of live data, more than the caches of many machines; for data that size, where it lies in memory can shift the result by several points in ways the interval does not cover, and differently in the next process; run the comparison in several processes with the multiproc package
    - candidate B drifted during the run: its measurements were 11.1% lower in the second half than in the first, so the machine did not hold still

build from empty to 185027 elements, per whole build (663737 operations):
  A: 1.823e+08 ns per operation (median)
  B: 1.566e+08 ns per operation (median)
  A needs 16.4% more time than B: B takes only 0.86 times as long as A.
  With 95% confidence the difference lies between 16% and 18.3% more time (B takes between 0.845 and 0.86 times as long as A).
  Noise floor: 0.134%. Identical code measured against itself on this setup can look that different, so smaller differences mean nothing.
  Neighbouring measurements are nearly independent (autocorrelation -0.09), so they were resampled one by one.
  
  Verdict: RESOLVED. A is slower than B: the difference is real, as its interval excludes zero and it exceeds the noise floor.
  
  Warnings:
    - the program holds 184 MB of live data, more than the caches of many machines; for data that size, where it lies in memory can shift the result by several points in ways the interval does not cover, and differently in the next process; run the comparison in several processes with the multiproc package

== street natural n=65536 churn and build: ordered vs ordered-mk1
steady state, per insertion or deletion in a structure of 185027 elements (cycle of 483790 operations, first pass untimed):
  A: 296.5 ns per operation (median)
  B: 304.4 ns per operation (median)
  A needs 2.78% more time than B: B takes only 0.97 times as long as A.
  With 95% confidence the difference lies between 6.59% more time and 13% less time (B takes between 0.938 and 1.15 times as long as A).
  Noise floor: 8.83%. Identical code measured against itself on this setup can look that different, so smaller differences mean nothing.
  Neighbouring measurements are nearly independent (autocorrelation -0.75), so they were resampled one by one.
  
  Verdict: NOT RESOLVED. This run did not establish which candidate is faster. That is not the same as "equally fast": the warnings below say what is missing.
  
  Warnings:
    - the difference of -2.78% does not clear the 8.83% noise floor, which is what this setup reports between two runs of identical code
    - the interval [-6.59%, 12.98%] includes zero, so a difference in either direction is consistent with these measurements
    - the program holds 205 MB of live data, more than the caches of many machines; for data that size, where it lies in memory can shift the result by several points in ways the interval does not cover, and differently in the next process; run the comparison in several processes with the multiproc package

build from empty to 185027 elements, per whole build (663737 operations):
  A: 1.809e+08 ns per operation (median)
  B: 1.687e+08 ns per operation (median)
  A needs 6.85% more time than B: B takes only 0.94 times as long as A.
  With 95% confidence the difference lies between 6.46% and 7.39% more time (B takes between 0.931 and 0.94 times as long as A).
  Noise floor: 0.157%. Identical code measured against itself on this setup can look that different, so smaller differences mean nothing.
  Neighbouring measurements are nearly independent (autocorrelation +0.10), so they were resampled one by one.
  
  Verdict: RESOLVED. A is slower than B: the difference is real, as its interval excludes zero and it exceeds the noise floor.
  
  Warnings:
    - the program holds 185 MB of live data, more than the caches of many machines; for data that size, where it lies in memory can shift the result by several points in ways the interval does not cover, and differently in the next process; run the comparison in several processes with the multiproc package

== street natural n=65536 churn and build: ordered vs ordered-mk2
steady state, per insertion or deletion in a structure of 185027 elements (cycle of 483790 operations, first pass untimed):
  A: 300.3 ns per operation (median)
  B: 320.7 ns per operation (median)
  A needs 4.29% less time than B: B takes 1.04 times as long as A.
  With 95% confidence the difference lies between 2.99% and 21.1% less time (B takes between 1.03 and 1.27 times as long as A).
  Noise floor: 7.09%. Identical code measured against itself on this setup can look that different, so smaller differences mean nothing.
  Neighbouring measurements are nearly independent (autocorrelation -0.52), so they were resampled one by one.
  
  Verdict: NOT RESOLVED. This run did not establish which candidate is faster. That is not the same as "equally fast": the warnings below say what is missing.
  
  Warnings:
    - the difference of 4.29% does not clear the 7.09% noise floor, which is what this setup reports between two runs of identical code
    - the program holds 203 MB of live data, more than the caches of many machines; for data that size, where it lies in memory can shift the result by several points in ways the interval does not cover, and differently in the next process; run the comparison in several processes with the multiproc package

build from empty to 185027 elements, per whole build (663737 operations):
  A: 1.815e+08 ns per operation (median)
  B: 2.042e+08 ns per operation (median)
  A needs 11% less time than B: B takes 1.12 times as long as A.
  With 95% confidence the difference lies between 10.9% and 11.4% less time (B takes between 1.12 and 1.13 times as long as A).
  Noise floor: 0.0329%. Identical code measured against itself on this setup can look that different, so smaller differences mean nothing.
  Neighbouring measurements are nearly independent (autocorrelation +0.08), so they were resampled one by one.
  
  Verdict: RESOLVED. A is faster than B: the difference is real, as its interval excludes zero and it exceeds the noise floor.
  
  Warnings:
    - the program holds 184 MB of live data, more than the caches of many machines; for data that size, where it lies in memory can shift the result by several points in ways the interval does not cover, and differently in the next process; run the comparison in several processes with the multiproc package

== street natural n=65536 churn and build: ordered vs ordered-mk4
steady state, per insertion or deletion in a structure of 185027 elements (cycle of 483790 operations, first pass untimed):
  A: 303.8 ns per operation (median)
  B: 329.5 ns per operation (median)
  A needs 6.16% less time than B: B takes 1.07 times as long as A.
  With 95% confidence the difference lies between 0.993% more time and 19.4% less time (B takes between 0.99 and 1.24 times as long as A).
  Noise floor: 8.21%. Identical code measured against itself on this setup can look that different, so smaller differences mean nothing.
  Neighbouring measurements are nearly independent (autocorrelation -0.58), so they were resampled one by one.
  
  Verdict: NOT RESOLVED. This run did not establish which candidate is faster. That is not the same as "equally fast": the warnings below say what is missing.
  
  Warnings:
    - the difference of 6.16% does not clear the 8.21% noise floor, which is what this setup reports between two runs of identical code
    - the interval [-0.99%, 19.38%] includes zero, so a difference in either direction is consistent with these measurements
    - the program holds 201 MB of live data, more than the caches of many machines; for data that size, where it lies in memory can shift the result by several points in ways the interval does not cover, and differently in the next process; run the comparison in several processes with the multiproc package

build from empty to 185027 elements, per whole build (663737 operations):
  A: 1.806e+08 ns per operation (median)
  B: 2.019e+08 ns per operation (median)
  A needs 10.7% less time than B: B takes 1.12 times as long as A.
  With 95% confidence the difference lies between 10.5% and 11.2% less time (B takes between 1.12 and 1.13 times as long as A).
  Noise floor: 0.414%. Identical code measured against itself on this setup can look that different, so smaller differences mean nothing.
  Neighbouring measurements are nearly independent (autocorrelation +0.06), so they were resampled one by one.
  
  Verdict: RESOLVED. A is faster than B: the difference is real, as its interval excludes zero and it exceeds the noise floor.
  
  Warnings:
    - the program holds 185 MB of live data, more than the caches of many machines; for data that size, where it lies in memory can shift the result by several points in ways the interval does not cover, and differently in the next process; run the comparison in several processes with the multiproc package

checksum 2422896735778
== street natural n=65536 valuesFor: ordered vs btree-sets
A: 161.6 ns per operation (median)
B: 392 ns per operation (median)
A needs 59.8% less time than B: B takes 2.49 times as long as A.
With 95% confidence the difference lies between 56.6% and 60.7% less time (B takes between 2.31 and 2.54 times as long as A).
Noise floor: 4.71%. Identical code measured against itself on this setup can look that different, so smaller differences mean nothing.
Neighbouring measurements are nearly independent (autocorrelation -0.62), so they were resampled one by one.

Verdict: RESOLVED. A is faster than B: the difference is real, as its interval excludes zero and it exceeds the noise floor.

Warnings:
  - the program holds 172 MB of live data, more than the caches of many machines; for data that size, where it lies in memory can shift the result by several points in ways the interval does not cover, and differently in the next process; run the comparison in several processes with the multiproc package

== street natural n=65536 valuesFor: ordered vs baseline
A: 146.2 ns per operation (median)
B: 146.4 ns per operation (median)
A needs 0.725% more time than B: B takes only 0.99 times as long as A.
With 95% confidence the difference lies between 2.83% more time and 1.29% less time (B takes between 0.972 and 1.01 times as long as A).
Noise floor: 1.85%. Identical code measured against itself on this setup can look that different, so smaller differences mean nothing.
Neighbouring measurements are correlated (autocorrelation +0.36), so they were resampled in blocks of 3.

Verdict: NOT RESOLVED. This run did not establish which candidate is faster. That is not the same as "equally fast": the warnings below say what is missing.

Warnings:
  - the difference of -0.73% does not clear the 1.85% noise floor, which is what this setup reports between two runs of identical code
  - the interval [-2.83%, 1.29%] includes zero, so a difference in either direction is consistent with these measurements
  - the program holds 172 MB of live data, more than the caches of many machines; for data that size, where it lies in memory can shift the result by several points in ways the interval does not cover, and differently in the next process; run the comparison in several processes with the multiproc package

== street natural n=65536 valuesFor: ordered vs ordered-mk1
A: 144.9 ns per operation (median)
B: 140.1 ns per operation (median)
A needs 4.78% more time than B: B takes only 0.95 times as long as A.
With 95% confidence the difference lies between 1.17% and 6.1% more time (B takes between 0.943 and 0.99 times as long as A).
Noise floor: 0.949%. Identical code measured against itself on this setup can look that different, so smaller differences mean nothing.
Neighbouring measurements are nearly independent (autocorrelation -0.13), so they were resampled one by one.

Verdict: RESOLVED. A is slower than B: the difference is real, as its interval excludes zero and it exceeds the noise floor.

Warnings:
  - the program holds 172 MB of live data, more than the caches of many machines; for data that size, where it lies in memory can shift the result by several points in ways the interval does not cover, and differently in the next process; run the comparison in several processes with the multiproc package
  - 6.4% of bootstrap replicates tied, so the measurement is coarse relative to the question; lower CollectOptions.MaxQuantizationError to lengthen the batches

== street natural n=65536 valuesFor: ordered vs ordered-mk2
A: 143.5 ns per operation (median)
B: 141.8 ns per operation (median)
A needs 0.755% more time than B: B takes only 0.99 times as long as A.
With 95% confidence the difference lies between 4.64% more time and 0.819% less time (B takes between 0.956 and 1.01 times as long as A).
Noise floor: 0.557%. Identical code measured against itself on this setup can look that different, so smaller differences mean nothing.
Neighbouring measurements are nearly independent (autocorrelation -0.15), so they were resampled one by one.

Verdict: NOT RESOLVED. This run did not establish which candidate is faster. That is not the same as "equally fast": the warnings below say what is missing.

Warnings:
  - the interval [-4.64%, 0.82%] includes zero, so a difference in either direction is consistent with these measurements
  - the program holds 172 MB of live data, more than the caches of many machines; for data that size, where it lies in memory can shift the result by several points in ways the interval does not cover, and differently in the next process; run the comparison in several processes with the multiproc package

== street natural n=65536 valuesFor: ordered vs ordered-mk4
A: 143.2 ns per operation (median)
B: 142.1 ns per operation (median)
A needs 1.03% more time than B: B takes only 0.99 times as long as A.
With 95% confidence the difference lies between 2.68% more time and 0.939% less time (B takes between 0.974 and 1.01 times as long as A).
Noise floor: 1.09%. Identical code measured against itself on this setup can look that different, so smaller differences mean nothing.
Neighbouring measurements are nearly independent (autocorrelation +0.04), so they were resampled one by one.

Verdict: NOT RESOLVED. This run did not establish which candidate is faster. That is not the same as "equally fast": the warnings below say what is missing.

Warnings:
  - the difference of -1.03% does not clear the 1.09% noise floor, which is what this setup reports between two runs of identical code
  - the interval [-2.68%, 0.94%] includes zero, so a difference in either direction is consistent with these measurements
  - the program holds 172 MB of live data, more than the caches of many machines; for data that size, where it lies in memory can shift the result by several points in ways the interval does not cover, and differently in the next process; run the comparison in several processes with the multiproc package
  - in 50% of A/A runs this setup reported a difference between identical code, well above the 10% expected; treat any confidence from it with suspicion

== street natural n=65536 valuesBetween: ordered vs btree-sets
A: 1987 ns per operation (median)
B: 9310 ns per operation (median)
A needs 78.8% less time than B: B takes 4.71 times as long as A.
With 95% confidence the difference lies between 78.3% and 79.3% less time (B takes between 4.61 and 4.83 times as long as A).
Noise floor: 1.1%. Identical code measured against itself on this setup can look that different, so smaller differences mean nothing.
Neighbouring measurements are nearly independent (autocorrelation -0.49), so they were resampled one by one.

Verdict: RESOLVED. A is faster than B: the difference is real, as its interval excludes zero and it exceeds the noise floor.

Warnings:
  - the program holds 172 MB of live data, more than the caches of many machines; for data that size, where it lies in memory can shift the result by several points in ways the interval does not cover, and differently in the next process; run the comparison in several processes with the multiproc package
  - candidate B drifted during the run: its measurements were 1.98% lower in the second half than in the first, so the machine did not hold still

== street natural n=65536 valuesBetween: ordered vs baseline
A: 1858 ns per operation (median)
B: 4083 ns per operation (median)
A needs 54.8% less time than B: B takes 2.21 times as long as A.
With 95% confidence the difference lies between 53.6% and 56.3% less time (B takes between 2.15 and 2.29 times as long as A).
Noise floor: 0.831%. Identical code measured against itself on this setup can look that different, so smaller differences mean nothing.
Neighbouring measurements are nearly independent (autocorrelation -0.34), so they were resampled one by one.

Verdict: RESOLVED. A is faster than B: the difference is real, as its interval excludes zero and it exceeds the noise floor.

Warnings:
  - the program holds 172 MB of live data, more than the caches of many machines; for data that size, where it lies in memory can shift the result by several points in ways the interval does not cover, and differently in the next process; run the comparison in several processes with the multiproc package

== street natural n=65536 valuesBetween: ordered vs ordered-mk1
A: 1831 ns per operation (median)
B: 5001 ns per operation (median)
A needs 63.5% less time than B: B takes 2.74 times as long as A.
With 95% confidence the difference lies between 62.8% and 64.5% less time (B takes between 2.69 and 2.82 times as long as A).
Noise floor: 1.38%. Identical code measured against itself on this setup can look that different, so smaller differences mean nothing.
Neighbouring measurements are nearly independent (autocorrelation -0.23), so they were resampled one by one.

Verdict: RESOLVED. A is faster than B: the difference is real, as its interval excludes zero and it exceeds the noise floor.

Warnings:
  - the program holds 175 MB of live data, more than the caches of many machines; for data that size, where it lies in memory can shift the result by several points in ways the interval does not cover, and differently in the next process; run the comparison in several processes with the multiproc package

== street natural n=65536 valuesBetween: ordered vs ordered-mk2
A: 1974 ns per operation (median)
B: 4366 ns per operation (median)
A needs 54.6% less time than B: B takes 2.20 times as long as A.
With 95% confidence the difference lies between 54.1% and 55.5% less time (B takes between 2.18 and 2.25 times as long as A).
Noise floor: 0.652%. Identical code measured against itself on this setup can look that different, so smaller differences mean nothing.
Neighbouring measurements are correlated (autocorrelation +0.62), so they were resampled in blocks of 3.

Verdict: RESOLVED. A is faster than B: the difference is real, as its interval excludes zero and it exceeds the noise floor.

Warnings:
  - the program holds 175 MB of live data, more than the caches of many machines; for data that size, where it lies in memory can shift the result by several points in ways the interval does not cover, and differently in the next process; run the comparison in several processes with the multiproc package
  - candidate A drifted during the run: its measurements were 3.58% lower in the second half than in the first, so the machine did not hold still
  - candidate B drifted during the run: its measurements were 3.76% lower in the second half than in the first, so the machine did not hold still

== street natural n=65536 valuesBetween: ordered vs ordered-mk4
A: 1792 ns per operation (median)
B: 3108 ns per operation (median)
A needs 42.7% less time than B: B takes 1.74 times as long as A.
With 95% confidence the difference lies between 40.8% and 43.8% less time (B takes between 1.69 and 1.78 times as long as A).
Noise floor: 0.806%. Identical code measured against itself on this setup can look that different, so smaller differences mean nothing.
Neighbouring measurements are nearly independent (autocorrelation -0.21), so they were resampled one by one.

Verdict: RESOLVED. A is faster than B: the difference is real, as its interval excludes zero and it exceeds the noise floor.

Warnings:
  - the program holds 175 MB of live data, more than the caches of many machines; for data that size, where it lies in memory can shift the result by several points in ways the interval does not cover, and differently in the next process; run the comparison in several processes with the multiproc package

== street natural n=65536 churn and build: ordered vs btree-sets
steady state, per insertion or deletion in a structure of 185027 elements (cycle of 483790 operations, first pass untimed):
  A: 341.3 ns per operation (median)
  B: 519.3 ns per operation (median)
  A needs 34.3% less time than B: B takes 1.52 times as long as A.
  With 95% confidence the difference lies between 33.7% and 34.8% less time (B takes between 1.51 and 1.53 times as long as A).
  Noise floor: 1.99%. Identical code measured against itself on this setup can look that different, so smaller differences mean nothing.
  Neighbouring measurements are correlated (autocorrelation +0.48), so they were resampled in blocks of 3.
  
  Verdict: RESOLVED. A is faster than B: the difference is real, as its interval excludes zero and it exceeds the noise floor.
  
  Warnings:
    - the program holds 218 MB of live data, more than the caches of many machines; for data that size, where it lies in memory can shift the result by several points in ways the interval does not cover, and differently in the next process; run the comparison in several processes with the multiproc package
    - candidate A drifted during the run: its measurements were 2.07% higher in the second half than in the first, so the machine did not hold still

build from empty to 185027 elements, per whole build (663737 operations):
  A: 1.798e+08 ns per operation (median)
  B: 2.863e+08 ns per operation (median)
  A needs 37.1% less time than B: B takes 1.59 times as long as A.
  With 95% confidence the difference lies between 36.8% and 37.5% less time (B takes between 1.58 and 1.60 times as long as A).
  Noise floor: 0.525%. Identical code measured against itself on this setup can look that different, so smaller differences mean nothing.
  Neighbouring measurements are nearly independent (autocorrelation +0.06), so they were resampled one by one.
  
  Verdict: RESOLVED. A is faster than B: the difference is real, as its interval excludes zero and it exceeds the noise floor.
  
  Warnings:
    - the program holds 185 MB of live data, more than the caches of many machines; for data that size, where it lies in memory can shift the result by several points in ways the interval does not cover, and differently in the next process; run the comparison in several processes with the multiproc package
    - candidate B drifted during the run: its measurements were 2.38% lower in the second half than in the first, so the machine did not hold still

== street natural n=65536 churn and build: ordered vs baseline
steady state, per insertion or deletion in a structure of 185027 elements (cycle of 483790 operations, first pass untimed):
  A: 285.7 ns per operation (median)
  B: 252.7 ns per operation (median)
  A needs 17.5% more time than B: B takes only 0.85 times as long as A.
  With 95% confidence the difference lies between 5.65% and 21.5% more time (B takes between 0.823 and 0.95 times as long as A).
  Noise floor: 8%. Identical code measured against itself on this setup can look that different, so smaller differences mean nothing.
  Neighbouring measurements are nearly independent (autocorrelation -0.44), so they were resampled one by one.
  
  Verdict: RESOLVED. A is slower than B: the difference is real, as its interval excludes zero and it exceeds the noise floor.
  
  Warnings:
    - the program holds 202 MB of live data, more than the caches of many machines; for data that size, where it lies in memory can shift the result by several points in ways the interval does not cover, and differently in the next process; run the comparison in several processes with the multiproc package

build from empty to 185027 elements, per whole build (663737 operations):
  A: 1.8e+08 ns per operation (median)
  B: 1.596e+08 ns per operation (median)
  A needs 12.8% more time than B: B takes only 0.89 times as long as A.
  With 95% confidence the difference lies between 12.6% and 13.1% more time (B takes between 0.884 and 0.89 times as long as A).
  Noise floor: 0.212%. Identical code measured against itself on this setup can look that different, so smaller differences mean nothing.
  Neighbouring measurements are nearly independent (autocorrelation +0.12), so they were resampled one by one.
  
  Verdict: RESOLVED. A is slower than B: the difference is real, as its interval excludes zero and it exceeds the noise floor.
  
  Warnings:
    - the program holds 185 MB of live data, more than the caches of many machines; for data that size, where it lies in memory can shift the result by several points in ways the interval does not cover, and differently in the next process; run the comparison in several processes with the multiproc package
    - in 50% of A/A runs this setup reported a difference between identical code, well above the 10% expected; treat any confidence from it with suspicion

== street natural n=65536 churn and build: ordered vs ordered-mk1
steady state, per insertion or deletion in a structure of 185027 elements (cycle of 483790 operations, first pass untimed):
  A: 297.2 ns per operation (median)
  B: 299.8 ns per operation (median)
  A needs 0.735% more time than B: B takes only 0.99 times as long as A.
  With 95% confidence the difference lies between 8.44% more time and 13.4% less time (B takes between 0.922 and 1.15 times as long as A).
  Noise floor: 9.68%. Identical code measured against itself on this setup can look that different, so smaller differences mean nothing.
  Neighbouring measurements are nearly independent (autocorrelation +0.04), so they were resampled one by one.
  
  Verdict: NOT RESOLVED. This run did not establish which candidate is faster. That is not the same as "equally fast": the warnings below say what is missing.
  
  Warnings:
    - the difference of -0.74% does not clear the 9.68% noise floor, which is what this setup reports between two runs of identical code
    - the interval [-8.44%, 13.38%] includes zero, so a difference in either direction is consistent with these measurements
    - the program holds 205 MB of live data, more than the caches of many machines; for data that size, where it lies in memory can shift the result by several points in ways the interval does not cover, and differently in the next process; run the comparison in several processes with the multiproc package

build from empty to 185027 elements, per whole build (663737 operations):
  A: 1.797e+08 ns per operation (median)
  B: 1.713e+08 ns per operation (median)
  A needs 5% more time than B: B takes only 0.95 times as long as A.
  With 95% confidence the difference lies between 4.6% and 5.27% more time (B takes between 0.95 and 0.96 times as long as A).
  Noise floor: 0.274%. Identical code measured against itself on this setup can look that different, so smaller differences mean nothing.
  Neighbouring measurements are nearly independent (autocorrelation -0.00), so they were resampled one by one.
  
  Verdict: RESOLVED. A is slower than B: the difference is real, as its interval excludes zero and it exceeds the noise floor.
  
  Warnings:
    - the program holds 185 MB of live data, more than the caches of many machines; for data that size, where it lies in memory can shift the result by several points in ways the interval does not cover, and differently in the next process; run the comparison in several processes with the multiproc package
    - candidate A drifted during the run: its measurements were 0.485% lower in the second half than in the first, so the machine did not hold still
    - the ratio B/A was 0.704% higher in the second half of the run than in the first, so the candidates had not reached a steady state and the difference depends on how long the run was; a common cause is a head start for whichever candidate ran alone last before the comparison or had its data built last, which a longer CollectOptions.WarmupDuration removes
    - in 50% of A/A runs this setup reported a difference between identical code, well above the 10% expected; treat any confidence from it with suspicion

== street natural n=65536 churn and build: ordered vs ordered-mk2
steady state, per insertion or deletion in a structure of 185027 elements (cycle of 483790 operations, first pass untimed):
  A: 299.5 ns per operation (median)
  B: 330.9 ns per operation (median)
  A needs 7.58% less time than B: B takes 1.08 times as long as A.
  With 95% confidence the difference lies between 3.09% and 21.6% less time (B takes between 1.03 and 1.28 times as long as A).
  Noise floor: 9.33%. Identical code measured against itself on this setup can look that different, so smaller differences mean nothing.
  Neighbouring measurements are nearly independent (autocorrelation -0.05), so they were resampled one by one.
  
  Verdict: NOT RESOLVED. This run did not establish which candidate is faster. That is not the same as "equally fast": the warnings below say what is missing.
  
  Warnings:
    - the difference of 7.58% does not clear the 9.33% noise floor, which is what this setup reports between two runs of identical code
    - the program holds 203 MB of live data, more than the caches of many machines; for data that size, where it lies in memory can shift the result by several points in ways the interval does not cover, and differently in the next process; run the comparison in several processes with the multiproc package

build from empty to 185027 elements, per whole build (663737 operations):
  A: 1.797e+08 ns per operation (median)
  B: 2.07e+08 ns per operation (median)
  A needs 13.1% less time than B: B takes 1.15 times as long as A.
  With 95% confidence the difference lies between 12.7% and 13.6% less time (B takes between 1.15 and 1.16 times as long as A).
  Noise floor: 0.263%. Identical code measured against itself on this setup can look that different, so smaller differences mean nothing.
  Neighbouring measurements are nearly independent (autocorrelation +0.07), so they were resampled one by one.
  
  Verdict: RESOLVED. A is faster than B: the difference is real, as its interval excludes zero and it exceeds the noise floor.
  
  Warnings:
    - the program holds 185 MB of live data, more than the caches of many machines; for data that size, where it lies in memory can shift the result by several points in ways the interval does not cover, and differently in the next process; run the comparison in several processes with the multiproc package
    - in 50% of A/A runs this setup reported a difference between identical code, well above the 10% expected; treat any confidence from it with suspicion

== street natural n=65536 churn and build: ordered vs ordered-mk4
steady state, per insertion or deletion in a structure of 185027 elements (cycle of 483790 operations, first pass untimed):
  A: 299.4 ns per operation (median)
  B: 314.5 ns per operation (median)
  A needs 2.76% less time than B: B takes 1.03 times as long as A.
  With 95% confidence the difference lies between 0.162% more time and 19.4% less time (B takes between 0.998 and 1.24 times as long as A).
  Noise floor: 10.2%. Identical code measured against itself on this setup can look that different, so smaller differences mean nothing.
  Neighbouring measurements are nearly independent (autocorrelation -0.41), so they were resampled one by one.
  
  Verdict: NOT RESOLVED. This run did not establish which candidate is faster. That is not the same as "equally fast": the warnings below say what is missing.
  
  Warnings:
    - the difference of 2.76% does not clear the 10.24% noise floor, which is what this setup reports between two runs of identical code
    - the interval [-0.16%, 19.38%] includes zero, so a difference in either direction is consistent with these measurements
    - the program holds 203 MB of live data, more than the caches of many machines; for data that size, where it lies in memory can shift the result by several points in ways the interval does not cover, and differently in the next process; run the comparison in several processes with the multiproc package

build from empty to 185027 elements, per whole build (663737 operations):
  A: 1.796e+08 ns per operation (median)
  B: 2.067e+08 ns per operation (median)
  A needs 13% less time than B: B takes 1.15 times as long as A.
  With 95% confidence the difference lies between 12.8% and 13.8% less time (B takes between 1.15 and 1.16 times as long as A).
  Noise floor: 0.392%. Identical code measured against itself on this setup can look that different, so smaller differences mean nothing.
  Neighbouring measurements are nearly independent (autocorrelation -0.12), so they were resampled one by one.
  
  Verdict: RESOLVED. A is faster than B: the difference is real, as its interval excludes zero and it exceeds the noise floor.
  
  Warnings:
    - the program holds 185 MB of live data, more than the caches of many machines; for data that size, where it lies in memory can shift the result by several points in ways the interval does not cover, and differently in the next process; run the comparison in several processes with the multiproc package
    - in 50% of A/A runs this setup reported a difference between identical code, well above the 10% expected; treat any confidence from it with suspicion

checksum 2458839501315
== street natural n=65536 valuesFor: ordered vs btree-sets
A: 160.5 ns per operation (median)
B: 415.5 ns per operation (median)
A needs 62% less time than B: B takes 2.63 times as long as A.
With 95% confidence the difference lies between 58.3% and 62.3% less time (B takes between 2.4 and 2.65 times as long as A).
Noise floor: 2.31%. Identical code measured against itself on this setup can look that different, so smaller differences mean nothing.
Neighbouring measurements are nearly independent (autocorrelation -0.65), so they were resampled one by one.

Verdict: RESOLVED. A is faster than B: the difference is real, as its interval excludes zero and it exceeds the noise floor.

Warnings:
  - the program holds 175 MB of live data, more than the caches of many machines; for data that size, where it lies in memory can shift the result by several points in ways the interval does not cover, and differently in the next process; run the comparison in several processes with the multiproc package

== street natural n=65536 valuesFor: ordered vs baseline
A: 147.9 ns per operation (median)
B: 150.6 ns per operation (median)
A needs 2.09% less time than B: B takes 1.02 times as long as A.
With 95% confidence the difference lies between 0.331% more time and 5.53% less time (B takes between 0.997 and 1.06 times as long as A).
Noise floor: 2.21%. Identical code measured against itself on this setup can look that different, so smaller differences mean nothing.
Neighbouring measurements are nearly independent (autocorrelation -0.37), so they were resampled one by one.

Verdict: NOT RESOLVED. This run did not establish which candidate is faster. That is not the same as "equally fast": the warnings below say what is missing.

Warnings:
  - the difference of 2.09% does not clear the 2.21% noise floor, which is what this setup reports between two runs of identical code
  - the interval [-0.33%, 5.53%] includes zero, so a difference in either direction is consistent with these measurements
  - the program holds 175 MB of live data, more than the caches of many machines; for data that size, where it lies in memory can shift the result by several points in ways the interval does not cover, and differently in the next process; run the comparison in several processes with the multiproc package
  - candidate B drifted during the run: its measurements were 3.23% lower in the second half than in the first, so the machine did not hold still

== street natural n=65536 valuesFor: ordered vs ordered-mk1
A: 143.8 ns per operation (median)
B: 139.8 ns per operation (median)
A needs 3.17% more time than B: B takes only 0.97 times as long as A.
With 95% confidence the difference lies between 1.08% and 7% more time (B takes between 0.935 and 0.99 times as long as A).
Noise floor: 1.05%. Identical code measured against itself on this setup can look that different, so smaller differences mean nothing.
Neighbouring measurements are nearly independent (autocorrelation -0.25), so they were resampled one by one.

Verdict: RESOLVED. A is slower than B: the difference is real, as its interval excludes zero and it exceeds the noise floor.

Warnings:
  - the program holds 175 MB of live data, more than the caches of many machines; for data that size, where it lies in memory can shift the result by several points in ways the interval does not cover, and differently in the next process; run the comparison in several processes with the multiproc package

== street natural n=65536 valuesFor: ordered vs ordered-mk2
A: 144.4 ns per operation (median)
B: 145.5 ns per operation (median)
A needs 0.0899% less time than B: B takes 1.00 times as long as A.
With 95% confidence the difference lies between 1.26% more time and 3.59% less time (B takes between 0.988 and 1.04 times as long as A).
Noise floor: 2.15%. Identical code measured against itself on this setup can look that different, so smaller differences mean nothing.
Neighbouring measurements are nearly independent (autocorrelation -0.22), so they were resampled one by one.

Verdict: NOT RESOLVED. This run did not establish which candidate is faster. That is not the same as "equally fast": the warnings below say what is missing.

Warnings:
  - the difference of 0.09% does not clear the 2.15% noise floor, which is what this setup reports between two runs of identical code
  - the interval [-1.26%, 3.59%] includes zero, so a difference in either direction is consistent with these measurements
  - the program holds 175 MB of live data, more than the caches of many machines; for data that size, where it lies in memory can shift the result by several points in ways the interval does not cover, and differently in the next process; run the comparison in several processes with the multiproc package
  - in 50% of A/A runs this setup reported a difference between identical code, well above the 10% expected; treat any confidence from it with suspicion

== street natural n=65536 valuesFor: ordered vs ordered-mk4
A: 143 ns per operation (median)
B: 143.1 ns per operation (median)
A needs 0.478% less time than B: B takes 1.00 times as long as A.
With 95% confidence the difference lies between 1.51% more time and 1.73% less time (B takes between 0.985 and 1.02 times as long as A).
Noise floor: 0.629%. Identical code measured against itself on this setup can look that different, so smaller differences mean nothing.
Neighbouring measurements are correlated (autocorrelation +0.32), so they were resampled in blocks of 3.

Verdict: NOT RESOLVED. This run did not establish which candidate is faster. That is not the same as "equally fast": the warnings below say what is missing.

Warnings:
  - the difference of 0.48% does not clear the 0.63% noise floor, which is what this setup reports between two runs of identical code
  - the interval [-1.51%, 1.73%] includes zero, so a difference in either direction is consistent with these measurements
  - the program holds 175 MB of live data, more than the caches of many machines; for data that size, where it lies in memory can shift the result by several points in ways the interval does not cover, and differently in the next process; run the comparison in several processes with the multiproc package

== street natural n=65536 valuesBetween: ordered vs btree-sets
A: 1930 ns per operation (median)
B: 9284 ns per operation (median)
A needs 79.2% less time than B: B takes 4.80 times as long as A.
With 95% confidence the difference lies between 78.5% and 79.7% less time (B takes between 4.66 and 4.94 times as long as A).
Noise floor: 2.87%. Identical code measured against itself on this setup can look that different, so smaller differences mean nothing.
Neighbouring measurements are nearly independent (autocorrelation -0.52), so they were resampled one by one.

Verdict: RESOLVED. A is faster than B: the difference is real, as its interval excludes zero and it exceeds the noise floor.

Warnings:
  - the program holds 175 MB of live data, more than the caches of many machines; for data that size, where it lies in memory can shift the result by several points in ways the interval does not cover, and differently in the next process; run the comparison in several processes with the multiproc package

== street natural n=65536 valuesBetween: ordered vs baseline
A: 1869 ns per operation (median)
B: 4137 ns per operation (median)
A needs 54.8% less time than B: B takes 2.21 times as long as A.
With 95% confidence the difference lies between 54% and 55.4% less time (B takes between 2.17 and 2.24 times as long as A).
Noise floor: 2.32%. Identical code measured against itself on this setup can look that different, so smaller differences mean nothing.
Neighbouring measurements are correlated (autocorrelation +0.28), so they were resampled in blocks of 3.

Verdict: RESOLVED. A is faster than B: the difference is real, as its interval excludes zero and it exceeds the noise floor.

Warnings:
  - the program holds 175 MB of live data, more than the caches of many machines; for data that size, where it lies in memory can shift the result by several points in ways the interval does not cover, and differently in the next process; run the comparison in several processes with the multiproc package

== street natural n=65536 valuesBetween: ordered vs ordered-mk1
A: 1982 ns per operation (median)
B: 5534 ns per operation (median)
A needs 64.3% less time than B: B takes 2.80 times as long as A.
With 95% confidence the difference lies between 63.6% and 65% less time (B takes between 2.75 and 2.85 times as long as A).
Noise floor: 1.86%. Identical code measured against itself on this setup can look that different, so smaller differences mean nothing.
Neighbouring measurements are nearly independent (autocorrelation -0.34), so they were resampled one by one.

Verdict: RESOLVED. A is faster than B: the difference is real, as its interval excludes zero and it exceeds the noise floor.

Warnings:
  - the program holds 175 MB of live data, more than the caches of many machines; for data that size, where it lies in memory can shift the result by several points in ways the interval does not cover, and differently in the next process; run the comparison in several processes with the multiproc package

== street natural n=65536 valuesBetween: ordered vs ordered-mk2
A: 1820 ns per operation (median)
B: 4043 ns per operation (median)
A needs 54.9% less time than B: B takes 2.22 times as long as A.
With 95% confidence the difference lies between 53.9% and 56.1% less time (B takes between 2.17 and 2.28 times as long as A).
Noise floor: 0.458%. Identical code measured against itself on this setup can look that different, so smaller differences mean nothing.
Neighbouring measurements are nearly independent (autocorrelation -0.09), so they were resampled one by one.

Verdict: RESOLVED. A is faster than B: the difference is real, as its interval excludes zero and it exceeds the noise floor.

Warnings:
  - the program holds 175 MB of live data, more than the caches of many machines; for data that size, where it lies in memory can shift the result by several points in ways the interval does not cover, and differently in the next process; run the comparison in several processes with the multiproc package

== street natural n=65536 valuesBetween: ordered vs ordered-mk4
A: 1797 ns per operation (median)
B: 3143 ns per operation (median)
A needs 42.2% less time than B: B takes 1.73 times as long as A.
With 95% confidence the difference lies between 40.5% and 44.5% less time (B takes between 1.68 and 1.80 times as long as A).
Noise floor: 0.822%. Identical code measured against itself on this setup can look that different, so smaller differences mean nothing.
Neighbouring measurements are nearly independent (autocorrelation -0.20), so they were resampled one by one.

Verdict: RESOLVED. A is faster than B: the difference is real, as its interval excludes zero and it exceeds the noise floor.

Warnings:
  - the program holds 175 MB of live data, more than the caches of many machines; for data that size, where it lies in memory can shift the result by several points in ways the interval does not cover, and differently in the next process; run the comparison in several processes with the multiproc package

== street natural n=65536 churn and build: ordered vs btree-sets
steady state, per insertion or deletion in a structure of 185027 elements (cycle of 483790 operations, first pass untimed):
  A: 341.3 ns per operation (median)
  B: 507.8 ns per operation (median)
  A needs 32.8% less time than B: B takes 1.49 times as long as A.
  With 95% confidence the difference lies between 32% and 33.3% less time (B takes between 1.47 and 1.50 times as long as A).
  Noise floor: 1.87%. Identical code measured against itself on this setup can look that different, so smaller differences mean nothing.
  Neighbouring measurements are correlated (autocorrelation +0.55), so they were resampled in blocks of 3.
  
  Verdict: RESOLVED. A is faster than B: the difference is real, as its interval excludes zero and it exceeds the noise floor.
  
  Warnings:
    - the program holds 217 MB of live data, more than the caches of many machines; for data that size, where it lies in memory can shift the result by several points in ways the interval does not cover, and differently in the next process; run the comparison in several processes with the multiproc package

build from empty to 185027 elements, per whole build (663737 operations):
  A: 1.842e+08 ns per operation (median)
  B: 2.865e+08 ns per operation (median)
  A needs 35.6% less time than B: B takes 1.55 times as long as A.
  With 95% confidence the difference lies between 35.4% and 36% less time (B takes between 1.55 and 1.56 times as long as A).
  Noise floor: 1.44%. Identical code measured against itself on this setup can look that different, so smaller differences mean nothing.
  Neighbouring measurements are correlated (autocorrelation +0.25), so they were resampled in blocks of 3.
  
  Verdict: RESOLVED. A is faster than B: the difference is real, as its interval excludes zero and it exceeds the noise floor.
  
  Warnings:
    - the program holds 184 MB of live data, more than the caches of many machines; for data that size, where it lies in memory can shift the result by several points in ways the interval does not cover, and differently in the next process; run the comparison in several processes with the multiproc package
    - the ratio B/A was 1.51% lower in the second half of the run than in the first, so the candidates had not reached a steady state and the difference depends on how long the run was; a common cause is a head start for whichever candidate ran alone last before the comparison or had its data built last, which a longer CollectOptions.WarmupDuration removes
    - in 50% of A/A runs this setup reported a difference between identical code, well above the 10% expected; treat any confidence from it with suspicion

== street natural n=65536 churn and build: ordered vs baseline
steady state, per insertion or deletion in a structure of 185027 elements (cycle of 483790 operations, first pass untimed):
  A: 286.5 ns per operation (median)
  B: 291.1 ns per operation (median)
  A needs 6.76% more time than B: B takes only 0.94 times as long as A.
  With 95% confidence the difference lies between 12.4% more time and 8.12% less time (B takes between 0.89 and 1.09 times as long as A).
  Noise floor: 10.1%. Identical code measured against itself on this setup can look that different, so smaller differences mean nothing.
  Neighbouring measurements are nearly independent (autocorrelation +0.20), so they were resampled one by one.
  
  Verdict: NOT RESOLVED. This run did not establish which candidate is faster. That is not the same as "equally fast": the warnings below say what is missing.
  
  Warnings:
    - the difference of -6.76% does not clear the 10.12% noise floor, which is what this setup reports between two runs of identical code
    - the interval [-12.42%, 8.12%] includes zero, so a difference in either direction is consistent with these measurements
    - the program holds 206 MB of live data, more than the caches of many machines; for data that size, where it lies in memory can shift the result by several points in ways the interval does not cover, and differently in the next process; run the comparison in several processes with the multiproc package
    - candidate B drifted during the run: its measurements were 13.3% lower in the second half than in the first, so the machine did not hold still

build from empty to 185027 elements, per whole build (663737 operations):
  A: 1.848e+08 ns per operation (median)
  B: 1.577e+08 ns per operation (median)
  A needs 17.2% more time than B: B takes only 0.85 times as long as A.
  With 95% confidence the difference lies between 17% and 17.3% more time (B takes between 0.852 and 0.85 times as long as A).
  Noise floor: 0.425%. Identical code measured against itself on this setup can look that different, so smaller differences mean nothing.
  Neighbouring measurements are nearly independent (autocorrelation +0.09), so they were resampled one by one.
  
  Verdict: RESOLVED. A is slower than B: the difference is real, as its interval excludes zero and it exceeds the noise floor.
  
  Warnings:
    - the program holds 184 MB of live data, more than the caches of many machines; for data that size, where it lies in memory can shift the result by several points in ways the interval does not cover, and differently in the next process; run the comparison in several processes with the multiproc package

== street natural n=65536 churn and build: ordered vs ordered-mk1
steady state, per insertion or deletion in a structure of 185027 elements (cycle of 483790 operations, first pass untimed):
  A: 311.9 ns per operation (median)
  B: 336 ns per operation (median)
  A needs 5.63% more time than B: B takes only 0.95 times as long as A.
  With 95% confidence the difference lies between 6.59% more time and 18.1% less time (B takes between 0.938 and 1.22 times as long as A).
  Noise floor: 9.59%. Identical code measured against itself on this setup can look that different, so smaller differences mean nothing.
  Neighbouring measurements are correlated (autocorrelation +0.61), so they were resampled in blocks of 3.
  
  Verdict: NOT RESOLVED. This run did not establish which candidate is faster. That is not the same as "equally fast": the warnings below say what is missing.
  
  Warnings:
    - the difference of -5.63% does not clear the 9.59% noise floor, which is what this setup reports between two runs of identical code
    - the interval [-6.59%, 18.08%] includes zero, so a difference in either direction is consistent with these measurements
    - the program holds 205 MB of live data, more than the caches of many machines; for data that size, where it lies in memory can shift the result by several points in ways the interval does not cover, and differently in the next process; run the comparison in several processes with the multiproc package
    - candidate B drifted during the run: its measurements were 13.8% lower in the second half than in the first, so the machine did not hold still

build from empty to 185027 elements, per whole build (663737 operations):
  A: 1.839e+08 ns per operation (median)
  B: 1.705e+08 ns per operation (median)
  A needs 7.92% more time than B: B takes only 0.93 times as long as A.
  With 95% confidence the difference lies between 7.41% and 8.25% more time (B takes between 0.924 and 0.93 times as long as A).
  Noise floor: 0.1%. Identical code measured against itself on this setup can look that different, so smaller differences mean nothing.
  Neighbouring measurements are nearly independent (autocorrelation -0.08), so they were resampled one by one.
  
  Verdict: RESOLVED. A is slower than B: the difference is real, as its interval excludes zero and it exceeds the noise floor.
  
  Warnings:
    - the program holds 184 MB of live data, more than the caches of many machines; for data that size, where it lies in memory can shift the result by several points in ways the interval does not cover, and differently in the next process; run the comparison in several processes with the multiproc package

== street natural n=65536 churn and build: ordered vs ordered-mk2
steady state, per insertion or deletion in a structure of 185027 elements (cycle of 483790 operations, first pass untimed):
  A: 301.9 ns per operation (median)
  B: 331.6 ns per operation (median)
  A needs 7.58% less time than B: B takes 1.08 times as long as A.
  With 95% confidence the difference lies between 2.71% and 21.7% less time (B takes between 1.03 and 1.28 times as long as A).
  Noise floor: 11.2%. Identical code measured against itself on this setup can look that different, so smaller differences mean nothing.
  Neighbouring measurements are nearly independent (autocorrelation -0.46), so they were resampled one by one.
  
  Verdict: NOT RESOLVED. This run did not establish which candidate is faster. That is not the same as "equally fast": the warnings below say what is missing.
  
  Warnings:
    - the difference of 7.58% does not clear the 11.20% noise floor, which is what this setup reports between two runs of identical code
    - the program holds 203 MB of live data, more than the caches of many machines; for data that size, where it lies in memory can shift the result by several points in ways the interval does not cover, and differently in the next process; run the comparison in several processes with the multiproc package

build from empty to 185027 elements, per whole build (663737 operations):
  A: 1.842e+08 ns per operation (median)
  B: 2.075e+08 ns per operation (median)
  A needs 11.4% less time than B: B takes 1.13 times as long as A.
  With 95% confidence the difference lies between 11% and 11.6% less time (B takes between 1.12 and 1.13 times as long as A).
  Noise floor: 0.146%. Identical code measured against itself on this setup can look that different, so smaller differences mean nothing.
  Neighbouring measurements are nearly independent (autocorrelation +0.18), so they were resampled one by one.
  
  Verdict: RESOLVED. A is faster than B: the difference is real, as its interval excludes zero and it exceeds the noise floor.
  
  Warnings:
    - the program holds 184 MB of live data, more than the caches of many machines; for data that size, where it lies in memory can shift the result by several points in ways the interval does not cover, and differently in the next process; run the comparison in several processes with the multiproc package

== street natural n=65536 churn and build: ordered vs ordered-mk4
steady state, per insertion or deletion in a structure of 185027 elements (cycle of 483790 operations, first pass untimed):
  A: 319.6 ns per operation (median)
  B: 365.2 ns per operation (median)
  A needs 0.191% less time than B: B takes 1.00 times as long as A.
  With 95% confidence the difference lies between 4.72% more time and 20.7% less time (B takes between 0.955 and 1.26 times as long as A).
  Noise floor: 11.1%. Identical code measured against itself on this setup can look that different, so smaller differences mean nothing.
  Neighbouring measurements are nearly independent (autocorrelation -0.58), so they were resampled one by one.
  
  Verdict: NOT RESOLVED. This run did not establish which candidate is faster. That is not the same as "equally fast": the warnings below say what is missing.
  
  Warnings:
    - the difference of 0.19% does not clear the 11.06% noise floor, which is what this setup reports between two runs of identical code
    - the interval [-4.72%, 20.66%] includes zero, so a difference in either direction is consistent with these measurements
    - the program holds 201 MB of live data, more than the caches of many machines; for data that size, where it lies in memory can shift the result by several points in ways the interval does not cover, and differently in the next process; run the comparison in several processes with the multiproc package

build from empty to 185027 elements, per whole build (663737 operations):
  A: 1.821e+08 ns per operation (median)
  B: 2.061e+08 ns per operation (median)
  A needs 11.7% less time than B: B takes 1.13 times as long as A.
  With 95% confidence the difference lies between 11.6% and 14.1% less time (B takes between 1.13 and 1.16 times as long as A).
  Noise floor: 0.235%. Identical code measured against itself on this setup can look that different, so smaller differences mean nothing.
  Neighbouring measurements are nearly independent (autocorrelation +0.01), so they were resampled one by one.
  
  Verdict: RESOLVED. A is faster than B: the difference is real, as its interval excludes zero and it exceeds the noise floor.
  
  Warnings:
    - the program holds 184 MB of live data, more than the caches of many machines; for data that size, where it lies in memory can shift the result by several points in ways the interval does not cover, and differently in the next process; run the comparison in several processes with the multiproc package

checksum 2435408191845
== street natural n=65536 valuesFor: ordered vs btree-sets
A: 165.5 ns per operation (median)
B: 406.5 ns per operation (median)
A needs 61% less time than B: B takes 2.56 times as long as A.
With 95% confidence the difference lies between 58.3% and 62.2% less time (B takes between 2.4 and 2.64 times as long as A).
Noise floor: 4.08%. Identical code measured against itself on this setup can look that different, so smaller differences mean nothing.
Neighbouring measurements are nearly independent (autocorrelation -0.48), so they were resampled one by one.

Verdict: RESOLVED. A is faster than B: the difference is real, as its interval excludes zero and it exceeds the noise floor.

Warnings:
  - the program holds 206 MB of live data, more than the caches of many machines; for data that size, where it lies in memory can shift the result by several points in ways the interval does not cover, and differently in the next process; run the comparison in several processes with the multiproc package

== street natural n=65536 valuesFor: ordered vs baseline
A: 145 ns per operation (median)
B: 148.3 ns per operation (median)
A needs 1.76% less time than B: B takes 1.02 times as long as A.
With 95% confidence the difference lies between 0.908% more time and 4.15% less time (B takes between 0.991 and 1.04 times as long as A).
Noise floor: 1.7%. Identical code measured against itself on this setup can look that different, so smaller differences mean nothing.
Neighbouring measurements are nearly independent (autocorrelation -0.37), so they were resampled one by one.

Verdict: NOT RESOLVED. This run did not establish which candidate is faster. That is not the same as "equally fast": the warnings below say what is missing.

Warnings:
  - the interval [-0.91%, 4.15%] includes zero, so a difference in either direction is consistent with these measurements
  - the program holds 206 MB of live data, more than the caches of many machines; for data that size, where it lies in memory can shift the result by several points in ways the interval does not cover, and differently in the next process; run the comparison in several processes with the multiproc package

== street natural n=65536 valuesFor: ordered vs ordered-mk1
A: 143.9 ns per operation (median)
B: 137.1 ns per operation (median)
A needs 5.24% more time than B: B takes only 0.95 times as long as A.
With 95% confidence the difference lies between 2.11% and 8.01% more time (B takes between 0.926 and 0.98 times as long as A).
Noise floor: 0.852%. Identical code measured against itself on this setup can look that different, so smaller differences mean nothing.
Neighbouring measurements are nearly independent (autocorrelation -0.05), so they were resampled one by one.

Verdict: RESOLVED. A is slower than B: the difference is real, as its interval excludes zero and it exceeds the noise floor.

Warnings:
  - the program holds 206 MB of live data, more than the caches of many machines; for data that size, where it lies in memory can shift the result by several points in ways the interval does not cover, and differently in the next process; run the comparison in several processes with the multiproc package

== street natural n=65536 valuesFor: ordered vs ordered-mk2
A: 143.4 ns per operation (median)
B: 144.1 ns per operation (median)
A needs 0.719% less time than B: B takes 1.01 times as long as A.
With 95% confidence the difference lies between 3.62% more time and 3.41% less time (B takes between 0.965 and 1.04 times as long as A).
Noise floor: 1.11%. Identical code measured against itself on this setup can look that different, so smaller differences mean nothing.
Neighbouring measurements are nearly independent (autocorrelation -0.29), so they were resampled one by one.

Verdict: NOT RESOLVED. This run did not establish which candidate is faster. That is not the same as "equally fast": the warnings below say what is missing.

Warnings:
  - the difference of 0.72% does not clear the 1.11% noise floor, which is what this setup reports between two runs of identical code
  - the interval [-3.62%, 3.41%] includes zero, so a difference in either direction is consistent with these measurements
  - the program holds 206 MB of live data, more than the caches of many machines; for data that size, where it lies in memory can shift the result by several points in ways the interval does not cover, and differently in the next process; run the comparison in several processes with the multiproc package

== street natural n=65536 valuesFor: ordered vs ordered-mk4
A: 160.1 ns per operation (median)
B: 167.4 ns per operation (median)
A needs 8.15% less time than B: B takes 1.09 times as long as A.
With 95% confidence the difference lies between 6.09% and 11.1% less time (B takes between 1.06 and 1.12 times as long as A).
Noise floor: 0.99%. Identical code measured against itself on this setup can look that different, so smaller differences mean nothing.
Neighbouring measurements are correlated (autocorrelation +0.60), so they were resampled in blocks of 3.

Verdict: RESOLVED. A is faster than B: the difference is real, as its interval excludes zero and it exceeds the noise floor.

Warnings:
  - the program holds 206 MB of live data, more than the caches of many machines; for data that size, where it lies in memory can shift the result by several points in ways the interval does not cover, and differently in the next process; run the comparison in several processes with the multiproc package
  - candidate A drifted during the run: its measurements were 8.92% higher in the second half than in the first, so the machine did not hold still
  - candidate B drifted during the run: its measurements were 18.5% higher in the second half than in the first, so the machine did not hold still

== street natural n=65536 valuesBetween: ordered vs btree-sets
A: 1937 ns per operation (median)
B: 9306 ns per operation (median)
A needs 79% less time than B: B takes 4.76 times as long as A.
With 95% confidence the difference lies between 78.8% and 79.6% less time (B takes between 4.72 and 4.89 times as long as A).
Noise floor: 0.582%. Identical code measured against itself on this setup can look that different, so smaller differences mean nothing.
Neighbouring measurements are nearly independent (autocorrelation -0.39), so they were resampled one by one.

Verdict: RESOLVED. A is faster than B: the difference is real, as its interval excludes zero and it exceeds the noise floor.

Warnings:
  - the program holds 206 MB of live data, more than the caches of many machines; for data that size, where it lies in memory can shift the result by several points in ways the interval does not cover, and differently in the next process; run the comparison in several processes with the multiproc package

== street natural n=65536 valuesBetween: ordered vs baseline
A: 1887 ns per operation (median)
B: 4197 ns per operation (median)
A needs 54.7% less time than B: B takes 2.21 times as long as A.
With 95% confidence the difference lies between 53% and 56.5% less time (B takes between 2.13 and 2.30 times as long as A).
Noise floor: 0.703%. Identical code measured against itself on this setup can look that different, so smaller differences mean nothing.
Neighbouring measurements are nearly independent (autocorrelation -0.40), so they were resampled one by one.

Verdict: RESOLVED. A is faster than B: the difference is real, as its interval excludes zero and it exceeds the noise floor.

Warnings:
  - the program holds 206 MB of live data, more than the caches of many machines; for data that size, where it lies in memory can shift the result by several points in ways the interval does not cover, and differently in the next process; run the comparison in several processes with the multiproc package
  - candidate A drifted during the run: its measurements were 2.27% lower in the second half than in the first, so the machine did not hold still
  - candidate B drifted during the run: its measurements were 2.66% lower in the second half than in the first, so the machine did not hold still

== street natural n=65536 valuesBetween: ordered vs ordered-mk1
A: 1831 ns per operation (median)
B: 4996 ns per operation (median)
A needs 63.5% less time than B: B takes 2.74 times as long as A.
With 95% confidence the difference lies between 62% and 64.4% less time (B takes between 2.63 and 2.81 times as long as A).
Noise floor: 1.88%. Identical code measured against itself on this setup can look that different, so smaller differences mean nothing.
Neighbouring measurements are nearly independent (autocorrelation -0.28), so they were resampled one by one.

Verdict: RESOLVED. A is faster than B: the difference is real, as its interval excludes zero and it exceeds the noise floor.

Warnings:
  - the program holds 206 MB of live data, more than the caches of many machines; for data that size, where it lies in memory can shift the result by several points in ways the interval does not cover, and differently in the next process; run the comparison in several processes with the multiproc package

== street natural n=65536 valuesBetween: ordered vs ordered-mk2
A: 1810 ns per operation (median)
B: 4013 ns per operation (median)
A needs 54.5% less time than B: B takes 2.20 times as long as A.
With 95% confidence the difference lies between 53.9% and 56.1% less time (B takes between 2.17 and 2.28 times as long as A).
Noise floor: 0.844%. Identical code measured against itself on this setup can look that different, so smaller differences mean nothing.
Neighbouring measurements are nearly independent (autocorrelation -0.34), so they were resampled one by one.

Verdict: RESOLVED. A is faster than B: the difference is real, as its interval excludes zero and it exceeds the noise floor.

Warnings:
  - the program holds 206 MB of live data, more than the caches of many machines; for data that size, where it lies in memory can shift the result by several points in ways the interval does not cover, and differently in the next process; run the comparison in several processes with the multiproc package

== street natural n=65536 valuesBetween: ordered vs ordered-mk4
A: 1807 ns per operation (median)
B: 3207 ns per operation (median)
A needs 44% less time than B: B takes 1.78 times as long as A.
With 95% confidence the difference lies between 42.9% and 44.4% less time (B takes between 1.75 and 1.80 times as long as A).
Noise floor: 1.31%. Identical code measured against itself on this setup can look that different, so smaller differences mean nothing.
Neighbouring measurements are nearly independent (autocorrelation -0.38), so they were resampled one by one.

Verdict: RESOLVED. A is faster than B: the difference is real, as its interval excludes zero and it exceeds the noise floor.

Warnings:
  - the program holds 206 MB of live data, more than the caches of many machines; for data that size, where it lies in memory can shift the result by several points in ways the interval does not cover, and differently in the next process; run the comparison in several processes with the multiproc package

== street natural n=65536 churn and build: ordered vs btree-sets
steady state, per insertion or deletion in a structure of 185027 elements (cycle of 483790 operations, first pass untimed):
  A: 340.7 ns per operation (median)
  B: 521 ns per operation (median)
  A needs 35.3% less time than B: B takes 1.54 times as long as A.
  With 95% confidence the difference lies between 34.9% and 35.7% less time (B takes between 1.54 and 1.55 times as long as A).
  Noise floor: 0.678%. Identical code measured against itself on this setup can look that different, so smaller differences mean nothing.
  Neighbouring measurements are correlated (autocorrelation +0.39), so they were resampled in blocks of 3.
  
  Verdict: RESOLVED. A is faster than B: the difference is real, as its interval excludes zero and it exceeds the noise floor.
  
  Warnings:
    - the program holds 218 MB of live data, more than the caches of many machines; for data that size, where it lies in memory can shift the result by several points in ways the interval does not cover, and differently in the next process; run the comparison in several processes with the multiproc package
    - candidate A drifted during the run: its measurements were 1.61% higher in the second half than in the first, so the machine did not hold still
    - candidate B drifted during the run: its measurements were 1.05% higher in the second half than in the first, so the machine did not hold still

build from empty to 185027 elements, per whole build (663737 operations):
  A: 1.829e+08 ns per operation (median)
  B: 2.84e+08 ns per operation (median)
  A needs 35.5% less time than B: B takes 1.55 times as long as A.
  With 95% confidence the difference lies between 35.1% and 35.8% less time (B takes between 1.54 and 1.56 times as long as A).
  Noise floor: 0.506%. Identical code measured against itself on this setup can look that different, so smaller differences mean nothing.
  Neighbouring measurements are nearly independent (autocorrelation +0.09), so they were resampled one by one.
  
  Verdict: RESOLVED. A is faster than B: the difference is real, as its interval excludes zero and it exceeds the noise floor.
  
  Warnings:
    - the program holds 184 MB of live data, more than the caches of many machines; for data that size, where it lies in memory can shift the result by several points in ways the interval does not cover, and differently in the next process; run the comparison in several processes with the multiproc package
    - candidate B drifted during the run: its measurements were 0.799% higher in the second half than in the first, so the machine did not hold still

== street natural n=65536 churn and build: ordered vs baseline
steady state, per insertion or deletion in a structure of 185027 elements (cycle of 483790 operations, first pass untimed):
  A: 276.8 ns per operation (median)
  B: 249.9 ns per operation (median)
  A needs 17% more time than B: B takes only 0.85 times as long as A.
  With 95% confidence the difference lies between 4.77% and 19.4% more time (B takes between 0.837 and 0.95 times as long as A).
  Noise floor: 7.49%. Identical code measured against itself on this setup can look that different, so smaller differences mean nothing.
  Neighbouring measurements are nearly independent (autocorrelation -0.43), so they were resampled one by one.
  
  Verdict: RESOLVED. A is slower than B: the difference is real, as its interval excludes zero and it exceeds the noise floor.
  
  Warnings:
    - the program holds 199 MB of live data, more than the caches of many machines; for data that size, where it lies in memory can shift the result by several points in ways the interval does not cover, and differently in the next process; run the comparison in several processes with the multiproc package
    - candidate A drifted during the run: its measurements were 7.58% higher in the second half than in the first, so the machine did not hold still

build from empty to 185027 elements, per whole build (663737 operations):
  A: 1.833e+08 ns per operation (median)
  B: 1.581e+08 ns per operation (median)
  A needs 16% more time than B: B takes only 0.86 times as long as A.
  With 95% confidence the difference lies between 15.7% and 18.8% more time (B takes between 0.842 and 0.86 times as long as A).
  Noise floor: 0.152%. Identical code measured against itself on this setup can look that different, so smaller differences mean nothing.
  Neighbouring measurements are nearly independent (autocorrelation +0.11), so they were resampled one by one.
  
  Verdict: RESOLVED. A is slower than B: the difference is real, as its interval excludes zero and it exceeds the noise floor.
  
  Warnings:
    - the program holds 184 MB of live data, more than the caches of many machines; for data that size, where it lies in memory can shift the result by several points in ways the interval does not cover, and differently in the next process; run the comparison in several processes with the multiproc package
    - in 50% of A/A runs this setup reported a difference between identical code, well above the 10% expected; treat any confidence from it with suspicion

== street natural n=65536 churn and build: ordered vs ordered-mk1
steady state, per insertion or deletion in a structure of 185027 elements (cycle of 483790 operations, first pass untimed):
  A: 294.7 ns per operation (median)
  B: 300.1 ns per operation (median)
  A needs 3.54% more time than B: B takes only 0.97 times as long as A.
  With 95% confidence the difference lies between 8.25% more time and 13.4% less time (B takes between 0.924 and 1.15 times as long as A).
  Noise floor: 8.07%. Identical code measured against itself on this setup can look that different, so smaller differences mean nothing.
  Neighbouring measurements are nearly independent (autocorrelation -0.74), so they were resampled one by one.
  
  Verdict: NOT RESOLVED. This run did not establish which candidate is faster. That is not the same as "equally fast": the warnings below say what is missing.
  
  Warnings:
    - the difference of -3.54% does not clear the 8.07% noise floor, which is what this setup reports between two runs of identical code
    - the interval [-8.25%, 13.37%] includes zero, so a difference in either direction is consistent with these measurements
    - the program holds 204 MB of live data, more than the caches of many machines; for data that size, where it lies in memory can shift the result by several points in ways the interval does not cover, and differently in the next process; run the comparison in several processes with the multiproc package

build from empty to 185027 elements, per whole build (663737 operations):
  A: 1.821e+08 ns per operation (median)
  B: 1.698e+08 ns per operation (median)
  A needs 7.26% more time than B: B takes only 0.93 times as long as A.
  With 95% confidence the difference lies between 7.04% and 7.56% more time (B takes between 0.93 and 0.93 times as long as A).
  Noise floor: 0.188%. Identical code measured against itself on this setup can look that different, so smaller differences mean nothing.
  Neighbouring measurements are correlated (autocorrelation +0.22), so they were resampled in blocks of 3.
  
  Verdict: RESOLVED. A is slower than B: the difference is real, as its interval excludes zero and it exceeds the noise floor.
  
  Warnings:
    - the program holds 184 MB of live data, more than the caches of many machines; for data that size, where it lies in memory can shift the result by several points in ways the interval does not cover, and differently in the next process; run the comparison in several processes with the multiproc package

== street natural n=65536 churn and build: ordered vs ordered-mk2
steady state, per insertion or deletion in a structure of 185027 elements (cycle of 483790 operations, first pass untimed):
  A: 300.2 ns per operation (median)
  B: 328.7 ns per operation (median)
  A needs 4.58% less time than B: B takes 1.05 times as long as A.
  With 95% confidence the difference lies between 2.91% and 20.8% less time (B takes between 1.03 and 1.26 times as long as A).
  Noise floor: 10.3%. Identical code measured against itself on this setup can look that different, so smaller differences mean nothing.
  Neighbouring measurements are nearly independent (autocorrelation -0.58), so they were resampled one by one.
  
  Verdict: NOT RESOLVED. This run did not establish which candidate is faster. That is not the same as "equally fast": the warnings below say what is missing.
  
  Warnings:
    - the difference of 4.58% does not clear the 10.30% noise floor, which is what this setup reports between two runs of identical code
    - the program holds 202 MB of live data, more than the caches of many machines; for data that size, where it lies in memory can shift the result by several points in ways the interval does not cover, and differently in the next process; run the comparison in several processes with the multiproc package

build from empty to 185027 elements, per whole build (663737 operations):
  A: 1.82e+08 ns per operation (median)
  B: 2.061e+08 ns per operation (median)
  A needs 11.6% less time than B: B takes 1.13 times as long as A.
  With 95% confidence the difference lies between 11.5% and 12.2% less time (B takes between 1.13 and 1.14 times as long as A).
  Noise floor: 0.313%. Identical code measured against itself on this setup can look that different, so smaller differences mean nothing.
  Neighbouring measurements are nearly independent (autocorrelation +0.02), so they were resampled one by one.
  
  Verdict: RESOLVED. A is faster than B: the difference is real, as its interval excludes zero and it exceeds the noise floor.
  
  Warnings:
    - the program holds 184 MB of live data, more than the caches of many machines; for data that size, where it lies in memory can shift the result by several points in ways the interval does not cover, and differently in the next process; run the comparison in several processes with the multiproc package

== street natural n=65536 churn and build: ordered vs ordered-mk4
steady state, per insertion or deletion in a structure of 185027 elements (cycle of 483790 operations, first pass untimed):
  A: 301.3 ns per operation (median)
  B: 313 ns per operation (median)
  A needs 1.92% less time than B: B takes 1.02 times as long as A.
  With 95% confidence the difference lies between 0.904% more time and 19.4% less time (B takes between 0.991 and 1.24 times as long as A).
  Noise floor: 11.7%. Identical code measured against itself on this setup can look that different, so smaller differences mean nothing.
  Neighbouring measurements are nearly independent (autocorrelation -0.11), so they were resampled one by one.
  
  Verdict: NOT RESOLVED. This run did not establish which candidate is faster. That is not the same as "equally fast": the warnings below say what is missing.
  
  Warnings:
    - the difference of 1.92% does not clear the 11.68% noise floor, which is what this setup reports between two runs of identical code
    - the interval [-0.90%, 19.44%] includes zero, so a difference in either direction is consistent with these measurements
    - the program holds 200 MB of live data, more than the caches of many machines; for data that size, where it lies in memory can shift the result by several points in ways the interval does not cover, and differently in the next process; run the comparison in several processes with the multiproc package

build from empty to 185027 elements, per whole build (663737 operations):
  A: 1.825e+08 ns per operation (median)
  B: 2.068e+08 ns per operation (median)
  A needs 11.7% less time than B: B takes 1.13 times as long as A.
  With 95% confidence the difference lies between 11.1% and 11.8% less time (B takes between 1.12 and 1.13 times as long as A).
  Noise floor: 0.37%. Identical code measured against itself on this setup can look that different, so smaller differences mean nothing.
  Neighbouring measurements are nearly independent (autocorrelation -0.11), so they were resampled one by one.
  
  Verdict: RESOLVED. A is faster than B: the difference is real, as its interval excludes zero and it exceeds the noise floor.
  
  Warnings:
    - the program holds 184 MB of live data, more than the caches of many machines; for data that size, where it lies in memory can shift the result by several points in ways the interval does not cover, and differently in the next process; run the comparison in several processes with the multiproc package
    - the ratio B/A was 0.881% higher in the second half of the run than in the first, so the candidates had not reached a steady state and the difference depends on how long the run was; a common cause is a head start for whichever candidate ran alone last before the comparison or had its data built last, which a longer CollectOptions.WarmupDuration removes

checksum 2444934860407
== street natural n=65536 valuesFor: ordered vs btree-sets
A: 160.7 ns per operation (median)
B: 388.4 ns per operation (median)
A needs 59.9% less time than B: B takes 2.49 times as long as A.
With 95% confidence the difference lies between 56.8% and 61.6% less time (B takes between 2.31 and 2.60 times as long as A).
Noise floor: 3.84%. Identical code measured against itself on this setup can look that different, so smaller differences mean nothing.
Neighbouring measurements are nearly independent (autocorrelation +0.07), so they were resampled one by one.

Verdict: RESOLVED. A is faster than B: the difference is real, as its interval excludes zero and it exceeds the noise floor.

Warnings:
  - the program holds 170 MB of live data, more than the caches of many machines; for data that size, where it lies in memory can shift the result by several points in ways the interval does not cover, and differently in the next process; run the comparison in several processes with the multiproc package

== street natural n=65536 valuesFor: ordered vs baseline
A: 144.9 ns per operation (median)
B: 145.8 ns per operation (median)
A needs 0.227% more time than B: B takes only 1.00 times as long as A.
With 95% confidence the difference lies between 1.17% more time and 2.14% less time (B takes between 0.988 and 1.02 times as long as A).
Noise floor: 1.69%. Identical code measured against itself on this setup can look that different, so smaller differences mean nothing.
Neighbouring measurements are nearly independent (autocorrelation -0.25), so they were resampled one by one.

Verdict: NOT RESOLVED. This run did not establish which candidate is faster. That is not the same as "equally fast": the warnings below say what is missing.

Warnings:
  - the difference of -0.23% does not clear the 1.69% noise floor, which is what this setup reports between two runs of identical code
  - the interval [-1.17%, 2.14%] includes zero, so a difference in either direction is consistent with these measurements
  - the program holds 170 MB of live data, more than the caches of many machines; for data that size, where it lies in memory can shift the result by several points in ways the interval does not cover, and differently in the next process; run the comparison in several processes with the multiproc package

== street natural n=65536 valuesFor: ordered vs ordered-mk1
A: 152.9 ns per operation (median)
B: 151.3 ns per operation (median)
A needs 0.204% more time than B: B takes only 1.00 times as long as A.
With 95% confidence the difference lies between 4.07% more time and 2.45% less time (B takes between 0.961 and 1.03 times as long as A).
Noise floor: 0.748%. Identical code measured against itself on this setup can look that different, so smaller differences mean nothing.
Neighbouring measurements are nearly independent (autocorrelation -0.15), so they were resampled one by one.

Verdict: NOT RESOLVED. This run did not establish which candidate is faster. That is not the same as "equally fast": the warnings below say what is missing.

Warnings:
  - the difference of -0.20% does not clear the 0.75% noise floor, which is what this setup reports between two runs of identical code
  - the interval [-4.07%, 2.45%] includes zero, so a difference in either direction is consistent with these measurements
  - the program holds 170 MB of live data, more than the caches of many machines; for data that size, where it lies in memory can shift the result by several points in ways the interval does not cover, and differently in the next process; run the comparison in several processes with the multiproc package

== street natural n=65536 valuesFor: ordered vs ordered-mk2
A: 143.6 ns per operation (median)
B: 144.4 ns per operation (median)
A needs 1.81% less time than B: B takes 1.02 times as long as A.
With 95% confidence the difference lies between 0.941% more time and 3.59% less time (B takes between 0.991 and 1.04 times as long as A).
Noise floor: 1.18%. Identical code measured against itself on this setup can look that different, so smaller differences mean nothing.
Neighbouring measurements are correlated (autocorrelation +0.41), so they were resampled in blocks of 3.

Verdict: NOT RESOLVED. This run did not establish which candidate is faster. That is not the same as "equally fast": the warnings below say what is missing.

Warnings:
  - the interval [-0.94%, 3.59%] includes zero, so a difference in either direction is consistent with these measurements
  - the program holds 170 MB of live data, more than the caches of many machines; for data that size, where it lies in memory can shift the result by several points in ways the interval does not cover, and differently in the next process; run the comparison in several processes with the multiproc package

== street natural n=65536 valuesFor: ordered vs ordered-mk4
A: 141.5 ns per operation (median)
B: 142.1 ns per operation (median)
A needs 0.0589% less time than B: B takes 1.00 times as long as A.
With 95% confidence the difference lies between 2.25% more time and 1.99% less time (B takes between 0.978 and 1.02 times as long as A).
Noise floor: 1.24%. Identical code measured against itself on this setup can look that different, so smaller differences mean nothing.
Neighbouring measurements are nearly independent (autocorrelation +0.08), so they were resampled one by one.

Verdict: NOT RESOLVED. This run did not establish which candidate is faster. That is not the same as "equally fast": the warnings below say what is missing.

Warnings:
  - the difference of 0.06% does not clear the 1.24% noise floor, which is what this setup reports between two runs of identical code
  - the interval [-2.25%, 1.99%] includes zero, so a difference in either direction is consistent with these measurements
  - the program holds 170 MB of live data, more than the caches of many machines; for data that size, where it lies in memory can shift the result by several points in ways the interval does not cover, and differently in the next process; run the comparison in several processes with the multiproc package

== street natural n=65536 valuesBetween: ordered vs btree-sets
A: 1879 ns per operation (median)
B: 9145 ns per operation (median)
A needs 79.5% less time than B: B takes 4.89 times as long as A.
With 95% confidence the difference lies between 78.8% and 80% less time (B takes between 4.72 and 5.01 times as long as A).
Noise floor: 0.928%. Identical code measured against itself on this setup can look that different, so smaller differences mean nothing.
Neighbouring measurements are nearly independent (autocorrelation +0.14), so they were resampled one by one.

Verdict: RESOLVED. A is faster than B: the difference is real, as its interval excludes zero and it exceeds the noise floor.

Warnings:
  - the program holds 170 MB of live data, more than the caches of many machines; for data that size, where it lies in memory can shift the result by several points in ways the interval does not cover, and differently in the next process; run the comparison in several processes with the multiproc package

== street natural n=65536 valuesBetween: ordered vs baseline
A: 1798 ns per operation (median)
B: 4023 ns per operation (median)
A needs 55.7% less time than B: B takes 2.26 times as long as A.
With 95% confidence the difference lies between 53.6% and 56.5% less time (B takes between 2.15 and 2.30 times as long as A).
Noise floor: 1.05%. Identical code measured against itself on this setup can look that different, so smaller differences mean nothing.
Neighbouring measurements are nearly independent (autocorrelation -0.40), so they were resampled one by one.

Verdict: RESOLVED. A is faster than B: the difference is real, as its interval excludes zero and it exceeds the noise floor.

Warnings:
  - the program holds 170 MB of live data, more than the caches of many machines; for data that size, where it lies in memory can shift the result by several points in ways the interval does not cover, and differently in the next process; run the comparison in several processes with the multiproc package

== street natural n=65536 valuesBetween: ordered vs ordered-mk1
A: 1811 ns per operation (median)
B: 5019 ns per operation (median)
A needs 63.5% less time than B: B takes 2.74 times as long as A.
With 95% confidence the difference lies between 62.7% and 64.4% less time (B takes between 2.68 and 2.81 times as long as A).
Noise floor: 1.58%. Identical code measured against itself on this setup can look that different, so smaller differences mean nothing.
Neighbouring measurements are correlated (autocorrelation +0.31), so they were resampled in blocks of 3.

Verdict: RESOLVED. A is faster than B: the difference is real, as its interval excludes zero and it exceeds the noise floor.

Warnings:
  - the program holds 175 MB of live data, more than the caches of many machines; for data that size, where it lies in memory can shift the result by several points in ways the interval does not cover, and differently in the next process; run the comparison in several processes with the multiproc package

== street natural n=65536 valuesBetween: ordered vs ordered-mk2
A: 1784 ns per operation (median)
B: 3985 ns per operation (median)
A needs 55.1% less time than B: B takes 2.23 times as long as A.
With 95% confidence the difference lies between 53.8% and 56.5% less time (B takes between 2.17 and 2.30 times as long as A).
Noise floor: 1.52%. Identical code measured against itself on this setup can look that different, so smaller differences mean nothing.
Neighbouring measurements are nearly independent (autocorrelation -0.45), so they were resampled one by one.

Verdict: RESOLVED. A is faster than B: the difference is real, as its interval excludes zero and it exceeds the noise floor.

Warnings:
  - the program holds 175 MB of live data, more than the caches of many machines; for data that size, where it lies in memory can shift the result by several points in ways the interval does not cover, and differently in the next process; run the comparison in several processes with the multiproc package

== street natural n=65536 valuesBetween: ordered vs ordered-mk4
A: 1747 ns per operation (median)
B: 3100 ns per operation (median)
A needs 42.2% less time than B: B takes 1.73 times as long as A.
With 95% confidence the difference lies between 41.4% and 44.1% less time (B takes between 1.71 and 1.79 times as long as A).
Noise floor: 1.44%. Identical code measured against itself on this setup can look that different, so smaller differences mean nothing.
Neighbouring measurements are correlated (autocorrelation +0.29), so they were resampled in blocks of 3.

Verdict: RESOLVED. A is faster than B: the difference is real, as its interval excludes zero and it exceeds the noise floor.

Warnings:
  - the program holds 175 MB of live data, more than the caches of many machines; for data that size, where it lies in memory can shift the result by several points in ways the interval does not cover, and differently in the next process; run the comparison in several processes with the multiproc package

== street natural n=65536 churn and build: ordered vs btree-sets
steady state, per insertion or deletion in a structure of 185027 elements (cycle of 483790 operations, first pass untimed):
  A: 343.9 ns per operation (median)
  B: 508.1 ns per operation (median)
  A needs 32.8% less time than B: B takes 1.49 times as long as A.
  With 95% confidence the difference lies between 31.9% and 33.3% less time (B takes between 1.47 and 1.50 times as long as A).
  Noise floor: 0.802%. Identical code measured against itself on this setup can look that different, so smaller differences mean nothing.
  Neighbouring measurements are correlated (autocorrelation +0.41), so they were resampled in blocks of 3.
  
  Verdict: RESOLVED. A is faster than B: the difference is real, as its interval excludes zero and it exceeds the noise floor.
  
  Warnings:
    - the program holds 218 MB of live data, more than the caches of many machines; for data that size, where it lies in memory can shift the result by several points in ways the interval does not cover, and differently in the next process; run the comparison in several processes with the multiproc package
    - candidate A drifted during the run: its measurements were 3.18% higher in the second half than in the first, so the machine did not hold still
    - candidate B drifted during the run: its measurements were 1.06% higher in the second half than in the first, so the machine did not hold still

build from empty to 185027 elements, per whole build (663737 operations):
  A: 1.82e+08 ns per operation (median)
  B: 2.856e+08 ns per operation (median)
  A needs 36.3% less time than B: B takes 1.57 times as long as A.
  With 95% confidence the difference lies between 36% and 36.9% less time (B takes between 1.56 and 1.58 times as long as A).
  Noise floor: 0.513%. Identical code measured against itself on this setup can look that different, so smaller differences mean nothing.
  Neighbouring measurements are nearly independent (autocorrelation +0.03), so they were resampled one by one.
  
  Verdict: RESOLVED. A is faster than B: the difference is real, as its interval excludes zero and it exceeds the noise floor.
  
  Warnings:
    - the program holds 184 MB of live data, more than the caches of many machines; for data that size, where it lies in memory can shift the result by several points in ways the interval does not cover, and differently in the next process; run the comparison in several processes with the multiproc package

== street natural n=65536 churn and build: ordered vs baseline
steady state, per insertion or deletion in a structure of 185027 elements (cycle of 483790 operations, first pass untimed):
  A: 286.9 ns per operation (median)
  B: 266.1 ns per operation (median)
  A needs 6.87% more time than B: B takes only 0.94 times as long as A.
  With 95% confidence the difference lies between 2.44% and 12.6% more time (B takes between 0.888 and 0.98 times as long as A).
  Noise floor: 7.59%. Identical code measured against itself on this setup can look that different, so smaller differences mean nothing.
  Neighbouring measurements are nearly independent (autocorrelation -0.32), so they were resampled one by one.
  
  Verdict: NOT RESOLVED. This run did not establish which candidate is faster. That is not the same as "equally fast": the warnings below say what is missing.
  
  Warnings:
    - the difference of -6.87% does not clear the 7.59% noise floor, which is what this setup reports between two runs of identical code
    - the program holds 202 MB of live data, more than the caches of many machines; for data that size, where it lies in memory can shift the result by several points in ways the interval does not cover, and differently in the next process; run the comparison in several processes with the multiproc package

build from empty to 185027 elements, per whole build (663737 operations):
  A: 1.82e+08 ns per operation (median)
  B: 1.601e+08 ns per operation (median)
  A needs 13.7% more time than B: B takes only 0.88 times as long as A.
  With 95% confidence the difference lies between 13.3% and 14.6% more time (B takes between 0.873 and 0.88 times as long as A).
  Noise floor: 0.251%. Identical code measured against itself on this setup can look that different, so smaller differences mean nothing.
  Neighbouring measurements are nearly independent (autocorrelation +0.03), so they were resampled one by one.
  
  Verdict: RESOLVED. A is slower than B: the difference is real, as its interval excludes zero and it exceeds the noise floor.
  
  Warnings:
    - the program holds 184 MB of live data, more than the caches of many machines; for data that size, where it lies in memory can shift the result by several points in ways the interval does not cover, and differently in the next process; run the comparison in several processes with the multiproc package

== street natural n=65536 churn and build: ordered vs ordered-mk1
steady state, per insertion or deletion in a structure of 185027 elements (cycle of 483790 operations, first pass untimed):
  A: 300.9 ns per operation (median)
  B: 301.3 ns per operation (median)
  A needs 3.37% more time than B: B takes only 0.97 times as long as A.
  With 95% confidence the difference lies between 7.54% more time and 13.9% less time (B takes between 0.93 and 1.16 times as long as A).
  Noise floor: 8.84%. Identical code measured against itself on this setup can look that different, so smaller differences mean nothing.
  Neighbouring measurements are nearly independent (autocorrelation -0.65), so they were resampled one by one.
  
  Verdict: NOT RESOLVED. This run did not establish which candidate is faster. That is not the same as "equally fast": the warnings below say what is missing.
  
  Warnings:
    - the difference of -3.37% does not clear the 8.84% noise floor, which is what this setup reports between two runs of identical code
    - the interval [-7.54%, 13.90%] includes zero, so a difference in either direction is consistent with these measurements
    - the program holds 204 MB of live data, more than the caches of many machines; for data that size, where it lies in memory can shift the result by several points in ways the interval does not cover, and differently in the next process; run the comparison in several processes with the multiproc package

build from empty to 185027 elements, per whole build (663737 operations):
  A: 1.824e+08 ns per operation (median)
  B: 1.743e+08 ns per operation (median)
  A needs 4.55% more time than B: B takes only 0.96 times as long as A.
  With 95% confidence the difference lies between 4.22% and 4.78% more time (B takes between 0.954 and 0.96 times as long as A).
  Noise floor: 0.3%. Identical code measured against itself on this setup can look that different, so smaller differences mean nothing.
  Neighbouring measurements are nearly independent (autocorrelation +0.11), so they were resampled one by one.
  
  Verdict: RESOLVED. A is slower than B: the difference is real, as its interval excludes zero and it exceeds the noise floor.
  
  Warnings:
    - the program holds 184 MB of live data, more than the caches of many machines; for data that size, where it lies in memory can shift the result by several points in ways the interval does not cover, and differently in the next process; run the comparison in several processes with the multiproc package
    - in 50% of A/A runs this setup reported a difference between identical code, well above the 10% expected; treat any confidence from it with suspicion

== street natural n=65536 churn and build: ordered vs ordered-mk2
steady state, per insertion or deletion in a structure of 185027 elements (cycle of 483790 operations, first pass untimed):
  A: 299.7 ns per operation (median)
  B: 341.6 ns per operation (median)
  A needs 10.3% less time than B: B takes 1.11 times as long as A.
  With 95% confidence the difference lies between 3.2% and 21.3% less time (B takes between 1.03 and 1.27 times as long as A).
  Noise floor: 9.23%. Identical code measured against itself on this setup can look that different, so smaller differences mean nothing.
  Neighbouring measurements are nearly independent (autocorrelation -0.49), so they were resampled one by one.
  
  Verdict: RESOLVED. A is faster than B: the difference is real, as its interval excludes zero and it exceeds the noise floor.
  
  Warnings:
    - the program holds 203 MB of live data, more than the caches of many machines; for data that size, where it lies in memory can shift the result by several points in ways the interval does not cover, and differently in the next process; run the comparison in several processes with the multiproc package

build from empty to 185027 elements, per whole build (663737 operations):
  A: 1.834e+08 ns per operation (median)
  B: 2.1e+08 ns per operation (median)
  A needs 12.9% less time than B: B takes 1.15 times as long as A.
  With 95% confidence the difference lies between 11.6% and 13.3% less time (B takes between 1.13 and 1.15 times as long as A).
  Noise floor: 0.173%. Identical code measured against itself on this setup can look that different, so smaller differences mean nothing.
  Neighbouring measurements are nearly independent (autocorrelation -0.09), so they were resampled one by one.
  
  Verdict: RESOLVED. A is faster than B: the difference is real, as its interval excludes zero and it exceeds the noise floor.
  
  Warnings:
    - the program holds 184 MB of live data, more than the caches of many machines; for data that size, where it lies in memory can shift the result by several points in ways the interval does not cover, and differently in the next process; run the comparison in several processes with the multiproc package
    - 8.0% of bootstrap replicates tied, so the measurement is coarse relative to the question; lower CollectOptions.MaxQuantizationError to lengthen the batches

== street natural n=65536 churn and build: ordered vs ordered-mk4
steady state, per insertion or deletion in a structure of 185027 elements (cycle of 483790 operations, first pass untimed):
  A: 303.1 ns per operation (median)
  B: 320.8 ns per operation (median)
  A needs 2.01% less time than B: B takes 1.02 times as long as A.
  With 95% confidence the difference lies between 0.631% and 19.6% less time (B takes between 1.01 and 1.24 times as long as A).
  Noise floor: 11.1%. Identical code measured against itself on this setup can look that different, so smaller differences mean nothing.
  Neighbouring measurements are nearly independent (autocorrelation -0.44), so they were resampled one by one.
  
  Verdict: NOT RESOLVED. This run did not establish which candidate is faster. That is not the same as "equally fast": the warnings below say what is missing.
  
  Warnings:
    - the difference of 2.01% does not clear the 11.11% noise floor, which is what this setup reports between two runs of identical code
    - the program holds 202 MB of live data, more than the caches of many machines; for data that size, where it lies in memory can shift the result by several points in ways the interval does not cover, and differently in the next process; run the comparison in several processes with the multiproc package

build from empty to 185027 elements, per whole build (663737 operations):
  A: 1.808e+08 ns per operation (median)
  B: 2.099e+08 ns per operation (median)
  A needs 13.8% less time than B: B takes 1.16 times as long as A.
  With 95% confidence the difference lies between 13.1% and 14.1% less time (B takes between 1.15 and 1.16 times as long as A).
  Noise floor: 0.606%. Identical code measured against itself on this setup can look that different, so smaller differences mean nothing.
  Neighbouring measurements are nearly independent (autocorrelation +0.07), so they were resampled one by one.
  
  Verdict: RESOLVED. A is faster than B: the difference is real, as its interval excludes zero and it exceeds the noise floor.
  
  Warnings:
    - the program holds 184 MB of live data, more than the caches of many machines; for data that size, where it lies in memory can shift the result by several points in ways the interval does not cover, and differently in the next process; run the comparison in several processes with the multiproc package
    - in 50% of A/A runs this setup reported a difference between identical code, well above the 10% expected; treat any confidence from it with suspicion

checksum 2507268735551
