== u64 single-value n=4096 valuesFor: ordered vs btree-map
A: 40.43 ns per operation (median)
B: 109.2 ns per operation (median)
A needs 63% less time than B: B takes 2.70 times as long as A.
With 95% confidence the difference lies between 63% and 63.2% less time (B takes between 2.7 and 2.71 times as long as A).
Noise floor: 0.425%. Identical code measured against itself on this setup can look that different, so smaller differences mean nothing.
Neighbouring measurements are correlated (autocorrelation +0.40), so they were resampled in blocks of 3.

Verdict: RESOLVED. A is faster than B: the difference is real, as its interval excludes zero and it exceeds the noise floor.

Warnings:
  - the program holds 16 MB of live data, more than the caches of many machines; for data that size, where it lies in memory can shift the result by several points in ways the interval does not cover, and differently in the next process; run the comparison in several processes with the multiproc package
  - candidate A drifted during the run: its measurements were 3.43% higher in the second half than in the first, so the machine did not hold still
  - candidate B drifted during the run: its measurements were 3.47% higher in the second half than in the first, so the machine did not hold still

== u64 single-value n=4096 valuesFor: ordered vs baseline
A: 40.23 ns per operation (median)
B: 20.14 ns per operation (median)
A needs 99.9% more time than B: B takes only 0.50 times as long as A.
With 95% confidence the difference lies between 99.4% and 100% more time (B takes between 0.5 and 0.50 times as long as A).
Noise floor: 0.158%. Identical code measured against itself on this setup can look that different, so smaller differences mean nothing.
Neighbouring measurements are correlated (autocorrelation +0.53), so they were resampled in blocks of 3.

Verdict: RESOLVED. A is slower than B: the difference is real, as its interval excludes zero and it exceeds the noise floor.

Warnings:
  - the program holds 16 MB of live data, more than the caches of many machines; for data that size, where it lies in memory can shift the result by several points in ways the interval does not cover, and differently in the next process; run the comparison in several processes with the multiproc package

== u64 single-value n=4096 valuesFor: ordered vs ordered-mk1
A: 40.11 ns per operation (median)
B: 23.41 ns per operation (median)
A needs 71.6% more time than B: B takes only 0.58 times as long as A.
With 95% confidence the difference lies between 71% and 72% more time (B takes between 0.581 and 0.58 times as long as A).
Noise floor: 0.0767%. Identical code measured against itself on this setup can look that different, so smaller differences mean nothing.
Neighbouring measurements are correlated (autocorrelation +0.21), so they were resampled in blocks of 3.

Verdict: RESOLVED. A is slower than B: the difference is real, as its interval excludes zero and it exceeds the noise floor.

Warnings:
  - the program holds 16 MB of live data, more than the caches of many machines; for data that size, where it lies in memory can shift the result by several points in ways the interval does not cover, and differently in the next process; run the comparison in several processes with the multiproc package
  - candidate B drifted during the run: its measurements were 0.919% lower in the second half than in the first, so the machine did not hold still
  - the ratio B/A was 0.85% lower in the second half of the run than in the first, so the candidates had not reached a steady state and the difference depends on how long the run was; a common cause is a head start for whichever candidate ran alone last before the comparison or had its data built last, which a longer CollectOptions.WarmupDuration removes

== u64 single-value n=4096 valuesFor: ordered vs ordered-mk2
A: 40.2 ns per operation (median)
B: 24.05 ns per operation (median)
A needs 67.2% more time than B: B takes only 0.60 times as long as A.
With 95% confidence the difference lies between 66.9% and 67.5% more time (B takes between 0.597 and 0.60 times as long as A).
Noise floor: 0.128%. Identical code measured against itself on this setup can look that different, so smaller differences mean nothing.
Neighbouring measurements are nearly independent (autocorrelation +0.11), so they were resampled one by one.

Verdict: RESOLVED. A is slower than B: the difference is real, as its interval excludes zero and it exceeds the noise floor.

Warnings:
  - the program holds 16 MB of live data, more than the caches of many machines; for data that size, where it lies in memory can shift the result by several points in ways the interval does not cover, and differently in the next process; run the comparison in several processes with the multiproc package

== u64 single-value n=4096 valuesFor: ordered vs ordered-mk4
A: 40.08 ns per operation (median)
B: 24.13 ns per operation (median)
A needs 66.1% more time than B: B takes only 0.60 times as long as A.
With 95% confidence the difference lies between 65.7% and 66.7% more time (B takes between 0.6 and 0.60 times as long as A).
Noise floor: 0.13%. Identical code measured against itself on this setup can look that different, so smaller differences mean nothing.
Neighbouring measurements are correlated (autocorrelation +0.30), so they were resampled in blocks of 3.

Verdict: RESOLVED. A is slower than B: the difference is real, as its interval excludes zero and it exceeds the noise floor.

Warnings:
  - the program holds 16 MB of live data, more than the caches of many machines; for data that size, where it lies in memory can shift the result by several points in ways the interval does not cover, and differently in the next process; run the comparison in several processes with the multiproc package

== u64 single-value n=4096 valuesBetween: ordered vs btree-map
A: 348 ns per operation (median)
B: 442.1 ns per operation (median)
A needs 21.4% less time than B: B takes 1.27 times as long as A.
With 95% confidence the difference lies between 21.2% and 21.6% less time (B takes between 1.27 and 1.28 times as long as A).
Noise floor: 0.0651%. Identical code measured against itself on this setup can look that different, so smaller differences mean nothing.
Neighbouring measurements are nearly independent (autocorrelation +0.03), so they were resampled one by one.

Verdict: RESOLVED. A is faster than B: the difference is real, as its interval excludes zero and it exceeds the noise floor.

Warnings:
  - the program holds 16 MB of live data, more than the caches of many machines; for data that size, where it lies in memory can shift the result by several points in ways the interval does not cover, and differently in the next process; run the comparison in several processes with the multiproc package

== u64 single-value n=4096 valuesBetween: ordered vs baseline
A: 348 ns per operation (median)
B: 1230 ns per operation (median)
A needs 71.7% less time than B: B takes 3.54 times as long as A.
With 95% confidence the difference lies between 71.6% and 71.8% less time (B takes between 3.52 and 3.54 times as long as A).
Noise floor: 0.263%. Identical code measured against itself on this setup can look that different, so smaller differences mean nothing.
Neighbouring measurements are nearly independent (autocorrelation +0.01), so they were resampled one by one.

Verdict: RESOLVED. A is faster than B: the difference is real, as its interval excludes zero and it exceeds the noise floor.

Warnings:
  - the program holds 16 MB of live data, more than the caches of many machines; for data that size, where it lies in memory can shift the result by several points in ways the interval does not cover, and differently in the next process; run the comparison in several processes with the multiproc package
  - 5.7% of bootstrap replicates tied, so the measurement is coarse relative to the question; lower CollectOptions.MaxQuantizationError to lengthen the batches

== u64 single-value n=4096 valuesBetween: ordered vs ordered-mk1
A: 348.6 ns per operation (median)
B: 1990 ns per operation (median)
A needs 82.5% less time than B: B takes 5.72 times as long as A.
With 95% confidence the difference lies between 82.5% and 82.5% less time (B takes between 5.7 and 5.73 times as long as A).
Noise floor: 0.0995%. Identical code measured against itself on this setup can look that different, so smaller differences mean nothing.
Neighbouring measurements are correlated (autocorrelation +0.43), so they were resampled in blocks of 3.

Verdict: RESOLVED. A is faster than B: the difference is real, as its interval excludes zero and it exceeds the noise floor.

Warnings:
  - the program holds 16 MB of live data, more than the caches of many machines; for data that size, where it lies in memory can shift the result by several points in ways the interval does not cover, and differently in the next process; run the comparison in several processes with the multiproc package
  - in 50% of A/A runs this setup reported a difference between identical code, well above the 10% expected; treat any confidence from it with suspicion

== u64 single-value n=4096 valuesBetween: ordered vs ordered-mk2
A: 347.8 ns per operation (median)
B: 1842 ns per operation (median)
A needs 81.1% less time than B: B takes 5.30 times as long as A.
With 95% confidence the difference lies between 81.1% and 81.2% less time (B takes between 5.29 and 5.31 times as long as A).
Noise floor: 0.318%. Identical code measured against itself on this setup can look that different, so smaller differences mean nothing.
Neighbouring measurements are nearly independent (autocorrelation +0.04), so they were resampled one by one.

Verdict: RESOLVED. A is faster than B: the difference is real, as its interval excludes zero and it exceeds the noise floor.

Warnings:
  - the program holds 16 MB of live data, more than the caches of many machines; for data that size, where it lies in memory can shift the result by several points in ways the interval does not cover, and differently in the next process; run the comparison in several processes with the multiproc package
  - 5.7% of bootstrap replicates tied, so the measurement is coarse relative to the question; lower CollectOptions.MaxQuantizationError to lengthen the batches
  - in 100% of A/A runs this setup reported a difference between identical code, well above the 10% expected; treat any confidence from it with suspicion

== u64 single-value n=4096 valuesBetween: ordered vs ordered-mk4
A: 348.2 ns per operation (median)
B: 1837 ns per operation (median)
A needs 81.1% less time than B: B takes 5.28 times as long as A.
With 95% confidence the difference lies between 81% and 81.1% less time (B takes between 5.27 and 5.29 times as long as A).
Noise floor: 0.268%. Identical code measured against itself on this setup can look that different, so smaller differences mean nothing.
Neighbouring measurements are correlated (autocorrelation +0.61), so they were resampled in blocks of 3.

Verdict: RESOLVED. A is faster than B: the difference is real, as its interval excludes zero and it exceeds the noise floor.

Warnings:
  - the program holds 16 MB of live data, more than the caches of many machines; for data that size, where it lies in memory can shift the result by several points in ways the interval does not cover, and differently in the next process; run the comparison in several processes with the multiproc package
  - 6.1% of bootstrap replicates tied, so the measurement is coarse relative to the question; lower CollectOptions.MaxQuantizationError to lengthen the batches

== u64 single-value n=4096 churn and build: ordered vs btree-map
steady state, per insertion or deletion in a structure of 4096 elements (cycle of 10684 operations, first pass untimed):
  A: 83.04 ns per operation (median)
  B: 152 ns per operation (median)
  A needs 45.4% less time than B: B takes 1.83 times as long as A.
  With 95% confidence the difference lies between 45% and 45.9% less time (B takes between 1.82 and 1.85 times as long as A).
  Noise floor: 0.328%. Identical code measured against itself on this setup can look that different, so smaller differences mean nothing.
  Neighbouring measurements are nearly independent (autocorrelation -0.34), so they were resampled one by one.
  
  Verdict: RESOLVED. A is faster than B: the difference is real, as its interval excludes zero and it exceeds the noise floor.
  
  Warnings:
    - the program holds 16 MB of live data, more than the caches of many machines; for data that size, where it lies in memory can shift the result by several points in ways the interval does not cover, and differently in the next process; run the comparison in several processes with the multiproc package

build from empty to 4096 elements, per whole build (14748 operations):
  A: 1.231e+06 ns per operation (median)
  B: 2.227e+06 ns per operation (median)
  A needs 44.7% less time than B: B takes 1.81 times as long as A.
  With 95% confidence the difference lies between 43.1% and 45% less time (B takes between 1.76 and 1.82 times as long as A).
  Noise floor: 1.07%. Identical code measured against itself on this setup can look that different, so smaller differences mean nothing.
  Neighbouring measurements are nearly independent (autocorrelation -0.04), so they were resampled one by one.
  
  Verdict: RESOLVED. A is faster than B: the difference is real, as its interval excludes zero and it exceeds the noise floor.
  
  Warnings:
    - the program holds 16 MB of live data, more than the caches of many machines; for data that size, where it lies in memory can shift the result by several points in ways the interval does not cover, and differently in the next process; run the comparison in several processes with the multiproc package

== u64 single-value n=4096 churn and build: ordered vs baseline
steady state, per insertion or deletion in a structure of 4096 elements (cycle of 10684 operations, first pass untimed):
  A: 85.19 ns per operation (median)
  B: 55.98 ns per operation (median)
  A needs 52.4% more time than B: B takes only 0.66 times as long as A.
  With 95% confidence the difference lies between 48.9% and 53.5% more time (B takes between 0.652 and 0.67 times as long as A).
  Noise floor: 0.295%. Identical code measured against itself on this setup can look that different, so smaller differences mean nothing.
  Neighbouring measurements are correlated (autocorrelation +0.20), so they were resampled in blocks of 3.
  
  Verdict: RESOLVED. A is slower than B: the difference is real, as its interval excludes zero and it exceeds the noise floor.
  
  Warnings:
    - the program holds 17 MB of live data, more than the caches of many machines; for data that size, where it lies in memory can shift the result by several points in ways the interval does not cover, and differently in the next process; run the comparison in several processes with the multiproc package

build from empty to 4096 elements, per whole build (14748 operations):
  A: 1.251e+06 ns per operation (median)
  B: 8.938e+05 ns per operation (median)
  A needs 39.5% more time than B: B takes only 0.72 times as long as A.
  With 95% confidence the difference lies between 36.2% and 43.7% more time (B takes between 0.696 and 0.73 times as long as A).
  Noise floor: 1.43%. Identical code measured against itself on this setup can look that different, so smaller differences mean nothing.
  Neighbouring measurements are nearly independent (autocorrelation -0.19), so they were resampled one by one.
  
  Verdict: RESOLVED. A is slower than B: the difference is real, as its interval excludes zero and it exceeds the noise floor.
  
  Warnings:
    - the program holds 16 MB of live data, more than the caches of many machines; for data that size, where it lies in memory can shift the result by several points in ways the interval does not cover, and differently in the next process; run the comparison in several processes with the multiproc package
    - the ratio B/A was 4.71% lower in the second half of the run than in the first, so the candidates had not reached a steady state and the difference depends on how long the run was; a common cause is a head start for whichever candidate ran alone last before the comparison or had its data built last, which a longer CollectOptions.WarmupDuration removes
    - in 100% of A/A runs this setup reported a difference between identical code, well above the 10% expected; treat any confidence from it with suspicion

== u64 single-value n=4096 churn and build: ordered vs ordered-mk1
steady state, per insertion or deletion in a structure of 4096 elements (cycle of 10684 operations, first pass untimed):
  A: 82.91 ns per operation (median)
  B: 64.02 ns per operation (median)
  A needs 30.4% more time than B: B takes only 0.77 times as long as A.
  With 95% confidence the difference lies between 29.8% and 31.3% more time (B takes between 0.762 and 0.77 times as long as A).
  Noise floor: 0.336%. Identical code measured against itself on this setup can look that different, so smaller differences mean nothing.
  Neighbouring measurements are nearly independent (autocorrelation +0.10), so they were resampled one by one.
  
  Verdict: RESOLVED. A is slower than B: the difference is real, as its interval excludes zero and it exceeds the noise floor.
  
  Warnings:
    - the program holds 16 MB of live data, more than the caches of many machines; for data that size, where it lies in memory can shift the result by several points in ways the interval does not cover, and differently in the next process; run the comparison in several processes with the multiproc package
    - candidate A drifted during the run: its measurements were 3.55% higher in the second half than in the first, so the machine did not hold still
    - candidate B drifted during the run: its measurements were 3.24% higher in the second half than in the first, so the machine did not hold still

build from empty to 4096 elements, per whole build (14748 operations):
  A: 1.258e+06 ns per operation (median)
  B: 1.033e+06 ns per operation (median)
  A needs 21.8% more time than B: B takes only 0.82 times as long as A.
  With 95% confidence the difference lies between 18.8% and 23.8% more time (B takes between 0.808 and 0.84 times as long as A).
  Noise floor: 1.47%. Identical code measured against itself on this setup can look that different, so smaller differences mean nothing.
  Neighbouring measurements are nearly independent (autocorrelation -0.06), so they were resampled one by one.
  
  Verdict: RESOLVED. A is slower than B: the difference is real, as its interval excludes zero and it exceeds the noise floor.
  
  Warnings:
    - the program holds 16 MB of live data, more than the caches of many machines; for data that size, where it lies in memory can shift the result by several points in ways the interval does not cover, and differently in the next process; run the comparison in several processes with the multiproc package

== u64 single-value n=4096 churn and build: ordered vs ordered-mk2
steady state, per insertion or deletion in a structure of 4096 elements (cycle of 10684 operations, first pass untimed):
  A: 83.03 ns per operation (median)
  B: 77.89 ns per operation (median)
  A needs 6.63% more time than B: B takes only 0.94 times as long as A.
  With 95% confidence the difference lies between 5.88% and 7.28% more time (B takes between 0.932 and 0.94 times as long as A).
  Noise floor: 0.412%. Identical code measured against itself on this setup can look that different, so smaller differences mean nothing.
  Neighbouring measurements are nearly independent (autocorrelation +0.11), so they were resampled one by one.
  
  Verdict: RESOLVED. A is slower than B: the difference is real, as its interval excludes zero and it exceeds the noise floor.
  
  Warnings:
    - the program holds 16 MB of live data, more than the caches of many machines; for data that size, where it lies in memory can shift the result by several points in ways the interval does not cover, and differently in the next process; run the comparison in several processes with the multiproc package
    - candidate A drifted during the run: its measurements were 3.08% lower in the second half than in the first, so the machine did not hold still
    - candidate B drifted during the run: its measurements were 4.03% lower in the second half than in the first, so the machine did not hold still
    - the ratio B/A was 1.14% lower in the second half of the run than in the first, so the candidates had not reached a steady state and the difference depends on how long the run was; a common cause is a head start for whichever candidate ran alone last before the comparison or had its data built last, which a longer CollectOptions.WarmupDuration removes
    - in 50% of A/A runs this setup reported a difference between identical code, well above the 10% expected; treat any confidence from it with suspicion

build from empty to 4096 elements, per whole build (14748 operations):
  A: 1.243e+06 ns per operation (median)
  B: 1.394e+06 ns per operation (median)
  A needs 10.2% less time than B: B takes 1.11 times as long as A.
  With 95% confidence the difference lies between 9.37% and 10.9% less time (B takes between 1.1 and 1.12 times as long as A).
  Noise floor: 1.17%. Identical code measured against itself on this setup can look that different, so smaller differences mean nothing.
  Neighbouring measurements are nearly independent (autocorrelation +0.00), so they were resampled one by one.
  
  Verdict: RESOLVED. A is faster than B: the difference is real, as its interval excludes zero and it exceeds the noise floor.
  
  Warnings:
    - the program holds 16 MB of live data, more than the caches of many machines; for data that size, where it lies in memory can shift the result by several points in ways the interval does not cover, and differently in the next process; run the comparison in several processes with the multiproc package

== u64 single-value n=4096 churn and build: ordered vs ordered-mk4
steady state, per insertion or deletion in a structure of 4096 elements (cycle of 10684 operations, first pass untimed):
  A: 82.71 ns per operation (median)
  B: 77.61 ns per operation (median)
  A needs 6.48% more time than B: B takes only 0.94 times as long as A.
  With 95% confidence the difference lies between 5.72% and 7.22% more time (B takes between 0.933 and 0.95 times as long as A).
  Noise floor: 0.412%. Identical code measured against itself on this setup can look that different, so smaller differences mean nothing.
  Neighbouring measurements are correlated (autocorrelation +0.26), so they were resampled in blocks of 3.
  
  Verdict: RESOLVED. A is slower than B: the difference is real, as its interval excludes zero and it exceeds the noise floor.
  
  Warnings:
    - the program holds 16 MB of live data, more than the caches of many machines; for data that size, where it lies in memory can shift the result by several points in ways the interval does not cover, and differently in the next process; run the comparison in several processes with the multiproc package

build from empty to 4096 elements, per whole build (14748 operations):
  A: 1.253e+06 ns per operation (median)
  B: 1.447e+06 ns per operation (median)
  A needs 14.1% less time than B: B takes 1.16 times as long as A.
  With 95% confidence the difference lies between 12.7% and 14.6% less time (B takes between 1.14 and 1.17 times as long as A).
  Noise floor: 0.687%. Identical code measured against itself on this setup can look that different, so smaller differences mean nothing.
  Neighbouring measurements are nearly independent (autocorrelation +0.13), so they were resampled one by one.
  
  Verdict: RESOLVED. A is faster than B: the difference is real, as its interval excludes zero and it exceeds the noise floor.
  
  Warnings:
    - the program holds 16 MB of live data, more than the caches of many machines; for data that size, where it lies in memory can shift the result by several points in ways the interval does not cover, and differently in the next process; run the comparison in several processes with the multiproc package

checksum 17082637505952084474
== u64 single-value n=4096 valuesFor: ordered vs btree-map
A: 40.08 ns per operation (median)
B: 107.9 ns per operation (median)
A needs 62.8% less time than B: B takes 2.69 times as long as A.
With 95% confidence the difference lies between 62.7% and 62.9% less time (B takes between 2.68 and 2.70 times as long as A).
Noise floor: 0.156%. Identical code measured against itself on this setup can look that different, so smaller differences mean nothing.
Neighbouring measurements are nearly independent (autocorrelation -0.02), so they were resampled one by one.

Verdict: RESOLVED. A is faster than B: the difference is real, as its interval excludes zero and it exceeds the noise floor.

Warnings:
  - in 50% of A/A runs this setup reported a difference between identical code, well above the 10% expected; treat any confidence from it with suspicion

== u64 single-value n=4096 valuesFor: ordered vs baseline
A: 40.61 ns per operation (median)
B: 20.14 ns per operation (median)
A needs 102% more time than B: B takes only 0.50 times as long as A.
With 95% confidence the difference lies between 101% and 102% more time (B takes between 0.495 and 0.50 times as long as A).
Noise floor: 0.0688%. Identical code measured against itself on this setup can look that different, so smaller differences mean nothing.
Neighbouring measurements are nearly independent (autocorrelation +0.00), so they were resampled one by one.

Verdict: RESOLVED. A is slower than B: the difference is real, as its interval excludes zero and it exceeds the noise floor.

Warnings:
  - the program holds 16 MB of live data, more than the caches of many machines; for data that size, where it lies in memory can shift the result by several points in ways the interval does not cover, and differently in the next process; run the comparison in several processes with the multiproc package

== u64 single-value n=4096 valuesFor: ordered vs ordered-mk1
A: 40 ns per operation (median)
B: 23.42 ns per operation (median)
A needs 70.6% more time than B: B takes only 0.59 times as long as A.
With 95% confidence the difference lies between 70.3% and 71.1% more time (B takes between 0.585 and 0.59 times as long as A).
Noise floor: 0.219%. Identical code measured against itself on this setup can look that different, so smaller differences mean nothing.
Neighbouring measurements are nearly independent (autocorrelation -0.03), so they were resampled one by one.

Verdict: RESOLVED. A is slower than B: the difference is real, as its interval excludes zero and it exceeds the noise floor.

Warnings:
  - the program holds 16 MB of live data, more than the caches of many machines; for data that size, where it lies in memory can shift the result by several points in ways the interval does not cover, and differently in the next process; run the comparison in several processes with the multiproc package
  - in 50% of A/A runs this setup reported a difference between identical code, well above the 10% expected; treat any confidence from it with suspicion

== u64 single-value n=4096 valuesFor: ordered vs ordered-mk2
A: 40.62 ns per operation (median)
B: 24.87 ns per operation (median)
A needs 63% more time than B: B takes only 0.61 times as long as A.
With 95% confidence the difference lies between 62.6% and 63.4% more time (B takes between 0.612 and 0.61 times as long as A).
Noise floor: 0.102%. Identical code measured against itself on this setup can look that different, so smaller differences mean nothing.
Neighbouring measurements are nearly independent (autocorrelation -0.08), so they were resampled one by one.

Verdict: RESOLVED. A is slower than B: the difference is real, as its interval excludes zero and it exceeds the noise floor.

Warnings:
  - the program holds 16 MB of live data, more than the caches of many machines; for data that size, where it lies in memory can shift the result by several points in ways the interval does not cover, and differently in the next process; run the comparison in several processes with the multiproc package
  - candidate A drifted during the run: its measurements were 3.22% higher in the second half than in the first, so the machine did not hold still
  - candidate B drifted during the run: its measurements were 2.8% higher in the second half than in the first, so the machine did not hold still

== u64 single-value n=4096 valuesFor: ordered vs ordered-mk4
A: 40.66 ns per operation (median)
B: 24.26 ns per operation (median)
A needs 67.8% more time than B: B takes only 0.60 times as long as A.
With 95% confidence the difference lies between 67.1% and 68% more time (B takes between 0.595 and 0.60 times as long as A).
Noise floor: 0.216%. Identical code measured against itself on this setup can look that different, so smaller differences mean nothing.
Neighbouring measurements are correlated (autocorrelation +0.51), so they were resampled in blocks of 3.

Verdict: RESOLVED. A is slower than B: the difference is real, as its interval excludes zero and it exceeds the noise floor.

Warnings:
  - the program holds 16 MB of live data, more than the caches of many machines; for data that size, where it lies in memory can shift the result by several points in ways the interval does not cover, and differently in the next process; run the comparison in several processes with the multiproc package
  - the ratio B/A was 0.54% lower in the second half of the run than in the first, so the candidates had not reached a steady state and the difference depends on how long the run was; a common cause is a head start for whichever candidate ran alone last before the comparison or had its data built last, which a longer CollectOptions.WarmupDuration removes
  - in 50% of A/A runs this setup reported a difference between identical code, well above the 10% expected; treat any confidence from it with suspicion

== u64 single-value n=4096 valuesBetween: ordered vs btree-map
A: 347.4 ns per operation (median)
B: 440.2 ns per operation (median)
A needs 21.2% less time than B: B takes 1.27 times as long as A.
With 95% confidence the difference lies between 21% and 21.3% less time (B takes between 1.27 and 1.27 times as long as A).
Noise floor: 0.276%. Identical code measured against itself on this setup can look that different, so smaller differences mean nothing.
Neighbouring measurements are nearly independent (autocorrelation +0.04), so they were resampled one by one.

Verdict: RESOLVED. A is faster than B: the difference is real, as its interval excludes zero and it exceeds the noise floor.

Warnings:
  - the program holds 16 MB of live data, more than the caches of many machines; for data that size, where it lies in memory can shift the result by several points in ways the interval does not cover, and differently in the next process; run the comparison in several processes with the multiproc package
  - 5.5% of bootstrap replicates tied, so the measurement is coarse relative to the question; lower CollectOptions.MaxQuantizationError to lengthen the batches

== u64 single-value n=4096 valuesBetween: ordered vs baseline
A: 348.1 ns per operation (median)
B: 1231 ns per operation (median)
A needs 71.8% less time than B: B takes 3.54 times as long as A.
With 95% confidence the difference lies between 71.7% and 71.8% less time (B takes between 3.53 and 3.55 times as long as A).
Noise floor: 0.216%. Identical code measured against itself on this setup can look that different, so smaller differences mean nothing.
Neighbouring measurements are nearly independent (autocorrelation -0.07), so they were resampled one by one.

Verdict: RESOLVED. A is faster than B: the difference is real, as its interval excludes zero and it exceeds the noise floor.

Warnings:
  - the program holds 16 MB of live data, more than the caches of many machines; for data that size, where it lies in memory can shift the result by several points in ways the interval does not cover, and differently in the next process; run the comparison in several processes with the multiproc package

== u64 single-value n=4096 valuesBetween: ordered vs ordered-mk1
A: 347 ns per operation (median)
B: 1988 ns per operation (median)
A needs 82.6% less time than B: B takes 5.74 times as long as A.
With 95% confidence the difference lies between 82.5% and 82.6% less time (B takes between 5.72 and 5.75 times as long as A).
Noise floor: 0.224%. Identical code measured against itself on this setup can look that different, so smaller differences mean nothing.
Neighbouring measurements are correlated (autocorrelation +0.44), so they were resampled in blocks of 3.

Verdict: RESOLVED. A is faster than B: the difference is real, as its interval excludes zero and it exceeds the noise floor.

Warnings:
  - the program holds 16 MB of live data, more than the caches of many machines; for data that size, where it lies in memory can shift the result by several points in ways the interval does not cover, and differently in the next process; run the comparison in several processes with the multiproc package
  - in 50% of A/A runs this setup reported a difference between identical code, well above the 10% expected; treat any confidence from it with suspicion

== u64 single-value n=4096 valuesBetween: ordered vs ordered-mk2
A: 349.3 ns per operation (median)
B: 1849 ns per operation (median)
A needs 81.1% less time than B: B takes 5.30 times as long as A.
With 95% confidence the difference lies between 81.1% and 81.2% less time (B takes between 5.3 and 5.33 times as long as A).
Noise floor: 0.487%. Identical code measured against itself on this setup can look that different, so smaller differences mean nothing.
Neighbouring measurements are nearly independent (autocorrelation +0.19), so they were resampled one by one.

Verdict: RESOLVED. A is faster than B: the difference is real, as its interval excludes zero and it exceeds the noise floor.

Warnings:
  - the program holds 16 MB of live data, more than the caches of many machines; for data that size, where it lies in memory can shift the result by several points in ways the interval does not cover, and differently in the next process; run the comparison in several processes with the multiproc package
  - candidate A drifted during the run: its measurements were 2.86% lower in the second half than in the first, so the machine did not hold still
  - candidate B drifted during the run: its measurements were 4.19% lower in the second half than in the first, so the machine did not hold still

== u64 single-value n=4096 valuesBetween: ordered vs ordered-mk4
A: 347.5 ns per operation (median)
B: 1836 ns per operation (median)
A needs 81.1% less time than B: B takes 5.29 times as long as A.
With 95% confidence the difference lies between 81.1% and 81.1% less time (B takes between 5.28 and 5.30 times as long as A).
Noise floor: 0.165%. Identical code measured against itself on this setup can look that different, so smaller differences mean nothing.
Neighbouring measurements are correlated (autocorrelation +0.25), so they were resampled in blocks of 3.

Verdict: RESOLVED. A is faster than B: the difference is real, as its interval excludes zero and it exceeds the noise floor.

Warnings:
  - the program holds 16 MB of live data, more than the caches of many machines; for data that size, where it lies in memory can shift the result by several points in ways the interval does not cover, and differently in the next process; run the comparison in several processes with the multiproc package
  - 6.4% of bootstrap replicates tied, so the measurement is coarse relative to the question; lower CollectOptions.MaxQuantizationError to lengthen the batches

== u64 single-value n=4096 churn and build: ordered vs btree-map
steady state, per insertion or deletion in a structure of 4096 elements (cycle of 10684 operations, first pass untimed):
  A: 83.31 ns per operation (median)
  B: 152.4 ns per operation (median)
  A needs 45.3% less time than B: B takes 1.83 times as long as A.
  With 95% confidence the difference lies between 44.8% and 45.9% less time (B takes between 1.81 and 1.85 times as long as A).
  Noise floor: 0.374%. Identical code measured against itself on this setup can look that different, so smaller differences mean nothing.
  Neighbouring measurements are nearly independent (autocorrelation -0.21), so they were resampled one by one.
  
  Verdict: RESOLVED. A is faster than B: the difference is real, as its interval excludes zero and it exceeds the noise floor.
  
  Warnings:
    - the program holds 16 MB of live data, more than the caches of many machines; for data that size, where it lies in memory can shift the result by several points in ways the interval does not cover, and differently in the next process; run the comparison in several processes with the multiproc package

build from empty to 4096 elements, per whole build (14748 operations):
  A: 1.24e+06 ns per operation (median)
  B: 2.201e+06 ns per operation (median)
  A needs 44.1% less time than B: B takes 1.79 times as long as A.
  With 95% confidence the difference lies between 43.2% and 44.7% less time (B takes between 1.76 and 1.81 times as long as A).
  Noise floor: 1.44%. Identical code measured against itself on this setup can look that different, so smaller differences mean nothing.
  Neighbouring measurements are nearly independent (autocorrelation -0.04), so they were resampled one by one.
  
  Verdict: RESOLVED. A is faster than B: the difference is real, as its interval excludes zero and it exceeds the noise floor.

== u64 single-value n=4096 churn and build: ordered vs baseline
steady state, per insertion or deletion in a structure of 4096 elements (cycle of 10684 operations, first pass untimed):
  A: 82.34 ns per operation (median)
  B: 53.21 ns per operation (median)
  A needs 54.6% more time than B: B takes only 0.65 times as long as A.
  With 95% confidence the difference lies between 53.9% and 55.6% more time (B takes between 0.643 and 0.65 times as long as A).
  Noise floor: 0.177%. Identical code measured against itself on this setup can look that different, so smaller differences mean nothing.
  Neighbouring measurements are nearly independent (autocorrelation +0.16), so they were resampled one by one.
  
  Verdict: RESOLVED. A is slower than B: the difference is real, as its interval excludes zero and it exceeds the noise floor.
  
  Warnings:
    - the program holds 16 MB of live data, more than the caches of many machines; for data that size, where it lies in memory can shift the result by several points in ways the interval does not cover, and differently in the next process; run the comparison in several processes with the multiproc package

build from empty to 4096 elements, per whole build (14748 operations):
  A: 1.267e+06 ns per operation (median)
  B: 9.147e+05 ns per operation (median)
  A needs 40.2% more time than B: B takes only 0.71 times as long as A.
  With 95% confidence the difference lies between 38.1% and 40.8% more time (B takes between 0.71 and 0.72 times as long as A).
  Noise floor: 1.18%. Identical code measured against itself on this setup can look that different, so smaller differences mean nothing.
  Neighbouring measurements are nearly independent (autocorrelation +0.13), so they were resampled one by one.
  
  Verdict: RESOLVED. A is slower than B: the difference is real, as its interval excludes zero and it exceeds the noise floor.
  
  Warnings:
    - candidate B drifted during the run: its measurements were 3.82% higher in the second half than in the first, so the machine did not hold still

== u64 single-value n=4096 churn and build: ordered vs ordered-mk1
steady state, per insertion or deletion in a structure of 4096 elements (cycle of 10684 operations, first pass untimed):
  A: 82.39 ns per operation (median)
  B: 62.84 ns per operation (median)
  A needs 31.1% more time than B: B takes only 0.76 times as long as A.
  With 95% confidence the difference lies between 30.7% and 31.9% more time (B takes between 0.758 and 0.77 times as long as A).
  Noise floor: 0.206%. Identical code measured against itself on this setup can look that different, so smaller differences mean nothing.
  Neighbouring measurements are correlated (autocorrelation +0.50), so they were resampled in blocks of 3.
  
  Verdict: RESOLVED. A is slower than B: the difference is real, as its interval excludes zero and it exceeds the noise floor.
  
  Warnings:
    - the program holds 16 MB of live data, more than the caches of many machines; for data that size, where it lies in memory can shift the result by several points in ways the interval does not cover, and differently in the next process; run the comparison in several processes with the multiproc package
    - the ratio B/A was 0.931% higher in the second half of the run than in the first, so the candidates had not reached a steady state and the difference depends on how long the run was; a common cause is a head start for whichever candidate ran alone last before the comparison or had its data built last, which a longer CollectOptions.WarmupDuration removes

build from empty to 4096 elements, per whole build (14748 operations):
  A: 1.252e+06 ns per operation (median)
  B: 1.103e+06 ns per operation (median)
  A needs 15.5% more time than B: B takes only 0.87 times as long as A.
  With 95% confidence the difference lies between 12.7% and 18% more time (B takes between 0.848 and 0.89 times as long as A).
  Noise floor: 0.931%. Identical code measured against itself on this setup can look that different, so smaller differences mean nothing.
  Neighbouring measurements are nearly independent (autocorrelation -0.31), so they were resampled one by one.
  
  Verdict: RESOLVED. A is slower than B: the difference is real, as its interval excludes zero and it exceeds the noise floor.
  
  Warnings:
    - candidate A drifted during the run: its measurements were 3.54% lower in the second half than in the first, so the machine did not hold still
    - candidate B drifted during the run: its measurements were 4.27% lower in the second half than in the first, so the machine did not hold still

== u64 single-value n=4096 churn and build: ordered vs ordered-mk2
steady state, per insertion or deletion in a structure of 4096 elements (cycle of 10684 operations, first pass untimed):
  A: 82.1 ns per operation (median)
  B: 76.77 ns per operation (median)
  A needs 6.72% more time than B: B takes only 0.94 times as long as A.
  With 95% confidence the difference lies between 6.37% and 7.4% more time (B takes between 0.931 and 0.94 times as long as A).
  Noise floor: 0.133%. Identical code measured against itself on this setup can look that different, so smaller differences mean nothing.
  Neighbouring measurements are correlated (autocorrelation +0.57), so they were resampled in blocks of 3.
  
  Verdict: RESOLVED. A is slower than B: the difference is real, as its interval excludes zero and it exceeds the noise floor.
  
  Warnings:
    - the program holds 16 MB of live data, more than the caches of many machines; for data that size, where it lies in memory can shift the result by several points in ways the interval does not cover, and differently in the next process; run the comparison in several processes with the multiproc package

build from empty to 4096 elements, per whole build (14748 operations):
  A: 1.252e+06 ns per operation (median)
  B: 1.397e+06 ns per operation (median)
  A needs 10.1% less time than B: B takes 1.11 times as long as A.
  With 95% confidence the difference lies between 9.43% and 11% less time (B takes between 1.1 and 1.12 times as long as A).
  Noise floor: 0.866%. Identical code measured against itself on this setup can look that different, so smaller differences mean nothing.
  Neighbouring measurements are nearly independent (autocorrelation +0.01), so they were resampled one by one.
  
  Verdict: RESOLVED. A is faster than B: the difference is real, as its interval excludes zero and it exceeds the noise floor.

== u64 single-value n=4096 churn and build: ordered vs ordered-mk4
steady state, per insertion or deletion in a structure of 4096 elements (cycle of 10684 operations, first pass untimed):
  A: 87.06 ns per operation (median)
  B: 80.69 ns per operation (median)
  A needs 6.83% more time than B: B takes only 0.94 times as long as A.
  With 95% confidence the difference lies between 5.31% and 7.42% more time (B takes between 0.931 and 0.95 times as long as A).
  Noise floor: 0.167%. Identical code measured against itself on this setup can look that different, so smaller differences mean nothing.
  Neighbouring measurements are correlated (autocorrelation +0.54), so they were resampled in blocks of 3.
  
  Verdict: RESOLVED. A is slower than B: the difference is real, as its interval excludes zero and it exceeds the noise floor.
  
  Warnings:
    - the program holds 16 MB of live data, more than the caches of many machines; for data that size, where it lies in memory can shift the result by several points in ways the interval does not cover, and differently in the next process; run the comparison in several processes with the multiproc package
    - candidate A drifted during the run: its measurements were 2.83% lower in the second half than in the first, so the machine did not hold still
    - 5.8% of bootstrap replicates tied, so the measurement is coarse relative to the question; lower CollectOptions.MaxQuantizationError to lengthen the batches

build from empty to 4096 elements, per whole build (14748 operations):
  A: 1.255e+06 ns per operation (median)
  B: 1.509e+06 ns per operation (median)
  A needs 16.2% less time than B: B takes 1.19 times as long as A.
  With 95% confidence the difference lies between 13.8% and 18.5% less time (B takes between 1.16 and 1.23 times as long as A).
  Noise floor: 0.972%. Identical code measured against itself on this setup can look that different, so smaller differences mean nothing.
  Neighbouring measurements are nearly independent (autocorrelation -0.10), so they were resampled one by one.
  
  Verdict: RESOLVED. A is faster than B: the difference is real, as its interval excludes zero and it exceeds the noise floor.

checksum 8430091781903985340
== u64 single-value n=4096 valuesFor: ordered vs btree-map
A: 40.09 ns per operation (median)
B: 107.3 ns per operation (median)
A needs 62.6% less time than B: B takes 2.67 times as long as A.
With 95% confidence the difference lies between 62.5% and 62.7% less time (B takes between 2.67 and 2.68 times as long as A).
Noise floor: 0.312%. Identical code measured against itself on this setup can look that different, so smaller differences mean nothing.
Neighbouring measurements are nearly independent (autocorrelation +0.17), so they were resampled one by one.

Verdict: RESOLVED. A is faster than B: the difference is real, as its interval excludes zero and it exceeds the noise floor.

Warnings:
  - the program holds 22 MB of live data, more than the caches of many machines; for data that size, where it lies in memory can shift the result by several points in ways the interval does not cover, and differently in the next process; run the comparison in several processes with the multiproc package
  - in 50% of A/A runs this setup reported a difference between identical code, well above the 10% expected; treat any confidence from it with suspicion

== u64 single-value n=4096 valuesFor: ordered vs baseline
A: 40.08 ns per operation (median)
B: 20.21 ns per operation (median)
A needs 98.2% more time than B: B takes only 0.50 times as long as A.
With 95% confidence the difference lies between 97.9% and 98.9% more time (B takes between 0.503 and 0.51 times as long as A).
Noise floor: 0.0764%. Identical code measured against itself on this setup can look that different, so smaller differences mean nothing.
Neighbouring measurements are nearly independent (autocorrelation +0.01), so they were resampled one by one.

Verdict: RESOLVED. A is slower than B: the difference is real, as its interval excludes zero and it exceeds the noise floor.

Warnings:
  - the program holds 22 MB of live data, more than the caches of many machines; for data that size, where it lies in memory can shift the result by several points in ways the interval does not cover, and differently in the next process; run the comparison in several processes with the multiproc package
  - 11.1% of bootstrap replicates tied, so the measurement is coarse relative to the question; lower CollectOptions.MaxQuantizationError to lengthen the batches

== u64 single-value n=4096 valuesFor: ordered vs ordered-mk1
A: 40.06 ns per operation (median)
B: 23.48 ns per operation (median)
A needs 70.7% more time than B: B takes only 0.59 times as long as A.
With 95% confidence the difference lies between 70.3% and 70.8% more time (B takes between 0.585 and 0.59 times as long as A).
Noise floor: 0.244%. Identical code measured against itself on this setup can look that different, so smaller differences mean nothing.
Neighbouring measurements are correlated (autocorrelation +0.36), so they were resampled in blocks of 3.

Verdict: RESOLVED. A is slower than B: the difference is real, as its interval excludes zero and it exceeds the noise floor.

Warnings:
  - the program holds 16 MB of live data, more than the caches of many machines; for data that size, where it lies in memory can shift the result by several points in ways the interval does not cover, and differently in the next process; run the comparison in several processes with the multiproc package
  - in 50% of A/A runs this setup reported a difference between identical code, well above the 10% expected; treat any confidence from it with suspicion

== u64 single-value n=4096 valuesFor: ordered vs ordered-mk2
A: 41.35 ns per operation (median)
B: 24.89 ns per operation (median)
A needs 66% more time than B: B takes only 0.60 times as long as A.
With 95% confidence the difference lies between 65.7% and 66.5% more time (B takes between 0.601 and 0.60 times as long as A).
Noise floor: 0.15%. Identical code measured against itself on this setup can look that different, so smaller differences mean nothing.
Neighbouring measurements are nearly independent (autocorrelation -0.03), so they were resampled one by one.

Verdict: RESOLVED. A is slower than B: the difference is real, as its interval excludes zero and it exceeds the noise floor.

Warnings:
  - the program holds 16 MB of live data, more than the caches of many machines; for data that size, where it lies in memory can shift the result by several points in ways the interval does not cover, and differently in the next process; run the comparison in several processes with the multiproc package
  - candidate A drifted during the run: its measurements were 0.998% higher in the second half than in the first, so the machine did not hold still
  - candidate B drifted during the run: its measurements were 0.962% higher in the second half than in the first, so the machine did not hold still

== u64 single-value n=4096 valuesFor: ordered vs ordered-mk4
A: 40.06 ns per operation (median)
B: 24.2 ns per operation (median)
A needs 65.6% more time than B: B takes only 0.60 times as long as A.
With 95% confidence the difference lies between 65.3% and 65.9% more time (B takes between 0.603 and 0.60 times as long as A).
Noise floor: 0.303%. Identical code measured against itself on this setup can look that different, so smaller differences mean nothing.
Neighbouring measurements are nearly independent (autocorrelation +0.04), so they were resampled one by one.

Verdict: RESOLVED. A is slower than B: the difference is real, as its interval excludes zero and it exceeds the noise floor.

Warnings:
  - the program holds 16 MB of live data, more than the caches of many machines; for data that size, where it lies in memory can shift the result by several points in ways the interval does not cover, and differently in the next process; run the comparison in several processes with the multiproc package
  - candidate B drifted during the run: its measurements were 0.562% lower in the second half than in the first, so the machine did not hold still

== u64 single-value n=4096 valuesBetween: ordered vs btree-map
A: 347.6 ns per operation (median)
B: 440.2 ns per operation (median)
A needs 21.1% less time than B: B takes 1.27 times as long as A.
With 95% confidence the difference lies between 20.8% and 21.2% less time (B takes between 1.26 and 1.27 times as long as A).
Noise floor: 0.143%. Identical code measured against itself on this setup can look that different, so smaller differences mean nothing.
Neighbouring measurements are nearly independent (autocorrelation -0.03), so they were resampled one by one.

Verdict: RESOLVED. A is faster than B: the difference is real, as its interval excludes zero and it exceeds the noise floor.

Warnings:
  - the program holds 16 MB of live data, more than the caches of many machines; for data that size, where it lies in memory can shift the result by several points in ways the interval does not cover, and differently in the next process; run the comparison in several processes with the multiproc package
  - candidate B drifted during the run: its measurements were 0.271% higher in the second half than in the first, so the machine did not hold still

== u64 single-value n=4096 valuesBetween: ordered vs baseline
A: 348.6 ns per operation (median)
B: 1232 ns per operation (median)
A needs 71.8% less time than B: B takes 3.54 times as long as A.
With 95% confidence the difference lies between 71.7% and 71.8% less time (B takes between 3.53 and 3.55 times as long as A).
Noise floor: 0.119%. Identical code measured against itself on this setup can look that different, so smaller differences mean nothing.
Neighbouring measurements are nearly independent (autocorrelation -0.04), so they were resampled one by one.

Verdict: RESOLVED. A is faster than B: the difference is real, as its interval excludes zero and it exceeds the noise floor.

Warnings:
  - the program holds 16 MB of live data, more than the caches of many machines; for data that size, where it lies in memory can shift the result by several points in ways the interval does not cover, and differently in the next process; run the comparison in several processes with the multiproc package

== u64 single-value n=4096 valuesBetween: ordered vs ordered-mk1
A: 351.7 ns per operation (median)
B: 2012 ns per operation (median)
A needs 82.6% less time than B: B takes 5.73 times as long as A.
With 95% confidence the difference lies between 82.5% and 82.7% less time (B takes between 5.71 and 5.79 times as long as A).
Noise floor: 0.138%. Identical code measured against itself on this setup can look that different, so smaller differences mean nothing.
Neighbouring measurements are nearly independent (autocorrelation +0.11), so they were resampled one by one.

Verdict: RESOLVED. A is faster than B: the difference is real, as its interval excludes zero and it exceeds the noise floor.

Warnings:
  - the program holds 16 MB of live data, more than the caches of many machines; for data that size, where it lies in memory can shift the result by several points in ways the interval does not cover, and differently in the next process; run the comparison in several processes with the multiproc package
  - in 50% of A/A runs this setup reported a difference between identical code, well above the 10% expected; treat any confidence from it with suspicion

== u64 single-value n=4096 valuesBetween: ordered vs ordered-mk2
A: 348.9 ns per operation (median)
B: 1842 ns per operation (median)
A needs 81.1% less time than B: B takes 5.28 times as long as A.
With 95% confidence the difference lies between 81% and 81.1% less time (B takes between 5.27 and 5.29 times as long as A).
Noise floor: 0.111%. Identical code measured against itself on this setup can look that different, so smaller differences mean nothing.
Neighbouring measurements are correlated (autocorrelation +0.29), so they were resampled in blocks of 3.

Verdict: RESOLVED. A is faster than B: the difference is real, as its interval excludes zero and it exceeds the noise floor.

Warnings:
  - the program holds 16 MB of live data, more than the caches of many machines; for data that size, where it lies in memory can shift the result by several points in ways the interval does not cover, and differently in the next process; run the comparison in several processes with the multiproc package
  - 5.6% of bootstrap replicates tied, so the measurement is coarse relative to the question; lower CollectOptions.MaxQuantizationError to lengthen the batches

== u64 single-value n=4096 valuesBetween: ordered vs ordered-mk4
A: 348.1 ns per operation (median)
B: 1833 ns per operation (median)
A needs 81% less time than B: B takes 5.27 times as long as A.
With 95% confidence the difference lies between 81% and 81.1% less time (B takes between 5.26 and 5.28 times as long as A).
Noise floor: 0.0552%. Identical code measured against itself on this setup can look that different, so smaller differences mean nothing.
Neighbouring measurements are nearly independent (autocorrelation +0.08), so they were resampled one by one.

Verdict: RESOLVED. A is faster than B: the difference is real, as its interval excludes zero and it exceeds the noise floor.

Warnings:
  - the program holds 16 MB of live data, more than the caches of many machines; for data that size, where it lies in memory can shift the result by several points in ways the interval does not cover, and differently in the next process; run the comparison in several processes with the multiproc package

== u64 single-value n=4096 churn and build: ordered vs btree-map
steady state, per insertion or deletion in a structure of 4096 elements (cycle of 10684 operations, first pass untimed):
  A: 82.98 ns per operation (median)
  B: 152.4 ns per operation (median)
  A needs 45.5% less time than B: B takes 1.83 times as long as A.
  With 95% confidence the difference lies between 45.3% and 45.9% less time (B takes between 1.83 and 1.85 times as long as A).
  Noise floor: 0.336%. Identical code measured against itself on this setup can look that different, so smaller differences mean nothing.
  Neighbouring measurements are correlated (autocorrelation +0.45), so they were resampled in blocks of 3.
  
  Verdict: RESOLVED. A is faster than B: the difference is real, as its interval excludes zero and it exceeds the noise floor.
  
  Warnings:
    - the program holds 16 MB of live data, more than the caches of many machines; for data that size, where it lies in memory can shift the result by several points in ways the interval does not cover, and differently in the next process; run the comparison in several processes with the multiproc package

build from empty to 4096 elements, per whole build (14748 operations):
  A: 1.243e+06 ns per operation (median)
  B: 2.23e+06 ns per operation (median)
  A needs 44.1% less time than B: B takes 1.79 times as long as A.
  With 95% confidence the difference lies between 43.5% and 45% less time (B takes between 1.77 and 1.82 times as long as A).
  Noise floor: 0.886%. Identical code measured against itself on this setup can look that different, so smaller differences mean nothing.
  Neighbouring measurements are nearly independent (autocorrelation +0.02), so they were resampled one by one.
  
  Verdict: RESOLVED. A is faster than B: the difference is real, as its interval excludes zero and it exceeds the noise floor.
  
  Warnings:
    - the program holds 16 MB of live data, more than the caches of many machines; for data that size, where it lies in memory can shift the result by several points in ways the interval does not cover, and differently in the next process; run the comparison in several processes with the multiproc package
    - candidate B drifted during the run: its measurements were 1.51% lower in the second half than in the first, so the machine did not hold still

== u64 single-value n=4096 churn and build: ordered vs baseline
steady state, per insertion or deletion in a structure of 4096 elements (cycle of 10684 operations, first pass untimed):
  A: 82.42 ns per operation (median)
  B: 53.25 ns per operation (median)
  A needs 54.4% more time than B: B takes only 0.65 times as long as A.
  With 95% confidence the difference lies between 54.1% and 55.8% more time (B takes between 0.642 and 0.65 times as long as A).
  Noise floor: 0.451%. Identical code measured against itself on this setup can look that different, so smaller differences mean nothing.
  Neighbouring measurements are nearly independent (autocorrelation +0.07), so they were resampled one by one.
  
  Verdict: RESOLVED. A is slower than B: the difference is real, as its interval excludes zero and it exceeds the noise floor.
  
  Warnings:
    - the program holds 17 MB of live data, more than the caches of many machines; for data that size, where it lies in memory can shift the result by several points in ways the interval does not cover, and differently in the next process; run the comparison in several processes with the multiproc package
    - in 50% of A/A runs this setup reported a difference between identical code, well above the 10% expected; treat any confidence from it with suspicion

build from empty to 4096 elements, per whole build (14748 operations):
  A: 1.26e+06 ns per operation (median)
  B: 9.408e+05 ns per operation (median)
  A needs 33% more time than B: B takes only 0.75 times as long as A.
  With 95% confidence the difference lies between 31.7% and 35.9% more time (B takes between 0.736 and 0.76 times as long as A).
  Noise floor: 2.12%. Identical code measured against itself on this setup can look that different, so smaller differences mean nothing.
  Neighbouring measurements are nearly independent (autocorrelation +0.09), so they were resampled one by one.
  
  Verdict: RESOLVED. A is slower than B: the difference is real, as its interval excludes zero and it exceeds the noise floor.
  
  Warnings:
    - the program holds 16 MB of live data, more than the caches of many machines; for data that size, where it lies in memory can shift the result by several points in ways the interval does not cover, and differently in the next process; run the comparison in several processes with the multiproc package
    - in 50% of A/A runs this setup reported a difference between identical code, well above the 10% expected; treat any confidence from it with suspicion

== u64 single-value n=4096 churn and build: ordered vs ordered-mk1
steady state, per insertion or deletion in a structure of 4096 elements (cycle of 10684 operations, first pass untimed):
  A: 82.38 ns per operation (median)
  B: 63.12 ns per operation (median)
  A needs 31% more time than B: B takes only 0.76 times as long as A.
  With 95% confidence the difference lies between 29.9% and 31.4% more time (B takes between 0.761 and 0.77 times as long as A).
  Noise floor: 0.369%. Identical code measured against itself on this setup can look that different, so smaller differences mean nothing.
  Neighbouring measurements are nearly independent (autocorrelation -0.09), so they were resampled one by one.
  
  Verdict: RESOLVED. A is slower than B: the difference is real, as its interval excludes zero and it exceeds the noise floor.
  
  Warnings:
    - the program holds 16 MB of live data, more than the caches of many machines; for data that size, where it lies in memory can shift the result by several points in ways the interval does not cover, and differently in the next process; run the comparison in several processes with the multiproc package
    - candidate B drifted during the run: its measurements were 2.01% lower in the second half than in the first, so the machine did not hold still

build from empty to 4096 elements, per whole build (14748 operations):
  A: 1.267e+06 ns per operation (median)
  B: 1.085e+06 ns per operation (median)
  A needs 16.1% more time than B: B takes only 0.86 times as long as A.
  With 95% confidence the difference lies between 14% and 17.8% more time (B takes between 0.849 and 0.88 times as long as A).
  Noise floor: 1.52%. Identical code measured against itself on this setup can look that different, so smaller differences mean nothing.
  Neighbouring measurements are nearly independent (autocorrelation -0.07), so they were resampled one by one.
  
  Verdict: RESOLVED. A is slower than B: the difference is real, as its interval excludes zero and it exceeds the noise floor.
  
  Warnings:
    - the program holds 16 MB of live data, more than the caches of many machines; for data that size, where it lies in memory can shift the result by several points in ways the interval does not cover, and differently in the next process; run the comparison in several processes with the multiproc package
    - in 50% of A/A runs this setup reported a difference between identical code, well above the 10% expected; treat any confidence from it with suspicion

== u64 single-value n=4096 churn and build: ordered vs ordered-mk2
steady state, per insertion or deletion in a structure of 4096 elements (cycle of 10684 operations, first pass untimed):
  A: 82.35 ns per operation (median)
  B: 77.57 ns per operation (median)
  A needs 6.2% more time than B: B takes only 0.94 times as long as A.
  With 95% confidence the difference lies between 5.49% and 6.6% more time (B takes between 0.938 and 0.95 times as long as A).
  Noise floor: 0.199%. Identical code measured against itself on this setup can look that different, so smaller differences mean nothing.
  Neighbouring measurements are nearly independent (autocorrelation +0.08), so they were resampled one by one.
  
  Verdict: RESOLVED. A is slower than B: the difference is real, as its interval excludes zero and it exceeds the noise floor.
  
  Warnings:
    - the program holds 17 MB of live data, more than the caches of many machines; for data that size, where it lies in memory can shift the result by several points in ways the interval does not cover, and differently in the next process; run the comparison in several processes with the multiproc package

build from empty to 4096 elements, per whole build (14748 operations):
  A: 1.253e+06 ns per operation (median)
  B: 1.448e+06 ns per operation (median)
  A needs 12.6% less time than B: B takes 1.14 times as long as A.
  With 95% confidence the difference lies between 11.9% and 13.3% less time (B takes between 1.14 and 1.15 times as long as A).
  Noise floor: 1.41%. Identical code measured against itself on this setup can look that different, so smaller differences mean nothing.
  Neighbouring measurements are nearly independent (autocorrelation -0.00), so they were resampled one by one.
  
  Verdict: RESOLVED. A is faster than B: the difference is real, as its interval excludes zero and it exceeds the noise floor.
  
  Warnings:
    - the program holds 16 MB of live data, more than the caches of many machines; for data that size, where it lies in memory can shift the result by several points in ways the interval does not cover, and differently in the next process; run the comparison in several processes with the multiproc package

== u64 single-value n=4096 churn and build: ordered vs ordered-mk4
steady state, per insertion or deletion in a structure of 4096 elements (cycle of 10684 operations, first pass untimed):
  A: 82.82 ns per operation (median)
  B: 77.19 ns per operation (median)
  A needs 7.04% more time than B: B takes only 0.93 times as long as A.
  With 95% confidence the difference lies between 6.51% and 7.66% more time (B takes between 0.929 and 0.94 times as long as A).
  Noise floor: 0.413%. Identical code measured against itself on this setup can look that different, so smaller differences mean nothing.
  Neighbouring measurements are nearly independent (autocorrelation +0.08), so they were resampled one by one.
  
  Verdict: RESOLVED. A is slower than B: the difference is real, as its interval excludes zero and it exceeds the noise floor.
  
  Warnings:
    - the program holds 16 MB of live data, more than the caches of many machines; for data that size, where it lies in memory can shift the result by several points in ways the interval does not cover, and differently in the next process; run the comparison in several processes with the multiproc package

build from empty to 4096 elements, per whole build (14748 operations):
  A: 1.28e+06 ns per operation (median)
  B: 1.532e+06 ns per operation (median)
  A needs 16.7% less time than B: B takes 1.20 times as long as A.
  With 95% confidence the difference lies between 15.7% and 18.2% less time (B takes between 1.19 and 1.22 times as long as A).
  Noise floor: 0.965%. Identical code measured against itself on this setup can look that different, so smaller differences mean nothing.
  Neighbouring measurements are nearly independent (autocorrelation +0.12), so they were resampled one by one.
  
  Verdict: RESOLVED. A is faster than B: the difference is real, as its interval excludes zero and it exceeds the noise floor.
  
  Warnings:
    - the program holds 16 MB of live data, more than the caches of many machines; for data that size, where it lies in memory can shift the result by several points in ways the interval does not cover, and differently in the next process; run the comparison in several processes with the multiproc package
    - candidate A drifted during the run: its measurements were 4.11% higher in the second half than in the first, so the machine did not hold still

checksum 6091907098984243853
== u64 single-value n=4096 valuesFor: ordered vs btree-map
A: 40.04 ns per operation (median)
B: 108 ns per operation (median)
A needs 62.9% less time than B: B takes 2.70 times as long as A.
With 95% confidence the difference lies between 62.9% and 63% less time (B takes between 2.69 and 2.70 times as long as A).
Noise floor: 0.128%. Identical code measured against itself on this setup can look that different, so smaller differences mean nothing.
Neighbouring measurements are correlated (autocorrelation +0.29), so they were resampled in blocks of 3.

Verdict: RESOLVED. A is faster than B: the difference is real, as its interval excludes zero and it exceeds the noise floor.

Warnings:
  - candidate B drifted during the run: its measurements were 0.201% higher in the second half than in the first, so the machine did not hold still

== u64 single-value n=4096 valuesFor: ordered vs baseline
A: 40.05 ns per operation (median)
B: 20.21 ns per operation (median)
A needs 98.1% more time than B: B takes only 0.50 times as long as A.
With 95% confidence the difference lies between 97.8% and 99% more time (B takes between 0.503 and 0.51 times as long as A).
Noise floor: 0.0564%. Identical code measured against itself on this setup can look that different, so smaller differences mean nothing.
Neighbouring measurements are nearly independent (autocorrelation +0.02), so they were resampled one by one.

Verdict: RESOLVED. A is slower than B: the difference is real, as its interval excludes zero and it exceeds the noise floor.

Warnings:
  - the program holds 16 MB of live data, more than the caches of many machines; for data that size, where it lies in memory can shift the result by several points in ways the interval does not cover, and differently in the next process; run the comparison in several processes with the multiproc package
  - 5.2% of bootstrap replicates tied, so the measurement is coarse relative to the question; lower CollectOptions.MaxQuantizationError to lengthen the batches

== u64 single-value n=4096 valuesFor: ordered vs ordered-mk1
A: 40.01 ns per operation (median)
B: 23.56 ns per operation (median)
A needs 70% more time than B: B takes only 0.59 times as long as A.
With 95% confidence the difference lies between 69.2% and 70.2% more time (B takes between 0.588 and 0.59 times as long as A).
Noise floor: 0.101%. Identical code measured against itself on this setup can look that different, so smaller differences mean nothing.
Neighbouring measurements are correlated (autocorrelation +0.25), so they were resampled in blocks of 3.

Verdict: RESOLVED. A is slower than B: the difference is real, as its interval excludes zero and it exceeds the noise floor.

Warnings:
  - the program holds 16 MB of live data, more than the caches of many machines; for data that size, where it lies in memory can shift the result by several points in ways the interval does not cover, and differently in the next process; run the comparison in several processes with the multiproc package
  - in 50% of A/A runs this setup reported a difference between identical code, well above the 10% expected; treat any confidence from it with suspicion

== u64 single-value n=4096 valuesFor: ordered vs ordered-mk2
A: 41.34 ns per operation (median)
B: 24.73 ns per operation (median)
A needs 67.1% more time than B: B takes only 0.60 times as long as A.
With 95% confidence the difference lies between 66.8% and 67.5% more time (B takes between 0.597 and 0.60 times as long as A).
Noise floor: 0.127%. Identical code measured against itself on this setup can look that different, so smaller differences mean nothing.
Neighbouring measurements are correlated (autocorrelation +0.38), so they were resampled in blocks of 3.

Verdict: RESOLVED. A is slower than B: the difference is real, as its interval excludes zero and it exceeds the noise floor.

Warnings:
  - the program holds 16 MB of live data, more than the caches of many machines; for data that size, where it lies in memory can shift the result by several points in ways the interval does not cover, and differently in the next process; run the comparison in several processes with the multiproc package

== u64 single-value n=4096 valuesFor: ordered vs ordered-mk4
A: 40 ns per operation (median)
B: 24.17 ns per operation (median)
A needs 65.4% more time than B: B takes only 0.60 times as long as A.
With 95% confidence the difference lies between 65% and 65.8% more time (B takes between 0.603 and 0.61 times as long as A).
Noise floor: 0.246%. Identical code measured against itself on this setup can look that different, so smaller differences mean nothing.
Neighbouring measurements are correlated (autocorrelation +0.44), so they were resampled in blocks of 3.

Verdict: RESOLVED. A is slower than B: the difference is real, as its interval excludes zero and it exceeds the noise floor.

Warnings:
  - the program holds 16 MB of live data, more than the caches of many machines; for data that size, where it lies in memory can shift the result by several points in ways the interval does not cover, and differently in the next process; run the comparison in several processes with the multiproc package
  - in 100% of A/A runs this setup reported a difference between identical code, well above the 10% expected; treat any confidence from it with suspicion

== u64 single-value n=4096 valuesBetween: ordered vs btree-map
A: 347.9 ns per operation (median)
B: 442.6 ns per operation (median)
A needs 21.3% less time than B: B takes 1.27 times as long as A.
With 95% confidence the difference lies between 21.1% and 21.6% less time (B takes between 1.27 and 1.28 times as long as A).
Noise floor: 0.171%. Identical code measured against itself on this setup can look that different, so smaller differences mean nothing.
Neighbouring measurements are nearly independent (autocorrelation -0.04), so they were resampled one by one.

Verdict: RESOLVED. A is faster than B: the difference is real, as its interval excludes zero and it exceeds the noise floor.

Warnings:
  - the program holds 16 MB of live data, more than the caches of many machines; for data that size, where it lies in memory can shift the result by several points in ways the interval does not cover, and differently in the next process; run the comparison in several processes with the multiproc package
  - 12.6% of bootstrap replicates tied, so the measurement is coarse relative to the question; lower CollectOptions.MaxQuantizationError to lengthen the batches

== u64 single-value n=4096 valuesBetween: ordered vs baseline
A: 349.1 ns per operation (median)
B: 1231 ns per operation (median)
A needs 71.7% less time than B: B takes 3.53 times as long as A.
With 95% confidence the difference lies between 71.6% and 71.7% less time (B takes between 3.52 and 3.54 times as long as A).
Noise floor: 0.178%. Identical code measured against itself on this setup can look that different, so smaller differences mean nothing.
Neighbouring measurements are correlated (autocorrelation +0.54), so they were resampled in blocks of 3.

Verdict: RESOLVED. A is faster than B: the difference is real, as its interval excludes zero and it exceeds the noise floor.

Warnings:
  - the program holds 16 MB of live data, more than the caches of many machines; for data that size, where it lies in memory can shift the result by several points in ways the interval does not cover, and differently in the next process; run the comparison in several processes with the multiproc package

== u64 single-value n=4096 valuesBetween: ordered vs ordered-mk1
A: 347.2 ns per operation (median)
B: 1990 ns per operation (median)
A needs 82.6% less time than B: B takes 5.73 times as long as A.
With 95% confidence the difference lies between 82.5% and 82.6% less time (B takes between 5.72 and 5.74 times as long as A).
Noise floor: 0.272%. Identical code measured against itself on this setup can look that different, so smaller differences mean nothing.
Neighbouring measurements are correlated (autocorrelation +0.50), so they were resampled in blocks of 3.

Verdict: RESOLVED. A is faster than B: the difference is real, as its interval excludes zero and it exceeds the noise floor.

Warnings:
  - the program holds 16 MB of live data, more than the caches of many machines; for data that size, where it lies in memory can shift the result by several points in ways the interval does not cover, and differently in the next process; run the comparison in several processes with the multiproc package

== u64 single-value n=4096 valuesBetween: ordered vs ordered-mk2
A: 348.1 ns per operation (median)
B: 1842 ns per operation (median)
A needs 81.1% less time than B: B takes 5.29 times as long as A.
With 95% confidence the difference lies between 81.1% and 81.1% less time (B takes between 5.28 and 5.30 times as long as A).
Noise floor: 0.23%. Identical code measured against itself on this setup can look that different, so smaller differences mean nothing.
Neighbouring measurements are correlated (autocorrelation +0.69), so they were resampled in blocks of 3.

Verdict: RESOLVED. A is faster than B: the difference is real, as its interval excludes zero and it exceeds the noise floor.

Warnings:
  - the program holds 16 MB of live data, more than the caches of many machines; for data that size, where it lies in memory can shift the result by several points in ways the interval does not cover, and differently in the next process; run the comparison in several processes with the multiproc package
  - 5.7% of bootstrap replicates tied, so the measurement is coarse relative to the question; lower CollectOptions.MaxQuantizationError to lengthen the batches
  - in 50% of A/A runs this setup reported a difference between identical code, well above the 10% expected; treat any confidence from it with suspicion

== u64 single-value n=4096 valuesBetween: ordered vs ordered-mk4
A: 347.7 ns per operation (median)
B: 1837 ns per operation (median)
A needs 81.1% less time than B: B takes 5.29 times as long as A.
With 95% confidence the difference lies between 81.1% and 81.1% less time (B takes between 5.28 and 5.30 times as long as A).
Noise floor: 0.27%. Identical code measured against itself on this setup can look that different, so smaller differences mean nothing.
Neighbouring measurements are nearly independent (autocorrelation +0.09), so they were resampled one by one.

Verdict: RESOLVED. A is faster than B: the difference is real, as its interval excludes zero and it exceeds the noise floor.

Warnings:
  - the program holds 16 MB of live data, more than the caches of many machines; for data that size, where it lies in memory can shift the result by several points in ways the interval does not cover, and differently in the next process; run the comparison in several processes with the multiproc package

== u64 single-value n=4096 churn and build: ordered vs btree-map
steady state, per insertion or deletion in a structure of 4096 elements (cycle of 10684 operations, first pass untimed):
  A: 82.82 ns per operation (median)
  B: 152.1 ns per operation (median)
  A needs 45.4% less time than B: B takes 1.83 times as long as A.
  With 95% confidence the difference lies between 45.1% and 46.1% less time (B takes between 1.82 and 1.86 times as long as A).
  Noise floor: 0.193%. Identical code measured against itself on this setup can look that different, so smaller differences mean nothing.
  Neighbouring measurements are nearly independent (autocorrelation -0.17), so they were resampled one by one.
  
  Verdict: RESOLVED. A is faster than B: the difference is real, as its interval excludes zero and it exceeds the noise floor.
  
  Warnings:
    - the program holds 16 MB of live data, more than the caches of many machines; for data that size, where it lies in memory can shift the result by several points in ways the interval does not cover, and differently in the next process; run the comparison in several processes with the multiproc package
    - 5.7% of bootstrap replicates tied, so the measurement is coarse relative to the question; lower CollectOptions.MaxQuantizationError to lengthen the batches

build from empty to 4096 elements, per whole build (14748 operations):
  A: 1.24e+06 ns per operation (median)
  B: 2.2e+06 ns per operation (median)
  A needs 43.9% less time than B: B takes 1.78 times as long as A.
  With 95% confidence the difference lies between 43.7% and 44.1% less time (B takes between 1.78 and 1.79 times as long as A).
  Noise floor: 0.734%. Identical code measured against itself on this setup can look that different, so smaller differences mean nothing.
  Neighbouring measurements are nearly independent (autocorrelation -0.10), so they were resampled one by one.
  
  Verdict: RESOLVED. A is faster than B: the difference is real, as its interval excludes zero and it exceeds the noise floor.
  
  Warnings:
    - the program holds 16 MB of live data, more than the caches of many machines; for data that size, where it lies in memory can shift the result by several points in ways the interval does not cover, and differently in the next process; run the comparison in several processes with the multiproc package

== u64 single-value n=4096 churn and build: ordered vs baseline
steady state, per insertion or deletion in a structure of 4096 elements (cycle of 10684 operations, first pass untimed):
  A: 82.21 ns per operation (median)
  B: 53.11 ns per operation (median)
  A needs 55% more time than B: B takes only 0.64 times as long as A.
  With 95% confidence the difference lies between 53.7% and 55.5% more time (B takes between 0.643 and 0.65 times as long as A).
  Noise floor: 0.212%. Identical code measured against itself on this setup can look that different, so smaller differences mean nothing.
  Neighbouring measurements are nearly independent (autocorrelation +0.03), so they were resampled one by one.
  
  Verdict: RESOLVED. A is slower than B: the difference is real, as its interval excludes zero and it exceeds the noise floor.
  
  Warnings:
    - the program holds 17 MB of live data, more than the caches of many machines; for data that size, where it lies in memory can shift the result by several points in ways the interval does not cover, and differently in the next process; run the comparison in several processes with the multiproc package
    - candidate B drifted during the run: its measurements were 0.938% lower in the second half than in the first, so the machine did not hold still
    - the ratio B/A was 1.16% lower in the second half of the run than in the first, so the candidates had not reached a steady state and the difference depends on how long the run was; a common cause is a head start for whichever candidate ran alone last before the comparison or had its data built last, which a longer CollectOptions.WarmupDuration removes

build from empty to 4096 elements, per whole build (14748 operations):
  A: 1.24e+06 ns per operation (median)
  B: 9.278e+05 ns per operation (median)
  A needs 33.9% more time than B: B takes only 0.75 times as long as A.
  With 95% confidence the difference lies between 32.3% and 34.8% more time (B takes between 0.742 and 0.76 times as long as A).
  Noise floor: 1.25%. Identical code measured against itself on this setup can look that different, so smaller differences mean nothing.
  Neighbouring measurements are nearly independent (autocorrelation +0.02), so they were resampled one by one.
  
  Verdict: RESOLVED. A is slower than B: the difference is real, as its interval excludes zero and it exceeds the noise floor.
  
  Warnings:
    - the program holds 16 MB of live data, more than the caches of many machines; for data that size, where it lies in memory can shift the result by several points in ways the interval does not cover, and differently in the next process; run the comparison in several processes with the multiproc package

== u64 single-value n=4096 churn and build: ordered vs ordered-mk1
steady state, per insertion or deletion in a structure of 4096 elements (cycle of 10684 operations, first pass untimed):
  A: 82.32 ns per operation (median)
  B: 62.93 ns per operation (median)
  A needs 30.7% more time than B: B takes only 0.76 times as long as A.
  With 95% confidence the difference lies between 30.4% and 31.1% more time (B takes between 0.763 and 0.77 times as long as A).
  Noise floor: 0.133%. Identical code measured against itself on this setup can look that different, so smaller differences mean nothing.
  Neighbouring measurements are correlated (autocorrelation +0.29), so they were resampled in blocks of 3.
  
  Verdict: RESOLVED. A is slower than B: the difference is real, as its interval excludes zero and it exceeds the noise floor.
  
  Warnings:
    - the program holds 16 MB of live data, more than the caches of many machines; for data that size, where it lies in memory can shift the result by several points in ways the interval does not cover, and differently in the next process; run the comparison in several processes with the multiproc package
    - 5.2% of bootstrap replicates tied, so the measurement is coarse relative to the question; lower CollectOptions.MaxQuantizationError to lengthen the batches

build from empty to 4096 elements, per whole build (14748 operations):
  A: 1.252e+06 ns per operation (median)
  B: 1.072e+06 ns per operation (median)
  A needs 17.3% more time than B: B takes only 0.85 times as long as A.
  With 95% confidence the difference lies between 15.2% and 18.6% more time (B takes between 0.843 and 0.87 times as long as A).
  Noise floor: 1.23%. Identical code measured against itself on this setup can look that different, so smaller differences mean nothing.
  Neighbouring measurements are correlated (autocorrelation +0.23), so they were resampled in blocks of 3.
  
  Verdict: RESOLVED. A is slower than B: the difference is real, as its interval excludes zero and it exceeds the noise floor.
  
  Warnings:
    - the program holds 16 MB of live data, more than the caches of many machines; for data that size, where it lies in memory can shift the result by several points in ways the interval does not cover, and differently in the next process; run the comparison in several processes with the multiproc package

== u64 single-value n=4096 churn and build: ordered vs ordered-mk2
steady state, per insertion or deletion in a structure of 4096 elements (cycle of 10684 operations, first pass untimed):
  A: 82.3 ns per operation (median)
  B: 77.66 ns per operation (median)
  A needs 6.08% more time than B: B takes only 0.94 times as long as A.
  With 95% confidence the difference lies between 5.17% and 7.1% more time (B takes between 0.934 and 0.95 times as long as A).
  Noise floor: 0.375%. Identical code measured against itself on this setup can look that different, so smaller differences mean nothing.
  Neighbouring measurements are nearly independent (autocorrelation -0.22), so they were resampled one by one.
  
  Verdict: RESOLVED. A is slower than B: the difference is real, as its interval excludes zero and it exceeds the noise floor.
  
  Warnings:
    - the program holds 16 MB of live data, more than the caches of many machines; for data that size, where it lies in memory can shift the result by several points in ways the interval does not cover, and differently in the next process; run the comparison in several processes with the multiproc package
    - candidate B drifted during the run: its measurements were 2.2% lower in the second half than in the first, so the machine did not hold still
    - the ratio B/A was 2.32% lower in the second half of the run than in the first, so the candidates had not reached a steady state and the difference depends on how long the run was; a common cause is a head start for whichever candidate ran alone last before the comparison or had its data built last, which a longer CollectOptions.WarmupDuration removes

build from empty to 4096 elements, per whole build (14748 operations):
  A: 1.23e+06 ns per operation (median)
  B: 1.384e+06 ns per operation (median)
  A needs 11.5% less time than B: B takes 1.13 times as long as A.
  With 95% confidence the difference lies between 10.4% and 12.4% less time (B takes between 1.12 and 1.14 times as long as A).
  Noise floor: 0.987%. Identical code measured against itself on this setup can look that different, so smaller differences mean nothing.
  Neighbouring measurements are nearly independent (autocorrelation -0.06), so they were resampled one by one.
  
  Verdict: RESOLVED. A is faster than B: the difference is real, as its interval excludes zero and it exceeds the noise floor.
  
  Warnings:
    - the program holds 16 MB of live data, more than the caches of many machines; for data that size, where it lies in memory can shift the result by several points in ways the interval does not cover, and differently in the next process; run the comparison in several processes with the multiproc package

== u64 single-value n=4096 churn and build: ordered vs ordered-mk4
steady state, per insertion or deletion in a structure of 4096 elements (cycle of 10684 operations, first pass untimed):
  A: 82.66 ns per operation (median)
  B: 77.4 ns per operation (median)
  A needs 6.67% more time than B: B takes only 0.94 times as long as A.
  With 95% confidence the difference lies between 5.69% and 7.01% more time (B takes between 0.934 and 0.95 times as long as A).
  Noise floor: 0.252%. Identical code measured against itself on this setup can look that different, so smaller differences mean nothing.
  Neighbouring measurements are nearly independent (autocorrelation -0.07), so they were resampled one by one.
  
  Verdict: RESOLVED. A is slower than B: the difference is real, as its interval excludes zero and it exceeds the noise floor.
  
  Warnings:
    - the program holds 16 MB of live data, more than the caches of many machines; for data that size, where it lies in memory can shift the result by several points in ways the interval does not cover, and differently in the next process; run the comparison in several processes with the multiproc package
    - candidate B drifted during the run: its measurements were 1.79% lower in the second half than in the first, so the machine did not hold still
    - the ratio B/A was 0.997% lower in the second half of the run than in the first, so the candidates had not reached a steady state and the difference depends on how long the run was; a common cause is a head start for whichever candidate ran alone last before the comparison or had its data built last, which a longer CollectOptions.WarmupDuration removes

build from empty to 4096 elements, per whole build (14748 operations):
  A: 1.24e+06 ns per operation (median)
  B: 1.481e+06 ns per operation (median)
  A needs 15.8% less time than B: B takes 1.19 times as long as A.
  With 95% confidence the difference lies between 14.9% and 19% less time (B takes between 1.18 and 1.23 times as long as A).
  Noise floor: 0.992%. Identical code measured against itself on this setup can look that different, so smaller differences mean nothing.
  Neighbouring measurements are nearly independent (autocorrelation +0.13), so they were resampled one by one.
  
  Verdict: RESOLVED. A is faster than B: the difference is real, as its interval excludes zero and it exceeds the noise floor.
  
  Warnings:
    - the program holds 16 MB of live data, more than the caches of many machines; for data that size, where it lies in memory can shift the result by several points in ways the interval does not cover, and differently in the next process; run the comparison in several processes with the multiproc package

checksum 17644594986571206325
== u64 single-value n=4096 valuesFor: ordered vs btree-map
A: 40.14 ns per operation (median)
B: 110.4 ns per operation (median)
A needs 63.6% less time than B: B takes 2.75 times as long as A.
With 95% confidence the difference lies between 63.5% and 63.8% less time (B takes between 2.74 and 2.76 times as long as A).
Noise floor: 0.19%. Identical code measured against itself on this setup can look that different, so smaller differences mean nothing.
Neighbouring measurements are nearly independent (autocorrelation +0.05), so they were resampled one by one.

Verdict: RESOLVED. A is faster than B: the difference is real, as its interval excludes zero and it exceeds the noise floor.

Warnings:
  - candidate A drifted during the run: its measurements were 0.829% lower in the second half than in the first, so the machine did not hold still
  - candidate B drifted during the run: its measurements were 1.06% lower in the second half than in the first, so the machine did not hold still

== u64 single-value n=4096 valuesFor: ordered vs baseline
A: 40.02 ns per operation (median)
B: 20.17 ns per operation (median)
A needs 98.5% more time than B: B takes only 0.50 times as long as A.
With 95% confidence the difference lies between 98.1% and 99.1% more time (B takes between 0.502 and 0.50 times as long as A).
Noise floor: 0.059%. Identical code measured against itself on this setup can look that different, so smaller differences mean nothing.
Neighbouring measurements are nearly independent (autocorrelation +0.07), so they were resampled one by one.

Verdict: RESOLVED. A is slower than B: the difference is real, as its interval excludes zero and it exceeds the noise floor.

Warnings:
  - candidate B drifted during the run: its measurements were 0.775% lower in the second half than in the first, so the machine did not hold still
  - the ratio B/A was 0.668% lower in the second half of the run than in the first, so the candidates had not reached a steady state and the difference depends on how long the run was; a common cause is a head start for whichever candidate ran alone last before the comparison or had its data built last, which a longer CollectOptions.WarmupDuration removes

== u64 single-value n=4096 valuesFor: ordered vs ordered-mk1
A: 40.1 ns per operation (median)
B: 23.47 ns per operation (median)
A needs 70.9% more time than B: B takes only 0.59 times as long as A.
With 95% confidence the difference lies between 70.4% and 71.1% more time (B takes between 0.585 and 0.59 times as long as A).
Noise floor: 0.0996%. Identical code measured against itself on this setup can look that different, so smaller differences mean nothing.
Neighbouring measurements are nearly independent (autocorrelation +0.04), so they were resampled one by one.

Verdict: RESOLVED. A is slower than B: the difference is real, as its interval excludes zero and it exceeds the noise floor.

Warnings:
  - the program holds 16 MB of live data, more than the caches of many machines; for data that size, where it lies in memory can shift the result by several points in ways the interval does not cover, and differently in the next process; run the comparison in several processes with the multiproc package

== u64 single-value n=4096 valuesFor: ordered vs ordered-mk2
A: 40.84 ns per operation (median)
B: 24.13 ns per operation (median)
A needs 69.3% more time than B: B takes only 0.59 times as long as A.
With 95% confidence the difference lies between 68.8% and 69.8% more time (B takes between 0.589 and 0.59 times as long as A).
Noise floor: 0.0759%. Identical code measured against itself on this setup can look that different, so smaller differences mean nothing.
Neighbouring measurements are correlated (autocorrelation +0.54), so they were resampled in blocks of 3.

Verdict: RESOLVED. A is slower than B: the difference is real, as its interval excludes zero and it exceeds the noise floor.

Warnings:
  - the program holds 16 MB of live data, more than the caches of many machines; for data that size, where it lies in memory can shift the result by several points in ways the interval does not cover, and differently in the next process; run the comparison in several processes with the multiproc package

== u64 single-value n=4096 valuesFor: ordered vs ordered-mk4
A: 40.06 ns per operation (median)
B: 24.3 ns per operation (median)
A needs 64.9% more time than B: B takes only 0.61 times as long as A.
With 95% confidence the difference lies between 64.6% and 65.4% more time (B takes between 0.605 and 0.61 times as long as A).
Noise floor: 0.11%. Identical code measured against itself on this setup can look that different, so smaller differences mean nothing.
Neighbouring measurements are nearly independent (autocorrelation -0.05), so they were resampled one by one.

Verdict: RESOLVED. A is slower than B: the difference is real, as its interval excludes zero and it exceeds the noise floor.

Warnings:
  - the program holds 16 MB of live data, more than the caches of many machines; for data that size, where it lies in memory can shift the result by several points in ways the interval does not cover, and differently in the next process; run the comparison in several processes with the multiproc package

== u64 single-value n=4096 valuesBetween: ordered vs btree-map
A: 348 ns per operation (median)
B: 442.1 ns per operation (median)
A needs 21.3% less time than B: B takes 1.27 times as long as A.
With 95% confidence the difference lies between 21.2% and 21.6% less time (B takes between 1.27 and 1.28 times as long as A).
Noise floor: 0.176%. Identical code measured against itself on this setup can look that different, so smaller differences mean nothing.
Neighbouring measurements are nearly independent (autocorrelation +0.03), so they were resampled one by one.

Verdict: RESOLVED. A is faster than B: the difference is real, as its interval excludes zero and it exceeds the noise floor.

Warnings:
  - the program holds 16 MB of live data, more than the caches of many machines; for data that size, where it lies in memory can shift the result by several points in ways the interval does not cover, and differently in the next process; run the comparison in several processes with the multiproc package
  - the ratio B/A was 0.522% higher in the second half of the run than in the first, so the candidates had not reached a steady state and the difference depends on how long the run was; a common cause is a head start for whichever candidate ran alone last before the comparison or had its data built last, which a longer CollectOptions.WarmupDuration removes

== u64 single-value n=4096 valuesBetween: ordered vs baseline
A: 348.9 ns per operation (median)
B: 1231 ns per operation (median)
A needs 71.7% less time than B: B takes 3.53 times as long as A.
With 95% confidence the difference lies between 71.6% and 71.8% less time (B takes between 3.53 and 3.54 times as long as A).
Noise floor: 0.293%. Identical code measured against itself on this setup can look that different, so smaller differences mean nothing.
Neighbouring measurements are correlated (autocorrelation +0.58), so they were resampled in blocks of 3.

Verdict: RESOLVED. A is faster than B: the difference is real, as its interval excludes zero and it exceeds the noise floor.

Warnings:
  - the program holds 16 MB of live data, more than the caches of many machines; for data that size, where it lies in memory can shift the result by several points in ways the interval does not cover, and differently in the next process; run the comparison in several processes with the multiproc package

== u64 single-value n=4096 valuesBetween: ordered vs ordered-mk1
A: 348.7 ns per operation (median)
B: 1988 ns per operation (median)
A needs 82.5% less time than B: B takes 5.71 times as long as A.
With 95% confidence the difference lies between 82.5% and 82.5% less time (B takes between 5.7 and 5.72 times as long as A).
Noise floor: 0.301%. Identical code measured against itself on this setup can look that different, so smaller differences mean nothing.
Neighbouring measurements are nearly independent (autocorrelation +0.08), so they were resampled one by one.

Verdict: RESOLVED. A is faster than B: the difference is real, as its interval excludes zero and it exceeds the noise floor.

Warnings:
  - the program holds 16 MB of live data, more than the caches of many machines; for data that size, where it lies in memory can shift the result by several points in ways the interval does not cover, and differently in the next process; run the comparison in several processes with the multiproc package

== u64 single-value n=4096 valuesBetween: ordered vs ordered-mk2
A: 348.2 ns per operation (median)
B: 1842 ns per operation (median)
A needs 81.1% less time than B: B takes 5.29 times as long as A.
With 95% confidence the difference lies between 81% and 81.1% less time (B takes between 5.27 and 5.30 times as long as A).
Noise floor: 0.177%. Identical code measured against itself on this setup can look that different, so smaller differences mean nothing.
Neighbouring measurements are nearly independent (autocorrelation -0.09), so they were resampled one by one.

Verdict: RESOLVED. A is faster than B: the difference is real, as its interval excludes zero and it exceeds the noise floor.

Warnings:
  - the program holds 16 MB of live data, more than the caches of many machines; for data that size, where it lies in memory can shift the result by several points in ways the interval does not cover, and differently in the next process; run the comparison in several processes with the multiproc package

== u64 single-value n=4096 valuesBetween: ordered vs ordered-mk4
A: 348 ns per operation (median)
B: 1836 ns per operation (median)
A needs 81.1% less time than B: B takes 5.28 times as long as A.
With 95% confidence the difference lies between 81% and 81.1% less time (B takes between 5.27 and 5.29 times as long as A).
Noise floor: 0.0957%. Identical code measured against itself on this setup can look that different, so smaller differences mean nothing.
Neighbouring measurements are nearly independent (autocorrelation -0.07), so they were resampled one by one.

Verdict: RESOLVED. A is faster than B: the difference is real, as its interval excludes zero and it exceeds the noise floor.

Warnings:
  - the program holds 16 MB of live data, more than the caches of many machines; for data that size, where it lies in memory can shift the result by several points in ways the interval does not cover, and differently in the next process; run the comparison in several processes with the multiproc package

== u64 single-value n=4096 churn and build: ordered vs btree-map
steady state, per insertion or deletion in a structure of 4096 elements (cycle of 10684 operations, first pass untimed):
  A: 83.23 ns per operation (median)
  B: 153.4 ns per operation (median)
  A needs 45.6% less time than B: B takes 1.84 times as long as A.
  With 95% confidence the difference lies between 45.3% and 46.4% less time (B takes between 1.83 and 1.87 times as long as A).
  Noise floor: 0.314%. Identical code measured against itself on this setup can look that different, so smaller differences mean nothing.
  Neighbouring measurements are nearly independent (autocorrelation -0.30), so they were resampled one by one.
  
  Verdict: RESOLVED. A is faster than B: the difference is real, as its interval excludes zero and it exceeds the noise floor.
  
  Warnings:
    - the program holds 17 MB of live data, more than the caches of many machines; for data that size, where it lies in memory can shift the result by several points in ways the interval does not cover, and differently in the next process; run the comparison in several processes with the multiproc package
    - candidate A drifted during the run: its measurements were 1.96% higher in the second half than in the first, so the machine did not hold still
    - candidate B drifted during the run: its measurements were 3.51% higher in the second half than in the first, so the machine did not hold still

build from empty to 4096 elements, per whole build (14748 operations):
  A: 1.239e+06 ns per operation (median)
  B: 2.205e+06 ns per operation (median)
  A needs 44.1% less time than B: B takes 1.79 times as long as A.
  With 95% confidence the difference lies between 43.7% and 44.8% less time (B takes between 1.78 and 1.81 times as long as A).
  Noise floor: 1.8%. Identical code measured against itself on this setup can look that different, so smaller differences mean nothing.
  Neighbouring measurements are nearly independent (autocorrelation -0.01), so they were resampled one by one.
  
  Verdict: RESOLVED. A is faster than B: the difference is real, as its interval excludes zero and it exceeds the noise floor.
  
  Warnings:
    - the program holds 16 MB of live data, more than the caches of many machines; for data that size, where it lies in memory can shift the result by several points in ways the interval does not cover, and differently in the next process; run the comparison in several processes with the multiproc package
    - in 50% of A/A runs this setup reported a difference between identical code, well above the 10% expected; treat any confidence from it with suspicion

== u64 single-value n=4096 churn and build: ordered vs baseline
steady state, per insertion or deletion in a structure of 4096 elements (cycle of 10684 operations, first pass untimed):
  A: 82.69 ns per operation (median)
  B: 53.7 ns per operation (median)
  A needs 52.9% more time than B: B takes only 0.65 times as long as A.
  With 95% confidence the difference lies between 52.6% and 54.6% more time (B takes between 0.647 and 0.66 times as long as A).
  Noise floor: 0.357%. Identical code measured against itself on this setup can look that different, so smaller differences mean nothing.
  Neighbouring measurements are nearly independent (autocorrelation +0.10), so they were resampled one by one.
  
  Verdict: RESOLVED. A is slower than B: the difference is real, as its interval excludes zero and it exceeds the noise floor.
  
  Warnings:
    - the program holds 17 MB of live data, more than the caches of many machines; for data that size, where it lies in memory can shift the result by several points in ways the interval does not cover, and differently in the next process; run the comparison in several processes with the multiproc package
    - candidate B drifted during the run: its measurements were 1.17% lower in the second half than in the first, so the machine did not hold still
    - the ratio B/A was 1.48% lower in the second half of the run than in the first, so the candidates had not reached a steady state and the difference depends on how long the run was; a common cause is a head start for whichever candidate ran alone last before the comparison or had its data built last, which a longer CollectOptions.WarmupDuration removes

build from empty to 4096 elements, per whole build (14748 operations):
  A: 1.229e+06 ns per operation (median)
  B: 9.097e+05 ns per operation (median)
  A needs 35.6% more time than B: B takes only 0.74 times as long as A.
  With 95% confidence the difference lies between 34% and 36.9% more time (B takes between 0.731 and 0.75 times as long as A).
  Noise floor: 2.18%. Identical code measured against itself on this setup can look that different, so smaller differences mean nothing.
  Neighbouring measurements are nearly independent (autocorrelation +0.14), so they were resampled one by one.
  
  Verdict: RESOLVED. A is slower than B: the difference is real, as its interval excludes zero and it exceeds the noise floor.
  
  Warnings:
    - the program holds 16 MB of live data, more than the caches of many machines; for data that size, where it lies in memory can shift the result by several points in ways the interval does not cover, and differently in the next process; run the comparison in several processes with the multiproc package

== u64 single-value n=4096 churn and build: ordered vs ordered-mk1
steady state, per insertion or deletion in a structure of 4096 elements (cycle of 10684 operations, first pass untimed):
  A: 81.89 ns per operation (median)
  B: 62.85 ns per operation (median)
  A needs 30.3% more time than B: B takes only 0.77 times as long as A.
  With 95% confidence the difference lies between 29.8% and 30.6% more time (B takes between 0.766 and 0.77 times as long as A).
  Noise floor: 0.167%. Identical code measured against itself on this setup can look that different, so smaller differences mean nothing.
  Neighbouring measurements are nearly independent (autocorrelation +0.03), so they were resampled one by one.
  
  Verdict: RESOLVED. A is slower than B: the difference is real, as its interval excludes zero and it exceeds the noise floor.
  
  Warnings:
    - the program holds 16 MB of live data, more than the caches of many machines; for data that size, where it lies in memory can shift the result by several points in ways the interval does not cover, and differently in the next process; run the comparison in several processes with the multiproc package

build from empty to 4096 elements, per whole build (14748 operations):
  A: 1.25e+06 ns per operation (median)
  B: 1.07e+06 ns per operation (median)
  A needs 17.8% more time than B: B takes only 0.85 times as long as A.
  With 95% confidence the difference lies between 15.1% and 19.5% more time (B takes between 0.837 and 0.87 times as long as A).
  Noise floor: 1.23%. Identical code measured against itself on this setup can look that different, so smaller differences mean nothing.
  Neighbouring measurements are nearly independent (autocorrelation +0.13), so they were resampled one by one.
  
  Verdict: RESOLVED. A is slower than B: the difference is real, as its interval excludes zero and it exceeds the noise floor.
  
  Warnings:
    - the program holds 16 MB of live data, more than the caches of many machines; for data that size, where it lies in memory can shift the result by several points in ways the interval does not cover, and differently in the next process; run the comparison in several processes with the multiproc package

== u64 single-value n=4096 churn and build: ordered vs ordered-mk2
steady state, per insertion or deletion in a structure of 4096 elements (cycle of 10684 operations, first pass untimed):
  A: 82.13 ns per operation (median)
  B: 76.84 ns per operation (median)
  A needs 6.95% more time than B: B takes only 0.93 times as long as A.
  With 95% confidence the difference lies between 6.68% and 7.1% more time (B takes between 0.934 and 0.94 times as long as A).
  Noise floor: 0.108%. Identical code measured against itself on this setup can look that different, so smaller differences mean nothing.
  Neighbouring measurements are correlated (autocorrelation +0.23), so they were resampled in blocks of 3.
  
  Verdict: RESOLVED. A is slower than B: the difference is real, as its interval excludes zero and it exceeds the noise floor.
  
  Warnings:
    - the program holds 16 MB of live data, more than the caches of many machines; for data that size, where it lies in memory can shift the result by several points in ways the interval does not cover, and differently in the next process; run the comparison in several processes with the multiproc package

build from empty to 4096 elements, per whole build (14748 operations):
  A: 1.244e+06 ns per operation (median)
  B: 1.446e+06 ns per operation (median)
  A needs 14.5% less time than B: B takes 1.17 times as long as A.
  With 95% confidence the difference lies between 13% and 15.3% less time (B takes between 1.15 and 1.18 times as long as A).
  Noise floor: 1.24%. Identical code measured against itself on this setup can look that different, so smaller differences mean nothing.
  Neighbouring measurements are nearly independent (autocorrelation -0.08), so they were resampled one by one.
  
  Verdict: RESOLVED. A is faster than B: the difference is real, as its interval excludes zero and it exceeds the noise floor.
  
  Warnings:
    - the program holds 16 MB of live data, more than the caches of many machines; for data that size, where it lies in memory can shift the result by several points in ways the interval does not cover, and differently in the next process; run the comparison in several processes with the multiproc package

== u64 single-value n=4096 churn and build: ordered vs ordered-mk4
steady state, per insertion or deletion in a structure of 4096 elements (cycle of 10684 operations, first pass untimed):
  A: 82.12 ns per operation (median)
  B: 76.89 ns per operation (median)
  A needs 6.71% more time than B: B takes only 0.94 times as long as A.
  With 95% confidence the difference lies between 6.39% and 7.12% more time (B takes between 0.934 and 0.94 times as long as A).
  Noise floor: 0.122%. Identical code measured against itself on this setup can look that different, so smaller differences mean nothing.
  Neighbouring measurements are correlated (autocorrelation +0.20), so they were resampled in blocks of 3.
  
  Verdict: RESOLVED. A is slower than B: the difference is real, as its interval excludes zero and it exceeds the noise floor.
  
  Warnings:
    - the program holds 16 MB of live data, more than the caches of many machines; for data that size, where it lies in memory can shift the result by several points in ways the interval does not cover, and differently in the next process; run the comparison in several processes with the multiproc package

build from empty to 4096 elements, per whole build (14748 operations):
  A: 1.236e+06 ns per operation (median)
  B: 1.479e+06 ns per operation (median)
  A needs 16.7% less time than B: B takes 1.20 times as long as A.
  With 95% confidence the difference lies between 14.6% and 17.3% less time (B takes between 1.17 and 1.21 times as long as A).
  Noise floor: 1.25%. Identical code measured against itself on this setup can look that different, so smaller differences mean nothing.
  Neighbouring measurements are nearly independent (autocorrelation -0.00), so they were resampled one by one.
  
  Verdict: RESOLVED. A is faster than B: the difference is real, as its interval excludes zero and it exceeds the noise floor.
  
  Warnings:
    - the program holds 16 MB of live data, more than the caches of many machines; for data that size, where it lies in memory can shift the result by several points in ways the interval does not cover, and differently in the next process; run the comparison in several processes with the multiproc package
    - candidate A drifted during the run: its measurements were 1.36% higher in the second half than in the first, so the machine did not hold still

checksum 2308845893740016995
== u64 single-value n=4096 valuesFor: ordered vs btree-map
A: 40.11 ns per operation (median)
B: 107.7 ns per operation (median)
A needs 62.8% less time than B: B takes 2.69 times as long as A.
With 95% confidence the difference lies between 62.6% and 62.9% less time (B takes between 2.68 and 2.70 times as long as A).
Noise floor: 0.238%. Identical code measured against itself on this setup can look that different, so smaller differences mean nothing.
Neighbouring measurements are nearly independent (autocorrelation +0.11), so they were resampled one by one.

Verdict: RESOLVED. A is faster than B: the difference is real, as its interval excludes zero and it exceeds the noise floor.

== u64 single-value n=4096 valuesFor: ordered vs baseline
A: 40.11 ns per operation (median)
B: 20.37 ns per operation (median)
A needs 97.1% more time than B: B takes only 0.51 times as long as A.
With 95% confidence the difference lies between 96.5% and 97.5% more time (B takes between 0.506 and 0.51 times as long as A).
Noise floor: 0.0794%. Identical code measured against itself on this setup can look that different, so smaller differences mean nothing.
Neighbouring measurements are nearly independent (autocorrelation -0.02), so they were resampled one by one.

Verdict: RESOLVED. A is slower than B: the difference is real, as its interval excludes zero and it exceeds the noise floor.

Warnings:
  - the program holds 16 MB of live data, more than the caches of many machines; for data that size, where it lies in memory can shift the result by several points in ways the interval does not cover, and differently in the next process; run the comparison in several processes with the multiproc package

== u64 single-value n=4096 valuesFor: ordered vs ordered-mk1
A: 40.08 ns per operation (median)
B: 23.53 ns per operation (median)
A needs 70.4% more time than B: B takes only 0.59 times as long as A.
With 95% confidence the difference lies between 70.2% and 70.8% more time (B takes between 0.586 and 0.59 times as long as A).
Noise floor: 0.131%. Identical code measured against itself on this setup can look that different, so smaller differences mean nothing.
Neighbouring measurements are correlated (autocorrelation +0.23), so they were resampled in blocks of 3.

Verdict: RESOLVED. A is slower than B: the difference is real, as its interval excludes zero and it exceeds the noise floor.

Warnings:
  - the program holds 16 MB of live data, more than the caches of many machines; for data that size, where it lies in memory can shift the result by several points in ways the interval does not cover, and differently in the next process; run the comparison in several processes with the multiproc package

== u64 single-value n=4096 valuesFor: ordered vs ordered-mk2
A: 40.25 ns per operation (median)
B: 24.17 ns per operation (median)
A needs 66.5% more time than B: B takes only 0.60 times as long as A.
With 95% confidence the difference lies between 66.3% and 67% more time (B takes between 0.599 and 0.60 times as long as A).
Noise floor: 0.325%. Identical code measured against itself on this setup can look that different, so smaller differences mean nothing.
Neighbouring measurements are correlated (autocorrelation +0.37), so they were resampled in blocks of 3.

Verdict: RESOLVED. A is slower than B: the difference is real, as its interval excludes zero and it exceeds the noise floor.

Warnings:
  - the program holds 16 MB of live data, more than the caches of many machines; for data that size, where it lies in memory can shift the result by several points in ways the interval does not cover, and differently in the next process; run the comparison in several processes with the multiproc package
  - 5.2% of bootstrap replicates tied, so the measurement is coarse relative to the question; lower CollectOptions.MaxQuantizationError to lengthen the batches

== u64 single-value n=4096 valuesFor: ordered vs ordered-mk4
A: 40.05 ns per operation (median)
B: 24.19 ns per operation (median)
A needs 65.5% more time than B: B takes only 0.60 times as long as A.
With 95% confidence the difference lies between 64.9% and 65.9% more time (B takes between 0.603 and 0.61 times as long as A).
Noise floor: 0.114%. Identical code measured against itself on this setup can look that different, so smaller differences mean nothing.
Neighbouring measurements are nearly independent (autocorrelation +0.02), so they were resampled one by one.

Verdict: RESOLVED. A is slower than B: the difference is real, as its interval excludes zero and it exceeds the noise floor.

Warnings:
  - the program holds 16 MB of live data, more than the caches of many machines; for data that size, where it lies in memory can shift the result by several points in ways the interval does not cover, and differently in the next process; run the comparison in several processes with the multiproc package
  - 12.1% of bootstrap replicates tied, so the measurement is coarse relative to the question; lower CollectOptions.MaxQuantizationError to lengthen the batches
  - in 50% of A/A runs this setup reported a difference between identical code, well above the 10% expected; treat any confidence from it with suspicion

== u64 single-value n=4096 valuesBetween: ordered vs btree-map
A: 348.4 ns per operation (median)
B: 440.7 ns per operation (median)
A needs 21% less time than B: B takes 1.27 times as long as A.
With 95% confidence the difference lies between 20.8% and 21.1% less time (B takes between 1.26 and 1.27 times as long as A).
Noise floor: 0.488%. Identical code measured against itself on this setup can look that different, so smaller differences mean nothing.
Neighbouring measurements are correlated (autocorrelation +0.21), so they were resampled in blocks of 3.

Verdict: RESOLVED. A is faster than B: the difference is real, as its interval excludes zero and it exceeds the noise floor.

Warnings:
  - the program holds 16 MB of live data, more than the caches of many machines; for data that size, where it lies in memory can shift the result by several points in ways the interval does not cover, and differently in the next process; run the comparison in several processes with the multiproc package

== u64 single-value n=4096 valuesBetween: ordered vs baseline
A: 348.4 ns per operation (median)
B: 1231 ns per operation (median)
A needs 71.7% less time than B: B takes 3.54 times as long as A.
With 95% confidence the difference lies between 71.6% and 71.8% less time (B takes between 3.53 and 3.55 times as long as A).
Noise floor: 0.175%. Identical code measured against itself on this setup can look that different, so smaller differences mean nothing.
Neighbouring measurements are nearly independent (autocorrelation +0.02), so they were resampled one by one.

Verdict: RESOLVED. A is faster than B: the difference is real, as its interval excludes zero and it exceeds the noise floor.

Warnings:
  - the program holds 16 MB of live data, more than the caches of many machines; for data that size, where it lies in memory can shift the result by several points in ways the interval does not cover, and differently in the next process; run the comparison in several processes with the multiproc package

== u64 single-value n=4096 valuesBetween: ordered vs ordered-mk1
A: 347.6 ns per operation (median)
B: 1986 ns per operation (median)
A needs 82.5% less time than B: B takes 5.71 times as long as A.
With 95% confidence the difference lies between 82.5% and 82.5% less time (B takes between 5.7 and 5.73 times as long as A).
Noise floor: 0.199%. Identical code measured against itself on this setup can look that different, so smaller differences mean nothing.
Neighbouring measurements are correlated (autocorrelation +0.27), so they were resampled in blocks of 3.

Verdict: RESOLVED. A is faster than B: the difference is real, as its interval excludes zero and it exceeds the noise floor.

Warnings:
  - the program holds 16 MB of live data, more than the caches of many machines; for data that size, where it lies in memory can shift the result by several points in ways the interval does not cover, and differently in the next process; run the comparison in several processes with the multiproc package

== u64 single-value n=4096 valuesBetween: ordered vs ordered-mk2
A: 347.5 ns per operation (median)
B: 1842 ns per operation (median)
A needs 81.1% less time than B: B takes 5.30 times as long as A.
With 95% confidence the difference lies between 81.1% and 81.2% less time (B takes between 5.29 and 5.31 times as long as A).
Noise floor: 0.112%. Identical code measured against itself on this setup can look that different, so smaller differences mean nothing.
Neighbouring measurements are nearly independent (autocorrelation +0.10), so they were resampled one by one.

Verdict: RESOLVED. A is faster than B: the difference is real, as its interval excludes zero and it exceeds the noise floor.

Warnings:
  - the program holds 16 MB of live data, more than the caches of many machines; for data that size, where it lies in memory can shift the result by several points in ways the interval does not cover, and differently in the next process; run the comparison in several processes with the multiproc package

== u64 single-value n=4096 valuesBetween: ordered vs ordered-mk4
A: 347.9 ns per operation (median)
B: 1835 ns per operation (median)
A needs 81.1% less time than B: B takes 5.28 times as long as A.
With 95% confidence the difference lies between 81% and 81.1% less time (B takes between 5.27 and 5.30 times as long as A).
Noise floor: 0.0726%. Identical code measured against itself on this setup can look that different, so smaller differences mean nothing.
Neighbouring measurements are correlated (autocorrelation +0.29), so they were resampled in blocks of 3.

Verdict: RESOLVED. A is faster than B: the difference is real, as its interval excludes zero and it exceeds the noise floor.

Warnings:
  - the program holds 16 MB of live data, more than the caches of many machines; for data that size, where it lies in memory can shift the result by several points in ways the interval does not cover, and differently in the next process; run the comparison in several processes with the multiproc package

== u64 single-value n=4096 churn and build: ordered vs btree-map
steady state, per insertion or deletion in a structure of 4096 elements (cycle of 10684 operations, first pass untimed):
  A: 83.08 ns per operation (median)
  B: 151.7 ns per operation (median)
  A needs 45.2% less time than B: B takes 1.83 times as long as A.
  With 95% confidence the difference lies between 44.9% and 45.7% less time (B takes between 1.81 and 1.84 times as long as A).
  Noise floor: 0.45%. Identical code measured against itself on this setup can look that different, so smaller differences mean nothing.
  Neighbouring measurements are nearly independent (autocorrelation -0.06), so they were resampled one by one.
  
  Verdict: RESOLVED. A is faster than B: the difference is real, as its interval excludes zero and it exceeds the noise floor.
  
  Warnings:
    - the program holds 16 MB of live data, more than the caches of many machines; for data that size, where it lies in memory can shift the result by several points in ways the interval does not cover, and differently in the next process; run the comparison in several processes with the multiproc package

build from empty to 4096 elements, per whole build (14748 operations):
  A: 1.253e+06 ns per operation (median)
  B: 2.226e+06 ns per operation (median)
  A needs 43.8% less time than B: B takes 1.78 times as long as A.
  With 95% confidence the difference lies between 43.1% and 44.6% less time (B takes between 1.76 and 1.80 times as long as A).
  Noise floor: 1.65%. Identical code measured against itself on this setup can look that different, so smaller differences mean nothing.
  Neighbouring measurements are nearly independent (autocorrelation -0.18), so they were resampled one by one.
  
  Verdict: RESOLVED. A is faster than B: the difference is real, as its interval excludes zero and it exceeds the noise floor.
  
  Warnings:
    - the program holds 16 MB of live data, more than the caches of many machines; for data that size, where it lies in memory can shift the result by several points in ways the interval does not cover, and differently in the next process; run the comparison in several processes with the multiproc package
    - in 50% of A/A runs this setup reported a difference between identical code, well above the 10% expected; treat any confidence from it with suspicion

== u64 single-value n=4096 churn and build: ordered vs baseline
steady state, per insertion or deletion in a structure of 4096 elements (cycle of 10684 operations, first pass untimed):
  A: 85.1 ns per operation (median)
  B: 54.88 ns per operation (median)
  A needs 55.1% more time than B: B takes only 0.64 times as long as A.
  With 95% confidence the difference lies between 54.7% and 55.5% more time (B takes between 0.643 and 0.65 times as long as A).
  Noise floor: 0.344%. Identical code measured against itself on this setup can look that different, so smaller differences mean nothing.
  Neighbouring measurements are correlated (autocorrelation +0.22), so they were resampled in blocks of 3.
  
  Verdict: RESOLVED. A is slower than B: the difference is real, as its interval excludes zero and it exceeds the noise floor.
  
  Warnings:
    - the program holds 17 MB of live data, more than the caches of many machines; for data that size, where it lies in memory can shift the result by several points in ways the interval does not cover, and differently in the next process; run the comparison in several processes with the multiproc package
    - candidate A drifted during the run: its measurements were 0.397% higher in the second half than in the first, so the machine did not hold still

build from empty to 4096 elements, per whole build (14748 operations):
  A: 1.248e+06 ns per operation (median)
  B: 9.195e+05 ns per operation (median)
  A needs 35.4% more time than B: B takes only 0.74 times as long as A.
  With 95% confidence the difference lies between 32.9% and 37.2% more time (B takes between 0.729 and 0.75 times as long as A).
  Noise floor: 1.7%. Identical code measured against itself on this setup can look that different, so smaller differences mean nothing.
  Neighbouring measurements are nearly independent (autocorrelation -0.03), so they were resampled one by one.
  
  Verdict: RESOLVED. A is slower than B: the difference is real, as its interval excludes zero and it exceeds the noise floor.
  
  Warnings:
    - the program holds 16 MB of live data, more than the caches of many machines; for data that size, where it lies in memory can shift the result by several points in ways the interval does not cover, and differently in the next process; run the comparison in several processes with the multiproc package

== u64 single-value n=4096 churn and build: ordered vs ordered-mk1
steady state, per insertion or deletion in a structure of 4096 elements (cycle of 10684 operations, first pass untimed):
  A: 82.23 ns per operation (median)
  B: 62.75 ns per operation (median)
  A needs 31% more time than B: B takes only 0.76 times as long as A.
  With 95% confidence the difference lies between 30.5% and 31.3% more time (B takes between 0.761 and 0.77 times as long as A).
  Noise floor: 0.297%. Identical code measured against itself on this setup can look that different, so smaller differences mean nothing.
  Neighbouring measurements are correlated (autocorrelation +0.21), so they were resampled in blocks of 3.
  
  Verdict: RESOLVED. A is slower than B: the difference is real, as its interval excludes zero and it exceeds the noise floor.
  
  Warnings:
    - the program holds 16 MB of live data, more than the caches of many machines; for data that size, where it lies in memory can shift the result by several points in ways the interval does not cover, and differently in the next process; run the comparison in several processes with the multiproc package
    - in 50% of A/A runs this setup reported a difference between identical code, well above the 10% expected; treat any confidence from it with suspicion

build from empty to 4096 elements, per whole build (14748 operations):
  A: 1.248e+06 ns per operation (median)
  B: 1.063e+06 ns per operation (median)
  A needs 18.5% more time than B: B takes only 0.84 times as long as A.
  With 95% confidence the difference lies between 16.6% and 20.1% more time (B takes between 0.833 and 0.86 times as long as A).
  Noise floor: 2.24%. Identical code measured against itself on this setup can look that different, so smaller differences mean nothing.
  Neighbouring measurements are nearly independent (autocorrelation -0.03), so they were resampled one by one.
  
  Verdict: RESOLVED. A is slower than B: the difference is real, as its interval excludes zero and it exceeds the noise floor.
  
  Warnings:
    - the program holds 16 MB of live data, more than the caches of many machines; for data that size, where it lies in memory can shift the result by several points in ways the interval does not cover, and differently in the next process; run the comparison in several processes with the multiproc package

== u64 single-value n=4096 churn and build: ordered vs ordered-mk2
steady state, per insertion or deletion in a structure of 4096 elements (cycle of 10684 operations, first pass untimed):
  A: 82.32 ns per operation (median)
  B: 77.38 ns per operation (median)
  A needs 6.03% more time than B: B takes only 0.94 times as long as A.
  With 95% confidence the difference lies between 5.62% and 6.36% more time (B takes between 0.94 and 0.95 times as long as A).
  Noise floor: 0.801%. Identical code measured against itself on this setup can look that different, so smaller differences mean nothing.
  Neighbouring measurements are nearly independent (autocorrelation -0.08), so they were resampled one by one.
  
  Verdict: RESOLVED. A is slower than B: the difference is real, as its interval excludes zero and it exceeds the noise floor.
  
  Warnings:
    - the program holds 16 MB of live data, more than the caches of many machines; for data that size, where it lies in memory can shift the result by several points in ways the interval does not cover, and differently in the next process; run the comparison in several processes with the multiproc package
    - in 50% of A/A runs this setup reported a difference between identical code, well above the 10% expected; treat any confidence from it with suspicion

build from empty to 4096 elements, per whole build (14748 operations):
  A: 1.243e+06 ns per operation (median)
  B: 1.435e+06 ns per operation (median)
  A needs 12.6% less time than B: B takes 1.14 times as long as A.
  With 95% confidence the difference lies between 11.6% and 14.2% less time (B takes between 1.13 and 1.17 times as long as A).
  Noise floor: 1.59%. Identical code measured against itself on this setup can look that different, so smaller differences mean nothing.
  Neighbouring measurements are nearly independent (autocorrelation -0.12), so they were resampled one by one.
  
  Verdict: RESOLVED. A is faster than B: the difference is real, as its interval excludes zero and it exceeds the noise floor.
  
  Warnings:
    - the program holds 16 MB of live data, more than the caches of many machines; for data that size, where it lies in memory can shift the result by several points in ways the interval does not cover, and differently in the next process; run the comparison in several processes with the multiproc package

== u64 single-value n=4096 churn and build: ordered vs ordered-mk4
steady state, per insertion or deletion in a structure of 4096 elements (cycle of 10684 operations, first pass untimed):
  A: 82.32 ns per operation (median)
  B: 77.37 ns per operation (median)
  A needs 6.02% more time than B: B takes only 0.94 times as long as A.
  With 95% confidence the difference lies between 5.74% and 6.77% more time (B takes between 0.937 and 0.95 times as long as A).
  Noise floor: 0.465%. Identical code measured against itself on this setup can look that different, so smaller differences mean nothing.
  Neighbouring measurements are nearly independent (autocorrelation -0.27), so they were resampled one by one.
  
  Verdict: RESOLVED. A is slower than B: the difference is real, as its interval excludes zero and it exceeds the noise floor.
  
  Warnings:
    - the program holds 16 MB of live data, more than the caches of many machines; for data that size, where it lies in memory can shift the result by several points in ways the interval does not cover, and differently in the next process; run the comparison in several processes with the multiproc package

build from empty to 4096 elements, per whole build (14748 operations):
  A: 1.231e+06 ns per operation (median)
  B: 1.486e+06 ns per operation (median)
  A needs 16.8% less time than B: B takes 1.20 times as long as A.
  With 95% confidence the difference lies between 15.9% and 18.4% less time (B takes between 1.19 and 1.23 times as long as A).
  Noise floor: 0.473%. Identical code measured against itself on this setup can look that different, so smaller differences mean nothing.
  Neighbouring measurements are nearly independent (autocorrelation +0.00), so they were resampled one by one.
  
  Verdict: RESOLVED. A is faster than B: the difference is real, as its interval excludes zero and it exceeds the noise floor.
  
  Warnings:
    - the program holds 16 MB of live data, more than the caches of many machines; for data that size, where it lies in memory can shift the result by several points in ways the interval does not cover, and differently in the next process; run the comparison in several processes with the multiproc package

checksum 10529718574971102363
== u64 single-value n=4096 valuesFor: ordered vs btree-map
A: 40.73 ns per operation (median)
B: 108 ns per operation (median)
A needs 62.4% less time than B: B takes 2.66 times as long as A.
With 95% confidence the difference lies between 62.2% and 62.5% less time (B takes between 2.65 and 2.67 times as long as A).
Noise floor: 0.21%. Identical code measured against itself on this setup can look that different, so smaller differences mean nothing.
Neighbouring measurements are nearly independent (autocorrelation -0.02), so they were resampled one by one.

Verdict: RESOLVED. A is faster than B: the difference is real, as its interval excludes zero and it exceeds the noise floor.

== u64 single-value n=4096 valuesFor: ordered vs baseline
A: 39.99 ns per operation (median)
B: 20.11 ns per operation (median)
A needs 99% more time than B: B takes only 0.50 times as long as A.
With 95% confidence the difference lies between 98.5% and 99.6% more time (B takes between 0.501 and 0.50 times as long as A).
Noise floor: 0.074%. Identical code measured against itself on this setup can look that different, so smaller differences mean nothing.
Neighbouring measurements are correlated (autocorrelation +0.51), so they were resampled in blocks of 3.

Verdict: RESOLVED. A is slower than B: the difference is real, as its interval excludes zero and it exceeds the noise floor.

Warnings:
  - the program holds 16 MB of live data, more than the caches of many machines; for data that size, where it lies in memory can shift the result by several points in ways the interval does not cover, and differently in the next process; run the comparison in several processes with the multiproc package
  - 6.1% of bootstrap replicates tied, so the measurement is coarse relative to the question; lower CollectOptions.MaxQuantizationError to lengthen the batches

== u64 single-value n=4096 valuesFor: ordered vs ordered-mk1
A: 40.69 ns per operation (median)
B: 23.64 ns per operation (median)
A needs 72.1% more time than B: B takes only 0.58 times as long as A.
With 95% confidence the difference lies between 71.9% and 72.3% more time (B takes between 0.58 and 0.58 times as long as A).
Noise floor: 0.147%. Identical code measured against itself on this setup can look that different, so smaller differences mean nothing.
Neighbouring measurements are nearly independent (autocorrelation +0.05), so they were resampled one by one.

Verdict: RESOLVED. A is slower than B: the difference is real, as its interval excludes zero and it exceeds the noise floor.

Warnings:
  - the program holds 16 MB of live data, more than the caches of many machines; for data that size, where it lies in memory can shift the result by several points in ways the interval does not cover, and differently in the next process; run the comparison in several processes with the multiproc package
  - candidate A drifted during the run: its measurements were 3.26% higher in the second half than in the first, so the machine did not hold still
  - candidate B drifted during the run: its measurements were 3.9% higher in the second half than in the first, so the machine did not hold still
  - 15.5% of bootstrap replicates tied, so the measurement is coarse relative to the question; lower CollectOptions.MaxQuantizationError to lengthen the batches
  - in 50% of A/A runs this setup reported a difference between identical code, well above the 10% expected; treat any confidence from it with suspicion

== u64 single-value n=4096 valuesFor: ordered vs ordered-mk2
A: 40.09 ns per operation (median)
B: 24.35 ns per operation (median)
A needs 64.6% more time than B: B takes only 0.61 times as long as A.
With 95% confidence the difference lies between 64.2% and 65.2% more time (B takes between 0.605 and 0.61 times as long as A).
Noise floor: 0.136%. Identical code measured against itself on this setup can look that different, so smaller differences mean nothing.
Neighbouring measurements are correlated (autocorrelation +0.54), so they were resampled in blocks of 3.

Verdict: RESOLVED. A is slower than B: the difference is real, as its interval excludes zero and it exceeds the noise floor.

Warnings:
  - the program holds 16 MB of live data, more than the caches of many machines; for data that size, where it lies in memory can shift the result by several points in ways the interval does not cover, and differently in the next process; run the comparison in several processes with the multiproc package
  - in 50% of A/A runs this setup reported a difference between identical code, well above the 10% expected; treat any confidence from it with suspicion

== u64 single-value n=4096 valuesFor: ordered vs ordered-mk4
A: 40.77 ns per operation (median)
B: 24.28 ns per operation (median)
A needs 68.1% more time than B: B takes only 0.60 times as long as A.
With 95% confidence the difference lies between 67.9% and 68.3% more time (B takes between 0.594 and 0.60 times as long as A).
Noise floor: 0.125%. Identical code measured against itself on this setup can look that different, so smaller differences mean nothing.
Neighbouring measurements are nearly independent (autocorrelation +0.19), so they were resampled one by one.

Verdict: RESOLVED. A is slower than B: the difference is real, as its interval excludes zero and it exceeds the noise floor.

Warnings:
  - the program holds 16 MB of live data, more than the caches of many machines; for data that size, where it lies in memory can shift the result by several points in ways the interval does not cover, and differently in the next process; run the comparison in several processes with the multiproc package
  - 14.6% of bootstrap replicates tied, so the measurement is coarse relative to the question; lower CollectOptions.MaxQuantizationError to lengthen the batches

== u64 single-value n=4096 valuesBetween: ordered vs btree-map
A: 348.1 ns per operation (median)
B: 442.3 ns per operation (median)
A needs 21.3% less time than B: B takes 1.27 times as long as A.
With 95% confidence the difference lies between 21.2% and 21.4% less time (B takes between 1.27 and 1.27 times as long as A).
Noise floor: 0.301%. Identical code measured against itself on this setup can look that different, so smaller differences mean nothing.
Neighbouring measurements are correlated (autocorrelation +0.39), so they were resampled in blocks of 3.

Verdict: RESOLVED. A is faster than B: the difference is real, as its interval excludes zero and it exceeds the noise floor.

Warnings:
  - the program holds 16 MB of live data, more than the caches of many machines; for data that size, where it lies in memory can shift the result by several points in ways the interval does not cover, and differently in the next process; run the comparison in several processes with the multiproc package
  - 5.3% of bootstrap replicates tied, so the measurement is coarse relative to the question; lower CollectOptions.MaxQuantizationError to lengthen the batches

== u64 single-value n=4096 valuesBetween: ordered vs baseline
A: 348.6 ns per operation (median)
B: 1230 ns per operation (median)
A needs 71.7% less time than B: B takes 3.53 times as long as A.
With 95% confidence the difference lies between 71.7% and 71.8% less time (B takes between 3.53 and 3.54 times as long as A).
Noise floor: 0.158%. Identical code measured against itself on this setup can look that different, so smaller differences mean nothing.
Neighbouring measurements are nearly independent (autocorrelation +0.07), so they were resampled one by one.

Verdict: RESOLVED. A is faster than B: the difference is real, as its interval excludes zero and it exceeds the noise floor.

Warnings:
  - the program holds 16 MB of live data, more than the caches of many machines; for data that size, where it lies in memory can shift the result by several points in ways the interval does not cover, and differently in the next process; run the comparison in several processes with the multiproc package

== u64 single-value n=4096 valuesBetween: ordered vs ordered-mk1
A: 348.4 ns per operation (median)
B: 1990 ns per operation (median)
A needs 82.5% less time than B: B takes 5.71 times as long as A.
With 95% confidence the difference lies between 82.4% and 82.5% less time (B takes between 5.7 and 5.72 times as long as A).
Noise floor: 0.174%. Identical code measured against itself on this setup can look that different, so smaller differences mean nothing.
Neighbouring measurements are correlated (autocorrelation +0.49), so they were resampled in blocks of 3.

Verdict: RESOLVED. A is faster than B: the difference is real, as its interval excludes zero and it exceeds the noise floor.

Warnings:
  - the program holds 16 MB of live data, more than the caches of many machines; for data that size, where it lies in memory can shift the result by several points in ways the interval does not cover, and differently in the next process; run the comparison in several processes with the multiproc package
  - 5.4% of bootstrap replicates tied, so the measurement is coarse relative to the question; lower CollectOptions.MaxQuantizationError to lengthen the batches

== u64 single-value n=4096 valuesBetween: ordered vs ordered-mk2
A: 350.2 ns per operation (median)
B: 1843 ns per operation (median)
A needs 81% less time than B: B takes 5.26 times as long as A.
With 95% confidence the difference lies between 80.9% and 81.1% less time (B takes between 5.25 and 5.28 times as long as A).
Noise floor: 0.127%. Identical code measured against itself on this setup can look that different, so smaller differences mean nothing.
Neighbouring measurements are nearly independent (autocorrelation +0.01), so they were resampled one by one.

Verdict: RESOLVED. A is faster than B: the difference is real, as its interval excludes zero and it exceeds the noise floor.

Warnings:
  - the program holds 16 MB of live data, more than the caches of many machines; for data that size, where it lies in memory can shift the result by several points in ways the interval does not cover, and differently in the next process; run the comparison in several processes with the multiproc package
  - candidate A drifted during the run: its measurements were 0.67% lower in the second half than in the first, so the machine did not hold still
  - the ratio B/A was 0.86% higher in the second half of the run than in the first, so the candidates had not reached a steady state and the difference depends on how long the run was; a common cause is a head start for whichever candidate ran alone last before the comparison or had its data built last, which a longer CollectOptions.WarmupDuration removes

== u64 single-value n=4096 valuesBetween: ordered vs ordered-mk4
A: 349 ns per operation (median)
B: 1836 ns per operation (median)
A needs 81% less time than B: B takes 5.27 times as long as A.
With 95% confidence the difference lies between 81% and 81.1% less time (B takes between 5.25 and 5.29 times as long as A).
Noise floor: 0.297%. Identical code measured against itself on this setup can look that different, so smaller differences mean nothing.
Neighbouring measurements are nearly independent (autocorrelation +0.06), so they were resampled one by one.

Verdict: RESOLVED. A is faster than B: the difference is real, as its interval excludes zero and it exceeds the noise floor.

Warnings:
  - the program holds 16 MB of live data, more than the caches of many machines; for data that size, where it lies in memory can shift the result by several points in ways the interval does not cover, and differently in the next process; run the comparison in several processes with the multiproc package

== u64 single-value n=4096 churn and build: ordered vs btree-map
steady state, per insertion or deletion in a structure of 4096 elements (cycle of 10684 operations, first pass untimed):
  A: 82.96 ns per operation (median)
  B: 151.4 ns per operation (median)
  A needs 45.6% less time than B: B takes 1.84 times as long as A.
  With 95% confidence the difference lies between 44.9% and 45.9% less time (B takes between 1.81 and 1.85 times as long as A).
  Noise floor: 0.275%. Identical code measured against itself on this setup can look that different, so smaller differences mean nothing.
  Neighbouring measurements are nearly independent (autocorrelation -0.30), so they were resampled one by one.
  
  Verdict: RESOLVED. A is faster than B: the difference is real, as its interval excludes zero and it exceeds the noise floor.
  
  Warnings:
    - the program holds 16 MB of live data, more than the caches of many machines; for data that size, where it lies in memory can shift the result by several points in ways the interval does not cover, and differently in the next process; run the comparison in several processes with the multiproc package

build from empty to 4096 elements, per whole build (14748 operations):
  A: 1.258e+06 ns per operation (median)
  B: 2.221e+06 ns per operation (median)
  A needs 44.2% less time than B: B takes 1.79 times as long as A.
  With 95% confidence the difference lies between 43.1% and 44.7% less time (B takes between 1.76 and 1.81 times as long as A).
  Noise floor: 1.57%. Identical code measured against itself on this setup can look that different, so smaller differences mean nothing.
  Neighbouring measurements are nearly independent (autocorrelation -0.16), so they were resampled one by one.
  
  Verdict: RESOLVED. A is faster than B: the difference is real, as its interval excludes zero and it exceeds the noise floor.
  
  Warnings:
    - the program holds 16 MB of live data, more than the caches of many machines; for data that size, where it lies in memory can shift the result by several points in ways the interval does not cover, and differently in the next process; run the comparison in several processes with the multiproc package

== u64 single-value n=4096 churn and build: ordered vs baseline
steady state, per insertion or deletion in a structure of 4096 elements (cycle of 10684 operations, first pass untimed):
  A: 85.47 ns per operation (median)
  B: 55.44 ns per operation (median)
  A needs 53.9% more time than B: B takes only 0.65 times as long as A.
  With 95% confidence the difference lies between 52.2% and 55.1% more time (B takes between 0.645 and 0.66 times as long as A).
  Noise floor: 0.316%. Identical code measured against itself on this setup can look that different, so smaller differences mean nothing.
  Neighbouring measurements are nearly independent (autocorrelation +0.06), so they were resampled one by one.
  
  Verdict: RESOLVED. A is slower than B: the difference is real, as its interval excludes zero and it exceeds the noise floor.
  
  Warnings:
    - the program holds 16 MB of live data, more than the caches of many machines; for data that size, where it lies in memory can shift the result by several points in ways the interval does not cover, and differently in the next process; run the comparison in several processes with the multiproc package
    - candidate B drifted during the run: its measurements were 2.4% higher in the second half than in the first, so the machine did not hold still
    - the ratio B/A was 2.41% higher in the second half of the run than in the first, so the candidates had not reached a steady state and the difference depends on how long the run was; a common cause is a head start for whichever candidate ran alone last before the comparison or had its data built last, which a longer CollectOptions.WarmupDuration removes

build from empty to 4096 elements, per whole build (14748 operations):
  A: 1.252e+06 ns per operation (median)
  B: 9.114e+05 ns per operation (median)
  A needs 36.2% more time than B: B takes only 0.73 times as long as A.
  With 95% confidence the difference lies between 34.9% and 38% more time (B takes between 0.725 and 0.74 times as long as A).
  Noise floor: 0.742%. Identical code measured against itself on this setup can look that different, so smaller differences mean nothing.
  Neighbouring measurements are nearly independent (autocorrelation +0.18), so they were resampled one by one.
  
  Verdict: RESOLVED. A is slower than B: the difference is real, as its interval excludes zero and it exceeds the noise floor.
  
  Warnings:
    - the program holds 16 MB of live data, more than the caches of many machines; for data that size, where it lies in memory can shift the result by several points in ways the interval does not cover, and differently in the next process; run the comparison in several processes with the multiproc package

== u64 single-value n=4096 churn and build: ordered vs ordered-mk1
steady state, per insertion or deletion in a structure of 4096 elements (cycle of 10684 operations, first pass untimed):
  A: 82.17 ns per operation (median)
  B: 63.48 ns per operation (median)
  A needs 29.5% more time than B: B takes only 0.77 times as long as A.
  With 95% confidence the difference lies between 28.9% and 30% more time (B takes between 0.769 and 0.78 times as long as A).
  Noise floor: 0.185%. Identical code measured against itself on this setup can look that different, so smaller differences mean nothing.
  Neighbouring measurements are nearly independent (autocorrelation +0.13), so they were resampled one by one.
  
  Verdict: RESOLVED. A is slower than B: the difference is real, as its interval excludes zero and it exceeds the noise floor.
  
  Warnings:
    - the program holds 16 MB of live data, more than the caches of many machines; for data that size, where it lies in memory can shift the result by several points in ways the interval does not cover, and differently in the next process; run the comparison in several processes with the multiproc package

build from empty to 4096 elements, per whole build (14748 operations):
  A: 1.252e+06 ns per operation (median)
  B: 1.077e+06 ns per operation (median)
  A needs 16.6% more time than B: B takes only 0.86 times as long as A.
  With 95% confidence the difference lies between 14.7% and 18.9% more time (B takes between 0.841 and 0.87 times as long as A).
  Noise floor: 1.06%. Identical code measured against itself on this setup can look that different, so smaller differences mean nothing.
  Neighbouring measurements are nearly independent (autocorrelation -0.07), so they were resampled one by one.
  
  Verdict: RESOLVED. A is slower than B: the difference is real, as its interval excludes zero and it exceeds the noise floor.
  
  Warnings:
    - the program holds 16 MB of live data, more than the caches of many machines; for data that size, where it lies in memory can shift the result by several points in ways the interval does not cover, and differently in the next process; run the comparison in several processes with the multiproc package

== u64 single-value n=4096 churn and build: ordered vs ordered-mk2
steady state, per insertion or deletion in a structure of 4096 elements (cycle of 10684 operations, first pass untimed):
  A: 81.96 ns per operation (median)
  B: 76.87 ns per operation (median)
  A needs 6.59% more time than B: B takes only 0.94 times as long as A.
  With 95% confidence the difference lies between 6.28% and 6.79% more time (B takes between 0.936 and 0.94 times as long as A).
  Noise floor: 0.356%. Identical code measured against itself on this setup can look that different, so smaller differences mean nothing.
  Neighbouring measurements are nearly independent (autocorrelation +0.19), so they were resampled one by one.
  
  Verdict: RESOLVED. A is slower than B: the difference is real, as its interval excludes zero and it exceeds the noise floor.
  
  Warnings:
    - the program holds 16 MB of live data, more than the caches of many machines; for data that size, where it lies in memory can shift the result by several points in ways the interval does not cover, and differently in the next process; run the comparison in several processes with the multiproc package

build from empty to 4096 elements, per whole build (14748 operations):
  A: 1.261e+06 ns per operation (median)
  B: 1.433e+06 ns per operation (median)
  A needs 11.5% less time than B: B takes 1.13 times as long as A.
  With 95% confidence the difference lies between 10.5% and 13.4% less time (B takes between 1.12 and 1.15 times as long as A).
  Noise floor: 0.626%. Identical code measured against itself on this setup can look that different, so smaller differences mean nothing.
  Neighbouring measurements are nearly independent (autocorrelation -0.09), so they were resampled one by one.
  
  Verdict: RESOLVED. A is faster than B: the difference is real, as its interval excludes zero and it exceeds the noise floor.
  
  Warnings:
    - the program holds 16 MB of live data, more than the caches of many machines; for data that size, where it lies in memory can shift the result by several points in ways the interval does not cover, and differently in the next process; run the comparison in several processes with the multiproc package

== u64 single-value n=4096 churn and build: ordered vs ordered-mk4
steady state, per insertion or deletion in a structure of 4096 elements (cycle of 10684 operations, first pass untimed):
  A: 82.08 ns per operation (median)
  B: 76.79 ns per operation (median)
  A needs 6.61% more time than B: B takes only 0.94 times as long as A.
  With 95% confidence the difference lies between 6.18% and 7.12% more time (B takes between 0.934 and 0.94 times as long as A).
  Noise floor: 0.621%. Identical code measured against itself on this setup can look that different, so smaller differences mean nothing.
  Neighbouring measurements are nearly independent (autocorrelation +0.10), so they were resampled one by one.
  
  Verdict: RESOLVED. A is slower than B: the difference is real, as its interval excludes zero and it exceeds the noise floor.
  
  Warnings:
    - the program holds 16 MB of live data, more than the caches of many machines; for data that size, where it lies in memory can shift the result by several points in ways the interval does not cover, and differently in the next process; run the comparison in several processes with the multiproc package

build from empty to 4096 elements, per whole build (14748 operations):
  A: 1.262e+06 ns per operation (median)
  B: 1.48e+06 ns per operation (median)
  A needs 14.9% less time than B: B takes 1.18 times as long as A.
  With 95% confidence the difference lies between 14.3% and 15.7% less time (B takes between 1.17 and 1.19 times as long as A).
  Noise floor: 2.34%. Identical code measured against itself on this setup can look that different, so smaller differences mean nothing.
  Neighbouring measurements are nearly independent (autocorrelation +0.12), so they were resampled one by one.
  
  Verdict: RESOLVED. A is faster than B: the difference is real, as its interval excludes zero and it exceeds the noise floor.
  
  Warnings:
    - the program holds 16 MB of live data, more than the caches of many machines; for data that size, where it lies in memory can shift the result by several points in ways the interval does not cover, and differently in the next process; run the comparison in several processes with the multiproc package

checksum 6820061489590665502
== u64 single-value n=4096 valuesFor: ordered vs btree-map
A: 40.1 ns per operation (median)
B: 109.1 ns per operation (median)
A needs 63.2% less time than B: B takes 2.72 times as long as A.
With 95% confidence the difference lies between 63.1% and 63.3% less time (B takes between 2.71 and 2.73 times as long as A).
Noise floor: 0.167%. Identical code measured against itself on this setup can look that different, so smaller differences mean nothing.
Neighbouring measurements are correlated (autocorrelation +0.33), so they were resampled in blocks of 3.

Verdict: RESOLVED. A is faster than B: the difference is real, as its interval excludes zero and it exceeds the noise floor.

Warnings:
  - the program holds 21 MB of live data, more than the caches of many machines; for data that size, where it lies in memory can shift the result by several points in ways the interval does not cover, and differently in the next process; run the comparison in several processes with the multiproc package

== u64 single-value n=4096 valuesFor: ordered vs baseline
A: 40.04 ns per operation (median)
B: 20.25 ns per operation (median)
A needs 97.9% more time than B: B takes only 0.51 times as long as A.
With 95% confidence the difference lies between 97.5% and 98.1% more time (B takes between 0.505 and 0.51 times as long as A).
Noise floor: 0.131%. Identical code measured against itself on this setup can look that different, so smaller differences mean nothing.
Neighbouring measurements are nearly independent (autocorrelation +0.03), so they were resampled one by one.

Verdict: RESOLVED. A is slower than B: the difference is real, as its interval excludes zero and it exceeds the noise floor.

Warnings:
  - the program holds 21 MB of live data, more than the caches of many machines; for data that size, where it lies in memory can shift the result by several points in ways the interval does not cover, and differently in the next process; run the comparison in several processes with the multiproc package
  - in 50% of A/A runs this setup reported a difference between identical code, well above the 10% expected; treat any confidence from it with suspicion

== u64 single-value n=4096 valuesFor: ordered vs ordered-mk1
A: 41.27 ns per operation (median)
B: 24.33 ns per operation (median)
A needs 69.7% more time than B: B takes only 0.59 times as long as A.
With 95% confidence the difference lies between 69.3% and 70% more time (B takes between 0.588 and 0.59 times as long as A).
Noise floor: 0.138%. Identical code measured against itself on this setup can look that different, so smaller differences mean nothing.
Neighbouring measurements are nearly independent (autocorrelation +0.06), so they were resampled one by one.

Verdict: RESOLVED. A is slower than B: the difference is real, as its interval excludes zero and it exceeds the noise floor.

Warnings:
  - the program holds 16 MB of live data, more than the caches of many machines; for data that size, where it lies in memory can shift the result by several points in ways the interval does not cover, and differently in the next process; run the comparison in several processes with the multiproc package
  - 7.3% of bootstrap replicates tied, so the measurement is coarse relative to the question; lower CollectOptions.MaxQuantizationError to lengthen the batches
  - in 50% of A/A runs this setup reported a difference between identical code, well above the 10% expected; treat any confidence from it with suspicion

== u64 single-value n=4096 valuesFor: ordered vs ordered-mk2
A: 40.19 ns per operation (median)
B: 24.28 ns per operation (median)
A needs 65.4% more time than B: B takes only 0.60 times as long as A.
With 95% confidence the difference lies between 65.1% and 66% more time (B takes between 0.602 and 0.61 times as long as A).
Noise floor: 0.305%. Identical code measured against itself on this setup can look that different, so smaller differences mean nothing.
Neighbouring measurements are correlated (autocorrelation +0.28), so they were resampled in blocks of 3.

Verdict: RESOLVED. A is slower than B: the difference is real, as its interval excludes zero and it exceeds the noise floor.

Warnings:
  - the program holds 16 MB of live data, more than the caches of many machines; for data that size, where it lies in memory can shift the result by several points in ways the interval does not cover, and differently in the next process; run the comparison in several processes with the multiproc package
  - in 50% of A/A runs this setup reported a difference between identical code, well above the 10% expected; treat any confidence from it with suspicion

== u64 single-value n=4096 valuesFor: ordered vs ordered-mk4
A: 40.06 ns per operation (median)
B: 24.17 ns per operation (median)
A needs 65.8% more time than B: B takes only 0.60 times as long as A.
With 95% confidence the difference lies between 65.3% and 66.1% more time (B takes between 0.602 and 0.60 times as long as A).
Noise floor: 0.0559%. Identical code measured against itself on this setup can look that different, so smaller differences mean nothing.
Neighbouring measurements are nearly independent (autocorrelation +0.05), so they were resampled one by one.

Verdict: RESOLVED. A is slower than B: the difference is real, as its interval excludes zero and it exceeds the noise floor.

Warnings:
  - the program holds 16 MB of live data, more than the caches of many machines; for data that size, where it lies in memory can shift the result by several points in ways the interval does not cover, and differently in the next process; run the comparison in several processes with the multiproc package
  - 6.1% of bootstrap replicates tied, so the measurement is coarse relative to the question; lower CollectOptions.MaxQuantizationError to lengthen the batches

== u64 single-value n=4096 valuesBetween: ordered vs btree-map
A: 348.3 ns per operation (median)
B: 440.8 ns per operation (median)
A needs 21% less time than B: B takes 1.27 times as long as A.
With 95% confidence the difference lies between 20.8% and 21.2% less time (B takes between 1.26 and 1.27 times as long as A).
Noise floor: 0.234%. Identical code measured against itself on this setup can look that different, so smaller differences mean nothing.
Neighbouring measurements are nearly independent (autocorrelation +0.13), so they were resampled one by one.

Verdict: RESOLVED. A is faster than B: the difference is real, as its interval excludes zero and it exceeds the noise floor.

Warnings:
  - the program holds 16 MB of live data, more than the caches of many machines; for data that size, where it lies in memory can shift the result by several points in ways the interval does not cover, and differently in the next process; run the comparison in several processes with the multiproc package

== u64 single-value n=4096 valuesBetween: ordered vs baseline
A: 348.3 ns per operation (median)
B: 1231 ns per operation (median)
A needs 71.7% less time than B: B takes 3.54 times as long as A.
With 95% confidence the difference lies between 71.7% and 71.8% less time (B takes between 3.53 and 3.54 times as long as A).
Noise floor: 0.0869%. Identical code measured against itself on this setup can look that different, so smaller differences mean nothing.
Neighbouring measurements are nearly independent (autocorrelation -0.05), so they were resampled one by one.

Verdict: RESOLVED. A is faster than B: the difference is real, as its interval excludes zero and it exceeds the noise floor.

Warnings:
  - the program holds 16 MB of live data, more than the caches of many machines; for data that size, where it lies in memory can shift the result by several points in ways the interval does not cover, and differently in the next process; run the comparison in several processes with the multiproc package
  - candidate B drifted during the run: its measurements were 0.128% lower in the second half than in the first, so the machine did not hold still
  - the ratio B/A was 0.284% lower in the second half of the run than in the first, so the candidates had not reached a steady state and the difference depends on how long the run was; a common cause is a head start for whichever candidate ran alone last before the comparison or had its data built last, which a longer CollectOptions.WarmupDuration removes
  - 6.2% of bootstrap replicates tied, so the measurement is coarse relative to the question; lower CollectOptions.MaxQuantizationError to lengthen the batches

== u64 single-value n=4096 valuesBetween: ordered vs ordered-mk1
A: 346.8 ns per operation (median)
B: 1989 ns per operation (median)
A needs 82.6% less time than B: B takes 5.73 times as long as A.
With 95% confidence the difference lies between 82.5% and 82.6% less time (B takes between 5.73 and 5.75 times as long as A).
Noise floor: 0.151%. Identical code measured against itself on this setup can look that different, so smaller differences mean nothing.
Neighbouring measurements are correlated (autocorrelation +0.37), so they were resampled in blocks of 3.

Verdict: RESOLVED. A is faster than B: the difference is real, as its interval excludes zero and it exceeds the noise floor.

Warnings:
  - the program holds 16 MB of live data, more than the caches of many machines; for data that size, where it lies in memory can shift the result by several points in ways the interval does not cover, and differently in the next process; run the comparison in several processes with the multiproc package

== u64 single-value n=4096 valuesBetween: ordered vs ordered-mk2
A: 351.1 ns per operation (median)
B: 1850 ns per operation (median)
A needs 81.1% less time than B: B takes 5.29 times as long as A.
With 95% confidence the difference lies between 81.1% and 81.2% less time (B takes between 5.29 and 5.31 times as long as A).
Noise floor: 0.251%. Identical code measured against itself on this setup can look that different, so smaller differences mean nothing.
Neighbouring measurements are correlated (autocorrelation +0.21), so they were resampled in blocks of 3.

Verdict: RESOLVED. A is faster than B: the difference is real, as its interval excludes zero and it exceeds the noise floor.

Warnings:
  - the program holds 16 MB of live data, more than the caches of many machines; for data that size, where it lies in memory can shift the result by several points in ways the interval does not cover, and differently in the next process; run the comparison in several processes with the multiproc package
  - candidate A drifted during the run: its measurements were 2.64% lower in the second half than in the first, so the machine did not hold still
  - candidate B drifted during the run: its measurements were 3.17% lower in the second half than in the first, so the machine did not hold still

== u64 single-value n=4096 valuesBetween: ordered vs ordered-mk4
A: 348 ns per operation (median)
B: 1837 ns per operation (median)
A needs 81.1% less time than B: B takes 5.29 times as long as A.
With 95% confidence the difference lies between 81% and 81.1% less time (B takes between 5.26 and 5.30 times as long as A).
Noise floor: 0.275%. Identical code measured against itself on this setup can look that different, so smaller differences mean nothing.
Neighbouring measurements are nearly independent (autocorrelation +0.16), so they were resampled one by one.

Verdict: RESOLVED. A is faster than B: the difference is real, as its interval excludes zero and it exceeds the noise floor.

Warnings:
  - the program holds 16 MB of live data, more than the caches of many machines; for data that size, where it lies in memory can shift the result by several points in ways the interval does not cover, and differently in the next process; run the comparison in several processes with the multiproc package
  - in 50% of A/A runs this setup reported a difference between identical code, well above the 10% expected; treat any confidence from it with suspicion

== u64 single-value n=4096 churn and build: ordered vs btree-map
steady state, per insertion or deletion in a structure of 4096 elements (cycle of 10684 operations, first pass untimed):
  A: 83.3 ns per operation (median)
  B: 153.4 ns per operation (median)
  A needs 45.9% less time than B: B takes 1.85 times as long as A.
  With 95% confidence the difference lies between 45.3% and 46.2% less time (B takes between 1.83 and 1.86 times as long as A).
  Noise floor: 0.885%. Identical code measured against itself on this setup can look that different, so smaller differences mean nothing.
  Neighbouring measurements are nearly independent (autocorrelation -0.26), so they were resampled one by one.
  
  Verdict: RESOLVED. A is faster than B: the difference is real, as its interval excludes zero and it exceeds the noise floor.
  
  Warnings:
    - the program holds 16 MB of live data, more than the caches of many machines; for data that size, where it lies in memory can shift the result by several points in ways the interval does not cover, and differently in the next process; run the comparison in several processes with the multiproc package

build from empty to 4096 elements, per whole build (14748 operations):
  A: 1.23e+06 ns per operation (median)
  B: 2.219e+06 ns per operation (median)
  A needs 44.1% less time than B: B takes 1.79 times as long as A.
  With 95% confidence the difference lies between 43.7% and 44.6% less time (B takes between 1.78 and 1.81 times as long as A).
  Noise floor: 1.67%. Identical code measured against itself on this setup can look that different, so smaller differences mean nothing.
  Neighbouring measurements are nearly independent (autocorrelation -0.02), so they were resampled one by one.
  
  Verdict: RESOLVED. A is faster than B: the difference is real, as its interval excludes zero and it exceeds the noise floor.
  
  Warnings:
    - the program holds 16 MB of live data, more than the caches of many machines; for data that size, where it lies in memory can shift the result by several points in ways the interval does not cover, and differently in the next process; run the comparison in several processes with the multiproc package
    - in 50% of A/A runs this setup reported a difference between identical code, well above the 10% expected; treat any confidence from it with suspicion

== u64 single-value n=4096 churn and build: ordered vs baseline
steady state, per insertion or deletion in a structure of 4096 elements (cycle of 10684 operations, first pass untimed):
  A: 85.12 ns per operation (median)
  B: 55.16 ns per operation (median)
  A needs 54.7% more time than B: B takes only 0.65 times as long as A.
  With 95% confidence the difference lies between 53.6% and 55.7% more time (B takes between 0.642 and 0.65 times as long as A).
  Noise floor: 0.545%. Identical code measured against itself on this setup can look that different, so smaller differences mean nothing.
  Neighbouring measurements are correlated (autocorrelation +0.33), so they were resampled in blocks of 3.
  
  Verdict: RESOLVED. A is slower than B: the difference is real, as its interval excludes zero and it exceeds the noise floor.
  
  Warnings:
    - the program holds 16 MB of live data, more than the caches of many machines; for data that size, where it lies in memory can shift the result by several points in ways the interval does not cover, and differently in the next process; run the comparison in several processes with the multiproc package

build from empty to 4096 elements, per whole build (14748 operations):
  A: 1.24e+06 ns per operation (median)
  B: 9.215e+05 ns per operation (median)
  A needs 35.5% more time than B: B takes only 0.74 times as long as A.
  With 95% confidence the difference lies between 32% and 36.8% more time (B takes between 0.731 and 0.76 times as long as A).
  Noise floor: 2.73%. Identical code measured against itself on this setup can look that different, so smaller differences mean nothing.
  Neighbouring measurements are nearly independent (autocorrelation -0.06), so they were resampled one by one.
  
  Verdict: RESOLVED. A is slower than B: the difference is real, as its interval excludes zero and it exceeds the noise floor.
  
  Warnings:
    - the program holds 16 MB of live data, more than the caches of many machines; for data that size, where it lies in memory can shift the result by several points in ways the interval does not cover, and differently in the next process; run the comparison in several processes with the multiproc package

== u64 single-value n=4096 churn and build: ordered vs ordered-mk1
steady state, per insertion or deletion in a structure of 4096 elements (cycle of 10684 operations, first pass untimed):
  A: 82.53 ns per operation (median)
  B: 62.99 ns per operation (median)
  A needs 30.9% more time than B: B takes only 0.76 times as long as A.
  With 95% confidence the difference lies between 30.4% and 31.4% more time (B takes between 0.761 and 0.77 times as long as A).
  Noise floor: 0.35%. Identical code measured against itself on this setup can look that different, so smaller differences mean nothing.
  Neighbouring measurements are nearly independent (autocorrelation +0.16), so they were resampled one by one.
  
  Verdict: RESOLVED. A is slower than B: the difference is real, as its interval excludes zero and it exceeds the noise floor.
  
  Warnings:
    - the program holds 16 MB of live data, more than the caches of many machines; for data that size, where it lies in memory can shift the result by several points in ways the interval does not cover, and differently in the next process; run the comparison in several processes with the multiproc package

build from empty to 4096 elements, per whole build (14748 operations):
  A: 1.241e+06 ns per operation (median)
  B: 1.076e+06 ns per operation (median)
  A needs 15.5% more time than B: B takes only 0.87 times as long as A.
  With 95% confidence the difference lies between 14.4% and 18.9% more time (B takes between 0.841 and 0.87 times as long as A).
  Noise floor: 0.612%. Identical code measured against itself on this setup can look that different, so smaller differences mean nothing.
  Neighbouring measurements are nearly independent (autocorrelation -0.02), so they were resampled one by one.
  
  Verdict: RESOLVED. A is slower than B: the difference is real, as its interval excludes zero and it exceeds the noise floor.
  
  Warnings:
    - the program holds 16 MB of live data, more than the caches of many machines; for data that size, where it lies in memory can shift the result by several points in ways the interval does not cover, and differently in the next process; run the comparison in several processes with the multiproc package

== u64 single-value n=4096 churn and build: ordered vs ordered-mk2
steady state, per insertion or deletion in a structure of 4096 elements (cycle of 10684 operations, first pass untimed):
  A: 82.21 ns per operation (median)
  B: 77.15 ns per operation (median)
  A needs 6.58% more time than B: B takes only 0.94 times as long as A.
  With 95% confidence the difference lies between 6.13% and 7.2% more time (B takes between 0.933 and 0.94 times as long as A).
  Noise floor: 0.464%. Identical code measured against itself on this setup can look that different, so smaller differences mean nothing.
  Neighbouring measurements are correlated (autocorrelation +0.20), so they were resampled in blocks of 3.
  
  Verdict: RESOLVED. A is slower than B: the difference is real, as its interval excludes zero and it exceeds the noise floor.
  
  Warnings:
    - the program holds 16 MB of live data, more than the caches of many machines; for data that size, where it lies in memory can shift the result by several points in ways the interval does not cover, and differently in the next process; run the comparison in several processes with the multiproc package

build from empty to 4096 elements, per whole build (14748 operations):
  A: 1.246e+06 ns per operation (median)
  B: 1.383e+06 ns per operation (median)
  A needs 11.1% less time than B: B takes 1.13 times as long as A.
  With 95% confidence the difference lies between 7.22% and 11.9% less time (B takes between 1.08 and 1.14 times as long as A).
  Noise floor: 1.18%. Identical code measured against itself on this setup can look that different, so smaller differences mean nothing.
  Neighbouring measurements are nearly independent (autocorrelation -0.05), so they were resampled one by one.
  
  Verdict: RESOLVED. A is faster than B: the difference is real, as its interval excludes zero and it exceeds the noise floor.
  
  Warnings:
    - the program holds 16 MB of live data, more than the caches of many machines; for data that size, where it lies in memory can shift the result by several points in ways the interval does not cover, and differently in the next process; run the comparison in several processes with the multiproc package

== u64 single-value n=4096 churn and build: ordered vs ordered-mk4
steady state, per insertion or deletion in a structure of 4096 elements (cycle of 10684 operations, first pass untimed):
  A: 82.31 ns per operation (median)
  B: 76.76 ns per operation (median)
  A needs 7.17% more time than B: B takes only 0.93 times as long as A.
  With 95% confidence the difference lies between 6.9% and 7.37% more time (B takes between 0.931 and 0.94 times as long as A).
  Noise floor: 0.362%. Identical code measured against itself on this setup can look that different, so smaller differences mean nothing.
  Neighbouring measurements are correlated (autocorrelation +0.43), so they were resampled in blocks of 3.
  
  Verdict: RESOLVED. A is slower than B: the difference is real, as its interval excludes zero and it exceeds the noise floor.
  
  Warnings:
    - the program holds 16 MB of live data, more than the caches of many machines; for data that size, where it lies in memory can shift the result by several points in ways the interval does not cover, and differently in the next process; run the comparison in several processes with the multiproc package
    - in 50% of A/A runs this setup reported a difference between identical code, well above the 10% expected; treat any confidence from it with suspicion

build from empty to 4096 elements, per whole build (14748 operations):
  A: 1.27e+06 ns per operation (median)
  B: 1.449e+06 ns per operation (median)
  A needs 12.7% less time than B: B takes 1.15 times as long as A.
  With 95% confidence the difference lies between 11.7% and 13.9% less time (B takes between 1.13 and 1.16 times as long as A).
  Noise floor: 2.03%. Identical code measured against itself on this setup can look that different, so smaller differences mean nothing.
  Neighbouring measurements are nearly independent (autocorrelation -0.01), so they were resampled one by one.
  
  Verdict: RESOLVED. A is faster than B: the difference is real, as its interval excludes zero and it exceeds the noise floor.
  
  Warnings:
    - the program holds 16 MB of live data, more than the caches of many machines; for data that size, where it lies in memory can shift the result by several points in ways the interval does not cover, and differently in the next process; run the comparison in several processes with the multiproc package

checksum 4826802481014815805
