== dirs natural n=16384 valuesFor: ordered vs btree-sets
A: 176.8 ns per operation (median)
B: 271.4 ns per operation (median)
A needs 34.5% less time than B: B takes 1.53 times as long as A.
With 95% confidence the difference lies between 33.7% and 36.2% less time (B takes between 1.51 and 1.57 times as long as A).
Noise floor: 1.99%. Identical code measured against itself on this setup can look that different, so smaller differences mean nothing.
Neighbouring measurements are nearly independent (autocorrelation +0.18), so they were resampled one by one.

Verdict: RESOLVED. A is faster than B: the difference is real, as its interval excludes zero and it exceeds the noise floor.

Warnings:
  - the program holds 123 MB of live data, more than the caches of many machines; for data that size, where it lies in memory can shift the result by several points in ways the interval does not cover, and differently in the next process; run the comparison in several processes with the multiproc package

== dirs natural n=16384 valuesFor: ordered vs baseline
A: 173.2 ns per operation (median)
B: 151.2 ns per operation (median)
A needs 14.8% more time than B: B takes only 0.87 times as long as A.
With 95% confidence the difference lies between 13.7% and 15.3% more time (B takes between 0.867 and 0.88 times as long as A).
Noise floor: 0.535%. Identical code measured against itself on this setup can look that different, so smaller differences mean nothing.
Neighbouring measurements are nearly independent (autocorrelation -0.14), so they were resampled one by one.

Verdict: RESOLVED. A is slower than B: the difference is real, as its interval excludes zero and it exceeds the noise floor.

Warnings:
  - the program holds 123 MB of live data, more than the caches of many machines; for data that size, where it lies in memory can shift the result by several points in ways the interval does not cover, and differently in the next process; run the comparison in several processes with the multiproc package

== dirs natural n=16384 valuesFor: ordered vs ordered-mk1
A: 173.6 ns per operation (median)
B: 159.6 ns per operation (median)
A needs 8.75% more time than B: B takes only 0.92 times as long as A.
With 95% confidence the difference lies between 7.63% and 10.8% more time (B takes between 0.903 and 0.93 times as long as A).
Noise floor: 1.04%. Identical code measured against itself on this setup can look that different, so smaller differences mean nothing.
Neighbouring measurements are nearly independent (autocorrelation -0.19), so they were resampled one by one.

Verdict: RESOLVED. A is slower than B: the difference is real, as its interval excludes zero and it exceeds the noise floor.

Warnings:
  - the program holds 123 MB of live data, more than the caches of many machines; for data that size, where it lies in memory can shift the result by several points in ways the interval does not cover, and differently in the next process; run the comparison in several processes with the multiproc package

== dirs natural n=16384 valuesFor: ordered vs ordered-mk2
A: 173.4 ns per operation (median)
B: 164.8 ns per operation (median)
A needs 5.06% more time than B: B takes only 0.95 times as long as A.
With 95% confidence the difference lies between 3.82% and 6.45% more time (B takes between 0.939 and 0.96 times as long as A).
Noise floor: 0.7%. Identical code measured against itself on this setup can look that different, so smaller differences mean nothing.
Neighbouring measurements are nearly independent (autocorrelation -0.19), so they were resampled one by one.

Verdict: RESOLVED. A is slower than B: the difference is real, as its interval excludes zero and it exceeds the noise floor.

Warnings:
  - the program holds 123 MB of live data, more than the caches of many machines; for data that size, where it lies in memory can shift the result by several points in ways the interval does not cover, and differently in the next process; run the comparison in several processes with the multiproc package

== dirs natural n=16384 valuesFor: ordered vs ordered-mk4
A: 173.1 ns per operation (median)
B: 168.6 ns per operation (median)
A needs 2.8% more time than B: B takes only 0.97 times as long as A.
With 95% confidence the difference lies between 1.07% and 3.74% more time (B takes between 0.964 and 0.99 times as long as A).
Noise floor: 0.623%. Identical code measured against itself on this setup can look that different, so smaller differences mean nothing.
Neighbouring measurements are nearly independent (autocorrelation -0.47), so they were resampled one by one.

Verdict: RESOLVED. A is slower than B: the difference is real, as its interval excludes zero and it exceeds the noise floor.

Warnings:
  - the program holds 123 MB of live data, more than the caches of many machines; for data that size, where it lies in memory can shift the result by several points in ways the interval does not cover, and differently in the next process; run the comparison in several processes with the multiproc package

== dirs natural n=16384 valuesBetween: ordered vs btree-sets
A: 2238 ns per operation (median)
B: 6828 ns per operation (median)
A needs 67% less time than B: B takes 3.03 times as long as A.
With 95% confidence the difference lies between 66.3% and 68% less time (B takes between 2.96 and 3.13 times as long as A).
Noise floor: 1.16%. Identical code measured against itself on this setup can look that different, so smaller differences mean nothing.
Neighbouring measurements are correlated (autocorrelation +0.33), so they were resampled in blocks of 3.

Verdict: RESOLVED. A is faster than B: the difference is real, as its interval excludes zero and it exceeds the noise floor.

Warnings:
  - the program holds 123 MB of live data, more than the caches of many machines; for data that size, where it lies in memory can shift the result by several points in ways the interval does not cover, and differently in the next process; run the comparison in several processes with the multiproc package

== dirs natural n=16384 valuesBetween: ordered vs baseline
A: 2215 ns per operation (median)
B: 4067 ns per operation (median)
A needs 45.4% less time than B: B takes 1.83 times as long as A.
With 95% confidence the difference lies between 44.8% and 46.4% less time (B takes between 1.81 and 1.87 times as long as A).
Noise floor: 0.702%. Identical code measured against itself on this setup can look that different, so smaller differences mean nothing.
Neighbouring measurements are nearly independent (autocorrelation -0.40), so they were resampled one by one.

Verdict: RESOLVED. A is faster than B: the difference is real, as its interval excludes zero and it exceeds the noise floor.

Warnings:
  - the program holds 123 MB of live data, more than the caches of many machines; for data that size, where it lies in memory can shift the result by several points in ways the interval does not cover, and differently in the next process; run the comparison in several processes with the multiproc package

== dirs natural n=16384 valuesBetween: ordered vs ordered-mk1
A: 2316 ns per operation (median)
B: 5467 ns per operation (median)
A needs 57.8% less time than B: B takes 2.37 times as long as A.
With 95% confidence the difference lies between 57% and 58.2% less time (B takes between 2.33 and 2.39 times as long as A).
Noise floor: 0.213%. Identical code measured against itself on this setup can look that different, so smaller differences mean nothing.
Neighbouring measurements are nearly independent (autocorrelation -0.36), so they were resampled one by one.

Verdict: RESOLVED. A is faster than B: the difference is real, as its interval excludes zero and it exceeds the noise floor.

Warnings:
  - the program holds 123 MB of live data, more than the caches of many machines; for data that size, where it lies in memory can shift the result by several points in ways the interval does not cover, and differently in the next process; run the comparison in several processes with the multiproc package

== dirs natural n=16384 valuesBetween: ordered vs ordered-mk2
A: 2298 ns per operation (median)
B: 4360 ns per operation (median)
A needs 47.6% less time than B: B takes 1.91 times as long as A.
With 95% confidence the difference lies between 46.3% and 48.5% less time (B takes between 1.86 and 1.94 times as long as A).
Noise floor: 0.616%. Identical code measured against itself on this setup can look that different, so smaller differences mean nothing.
Neighbouring measurements are nearly independent (autocorrelation -0.28), so they were resampled one by one.

Verdict: RESOLVED. A is faster than B: the difference is real, as its interval excludes zero and it exceeds the noise floor.

Warnings:
  - the program holds 133 MB of live data, more than the caches of many machines; for data that size, where it lies in memory can shift the result by several points in ways the interval does not cover, and differently in the next process; run the comparison in several processes with the multiproc package

== dirs natural n=16384 valuesBetween: ordered vs ordered-mk4
A: 2191 ns per operation (median)
B: 3224 ns per operation (median)
A needs 32.2% less time than B: B takes 1.48 times as long as A.
With 95% confidence the difference lies between 30.2% and 33.5% less time (B takes between 1.43 and 1.50 times as long as A).
Noise floor: 0.903%. Identical code measured against itself on this setup can look that different, so smaller differences mean nothing.
Neighbouring measurements are nearly independent (autocorrelation -0.18), so they were resampled one by one.

Verdict: RESOLVED. A is faster than B: the difference is real, as its interval excludes zero and it exceeds the noise floor.

Warnings:
  - the program holds 133 MB of live data, more than the caches of many machines; for data that size, where it lies in memory can shift the result by several points in ways the interval does not cover, and differently in the next process; run the comparison in several processes with the multiproc package

== dirs natural n=16384 churn and build: ordered vs btree-sets
steady state, per insertion or deletion in a structure of 52542 elements (cycle of 137396 operations, first pass untimed):
  A: 309.9 ns per operation (median)
  B: 382.2 ns per operation (median)
  A needs 18.6% less time than B: B takes 1.23 times as long as A.
  With 95% confidence the difference lies between 16.9% and 21.4% less time (B takes between 1.2 and 1.27 times as long as A).
  Noise floor: 0.876%. Identical code measured against itself on this setup can look that different, so smaller differences mean nothing.
  Neighbouring measurements are nearly independent (autocorrelation +0.15), so they were resampled one by one.
  
  Verdict: RESOLVED. A is faster than B: the difference is real, as its interval excludes zero and it exceeds the noise floor.
  
  Warnings:
    - the program holds 145 MB of live data, more than the caches of many machines; for data that size, where it lies in memory can shift the result by several points in ways the interval does not cover, and differently in the next process; run the comparison in several processes with the multiproc package

build from empty to 52542 elements, per whole build (188700 operations):
  A: 5.585e+07 ns per operation (median)
  B: 6.663e+07 ns per operation (median)
  A needs 16.2% less time than B: B takes 1.19 times as long as A.
  With 95% confidence the difference lies between 15.9% and 16.5% less time (B takes between 1.19 and 1.20 times as long as A).
  Noise floor: 0.291%. Identical code measured against itself on this setup can look that different, so smaller differences mean nothing.
  Neighbouring measurements are correlated (autocorrelation +0.23), so they were resampled in blocks of 3.
  
  Verdict: RESOLVED. A is faster than B: the difference is real, as its interval excludes zero and it exceeds the noise floor.
  
  Warnings:
    - the program holds 134 MB of live data, more than the caches of many machines; for data that size, where it lies in memory can shift the result by several points in ways the interval does not cover, and differently in the next process; run the comparison in several processes with the multiproc package

== dirs natural n=16384 churn and build: ordered vs baseline
steady state, per insertion or deletion in a structure of 52542 elements (cycle of 137396 operations, first pass untimed):
  A: 289.9 ns per operation (median)
  B: 254.9 ns per operation (median)
  A needs 14.1% more time than B: B takes only 0.88 times as long as A.
  With 95% confidence the difference lies between 12.7% and 15.2% more time (B takes between 0.868 and 0.89 times as long as A).
  Noise floor: 0.583%. Identical code measured against itself on this setup can look that different, so smaller differences mean nothing.
  Neighbouring measurements are nearly independent (autocorrelation +0.11), so they were resampled one by one.
  
  Verdict: RESOLVED. A is slower than B: the difference is real, as its interval excludes zero and it exceeds the noise floor.
  
  Warnings:
    - the program holds 134 MB of live data, more than the caches of many machines; for data that size, where it lies in memory can shift the result by several points in ways the interval does not cover, and differently in the next process; run the comparison in several processes with the multiproc package

build from empty to 52542 elements, per whole build (188700 operations):
  A: 5.596e+07 ns per operation (median)
  B: 4.424e+07 ns per operation (median)
  A needs 25.7% more time than B: B takes only 0.80 times as long as A.
  With 95% confidence the difference lies between 25.3% and 26.9% more time (B takes between 0.788 and 0.80 times as long as A).
  Noise floor: 0.127%. Identical code measured against itself on this setup can look that different, so smaller differences mean nothing.
  Neighbouring measurements are nearly independent (autocorrelation +0.07), so they were resampled one by one.
  
  Verdict: RESOLVED. A is slower than B: the difference is real, as its interval excludes zero and it exceeds the noise floor.
  
  Warnings:
    - the program holds 134 MB of live data, more than the caches of many machines; for data that size, where it lies in memory can shift the result by several points in ways the interval does not cover, and differently in the next process; run the comparison in several processes with the multiproc package
    - candidate B drifted during the run: its measurements were 2.37% lower in the second half than in the first, so the machine did not hold still

== dirs natural n=16384 churn and build: ordered vs ordered-mk1
steady state, per insertion or deletion in a structure of 52542 elements (cycle of 137396 operations, first pass untimed):
  A: 287 ns per operation (median)
  B: 260.3 ns per operation (median)
  A needs 9.92% more time than B: B takes only 0.91 times as long as A.
  With 95% confidence the difference lies between 9.51% and 10.2% more time (B takes between 0.908 and 0.91 times as long as A).
  Noise floor: 0.606%. Identical code measured against itself on this setup can look that different, so smaller differences mean nothing.
  Neighbouring measurements are correlated (autocorrelation +0.70), so they were resampled in blocks of 3.
  
  Verdict: RESOLVED. A is slower than B: the difference is real, as its interval excludes zero and it exceeds the noise floor.
  
  Warnings:
    - the program holds 134 MB of live data, more than the caches of many machines; for data that size, where it lies in memory can shift the result by several points in ways the interval does not cover, and differently in the next process; run the comparison in several processes with the multiproc package
    - candidate B drifted during the run: its measurements were 1.28% lower in the second half than in the first, so the machine did not hold still
    - in 50% of A/A runs this setup reported a difference between identical code, well above the 10% expected; treat any confidence from it with suspicion

build from empty to 52542 elements, per whole build (188700 operations):
  A: 5.574e+07 ns per operation (median)
  B: 4.763e+07 ns per operation (median)
  A needs 17.2% more time than B: B takes only 0.85 times as long as A.
  With 95% confidence the difference lies between 16.7% and 17.5% more time (B takes between 0.851 and 0.86 times as long as A).
  Noise floor: 0.487%. Identical code measured against itself on this setup can look that different, so smaller differences mean nothing.
  Neighbouring measurements are nearly independent (autocorrelation +0.10), so they were resampled one by one.
  
  Verdict: RESOLVED. A is slower than B: the difference is real, as its interval excludes zero and it exceeds the noise floor.
  
  Warnings:
    - the program holds 134 MB of live data, more than the caches of many machines; for data that size, where it lies in memory can shift the result by several points in ways the interval does not cover, and differently in the next process; run the comparison in several processes with the multiproc package
    - in 50% of A/A runs this setup reported a difference between identical code, well above the 10% expected; treat any confidence from it with suspicion

== dirs natural n=16384 churn and build: ordered vs ordered-mk2
steady state, per insertion or deletion in a structure of 52542 elements (cycle of 137396 operations, first pass untimed):
  A: 284.9 ns per operation (median)
  B: 310.5 ns per operation (median)
  A needs 8.3% less time than B: B takes 1.09 times as long as A.
  With 95% confidence the difference lies between 7.81% and 9.73% less time (B takes between 1.08 and 1.11 times as long as A).
  Noise floor: 0.367%. Identical code measured against itself on this setup can look that different, so smaller differences mean nothing.
  Neighbouring measurements are nearly independent (autocorrelation -0.13), so they were resampled one by one.
  
  Verdict: RESOLVED. A is faster than B: the difference is real, as its interval excludes zero and it exceeds the noise floor.
  
  Warnings:
    - the program holds 134 MB of live data, more than the caches of many machines; for data that size, where it lies in memory can shift the result by several points in ways the interval does not cover, and differently in the next process; run the comparison in several processes with the multiproc package

build from empty to 52542 elements, per whole build (188700 operations):
  A: 5.585e+07 ns per operation (median)
  B: 6.072e+07 ns per operation (median)
  A needs 8.56% less time than B: B takes 1.09 times as long as A.
  With 95% confidence the difference lies between 7.55% and 11% less time (B takes between 1.08 and 1.12 times as long as A).
  Noise floor: 0.389%. Identical code measured against itself on this setup can look that different, so smaller differences mean nothing.
  Neighbouring measurements are correlated (autocorrelation +0.32), so they were resampled in blocks of 3.
  
  Verdict: RESOLVED. A is faster than B: the difference is real, as its interval excludes zero and it exceeds the noise floor.
  
  Warnings:
    - the program holds 134 MB of live data, more than the caches of many machines; for data that size, where it lies in memory can shift the result by several points in ways the interval does not cover, and differently in the next process; run the comparison in several processes with the multiproc package
    - candidate B drifted during the run: its measurements were 4.12% lower in the second half than in the first, so the machine did not hold still
    - in 50% of A/A runs this setup reported a difference between identical code, well above the 10% expected; treat any confidence from it with suspicion

== dirs natural n=16384 churn and build: ordered vs ordered-mk4
steady state, per insertion or deletion in a structure of 52542 elements (cycle of 137396 operations, first pass untimed):
  A: 282.2 ns per operation (median)
  B: 300.7 ns per operation (median)
  A needs 6.01% less time than B: B takes 1.06 times as long as A.
  With 95% confidence the difference lies between 5.8% and 6.84% less time (B takes between 1.06 and 1.07 times as long as A).
  Noise floor: 0.371%. Identical code measured against itself on this setup can look that different, so smaller differences mean nothing.
  Neighbouring measurements are nearly independent (autocorrelation -0.08), so they were resampled one by one.
  
  Verdict: RESOLVED. A is faster than B: the difference is real, as its interval excludes zero and it exceeds the noise floor.
  
  Warnings:
    - the program holds 134 MB of live data, more than the caches of many machines; for data that size, where it lies in memory can shift the result by several points in ways the interval does not cover, and differently in the next process; run the comparison in several processes with the multiproc package
    - candidate A drifted during the run: its measurements were 1.39% higher in the second half than in the first, so the machine did not hold still
    - candidate B drifted during the run: its measurements were 0.973% higher in the second half than in the first, so the machine did not hold still

build from empty to 52542 elements, per whole build (188700 operations):
  A: 5.554e+07 ns per operation (median)
  B: 6.014e+07 ns per operation (median)
  A needs 7.66% less time than B: B takes 1.08 times as long as A.
  With 95% confidence the difference lies between 7.22% and 8.15% less time (B takes between 1.08 and 1.09 times as long as A).
  Noise floor: 0.365%. Identical code measured against itself on this setup can look that different, so smaller differences mean nothing.
  Neighbouring measurements are nearly independent (autocorrelation +0.17), so they were resampled one by one.
  
  Verdict: RESOLVED. A is faster than B: the difference is real, as its interval excludes zero and it exceeds the noise floor.
  
  Warnings:
    - the program holds 134 MB of live data, more than the caches of many machines; for data that size, where it lies in memory can shift the result by several points in ways the interval does not cover, and differently in the next process; run the comparison in several processes with the multiproc package
    - in 50% of A/A runs this setup reported a difference between identical code, well above the 10% expected; treat any confidence from it with suspicion

checksum 94896070178392
== dirs natural n=16384 valuesFor: ordered vs btree-sets
A: 177.7 ns per operation (median)
B: 269.1 ns per operation (median)
A needs 34% less time than B: B takes 1.51 times as long as A.
With 95% confidence the difference lies between 33.1% and 35.2% less time (B takes between 1.49 and 1.54 times as long as A).
Noise floor: 1.55%. Identical code measured against itself on this setup can look that different, so smaller differences mean nothing.
Neighbouring measurements are nearly independent (autocorrelation -0.43), so they were resampled one by one.

Verdict: RESOLVED. A is faster than B: the difference is real, as its interval excludes zero and it exceeds the noise floor.

Warnings:
  - the program holds 107 MB of live data, more than the caches of many machines; for data that size, where it lies in memory can shift the result by several points in ways the interval does not cover, and differently in the next process; run the comparison in several processes with the multiproc package

== dirs natural n=16384 valuesFor: ordered vs baseline
A: 173.8 ns per operation (median)
B: 150.8 ns per operation (median)
A needs 15.3% more time than B: B takes only 0.87 times as long as A.
With 95% confidence the difference lies between 14.4% and 16% more time (B takes between 0.862 and 0.87 times as long as A).
Noise floor: 0.613%. Identical code measured against itself on this setup can look that different, so smaller differences mean nothing.
Neighbouring measurements are nearly independent (autocorrelation +0.05), so they were resampled one by one.

Verdict: RESOLVED. A is slower than B: the difference is real, as its interval excludes zero and it exceeds the noise floor.

Warnings:
  - the program holds 107 MB of live data, more than the caches of many machines; for data that size, where it lies in memory can shift the result by several points in ways the interval does not cover, and differently in the next process; run the comparison in several processes with the multiproc package

== dirs natural n=16384 valuesFor: ordered vs ordered-mk1
A: 174.2 ns per operation (median)
B: 158.1 ns per operation (median)
A needs 9.67% more time than B: B takes only 0.91 times as long as A.
With 95% confidence the difference lies between 8.81% and 11.3% more time (B takes between 0.898 and 0.92 times as long as A).
Noise floor: 0.722%. Identical code measured against itself on this setup can look that different, so smaller differences mean nothing.
Neighbouring measurements are nearly independent (autocorrelation -0.36), so they were resampled one by one.

Verdict: RESOLVED. A is slower than B: the difference is real, as its interval excludes zero and it exceeds the noise floor.

Warnings:
  - the program holds 107 MB of live data, more than the caches of many machines; for data that size, where it lies in memory can shift the result by several points in ways the interval does not cover, and differently in the next process; run the comparison in several processes with the multiproc package

== dirs natural n=16384 valuesFor: ordered vs ordered-mk2
A: 175 ns per operation (median)
B: 166.4 ns per operation (median)
A needs 4.45% more time than B: B takes only 0.96 times as long as A.
With 95% confidence the difference lies between 3.34% and 6.26% more time (B takes between 0.941 and 0.97 times as long as A).
Noise floor: 1.11%. Identical code measured against itself on this setup can look that different, so smaller differences mean nothing.
Neighbouring measurements are nearly independent (autocorrelation -0.00), so they were resampled one by one.

Verdict: RESOLVED. A is slower than B: the difference is real, as its interval excludes zero and it exceeds the noise floor.

Warnings:
  - the program holds 133 MB of live data, more than the caches of many machines; for data that size, where it lies in memory can shift the result by several points in ways the interval does not cover, and differently in the next process; run the comparison in several processes with the multiproc package

== dirs natural n=16384 valuesFor: ordered vs ordered-mk4
A: 174.4 ns per operation (median)
B: 168.1 ns per operation (median)
A needs 3.88% more time than B: B takes only 0.96 times as long as A.
With 95% confidence the difference lies between 2.75% and 4.74% more time (B takes between 0.955 and 0.97 times as long as A).
Noise floor: 1.53%. Identical code measured against itself on this setup can look that different, so smaller differences mean nothing.
Neighbouring measurements are nearly independent (autocorrelation +0.19), so they were resampled one by one.

Verdict: RESOLVED. A is slower than B: the difference is real, as its interval excludes zero and it exceeds the noise floor.

Warnings:
  - the program holds 133 MB of live data, more than the caches of many machines; for data that size, where it lies in memory can shift the result by several points in ways the interval does not cover, and differently in the next process; run the comparison in several processes with the multiproc package
  - 6.6% of bootstrap replicates tied, so the measurement is coarse relative to the question; lower CollectOptions.MaxQuantizationError to lengthen the batches

== dirs natural n=16384 valuesBetween: ordered vs btree-sets
A: 2249 ns per operation (median)
B: 6847 ns per operation (median)
A needs 67.1% less time than B: B takes 3.04 times as long as A.
With 95% confidence the difference lies between 66.8% and 67.7% less time (B takes between 3.01 and 3.09 times as long as A).
Noise floor: 0.867%. Identical code measured against itself on this setup can look that different, so smaller differences mean nothing.
Neighbouring measurements are nearly independent (autocorrelation -0.10), so they were resampled one by one.

Verdict: RESOLVED. A is faster than B: the difference is real, as its interval excludes zero and it exceeds the noise floor.

Warnings:
  - the program holds 133 MB of live data, more than the caches of many machines; for data that size, where it lies in memory can shift the result by several points in ways the interval does not cover, and differently in the next process; run the comparison in several processes with the multiproc package

== dirs natural n=16384 valuesBetween: ordered vs baseline
A: 2221 ns per operation (median)
B: 4077 ns per operation (median)
A needs 45.5% less time than B: B takes 1.84 times as long as A.
With 95% confidence the difference lies between 44.8% and 46.2% less time (B takes between 1.81 and 1.86 times as long as A).
Noise floor: 0.865%. Identical code measured against itself on this setup can look that different, so smaller differences mean nothing.
Neighbouring measurements are nearly independent (autocorrelation -0.23), so they were resampled one by one.

Verdict: RESOLVED. A is faster than B: the difference is real, as its interval excludes zero and it exceeds the noise floor.

Warnings:
  - the program holds 133 MB of live data, more than the caches of many machines; for data that size, where it lies in memory can shift the result by several points in ways the interval does not cover, and differently in the next process; run the comparison in several processes with the multiproc package
  - in 50% of A/A runs this setup reported a difference between identical code, well above the 10% expected; treat any confidence from it with suspicion

== dirs natural n=16384 valuesBetween: ordered vs ordered-mk1
A: 2193 ns per operation (median)
B: 5196 ns per operation (median)
A needs 57.5% less time than B: B takes 2.35 times as long as A.
With 95% confidence the difference lies between 57.1% and 58% less time (B takes between 2.33 and 2.38 times as long as A).
Noise floor: 0.635%. Identical code measured against itself on this setup can look that different, so smaller differences mean nothing.
Neighbouring measurements are nearly independent (autocorrelation +0.07), so they were resampled one by one.

Verdict: RESOLVED. A is faster than B: the difference is real, as its interval excludes zero and it exceeds the noise floor.

Warnings:
  - the program holds 133 MB of live data, more than the caches of many machines; for data that size, where it lies in memory can shift the result by several points in ways the interval does not cover, and differently in the next process; run the comparison in several processes with the multiproc package

== dirs natural n=16384 valuesBetween: ordered vs ordered-mk2
A: 2185 ns per operation (median)
B: 4205 ns per operation (median)
A needs 47.9% less time than B: B takes 1.92 times as long as A.
With 95% confidence the difference lies between 47.1% and 48.6% less time (B takes between 1.89 and 1.95 times as long as A).
Noise floor: 0.528%. Identical code measured against itself on this setup can look that different, so smaller differences mean nothing.
Neighbouring measurements are nearly independent (autocorrelation -0.13), so they were resampled one by one.

Verdict: RESOLVED. A is faster than B: the difference is real, as its interval excludes zero and it exceeds the noise floor.

Warnings:
  - the program holds 133 MB of live data, more than the caches of many machines; for data that size, where it lies in memory can shift the result by several points in ways the interval does not cover, and differently in the next process; run the comparison in several processes with the multiproc package

== dirs natural n=16384 valuesBetween: ordered vs ordered-mk4
A: 2198 ns per operation (median)
B: 3234 ns per operation (median)
A needs 31.7% less time than B: B takes 1.46 times as long as A.
With 95% confidence the difference lies between 30.9% and 32.6% less time (B takes between 1.45 and 1.48 times as long as A).
Noise floor: 0.557%. Identical code measured against itself on this setup can look that different, so smaller differences mean nothing.
Neighbouring measurements are nearly independent (autocorrelation -0.34), so they were resampled one by one.

Verdict: RESOLVED. A is faster than B: the difference is real, as its interval excludes zero and it exceeds the noise floor.

Warnings:
  - the program holds 133 MB of live data, more than the caches of many machines; for data that size, where it lies in memory can shift the result by several points in ways the interval does not cover, and differently in the next process; run the comparison in several processes with the multiproc package

== dirs natural n=16384 churn and build: ordered vs btree-sets
steady state, per insertion or deletion in a structure of 52542 elements (cycle of 137396 operations, first pass untimed):
  A: 307.5 ns per operation (median)
  B: 379.5 ns per operation (median)
  A needs 19.2% less time than B: B takes 1.24 times as long as A.
  With 95% confidence the difference lies between 17.2% and 20.4% less time (B takes between 1.21 and 1.26 times as long as A).
  Noise floor: 1.96%. Identical code measured against itself on this setup can look that different, so smaller differences mean nothing.
  Neighbouring measurements are nearly independent (autocorrelation -0.02), so they were resampled one by one.
  
  Verdict: RESOLVED. A is faster than B: the difference is real, as its interval excludes zero and it exceeds the noise floor.
  
  Warnings:
    - the program holds 144 MB of live data, more than the caches of many machines; for data that size, where it lies in memory can shift the result by several points in ways the interval does not cover, and differently in the next process; run the comparison in several processes with the multiproc package

build from empty to 52542 elements, per whole build (188700 operations):
  A: 5.568e+07 ns per operation (median)
  B: 6.664e+07 ns per operation (median)
  A needs 16.4% less time than B: B takes 1.20 times as long as A.
  With 95% confidence the difference lies between 16.1% and 16.6% less time (B takes between 1.19 and 1.20 times as long as A).
  Noise floor: 0.678%. Identical code measured against itself on this setup can look that different, so smaller differences mean nothing.
  Neighbouring measurements are correlated (autocorrelation +0.42), so they were resampled in blocks of 3.
  
  Verdict: RESOLVED. A is faster than B: the difference is real, as its interval excludes zero and it exceeds the noise floor.
  
  Warnings:
    - the program holds 134 MB of live data, more than the caches of many machines; for data that size, where it lies in memory can shift the result by several points in ways the interval does not cover, and differently in the next process; run the comparison in several processes with the multiproc package

== dirs natural n=16384 churn and build: ordered vs baseline
steady state, per insertion or deletion in a structure of 52542 elements (cycle of 137396 operations, first pass untimed):
  A: 295.1 ns per operation (median)
  B: 256.4 ns per operation (median)
  A needs 13.7% more time than B: B takes only 0.88 times as long as A.
  With 95% confidence the difference lies between 8.71% and 15.2% more time (B takes between 0.868 and 0.92 times as long as A).
  Noise floor: 0.596%. Identical code measured against itself on this setup can look that different, so smaller differences mean nothing.
  Neighbouring measurements are correlated (autocorrelation +0.40), so they were resampled in blocks of 3.
  
  Verdict: RESOLVED. A is slower than B: the difference is real, as its interval excludes zero and it exceeds the noise floor.
  
  Warnings:
    - the program holds 134 MB of live data, more than the caches of many machines; for data that size, where it lies in memory can shift the result by several points in ways the interval does not cover, and differently in the next process; run the comparison in several processes with the multiproc package
    - candidate A drifted during the run: its measurements were 18.7% higher in the second half than in the first, so the machine did not hold still
    - candidate B drifted during the run: its measurements were 30.8% higher in the second half than in the first, so the machine did not hold still
    - the ratio B/A was 8.21% higher in the second half of the run than in the first, so the candidates had not reached a steady state and the difference depends on how long the run was; a common cause is a head start for whichever candidate ran alone last before the comparison or had its data built last, which a longer CollectOptions.WarmupDuration removes
    - in 50% of A/A runs this setup reported a difference between identical code, well above the 10% expected; treat any confidence from it with suspicion

build from empty to 52542 elements, per whole build (188700 operations):
  A: 5.71e+07 ns per operation (median)
  B: 4.549e+07 ns per operation (median)
  A needs 26.3% more time than B: B takes only 0.79 times as long as A.
  With 95% confidence the difference lies between 23% and 30.1% more time (B takes between 0.769 and 0.81 times as long as A).
  Noise floor: 0.281%. Identical code measured against itself on this setup can look that different, so smaller differences mean nothing.
  Neighbouring measurements are correlated (autocorrelation +0.34), so they were resampled in blocks of 3.
  
  Verdict: RESOLVED. A is slower than B: the difference is real, as its interval excludes zero and it exceeds the noise floor.
  
  Warnings:
    - the program holds 134 MB of live data, more than the caches of many machines; for data that size, where it lies in memory can shift the result by several points in ways the interval does not cover, and differently in the next process; run the comparison in several processes with the multiproc package

== dirs natural n=16384 churn and build: ordered vs ordered-mk1
steady state, per insertion or deletion in a structure of 52542 elements (cycle of 137396 operations, first pass untimed):
  A: 287.9 ns per operation (median)
  B: 261.2 ns per operation (median)
  A needs 9.91% more time than B: B takes only 0.91 times as long as A.
  With 95% confidence the difference lies between 8.92% and 10.4% more time (B takes between 0.906 and 0.92 times as long as A).
  Noise floor: 0.234%. Identical code measured against itself on this setup can look that different, so smaller differences mean nothing.
  Neighbouring measurements are correlated (autocorrelation +0.64), so they were resampled in blocks of 3.
  
  Verdict: RESOLVED. A is slower than B: the difference is real, as its interval excludes zero and it exceeds the noise floor.
  
  Warnings:
    - the program holds 134 MB of live data, more than the caches of many machines; for data that size, where it lies in memory can shift the result by several points in ways the interval does not cover, and differently in the next process; run the comparison in several processes with the multiproc package
    - candidate A drifted during the run: its measurements were 0.9% lower in the second half than in the first, so the machine did not hold still
    - candidate B drifted during the run: its measurements were 1.1% lower in the second half than in the first, so the machine did not hold still

build from empty to 52542 elements, per whole build (188700 operations):
  A: 5.589e+07 ns per operation (median)
  B: 4.801e+07 ns per operation (median)
  A needs 16.7% more time than B: B takes only 0.86 times as long as A.
  With 95% confidence the difference lies between 16% and 17% more time (B takes between 0.855 and 0.86 times as long as A).
  Noise floor: 0.157%. Identical code measured against itself on this setup can look that different, so smaller differences mean nothing.
  Neighbouring measurements are nearly independent (autocorrelation +0.19), so they were resampled one by one.
  
  Verdict: RESOLVED. A is slower than B: the difference is real, as its interval excludes zero and it exceeds the noise floor.
  
  Warnings:
    - the program holds 134 MB of live data, more than the caches of many machines; for data that size, where it lies in memory can shift the result by several points in ways the interval does not cover, and differently in the next process; run the comparison in several processes with the multiproc package
    - candidate B drifted during the run: its measurements were 0.716% higher in the second half than in the first, so the machine did not hold still

== dirs natural n=16384 churn and build: ordered vs ordered-mk2
steady state, per insertion or deletion in a structure of 52542 elements (cycle of 137396 operations, first pass untimed):
  A: 332.2 ns per operation (median)
  B: 368.6 ns per operation (median)
  A needs 9.97% less time than B: B takes 1.11 times as long as A.
  With 95% confidence the difference lies between 8.51% and 10.6% less time (B takes between 1.09 and 1.12 times as long as A).
  Noise floor: 1.03%. Identical code measured against itself on this setup can look that different, so smaller differences mean nothing.
  Neighbouring measurements are nearly independent (autocorrelation -0.10), so they were resampled one by one.
  
  Verdict: RESOLVED. A is faster than B: the difference is real, as its interval excludes zero and it exceeds the noise floor.
  
  Warnings:
    - the program holds 134 MB of live data, more than the caches of many machines; for data that size, where it lies in memory can shift the result by several points in ways the interval does not cover, and differently in the next process; run the comparison in several processes with the multiproc package
    - candidate A drifted during the run: its measurements were 18.1% higher in the second half than in the first, so the machine did not hold still
    - candidate B drifted during the run: its measurements were 22.7% higher in the second half than in the first, so the machine did not hold still

build from empty to 52542 elements, per whole build (188700 operations):
  A: 5.561e+07 ns per operation (median)
  B: 6.045e+07 ns per operation (median)
  A needs 8.17% less time than B: B takes 1.09 times as long as A.
  With 95% confidence the difference lies between 7.83% and 8.51% less time (B takes between 1.08 and 1.09 times as long as A).
  Noise floor: 0.316%. Identical code measured against itself on this setup can look that different, so smaller differences mean nothing.
  Neighbouring measurements are nearly independent (autocorrelation +0.10), so they were resampled one by one.
  
  Verdict: RESOLVED. A is faster than B: the difference is real, as its interval excludes zero and it exceeds the noise floor.
  
  Warnings:
    - the program holds 134 MB of live data, more than the caches of many machines; for data that size, where it lies in memory can shift the result by several points in ways the interval does not cover, and differently in the next process; run the comparison in several processes with the multiproc package

== dirs natural n=16384 churn and build: ordered vs ordered-mk4
steady state, per insertion or deletion in a structure of 52542 elements (cycle of 137396 operations, first pass untimed):
  A: 282.9 ns per operation (median)
  B: 302.7 ns per operation (median)
  A needs 6.57% less time than B: B takes 1.07 times as long as A.
  With 95% confidence the difference lies between 5.88% and 7.17% less time (B takes between 1.06 and 1.08 times as long as A).
  Noise floor: 0.311%. Identical code measured against itself on this setup can look that different, so smaller differences mean nothing.
  Neighbouring measurements are nearly independent (autocorrelation +0.08), so they were resampled one by one.
  
  Verdict: RESOLVED. A is faster than B: the difference is real, as its interval excludes zero and it exceeds the noise floor.
  
  Warnings:
    - the program holds 134 MB of live data, more than the caches of many machines; for data that size, where it lies in memory can shift the result by several points in ways the interval does not cover, and differently in the next process; run the comparison in several processes with the multiproc package
    - candidate A drifted during the run: its measurements were 1.28% higher in the second half than in the first, so the machine did not hold still
    - candidate B drifted during the run: its measurements were 1.53% higher in the second half than in the first, so the machine did not hold still

build from empty to 52542 elements, per whole build (188700 operations):
  A: 5.577e+07 ns per operation (median)
  B: 6.042e+07 ns per operation (median)
  A needs 7.54% less time than B: B takes 1.08 times as long as A.
  With 95% confidence the difference lies between 7.14% and 8.41% less time (B takes between 1.08 and 1.09 times as long as A).
  Noise floor: 0.668%. Identical code measured against itself on this setup can look that different, so smaller differences mean nothing.
  Neighbouring measurements are nearly independent (autocorrelation +0.04), so they were resampled one by one.
  
  Verdict: RESOLVED. A is faster than B: the difference is real, as its interval excludes zero and it exceeds the noise floor.
  
  Warnings:
    - the program holds 134 MB of live data, more than the caches of many machines; for data that size, where it lies in memory can shift the result by several points in ways the interval does not cover, and differently in the next process; run the comparison in several processes with the multiproc package
    - in 50% of A/A runs this setup reported a difference between identical code, well above the 10% expected; treat any confidence from it with suspicion

checksum 96332515068882
== dirs natural n=16384 valuesFor: ordered vs btree-sets
A: 198.3 ns per operation (median)
B: 350.7 ns per operation (median)
A needs 43% less time than B: B takes 1.75 times as long as A.
With 95% confidence the difference lies between 39.6% and 46.2% less time (B takes between 1.66 and 1.86 times as long as A).
Noise floor: 0.634%. Identical code measured against itself on this setup can look that different, so smaller differences mean nothing.
Neighbouring measurements are nearly independent (autocorrelation -0.47), so they were resampled one by one.

Verdict: RESOLVED. A is faster than B: the difference is real, as its interval excludes zero and it exceeds the noise floor.

Warnings:
  - the program holds 92 MB of live data, more than the caches of many machines; for data that size, where it lies in memory can shift the result by several points in ways the interval does not cover, and differently in the next process; run the comparison in several processes with the multiproc package

== dirs natural n=16384 valuesFor: ordered vs baseline
A: 175 ns per operation (median)
B: 152.6 ns per operation (median)
A needs 14.1% more time than B: B takes only 0.88 times as long as A.
With 95% confidence the difference lies between 13.5% and 15.4% more time (B takes between 0.866 and 0.88 times as long as A).
Noise floor: 0.407%. Identical code measured against itself on this setup can look that different, so smaller differences mean nothing.
Neighbouring measurements are correlated (autocorrelation +0.20), so they were resampled in blocks of 3.

Verdict: RESOLVED. A is slower than B: the difference is real, as its interval excludes zero and it exceeds the noise floor.

Warnings:
  - the program holds 132 MB of live data, more than the caches of many machines; for data that size, where it lies in memory can shift the result by several points in ways the interval does not cover, and differently in the next process; run the comparison in several processes with the multiproc package

== dirs natural n=16384 valuesFor: ordered vs ordered-mk1
A: 174.5 ns per operation (median)
B: 158.5 ns per operation (median)
A needs 10.2% more time than B: B takes only 0.91 times as long as A.
With 95% confidence the difference lies between 9.15% and 11.2% more time (B takes between 0.899 and 0.92 times as long as A).
Noise floor: 1.09%. Identical code measured against itself on this setup can look that different, so smaller differences mean nothing.
Neighbouring measurements are nearly independent (autocorrelation -0.40), so they were resampled one by one.

Verdict: RESOLVED. A is slower than B: the difference is real, as its interval excludes zero and it exceeds the noise floor.

Warnings:
  - the program holds 132 MB of live data, more than the caches of many machines; for data that size, where it lies in memory can shift the result by several points in ways the interval does not cover, and differently in the next process; run the comparison in several processes with the multiproc package

== dirs natural n=16384 valuesFor: ordered vs ordered-mk2
A: 174.3 ns per operation (median)
B: 166.5 ns per operation (median)
A needs 5.07% more time than B: B takes only 0.95 times as long as A.
With 95% confidence the difference lies between 3.26% and 6.6% more time (B takes between 0.938 and 0.97 times as long as A).
Noise floor: 1.04%. Identical code measured against itself on this setup can look that different, so smaller differences mean nothing.
Neighbouring measurements are nearly independent (autocorrelation -0.42), so they were resampled one by one.

Verdict: RESOLVED. A is slower than B: the difference is real, as its interval excludes zero and it exceeds the noise floor.

Warnings:
  - the program holds 132 MB of live data, more than the caches of many machines; for data that size, where it lies in memory can shift the result by several points in ways the interval does not cover, and differently in the next process; run the comparison in several processes with the multiproc package

== dirs natural n=16384 valuesFor: ordered vs ordered-mk4
A: 173.8 ns per operation (median)
B: 167.7 ns per operation (median)
A needs 3.21% more time than B: B takes only 0.97 times as long as A.
With 95% confidence the difference lies between 2.63% and 4.34% more time (B takes between 0.958 and 0.97 times as long as A).
Noise floor: 0.629%. Identical code measured against itself on this setup can look that different, so smaller differences mean nothing.
Neighbouring measurements are nearly independent (autocorrelation +0.18), so they were resampled one by one.

Verdict: RESOLVED. A is slower than B: the difference is real, as its interval excludes zero and it exceeds the noise floor.

Warnings:
  - the program holds 132 MB of live data, more than the caches of many machines; for data that size, where it lies in memory can shift the result by several points in ways the interval does not cover, and differently in the next process; run the comparison in several processes with the multiproc package

== dirs natural n=16384 valuesBetween: ordered vs btree-sets
A: 2242 ns per operation (median)
B: 6831 ns per operation (median)
A needs 67.1% less time than B: B takes 3.04 times as long as A.
With 95% confidence the difference lies between 66.8% and 67.7% less time (B takes between 3.02 and 3.10 times as long as A).
Noise floor: 0.549%. Identical code measured against itself on this setup can look that different, so smaller differences mean nothing.
Neighbouring measurements are nearly independent (autocorrelation -0.14), so they were resampled one by one.

Verdict: RESOLVED. A is faster than B: the difference is real, as its interval excludes zero and it exceeds the noise floor.

Warnings:
  - the program holds 132 MB of live data, more than the caches of many machines; for data that size, where it lies in memory can shift the result by several points in ways the interval does not cover, and differently in the next process; run the comparison in several processes with the multiproc package

== dirs natural n=16384 valuesBetween: ordered vs baseline
A: 2221 ns per operation (median)
B: 4069 ns per operation (median)
A needs 45% less time than B: B takes 1.82 times as long as A.
With 95% confidence the difference lies between 44.5% and 47% less time (B takes between 1.8 and 1.89 times as long as A).
Noise floor: 2.31%. Identical code measured against itself on this setup can look that different, so smaller differences mean nothing.
Neighbouring measurements are nearly independent (autocorrelation +0.11), so they were resampled one by one.

Verdict: RESOLVED. A is faster than B: the difference is real, as its interval excludes zero and it exceeds the noise floor.

Warnings:
  - the program holds 132 MB of live data, more than the caches of many machines; for data that size, where it lies in memory can shift the result by several points in ways the interval does not cover, and differently in the next process; run the comparison in several processes with the multiproc package
  - in 50% of A/A runs this setup reported a difference between identical code, well above the 10% expected; treat any confidence from it with suspicion

== dirs natural n=16384 valuesBetween: ordered vs ordered-mk1
A: 2238 ns per operation (median)
B: 5193 ns per operation (median)
A needs 57.1% less time than B: B takes 2.33 times as long as A.
With 95% confidence the difference lies between 56.7% and 57.5% less time (B takes between 2.31 and 2.35 times as long as A).
Noise floor: 0.433%. Identical code measured against itself on this setup can look that different, so smaller differences mean nothing.
Neighbouring measurements are nearly independent (autocorrelation -0.46), so they were resampled one by one.

Verdict: RESOLVED. A is faster than B: the difference is real, as its interval excludes zero and it exceeds the noise floor.

Warnings:
  - the program holds 132 MB of live data, more than the caches of many machines; for data that size, where it lies in memory can shift the result by several points in ways the interval does not cover, and differently in the next process; run the comparison in several processes with the multiproc package
  - in 50% of A/A runs this setup reported a difference between identical code, well above the 10% expected; treat any confidence from it with suspicion

== dirs natural n=16384 valuesBetween: ordered vs ordered-mk2
A: 2193 ns per operation (median)
B: 4188 ns per operation (median)
A needs 47.4% less time than B: B takes 1.90 times as long as A.
With 95% confidence the difference lies between 47.1% and 48.2% less time (B takes between 1.89 and 1.93 times as long as A).
Noise floor: 0.649%. Identical code measured against itself on this setup can look that different, so smaller differences mean nothing.
Neighbouring measurements are nearly independent (autocorrelation -0.33), so they were resampled one by one.

Verdict: RESOLVED. A is faster than B: the difference is real, as its interval excludes zero and it exceeds the noise floor.

Warnings:
  - the program holds 132 MB of live data, more than the caches of many machines; for data that size, where it lies in memory can shift the result by several points in ways the interval does not cover, and differently in the next process; run the comparison in several processes with the multiproc package
  - in 50% of A/A runs this setup reported a difference between identical code, well above the 10% expected; treat any confidence from it with suspicion

== dirs natural n=16384 valuesBetween: ordered vs ordered-mk4
A: 2284 ns per operation (median)
B: 3323 ns per operation (median)
A needs 31% less time than B: B takes 1.45 times as long as A.
With 95% confidence the difference lies between 29.6% and 32.5% less time (B takes between 1.42 and 1.48 times as long as A).
Noise floor: 0.777%. Identical code measured against itself on this setup can look that different, so smaller differences mean nothing.
Neighbouring measurements are nearly independent (autocorrelation -0.33), so they were resampled one by one.

Verdict: RESOLVED. A is faster than B: the difference is real, as its interval excludes zero and it exceeds the noise floor.

Warnings:
  - the program holds 132 MB of live data, more than the caches of many machines; for data that size, where it lies in memory can shift the result by several points in ways the interval does not cover, and differently in the next process; run the comparison in several processes with the multiproc package

== dirs natural n=16384 churn and build: ordered vs btree-sets
steady state, per insertion or deletion in a structure of 52542 elements (cycle of 137396 operations, first pass untimed):
  A: 305.8 ns per operation (median)
  B: 376.3 ns per operation (median)
  A needs 18.3% less time than B: B takes 1.22 times as long as A.
  With 95% confidence the difference lies between 16.9% and 20.2% less time (B takes between 1.2 and 1.25 times as long as A).
  Noise floor: 0.806%. Identical code measured against itself on this setup can look that different, so smaller differences mean nothing.
  Neighbouring measurements are nearly independent (autocorrelation +0.03), so they were resampled one by one.
  
  Verdict: RESOLVED. A is faster than B: the difference is real, as its interval excludes zero and it exceeds the noise floor.
  
  Warnings:
    - the program holds 144 MB of live data, more than the caches of many machines; for data that size, where it lies in memory can shift the result by several points in ways the interval does not cover, and differently in the next process; run the comparison in several processes with the multiproc package
    - candidate A drifted during the run: its measurements were 2.02% lower in the second half than in the first, so the machine did not hold still

build from empty to 52542 elements, per whole build (188700 operations):
  A: 5.555e+07 ns per operation (median)
  B: 6.685e+07 ns per operation (median)
  A needs 16.8% less time than B: B takes 1.20 times as long as A.
  With 95% confidence the difference lies between 16.6% and 17.1% less time (B takes between 1.2 and 1.21 times as long as A).
  Noise floor: 0.504%. Identical code measured against itself on this setup can look that different, so smaller differences mean nothing.
  Neighbouring measurements are correlated (autocorrelation +0.24), so they were resampled in blocks of 3.
  
  Verdict: RESOLVED. A is faster than B: the difference is real, as its interval excludes zero and it exceeds the noise floor.
  
  Warnings:
    - the program holds 135 MB of live data, more than the caches of many machines; for data that size, where it lies in memory can shift the result by several points in ways the interval does not cover, and differently in the next process; run the comparison in several processes with the multiproc package

== dirs natural n=16384 churn and build: ordered vs baseline
steady state, per insertion or deletion in a structure of 52542 elements (cycle of 137396 operations, first pass untimed):
  A: 289.6 ns per operation (median)
  B: 249.8 ns per operation (median)
  A needs 15.9% more time than B: B takes only 0.86 times as long as A.
  With 95% confidence the difference lies between 15.4% and 16.7% more time (B takes between 0.857 and 0.87 times as long as A).
  Noise floor: 1.28%. Identical code measured against itself on this setup can look that different, so smaller differences mean nothing.
  Neighbouring measurements are correlated (autocorrelation +0.55), so they were resampled in blocks of 3.
  
  Verdict: RESOLVED. A is slower than B: the difference is real, as its interval excludes zero and it exceeds the noise floor.
  
  Warnings:
    - the program holds 135 MB of live data, more than the caches of many machines; for data that size, where it lies in memory can shift the result by several points in ways the interval does not cover, and differently in the next process; run the comparison in several processes with the multiproc package
    - candidate B drifted during the run: its measurements were 1.78% lower in the second half than in the first, so the machine did not hold still

build from empty to 52542 elements, per whole build (188700 operations):
  A: 5.568e+07 ns per operation (median)
  B: 4.439e+07 ns per operation (median)
  A needs 24.7% more time than B: B takes only 0.80 times as long as A.
  With 95% confidence the difference lies between 24.3% and 25.7% more time (B takes between 0.795 and 0.80 times as long as A).
  Noise floor: 0.553%. Identical code measured against itself on this setup can look that different, so smaller differences mean nothing.
  Neighbouring measurements are nearly independent (autocorrelation +0.10), so they were resampled one by one.
  
  Verdict: RESOLVED. A is slower than B: the difference is real, as its interval excludes zero and it exceeds the noise floor.
  
  Warnings:
    - the program holds 135 MB of live data, more than the caches of many machines; for data that size, where it lies in memory can shift the result by several points in ways the interval does not cover, and differently in the next process; run the comparison in several processes with the multiproc package
    - candidate A drifted during the run: its measurements were 3.44% higher in the second half than in the first, so the machine did not hold still

== dirs natural n=16384 churn and build: ordered vs ordered-mk1
steady state, per insertion or deletion in a structure of 52542 elements (cycle of 137396 operations, first pass untimed):
  A: 287.2 ns per operation (median)
  B: 261.9 ns per operation (median)
  A needs 9.82% more time than B: B takes only 0.91 times as long as A.
  With 95% confidence the difference lies between 9.06% and 10.3% more time (B takes between 0.906 and 0.92 times as long as A).
  Noise floor: 0.8%. Identical code measured against itself on this setup can look that different, so smaller differences mean nothing.
  Neighbouring measurements are correlated (autocorrelation +0.34), so they were resampled in blocks of 3.
  
  Verdict: RESOLVED. A is slower than B: the difference is real, as its interval excludes zero and it exceeds the noise floor.
  
  Warnings:
    - the program holds 135 MB of live data, more than the caches of many machines; for data that size, where it lies in memory can shift the result by several points in ways the interval does not cover, and differently in the next process; run the comparison in several processes with the multiproc package
    - candidate A drifted during the run: its measurements were 1.35% lower in the second half than in the first, so the machine did not hold still
    - candidate B drifted during the run: its measurements were 2.24% lower in the second half than in the first, so the machine did not hold still

build from empty to 52542 elements, per whole build (188700 operations):
  A: 5.776e+07 ns per operation (median)
  B: 4.986e+07 ns per operation (median)
  A needs 16.4% more time than B: B takes only 0.86 times as long as A.
  With 95% confidence the difference lies between 12.8% and 17.6% more time (B takes between 0.85 and 0.89 times as long as A).
  Noise floor: 0.118%. Identical code measured against itself on this setup can look that different, so smaller differences mean nothing.
  Neighbouring measurements are nearly independent (autocorrelation -0.01), so they were resampled one by one.
  
  Verdict: RESOLVED. A is slower than B: the difference is real, as its interval excludes zero and it exceeds the noise floor.
  
  Warnings:
    - the program holds 135 MB of live data, more than the caches of many machines; for data that size, where it lies in memory can shift the result by several points in ways the interval does not cover, and differently in the next process; run the comparison in several processes with the multiproc package

== dirs natural n=16384 churn and build: ordered vs ordered-mk2
steady state, per insertion or deletion in a structure of 52542 elements (cycle of 137396 operations, first pass untimed):
  A: 286.9 ns per operation (median)
  B: 314.6 ns per operation (median)
  A needs 8.9% less time than B: B takes 1.10 times as long as A.
  With 95% confidence the difference lies between 8.01% and 9.4% less time (B takes between 1.09 and 1.10 times as long as A).
  Noise floor: 0.879%. Identical code measured against itself on this setup can look that different, so smaller differences mean nothing.
  Neighbouring measurements are correlated (autocorrelation +0.66), so they were resampled in blocks of 3.
  
  Verdict: RESOLVED. A is faster than B: the difference is real, as its interval excludes zero and it exceeds the noise floor.
  
  Warnings:
    - the program holds 135 MB of live data, more than the caches of many machines; for data that size, where it lies in memory can shift the result by several points in ways the interval does not cover, and differently in the next process; run the comparison in several processes with the multiproc package
    - candidate B drifted during the run: its measurements were 1.21% lower in the second half than in the first, so the machine did not hold still
    - in 50% of A/A runs this setup reported a difference between identical code, well above the 10% expected; treat any confidence from it with suspicion

build from empty to 52542 elements, per whole build (188700 operations):
  A: 5.535e+07 ns per operation (median)
  B: 6.017e+07 ns per operation (median)
  A needs 8.04% less time than B: B takes 1.09 times as long as A.
  With 95% confidence the difference lies between 7.75% and 8.29% less time (B takes between 1.08 and 1.09 times as long as A).
  Noise floor: 0.561%. Identical code measured against itself on this setup can look that different, so smaller differences mean nothing.
  Neighbouring measurements are nearly independent (autocorrelation +0.09), so they were resampled one by one.
  
  Verdict: RESOLVED. A is faster than B: the difference is real, as its interval excludes zero and it exceeds the noise floor.
  
  Warnings:
    - the program holds 135 MB of live data, more than the caches of many machines; for data that size, where it lies in memory can shift the result by several points in ways the interval does not cover, and differently in the next process; run the comparison in several processes with the multiproc package

== dirs natural n=16384 churn and build: ordered vs ordered-mk4
steady state, per insertion or deletion in a structure of 52542 elements (cycle of 137396 operations, first pass untimed):
  A: 282 ns per operation (median)
  B: 299.7 ns per operation (median)
  A needs 5.8% less time than B: B takes 1.06 times as long as A.
  With 95% confidence the difference lies between 5.59% and 6.4% less time (B takes between 1.06 and 1.07 times as long as A).
  Noise floor: 1.21%. Identical code measured against itself on this setup can look that different, so smaller differences mean nothing.
  Neighbouring measurements are correlated (autocorrelation +0.45), so they were resampled in blocks of 3.
  
  Verdict: RESOLVED. A is faster than B: the difference is real, as its interval excludes zero and it exceeds the noise floor.
  
  Warnings:
    - the program holds 135 MB of live data, more than the caches of many machines; for data that size, where it lies in memory can shift the result by several points in ways the interval does not cover, and differently in the next process; run the comparison in several processes with the multiproc package

build from empty to 52542 elements, per whole build (188700 operations):
  A: 5.53e+07 ns per operation (median)
  B: 6.009e+07 ns per operation (median)
  A needs 7.9% less time than B: B takes 1.09 times as long as A.
  With 95% confidence the difference lies between 7.47% and 8.04% less time (B takes between 1.08 and 1.09 times as long as A).
  Noise floor: 0.816%. Identical code measured against itself on this setup can look that different, so smaller differences mean nothing.
  Neighbouring measurements are nearly independent (autocorrelation +0.19), so they were resampled one by one.
  
  Verdict: RESOLVED. A is faster than B: the difference is real, as its interval excludes zero and it exceeds the noise floor.
  
  Warnings:
    - the program holds 135 MB of live data, more than the caches of many machines; for data that size, where it lies in memory can shift the result by several points in ways the interval does not cover, and differently in the next process; run the comparison in several processes with the multiproc package
    - in 50% of A/A runs this setup reported a difference between identical code, well above the 10% expected; treat any confidence from it with suspicion

checksum 95900225155733
== dirs natural n=16384 valuesFor: ordered vs btree-sets
A: 177.2 ns per operation (median)
B: 273.6 ns per operation (median)
A needs 35% less time than B: B takes 1.54 times as long as A.
With 95% confidence the difference lies between 34.2% and 36.5% less time (B takes between 1.52 and 1.57 times as long as A).
Noise floor: 1.52%. Identical code measured against itself on this setup can look that different, so smaller differences mean nothing.
Neighbouring measurements are correlated (autocorrelation +0.48), so they were resampled in blocks of 3.

Verdict: RESOLVED. A is faster than B: the difference is real, as its interval excludes zero and it exceeds the noise floor.

Warnings:
  - the program holds 123 MB of live data, more than the caches of many machines; for data that size, where it lies in memory can shift the result by several points in ways the interval does not cover, and differently in the next process; run the comparison in several processes with the multiproc package

== dirs natural n=16384 valuesFor: ordered vs baseline
A: 173.9 ns per operation (median)
B: 150.6 ns per operation (median)
A needs 15.8% more time than B: B takes only 0.86 times as long as A.
With 95% confidence the difference lies between 14.6% and 16.4% more time (B takes between 0.859 and 0.87 times as long as A).
Noise floor: 0.633%. Identical code measured against itself on this setup can look that different, so smaller differences mean nothing.
Neighbouring measurements are nearly independent (autocorrelation +0.01), so they were resampled one by one.

Verdict: RESOLVED. A is slower than B: the difference is real, as its interval excludes zero and it exceeds the noise floor.

Warnings:
  - the program holds 123 MB of live data, more than the caches of many machines; for data that size, where it lies in memory can shift the result by several points in ways the interval does not cover, and differently in the next process; run the comparison in several processes with the multiproc package

== dirs natural n=16384 valuesFor: ordered vs ordered-mk1
A: 174.4 ns per operation (median)
B: 158.9 ns per operation (median)
A needs 9.85% more time than B: B takes only 0.91 times as long as A.
With 95% confidence the difference lies between 7.88% and 10.9% more time (B takes between 0.902 and 0.93 times as long as A).
Noise floor: 0.735%. Identical code measured against itself on this setup can look that different, so smaller differences mean nothing.
Neighbouring measurements are nearly independent (autocorrelation -0.29), so they were resampled one by one.

Verdict: RESOLVED. A is slower than B: the difference is real, as its interval excludes zero and it exceeds the noise floor.

Warnings:
  - the program holds 123 MB of live data, more than the caches of many machines; for data that size, where it lies in memory can shift the result by several points in ways the interval does not cover, and differently in the next process; run the comparison in several processes with the multiproc package

== dirs natural n=16384 valuesFor: ordered vs ordered-mk2
A: 173.5 ns per operation (median)
B: 166.5 ns per operation (median)
A needs 4.2% more time than B: B takes only 0.96 times as long as A.
With 95% confidence the difference lies between 3.45% and 5.9% more time (B takes between 0.944 and 0.97 times as long as A).
Noise floor: 1.06%. Identical code measured against itself on this setup can look that different, so smaller differences mean nothing.
Neighbouring measurements are nearly independent (autocorrelation -0.44), so they were resampled one by one.

Verdict: RESOLVED. A is slower than B: the difference is real, as its interval excludes zero and it exceeds the noise floor.

Warnings:
  - the program holds 123 MB of live data, more than the caches of many machines; for data that size, where it lies in memory can shift the result by several points in ways the interval does not cover, and differently in the next process; run the comparison in several processes with the multiproc package

== dirs natural n=16384 valuesFor: ordered vs ordered-mk4
A: 181.7 ns per operation (median)
B: 177 ns per operation (median)
A needs 2% more time than B: B takes only 0.98 times as long as A.
With 95% confidence the difference lies between 1.18% and 3.86% more time (B takes between 0.963 and 0.99 times as long as A).
Noise floor: 1.01%. Identical code measured against itself on this setup can look that different, so smaller differences mean nothing.
Neighbouring measurements are nearly independent (autocorrelation -0.21), so they were resampled one by one.

Verdict: RESOLVED. A is slower than B: the difference is real, as its interval excludes zero and it exceeds the noise floor.

Warnings:
  - the program holds 123 MB of live data, more than the caches of many machines; for data that size, where it lies in memory can shift the result by several points in ways the interval does not cover, and differently in the next process; run the comparison in several processes with the multiproc package
  - candidate B drifted during the run: its measurements were 2.33% lower in the second half than in the first, so the machine did not hold still

== dirs natural n=16384 valuesBetween: ordered vs btree-sets
A: 2282 ns per operation (median)
B: 6855 ns per operation (median)
A needs 67.1% less time than B: B takes 3.04 times as long as A.
With 95% confidence the difference lies between 66.4% and 67.4% less time (B takes between 2.97 and 3.07 times as long as A).
Noise floor: 0.374%. Identical code measured against itself on this setup can look that different, so smaller differences mean nothing.
Neighbouring measurements are correlated (autocorrelation +0.49), so they were resampled in blocks of 3.

Verdict: RESOLVED. A is faster than B: the difference is real, as its interval excludes zero and it exceeds the noise floor.

Warnings:
  - the program holds 123 MB of live data, more than the caches of many machines; for data that size, where it lies in memory can shift the result by several points in ways the interval does not cover, and differently in the next process; run the comparison in several processes with the multiproc package

== dirs natural n=16384 valuesBetween: ordered vs baseline
A: 2249 ns per operation (median)
B: 4074 ns per operation (median)
A needs 44.3% less time than B: B takes 1.79 times as long as A.
With 95% confidence the difference lies between 43.7% and 46.2% less time (B takes between 1.78 and 1.86 times as long as A).
Noise floor: 1.05%. Identical code measured against itself on this setup can look that different, so smaller differences mean nothing.
Neighbouring measurements are nearly independent (autocorrelation -0.38), so they were resampled one by one.

Verdict: RESOLVED. A is faster than B: the difference is real, as its interval excludes zero and it exceeds the noise floor.

Warnings:
  - the program holds 123 MB of live data, more than the caches of many machines; for data that size, where it lies in memory can shift the result by several points in ways the interval does not cover, and differently in the next process; run the comparison in several processes with the multiproc package

== dirs natural n=16384 valuesBetween: ordered vs ordered-mk1
A: 2228 ns per operation (median)
B: 5179 ns per operation (median)
A needs 57.1% less time than B: B takes 2.33 times as long as A.
With 95% confidence the difference lies between 56.5% and 57.8% less time (B takes between 2.3 and 2.37 times as long as A).
Noise floor: 1.04%. Identical code measured against itself on this setup can look that different, so smaller differences mean nothing.
Neighbouring measurements are nearly independent (autocorrelation -0.33), so they were resampled one by one.

Verdict: RESOLVED. A is faster than B: the difference is real, as its interval excludes zero and it exceeds the noise floor.

Warnings:
  - the program holds 123 MB of live data, more than the caches of many machines; for data that size, where it lies in memory can shift the result by several points in ways the interval does not cover, and differently in the next process; run the comparison in several processes with the multiproc package

== dirs natural n=16384 valuesBetween: ordered vs ordered-mk2
A: 2213 ns per operation (median)
B: 4210 ns per operation (median)
A needs 47.6% less time than B: B takes 1.91 times as long as A.
With 95% confidence the difference lies between 46.8% and 48.1% less time (B takes between 1.88 and 1.93 times as long as A).
Noise floor: 0.936%. Identical code measured against itself on this setup can look that different, so smaller differences mean nothing.
Neighbouring measurements are nearly independent (autocorrelation -0.44), so they were resampled one by one.

Verdict: RESOLVED. A is faster than B: the difference is real, as its interval excludes zero and it exceeds the noise floor.

Warnings:
  - the program holds 123 MB of live data, more than the caches of many machines; for data that size, where it lies in memory can shift the result by several points in ways the interval does not cover, and differently in the next process; run the comparison in several processes with the multiproc package

== dirs natural n=16384 valuesBetween: ordered vs ordered-mk4
A: 2235 ns per operation (median)
B: 3236 ns per operation (median)
A needs 31.2% less time than B: B takes 1.45 times as long as A.
With 95% confidence the difference lies between 29.4% and 32.2% less time (B takes between 1.42 and 1.48 times as long as A).
Noise floor: 0.689%. Identical code measured against itself on this setup can look that different, so smaller differences mean nothing.
Neighbouring measurements are nearly independent (autocorrelation -0.25), so they were resampled one by one.

Verdict: RESOLVED. A is faster than B: the difference is real, as its interval excludes zero and it exceeds the noise floor.

Warnings:
  - the program holds 123 MB of live data, more than the caches of many machines; for data that size, where it lies in memory can shift the result by several points in ways the interval does not cover, and differently in the next process; run the comparison in several processes with the multiproc package

== dirs natural n=16384 churn and build: ordered vs btree-sets
steady state, per insertion or deletion in a structure of 52542 elements (cycle of 137396 operations, first pass untimed):
  A: 312.2 ns per operation (median)
  B: 377.1 ns per operation (median)
  A needs 17% less time than B: B takes 1.21 times as long as A.
  With 95% confidence the difference lies between 15.8% and 18.7% less time (B takes between 1.19 and 1.23 times as long as A).
  Noise floor: 0.939%. Identical code measured against itself on this setup can look that different, so smaller differences mean nothing.
  Neighbouring measurements are nearly independent (autocorrelation -0.03), so they were resampled one by one.
  
  Verdict: RESOLVED. A is faster than B: the difference is real, as its interval excludes zero and it exceeds the noise floor.
  
  Warnings:
    - the program holds 144 MB of live data, more than the caches of many machines; for data that size, where it lies in memory can shift the result by several points in ways the interval does not cover, and differently in the next process; run the comparison in several processes with the multiproc package

build from empty to 52542 elements, per whole build (188700 operations):
  A: 5.642e+07 ns per operation (median)
  B: 6.669e+07 ns per operation (median)
  A needs 15.6% less time than B: B takes 1.19 times as long as A.
  With 95% confidence the difference lies between 15% and 15.7% less time (B takes between 1.18 and 1.19 times as long as A).
  Noise floor: 0.172%. Identical code measured against itself on this setup can look that different, so smaller differences mean nothing.
  Neighbouring measurements are nearly independent (autocorrelation +0.18), so they were resampled one by one.
  
  Verdict: RESOLVED. A is faster than B: the difference is real, as its interval excludes zero and it exceeds the noise floor.
  
  Warnings:
    - the program holds 134 MB of live data, more than the caches of many machines; for data that size, where it lies in memory can shift the result by several points in ways the interval does not cover, and differently in the next process; run the comparison in several processes with the multiproc package
    - candidate B drifted during the run: its measurements were 0.45% higher in the second half than in the first, so the machine did not hold still
    - the ratio B/A was 0.941% higher in the second half of the run than in the first, so the candidates had not reached a steady state and the difference depends on how long the run was; a common cause is a head start for whichever candidate ran alone last before the comparison or had its data built last, which a longer CollectOptions.WarmupDuration removes

== dirs natural n=16384 churn and build: ordered vs baseline
steady state, per insertion or deletion in a structure of 52542 elements (cycle of 137396 operations, first pass untimed):
  A: 296.7 ns per operation (median)
  B: 256.9 ns per operation (median)
  A needs 14.1% more time than B: B takes only 0.88 times as long as A.
  With 95% confidence the difference lies between 12.1% and 15.9% more time (B takes between 0.863 and 0.89 times as long as A).
  Noise floor: 0.781%. Identical code measured against itself on this setup can look that different, so smaller differences mean nothing.
  Neighbouring measurements are correlated (autocorrelation +0.58), so they were resampled in blocks of 3.
  
  Verdict: RESOLVED. A is slower than B: the difference is real, as its interval excludes zero and it exceeds the noise floor.
  
  Warnings:
    - the program holds 142 MB of live data, more than the caches of many machines; for data that size, where it lies in memory can shift the result by several points in ways the interval does not cover, and differently in the next process; run the comparison in several processes with the multiproc package
    - candidate B drifted during the run: its measurements were 3.7% higher in the second half than in the first, so the machine did not hold still
    - the ratio B/A was 3.44% higher in the second half of the run than in the first, so the candidates had not reached a steady state and the difference depends on how long the run was; a common cause is a head start for whichever candidate ran alone last before the comparison or had its data built last, which a longer CollectOptions.WarmupDuration removes

build from empty to 52542 elements, per whole build (188700 operations):
  A: 5.617e+07 ns per operation (median)
  B: 4.422e+07 ns per operation (median)
  A needs 26.9% more time than B: B takes only 0.79 times as long as A.
  With 95% confidence the difference lies between 26.6% and 27.1% more time (B takes between 0.787 and 0.79 times as long as A).
  Noise floor: 0.193%. Identical code measured against itself on this setup can look that different, so smaller differences mean nothing.
  Neighbouring measurements are nearly independent (autocorrelation +0.10), so they were resampled one by one.
  
  Verdict: RESOLVED. A is slower than B: the difference is real, as its interval excludes zero and it exceeds the noise floor.
  
  Warnings:
    - the program holds 134 MB of live data, more than the caches of many machines; for data that size, where it lies in memory can shift the result by several points in ways the interval does not cover, and differently in the next process; run the comparison in several processes with the multiproc package

== dirs natural n=16384 churn and build: ordered vs ordered-mk1
steady state, per insertion or deletion in a structure of 52542 elements (cycle of 137396 operations, first pass untimed):
  A: 310.3 ns per operation (median)
  B: 286.6 ns per operation (median)
  A needs 5.93% more time than B: B takes only 0.94 times as long as A.
  With 95% confidence the difference lies between 1.51% and 7.64% more time (B takes between 0.929 and 0.99 times as long as A).
  Noise floor: 0.833%. Identical code measured against itself on this setup can look that different, so smaller differences mean nothing.
  Neighbouring measurements are correlated (autocorrelation +0.23), so they were resampled in blocks of 3.
  
  Verdict: RESOLVED. A is slower than B: the difference is real, as its interval excludes zero and it exceeds the noise floor.
  
  Warnings:
    - the program holds 134 MB of live data, more than the caches of many machines; for data that size, where it lies in memory can shift the result by several points in ways the interval does not cover, and differently in the next process; run the comparison in several processes with the multiproc package
    - candidate A drifted during the run: its measurements were 11.4% higher in the second half than in the first, so the machine did not hold still
    - candidate B drifted during the run: its measurements were 21.8% higher in the second half than in the first, so the machine did not hold still
    - the ratio B/A was 9.89% higher in the second half of the run than in the first, so the candidates had not reached a steady state and the difference depends on how long the run was; a common cause is a head start for whichever candidate ran alone last before the comparison or had its data built last, which a longer CollectOptions.WarmupDuration removes
    - in 50% of A/A runs this setup reported a difference between identical code, well above the 10% expected; treat any confidence from it with suspicion

build from empty to 52542 elements, per whole build (188700 operations):
  A: 5.638e+07 ns per operation (median)
  B: 4.8e+07 ns per operation (median)
  A needs 17.6% more time than B: B takes only 0.85 times as long as A.
  With 95% confidence the difference lies between 16.7% and 18.1% more time (B takes between 0.847 and 0.86 times as long as A).
  Noise floor: 0.267%. Identical code measured against itself on this setup can look that different, so smaller differences mean nothing.
  Neighbouring measurements are nearly independent (autocorrelation +0.07), so they were resampled one by one.
  
  Verdict: RESOLVED. A is slower than B: the difference is real, as its interval excludes zero and it exceeds the noise floor.
  
  Warnings:
    - the program holds 134 MB of live data, more than the caches of many machines; for data that size, where it lies in memory can shift the result by several points in ways the interval does not cover, and differently in the next process; run the comparison in several processes with the multiproc package
    - candidate B drifted during the run: its measurements were 0.788% higher in the second half than in the first, so the machine did not hold still

== dirs natural n=16384 churn and build: ordered vs ordered-mk2
steady state, per insertion or deletion in a structure of 52542 elements (cycle of 137396 operations, first pass untimed):
  A: 285.7 ns per operation (median)
  B: 311.2 ns per operation (median)
  A needs 8.66% less time than B: B takes 1.09 times as long as A.
  With 95% confidence the difference lies between 7.8% and 9.38% less time (B takes between 1.08 and 1.10 times as long as A).
  Noise floor: 0.752%. Identical code measured against itself on this setup can look that different, so smaller differences mean nothing.
  Neighbouring measurements are correlated (autocorrelation +0.47), so they were resampled in blocks of 3.
  
  Verdict: RESOLVED. A is faster than B: the difference is real, as its interval excludes zero and it exceeds the noise floor.
  
  Warnings:
    - the program holds 134 MB of live data, more than the caches of many machines; for data that size, where it lies in memory can shift the result by several points in ways the interval does not cover, and differently in the next process; run the comparison in several processes with the multiproc package

build from empty to 52542 elements, per whole build (188700 operations):
  A: 5.614e+07 ns per operation (median)
  B: 6.075e+07 ns per operation (median)
  A needs 7.69% less time than B: B takes 1.08 times as long as A.
  With 95% confidence the difference lies between 7.54% and 8.25% less time (B takes between 1.08 and 1.09 times as long as A).
  Noise floor: 0.152%. Identical code measured against itself on this setup can look that different, so smaller differences mean nothing.
  Neighbouring measurements are correlated (autocorrelation +0.25), so they were resampled in blocks of 3.
  
  Verdict: RESOLVED. A is faster than B: the difference is real, as its interval excludes zero and it exceeds the noise floor.
  
  Warnings:
    - the program holds 134 MB of live data, more than the caches of many machines; for data that size, where it lies in memory can shift the result by several points in ways the interval does not cover, and differently in the next process; run the comparison in several processes with the multiproc package
    - candidate A drifted during the run: its measurements were 1.21% higher in the second half than in the first, so the machine did not hold still
    - candidate B drifted during the run: its measurements were 6.73% higher in the second half than in the first, so the machine did not hold still

== dirs natural n=16384 churn and build: ordered vs ordered-mk4
steady state, per insertion or deletion in a structure of 52542 elements (cycle of 137396 operations, first pass untimed):
  A: 283.9 ns per operation (median)
  B: 304.4 ns per operation (median)
  A needs 7.16% less time than B: B takes 1.08 times as long as A.
  With 95% confidence the difference lies between 6.91% and 7.69% less time (B takes between 1.07 and 1.08 times as long as A).
  Noise floor: 0.375%. Identical code measured against itself on this setup can look that different, so smaller differences mean nothing.
  Neighbouring measurements are nearly independent (autocorrelation -0.07), so they were resampled one by one.
  
  Verdict: RESOLVED. A is faster than B: the difference is real, as its interval excludes zero and it exceeds the noise floor.
  
  Warnings:
    - the program holds 134 MB of live data, more than the caches of many machines; for data that size, where it lies in memory can shift the result by several points in ways the interval does not cover, and differently in the next process; run the comparison in several processes with the multiproc package
    - candidate A drifted during the run: its measurements were 2.25% higher in the second half than in the first, so the machine did not hold still
    - candidate B drifted during the run: its measurements were 1.72% higher in the second half than in the first, so the machine did not hold still

build from empty to 52542 elements, per whole build (188700 operations):
  A: 5.616e+07 ns per operation (median)
  B: 6.051e+07 ns per operation (median)
  A needs 7.62% less time than B: B takes 1.08 times as long as A.
  With 95% confidence the difference lies between 7.18% and 9.12% less time (B takes between 1.08 and 1.10 times as long as A).
  Noise floor: 0.21%. Identical code measured against itself on this setup can look that different, so smaller differences mean nothing.
  Neighbouring measurements are nearly independent (autocorrelation +0.06), so they were resampled one by one.
  
  Verdict: RESOLVED. A is faster than B: the difference is real, as its interval excludes zero and it exceeds the noise floor.
  
  Warnings:
    - the program holds 135 MB of live data, more than the caches of many machines; for data that size, where it lies in memory can shift the result by several points in ways the interval does not cover, and differently in the next process; run the comparison in several processes with the multiproc package
    - candidate B drifted during the run: its measurements were 3.39% higher in the second half than in the first, so the machine did not hold still

checksum 95405307258481
== dirs natural n=16384 valuesFor: ordered vs btree-sets
A: 177.9 ns per operation (median)
B: 281.1 ns per operation (median)
A needs 37.3% less time than B: B takes 1.59 times as long as A.
With 95% confidence the difference lies between 35.5% and 37.6% less time (B takes between 1.55 and 1.60 times as long as A).
Noise floor: 3.18%. Identical code measured against itself on this setup can look that different, so smaller differences mean nothing.
Neighbouring measurements are nearly independent (autocorrelation -0.22), so they were resampled one by one.

Verdict: RESOLVED. A is faster than B: the difference is real, as its interval excludes zero and it exceeds the noise floor.

Warnings:
  - the program holds 109 MB of live data, more than the caches of many machines; for data that size, where it lies in memory can shift the result by several points in ways the interval does not cover, and differently in the next process; run the comparison in several processes with the multiproc package

== dirs natural n=16384 valuesFor: ordered vs baseline
A: 173.7 ns per operation (median)
B: 151.2 ns per operation (median)
A needs 14.4% more time than B: B takes only 0.87 times as long as A.
With 95% confidence the difference lies between 14.1% and 15.4% more time (B takes between 0.866 and 0.88 times as long as A).
Noise floor: 0.843%. Identical code measured against itself on this setup can look that different, so smaller differences mean nothing.
Neighbouring measurements are correlated (autocorrelation +0.73), so they were resampled in blocks of 3.

Verdict: RESOLVED. A is slower than B: the difference is real, as its interval excludes zero and it exceeds the noise floor.

Warnings:
  - the program holds 109 MB of live data, more than the caches of many machines; for data that size, where it lies in memory can shift the result by several points in ways the interval does not cover, and differently in the next process; run the comparison in several processes with the multiproc package

== dirs natural n=16384 valuesFor: ordered vs ordered-mk1
A: 181.4 ns per operation (median)
B: 170.6 ns per operation (median)
A needs 5.41% more time than B: B takes only 0.95 times as long as A.
With 95% confidence the difference lies between 3.46% and 8.65% more time (B takes between 0.92 and 0.97 times as long as A).
Noise floor: 0.97%. Identical code measured against itself on this setup can look that different, so smaller differences mean nothing.
Neighbouring measurements are correlated (autocorrelation +0.59), so they were resampled in blocks of 3.

Verdict: RESOLVED. A is slower than B: the difference is real, as its interval excludes zero and it exceeds the noise floor.

Warnings:
  - the program holds 109 MB of live data, more than the caches of many machines; for data that size, where it lies in memory can shift the result by several points in ways the interval does not cover, and differently in the next process; run the comparison in several processes with the multiproc package

== dirs natural n=16384 valuesFor: ordered vs ordered-mk2
A: 174.8 ns per operation (median)
B: 166.6 ns per operation (median)
A needs 5.06% more time than B: B takes only 0.95 times as long as A.
With 95% confidence the difference lies between 3.6% and 6.31% more time (B takes between 0.941 and 0.97 times as long as A).
Noise floor: 1.14%. Identical code measured against itself on this setup can look that different, so smaller differences mean nothing.
Neighbouring measurements are nearly independent (autocorrelation -0.06), so they were resampled one by one.

Verdict: RESOLVED. A is slower than B: the difference is real, as its interval excludes zero and it exceeds the noise floor.

Warnings:
  - the program holds 109 MB of live data, more than the caches of many machines; for data that size, where it lies in memory can shift the result by several points in ways the interval does not cover, and differently in the next process; run the comparison in several processes with the multiproc package

== dirs natural n=16384 valuesFor: ordered vs ordered-mk4
A: 174.9 ns per operation (median)
B: 169.4 ns per operation (median)
A needs 3.79% more time than B: B takes only 0.96 times as long as A.
With 95% confidence the difference lies between 2.45% and 4.62% more time (B takes between 0.956 and 0.98 times as long as A).
Noise floor: 0.503%. Identical code measured against itself on this setup can look that different, so smaller differences mean nothing.
Neighbouring measurements are correlated (autocorrelation +0.68), so they were resampled in blocks of 3.

Verdict: RESOLVED. A is slower than B: the difference is real, as its interval excludes zero and it exceeds the noise floor.

Warnings:
  - the program holds 132 MB of live data, more than the caches of many machines; for data that size, where it lies in memory can shift the result by several points in ways the interval does not cover, and differently in the next process; run the comparison in several processes with the multiproc package
  - candidate A drifted during the run: its measurements were 1.2% lower in the second half than in the first, so the machine did not hold still
  - candidate B drifted during the run: its measurements were 1.2% lower in the second half than in the first, so the machine did not hold still

== dirs natural n=16384 valuesBetween: ordered vs btree-sets
A: 2304 ns per operation (median)
B: 7181 ns per operation (median)
A needs 68.5% less time than B: B takes 3.18 times as long as A.
With 95% confidence the difference lies between 68.1% and 69.1% less time (B takes between 3.14 and 3.23 times as long as A).
Noise floor: 0.909%. Identical code measured against itself on this setup can look that different, so smaller differences mean nothing.
Neighbouring measurements are correlated (autocorrelation +0.63), so they were resampled in blocks of 3.

Verdict: RESOLVED. A is faster than B: the difference is real, as its interval excludes zero and it exceeds the noise floor.

Warnings:
  - the program holds 132 MB of live data, more than the caches of many machines; for data that size, where it lies in memory can shift the result by several points in ways the interval does not cover, and differently in the next process; run the comparison in several processes with the multiproc package
  - candidate A drifted during the run: its measurements were 3.44% lower in the second half than in the first, so the machine did not hold still
  - candidate B drifted during the run: its measurements were 11.6% lower in the second half than in the first, so the machine did not hold still

== dirs natural n=16384 valuesBetween: ordered vs baseline
A: 2264 ns per operation (median)
B: 4100 ns per operation (median)
A needs 45.2% less time than B: B takes 1.83 times as long as A.
With 95% confidence the difference lies between 44.3% and 46% less time (B takes between 1.8 and 1.85 times as long as A).
Noise floor: 1.18%. Identical code measured against itself on this setup can look that different, so smaller differences mean nothing.
Neighbouring measurements are correlated (autocorrelation +0.20), so they were resampled in blocks of 3.

Verdict: RESOLVED. A is faster than B: the difference is real, as its interval excludes zero and it exceeds the noise floor.

Warnings:
  - the program holds 132 MB of live data, more than the caches of many machines; for data that size, where it lies in memory can shift the result by several points in ways the interval does not cover, and differently in the next process; run the comparison in several processes with the multiproc package
  - candidate A drifted during the run: its measurements were 2.9% higher in the second half than in the first, so the machine did not hold still
  - candidate B drifted during the run: its measurements were 4.29% higher in the second half than in the first, so the machine did not hold still

== dirs natural n=16384 valuesBetween: ordered vs ordered-mk1
A: 2261 ns per operation (median)
B: 5281 ns per operation (median)
A needs 56.9% less time than B: B takes 2.32 times as long as A.
With 95% confidence the difference lies between 56.7% and 58.2% less time (B takes between 2.31 and 2.39 times as long as A).
Noise floor: 0.367%. Identical code measured against itself on this setup can look that different, so smaller differences mean nothing.
Neighbouring measurements are correlated (autocorrelation +0.50), so they were resampled in blocks of 3.

Verdict: RESOLVED. A is faster than B: the difference is real, as its interval excludes zero and it exceeds the noise floor.

Warnings:
  - the program holds 132 MB of live data, more than the caches of many machines; for data that size, where it lies in memory can shift the result by several points in ways the interval does not cover, and differently in the next process; run the comparison in several processes with the multiproc package
  - candidate B drifted during the run: its measurements were 3.13% higher in the second half than in the first, so the machine did not hold still

== dirs natural n=16384 valuesBetween: ordered vs ordered-mk2
A: 2239 ns per operation (median)
B: 4225 ns per operation (median)
A needs 47.3% less time than B: B takes 1.90 times as long as A.
With 95% confidence the difference lies between 46.7% and 47.8% less time (B takes between 1.88 and 1.91 times as long as A).
Noise floor: 0.717%. Identical code measured against itself on this setup can look that different, so smaller differences mean nothing.
Neighbouring measurements are correlated (autocorrelation +0.43), so they were resampled in blocks of 3.

Verdict: RESOLVED. A is faster than B: the difference is real, as its interval excludes zero and it exceeds the noise floor.

Warnings:
  - the program holds 132 MB of live data, more than the caches of many machines; for data that size, where it lies in memory can shift the result by several points in ways the interval does not cover, and differently in the next process; run the comparison in several processes with the multiproc package
  - candidate B drifted during the run: its measurements were 2.33% lower in the second half than in the first, so the machine did not hold still

== dirs natural n=16384 valuesBetween: ordered vs ordered-mk4
A: 2244 ns per operation (median)
B: 3276 ns per operation (median)
A needs 31.1% less time than B: B takes 1.45 times as long as A.
With 95% confidence the difference lies between 30.9% and 32.7% less time (B takes between 1.45 and 1.49 times as long as A).
Noise floor: 0.566%. Identical code measured against itself on this setup can look that different, so smaller differences mean nothing.
Neighbouring measurements are correlated (autocorrelation +0.25), so they were resampled in blocks of 3.

Verdict: RESOLVED. A is faster than B: the difference is real, as its interval excludes zero and it exceeds the noise floor.

Warnings:
  - the program holds 132 MB of live data, more than the caches of many machines; for data that size, where it lies in memory can shift the result by several points in ways the interval does not cover, and differently in the next process; run the comparison in several processes with the multiproc package
  - candidate A drifted during the run: its measurements were 2.26% higher in the second half than in the first, so the machine did not hold still
  - candidate B drifted during the run: its measurements were 2.89% higher in the second half than in the first, so the machine did not hold still

== dirs natural n=16384 churn and build: ordered vs btree-sets
steady state, per insertion or deletion in a structure of 52542 elements (cycle of 137396 operations, first pass untimed):
  A: 330.8 ns per operation (median)
  B: 415.6 ns per operation (median)
  A needs 21.3% less time than B: B takes 1.27 times as long as A.
  With 95% confidence the difference lies between 20.6% and 22.2% less time (B takes between 1.26 and 1.28 times as long as A).
  Noise floor: 1.13%. Identical code measured against itself on this setup can look that different, so smaller differences mean nothing.
  Neighbouring measurements are correlated (autocorrelation +0.37), so they were resampled in blocks of 3.
  
  Verdict: RESOLVED. A is faster than B: the difference is real, as its interval excludes zero and it exceeds the noise floor.
  
  Warnings:
    - the program holds 144 MB of live data, more than the caches of many machines; for data that size, where it lies in memory can shift the result by several points in ways the interval does not cover, and differently in the next process; run the comparison in several processes with the multiproc package
    - candidate A drifted during the run: its measurements were 3.18% lower in the second half than in the first, so the machine did not hold still
    - candidate B drifted during the run: its measurements were 9.69% lower in the second half than in the first, so the machine did not hold still
    - the ratio B/A was 3.69% lower in the second half of the run than in the first, so the candidates had not reached a steady state and the difference depends on how long the run was; a common cause is a head start for whichever candidate ran alone last before the comparison or had its data built last, which a longer CollectOptions.WarmupDuration removes

build from empty to 52542 elements, per whole build (188700 operations):
  A: 5.581e+07 ns per operation (median)
  B: 6.722e+07 ns per operation (median)
  A needs 17% less time than B: B takes 1.20 times as long as A.
  With 95% confidence the difference lies between 16.8% and 17.2% less time (B takes between 1.2 and 1.21 times as long as A).
  Noise floor: 0.44%. Identical code measured against itself on this setup can look that different, so smaller differences mean nothing.
  Neighbouring measurements are nearly independent (autocorrelation +0.12), so they were resampled one by one.
  
  Verdict: RESOLVED. A is faster than B: the difference is real, as its interval excludes zero and it exceeds the noise floor.
  
  Warnings:
    - the program holds 135 MB of live data, more than the caches of many machines; for data that size, where it lies in memory can shift the result by several points in ways the interval does not cover, and differently in the next process; run the comparison in several processes with the multiproc package

== dirs natural n=16384 churn and build: ordered vs baseline
steady state, per insertion or deletion in a structure of 52542 elements (cycle of 137396 operations, first pass untimed):
  A: 292.2 ns per operation (median)
  B: 251.7 ns per operation (median)
  A needs 16.2% more time than B: B takes only 0.86 times as long as A.
  With 95% confidence the difference lies between 15.7% and 17.2% more time (B takes between 0.853 and 0.86 times as long as A).
  Noise floor: 1.26%. Identical code measured against itself on this setup can look that different, so smaller differences mean nothing.
  Neighbouring measurements are nearly independent (autocorrelation +0.18), so they were resampled one by one.
  
  Verdict: RESOLVED. A is slower than B: the difference is real, as its interval excludes zero and it exceeds the noise floor.
  
  Warnings:
    - the program holds 135 MB of live data, more than the caches of many machines; for data that size, where it lies in memory can shift the result by several points in ways the interval does not cover, and differently in the next process; run the comparison in several processes with the multiproc package
    - in 100% of A/A runs this setup reported a difference between identical code, well above the 10% expected; treat any confidence from it with suspicion

build from empty to 52542 elements, per whole build (188700 operations):
  A: 5.578e+07 ns per operation (median)
  B: 4.479e+07 ns per operation (median)
  A needs 24.3% more time than B: B takes only 0.80 times as long as A.
  With 95% confidence the difference lies between 23.7% and 24.5% more time (B takes between 0.803 and 0.81 times as long as A).
  Noise floor: 0.33%. Identical code measured against itself on this setup can look that different, so smaller differences mean nothing.
  Neighbouring measurements are correlated (autocorrelation +0.34), so they were resampled in blocks of 3.
  
  Verdict: RESOLVED. A is slower than B: the difference is real, as its interval excludes zero and it exceeds the noise floor.
  
  Warnings:
    - the program holds 135 MB of live data, more than the caches of many machines; for data that size, where it lies in memory can shift the result by several points in ways the interval does not cover, and differently in the next process; run the comparison in several processes with the multiproc package

== dirs natural n=16384 churn and build: ordered vs ordered-mk1
steady state, per insertion or deletion in a structure of 52542 elements (cycle of 137396 operations, first pass untimed):
  A: 322.3 ns per operation (median)
  B: 308.8 ns per operation (median)
  A needs 4.76% more time than B: B takes only 0.95 times as long as A.
  With 95% confidence the difference lies between 2.33% and 6.86% more time (B takes between 0.936 and 0.98 times as long as A).
  Noise floor: 0.407%. Identical code measured against itself on this setup can look that different, so smaller differences mean nothing.
  Neighbouring measurements are nearly independent (autocorrelation +0.10), so they were resampled one by one.
  
  Verdict: RESOLVED. A is slower than B: the difference is real, as its interval excludes zero and it exceeds the noise floor.
  
  Warnings:
    - the program holds 135 MB of live data, more than the caches of many machines; for data that size, where it lies in memory can shift the result by several points in ways the interval does not cover, and differently in the next process; run the comparison in several processes with the multiproc package

build from empty to 52542 elements, per whole build (188700 operations):
  A: 5.742e+07 ns per operation (median)
  B: 5.102e+07 ns per operation (median)
  A needs 12.9% more time than B: B takes only 0.89 times as long as A.
  With 95% confidence the difference lies between 4.08% and 20.2% more time (B takes between 0.832 and 0.96 times as long as A).
  Noise floor: 0.374%. Identical code measured against itself on this setup can look that different, so smaller differences mean nothing.
  Neighbouring measurements are correlated (autocorrelation +0.25), so they were resampled in blocks of 3.
  
  Verdict: RESOLVED. A is slower than B: the difference is real, as its interval excludes zero and it exceeds the noise floor.
  
  Warnings:
    - the program holds 135 MB of live data, more than the caches of many machines; for data that size, where it lies in memory can shift the result by several points in ways the interval does not cover, and differently in the next process; run the comparison in several processes with the multiproc package

== dirs natural n=16384 churn and build: ordered vs ordered-mk2
steady state, per insertion or deletion in a structure of 52542 elements (cycle of 137396 operations, first pass untimed):
  A: 287.7 ns per operation (median)
  B: 315.9 ns per operation (median)
  A needs 8.5% less time than B: B takes 1.09 times as long as A.
  With 95% confidence the difference lies between 7.72% and 9.35% less time (B takes between 1.08 and 1.10 times as long as A).
  Noise floor: 0.518%. Identical code measured against itself on this setup can look that different, so smaller differences mean nothing.
  Neighbouring measurements are nearly independent (autocorrelation -0.03), so they were resampled one by one.
  
  Verdict: RESOLVED. A is faster than B: the difference is real, as its interval excludes zero and it exceeds the noise floor.
  
  Warnings:
    - the program holds 135 MB of live data, more than the caches of many machines; for data that size, where it lies in memory can shift the result by several points in ways the interval does not cover, and differently in the next process; run the comparison in several processes with the multiproc package
    - candidate B drifted during the run: its measurements were 1.51% lower in the second half than in the first, so the machine did not hold still

build from empty to 52542 elements, per whole build (188700 operations):
  A: 5.592e+07 ns per operation (median)
  B: 6.06e+07 ns per operation (median)
  A needs 7.99% less time than B: B takes 1.09 times as long as A.
  With 95% confidence the difference lies between 7.66% and 8.16% less time (B takes between 1.08 and 1.09 times as long as A).
  Noise floor: 0.285%. Identical code measured against itself on this setup can look that different, so smaller differences mean nothing.
  Neighbouring measurements are nearly independent (autocorrelation +0.19), so they were resampled one by one.
  
  Verdict: RESOLVED. A is faster than B: the difference is real, as its interval excludes zero and it exceeds the noise floor.
  
  Warnings:
    - the program holds 135 MB of live data, more than the caches of many machines; for data that size, where it lies in memory can shift the result by several points in ways the interval does not cover, and differently in the next process; run the comparison in several processes with the multiproc package
    - in 50% of A/A runs this setup reported a difference between identical code, well above the 10% expected; treat any confidence from it with suspicion

== dirs natural n=16384 churn and build: ordered vs ordered-mk4
steady state, per insertion or deletion in a structure of 52542 elements (cycle of 137396 operations, first pass untimed):
  A: 283.7 ns per operation (median)
  B: 303.3 ns per operation (median)
  A needs 6.15% less time than B: B takes 1.07 times as long as A.
  With 95% confidence the difference lies between 5.66% and 7.39% less time (B takes between 1.06 and 1.08 times as long as A).
  Noise floor: 0.638%. Identical code measured against itself on this setup can look that different, so smaller differences mean nothing.
  Neighbouring measurements are correlated (autocorrelation +0.57), so they were resampled in blocks of 3.
  
  Verdict: RESOLVED. A is faster than B: the difference is real, as its interval excludes zero and it exceeds the noise floor.
  
  Warnings:
    - the program holds 135 MB of live data, more than the caches of many machines; for data that size, where it lies in memory can shift the result by several points in ways the interval does not cover, and differently in the next process; run the comparison in several processes with the multiproc package

build from empty to 52542 elements, per whole build (188700 operations):
  A: 5.585e+07 ns per operation (median)
  B: 6.016e+07 ns per operation (median)
  A needs 7.18% less time than B: B takes 1.08 times as long as A.
  With 95% confidence the difference lies between 7.07% and 7.69% less time (B takes between 1.08 and 1.08 times as long as A).
  Noise floor: 0.706%. Identical code measured against itself on this setup can look that different, so smaller differences mean nothing.
  Neighbouring measurements are nearly independent (autocorrelation +0.07), so they were resampled one by one.
  
  Verdict: RESOLVED. A is faster than B: the difference is real, as its interval excludes zero and it exceeds the noise floor.
  
  Warnings:
    - the program holds 135 MB of live data, more than the caches of many machines; for data that size, where it lies in memory can shift the result by several points in ways the interval does not cover, and differently in the next process; run the comparison in several processes with the multiproc package

checksum 93073556574388
== dirs natural n=16384 valuesFor: ordered vs btree-sets
A: 176.1 ns per operation (median)
B: 270.9 ns per operation (median)
A needs 34.6% less time than B: B takes 1.53 times as long as A.
With 95% confidence the difference lies between 33.9% and 36.3% less time (B takes between 1.51 and 1.57 times as long as A).
Noise floor: 1.64%. Identical code measured against itself on this setup can look that different, so smaller differences mean nothing.
Neighbouring measurements are correlated (autocorrelation +0.69), so they were resampled in blocks of 3.

Verdict: RESOLVED. A is faster than B: the difference is real, as its interval excludes zero and it exceeds the noise floor.

Warnings:
  - the program holds 105 MB of live data, more than the caches of many machines; for data that size, where it lies in memory can shift the result by several points in ways the interval does not cover, and differently in the next process; run the comparison in several processes with the multiproc package

== dirs natural n=16384 valuesFor: ordered vs baseline
A: 174.3 ns per operation (median)
B: 150.9 ns per operation (median)
A needs 15.8% more time than B: B takes only 0.86 times as long as A.
With 95% confidence the difference lies between 14.2% and 16.8% more time (B takes between 0.856 and 0.88 times as long as A).
Noise floor: 0.682%. Identical code measured against itself on this setup can look that different, so smaller differences mean nothing.
Neighbouring measurements are nearly independent (autocorrelation +0.16), so they were resampled one by one.

Verdict: RESOLVED. A is slower than B: the difference is real, as its interval excludes zero and it exceeds the noise floor.

Warnings:
  - the program holds 105 MB of live data, more than the caches of many machines; for data that size, where it lies in memory can shift the result by several points in ways the interval does not cover, and differently in the next process; run the comparison in several processes with the multiproc package
  - in 50% of A/A runs this setup reported a difference between identical code, well above the 10% expected; treat any confidence from it with suspicion

== dirs natural n=16384 valuesFor: ordered vs ordered-mk1
A: 174.4 ns per operation (median)
B: 158.2 ns per operation (median)
A needs 10.4% more time than B: B takes only 0.91 times as long as A.
With 95% confidence the difference lies between 8.79% and 11.6% more time (B takes between 0.896 and 0.92 times as long as A).
Noise floor: 0.874%. Identical code measured against itself on this setup can look that different, so smaller differences mean nothing.
Neighbouring measurements are nearly independent (autocorrelation -0.31), so they were resampled one by one.

Verdict: RESOLVED. A is slower than B: the difference is real, as its interval excludes zero and it exceeds the noise floor.

Warnings:
  - the program holds 105 MB of live data, more than the caches of many machines; for data that size, where it lies in memory can shift the result by several points in ways the interval does not cover, and differently in the next process; run the comparison in several processes with the multiproc package

== dirs natural n=16384 valuesFor: ordered vs ordered-mk2
A: 173.9 ns per operation (median)
B: 167 ns per operation (median)
A needs 4.29% more time than B: B takes only 0.96 times as long as A.
With 95% confidence the difference lies between 3.2% and 5.97% more time (B takes between 0.944 and 0.97 times as long as A).
Noise floor: 1.32%. Identical code measured against itself on this setup can look that different, so smaller differences mean nothing.
Neighbouring measurements are nearly independent (autocorrelation -0.03), so they were resampled one by one.

Verdict: RESOLVED. A is slower than B: the difference is real, as its interval excludes zero and it exceeds the noise floor.

Warnings:
  - the program holds 133 MB of live data, more than the caches of many machines; for data that size, where it lies in memory can shift the result by several points in ways the interval does not cover, and differently in the next process; run the comparison in several processes with the multiproc package
  - in 50% of A/A runs this setup reported a difference between identical code, well above the 10% expected; treat any confidence from it with suspicion

== dirs natural n=16384 valuesFor: ordered vs ordered-mk4
A: 173.1 ns per operation (median)
B: 167.7 ns per operation (median)
A needs 2.84% more time than B: B takes only 0.97 times as long as A.
With 95% confidence the difference lies between 2.28% and 3.73% more time (B takes between 0.964 and 0.98 times as long as A).
Noise floor: 0.265%. Identical code measured against itself on this setup can look that different, so smaller differences mean nothing.
Neighbouring measurements are nearly independent (autocorrelation -0.22), so they were resampled one by one.

Verdict: RESOLVED. A is slower than B: the difference is real, as its interval excludes zero and it exceeds the noise floor.

Warnings:
  - the program holds 133 MB of live data, more than the caches of many machines; for data that size, where it lies in memory can shift the result by several points in ways the interval does not cover, and differently in the next process; run the comparison in several processes with the multiproc package

== dirs natural n=16384 valuesBetween: ordered vs btree-sets
A: 2237 ns per operation (median)
B: 6848 ns per operation (median)
A needs 67.2% less time than B: B takes 3.05 times as long as A.
With 95% confidence the difference lies between 66.9% and 67.7% less time (B takes between 3.02 and 3.10 times as long as A).
Noise floor: 0.57%. Identical code measured against itself on this setup can look that different, so smaller differences mean nothing.
Neighbouring measurements are nearly independent (autocorrelation +0.16), so they were resampled one by one.

Verdict: RESOLVED. A is faster than B: the difference is real, as its interval excludes zero and it exceeds the noise floor.

Warnings:
  - the program holds 133 MB of live data, more than the caches of many machines; for data that size, where it lies in memory can shift the result by several points in ways the interval does not cover, and differently in the next process; run the comparison in several processes with the multiproc package

== dirs natural n=16384 valuesBetween: ordered vs baseline
A: 2233 ns per operation (median)
B: 4077 ns per operation (median)
A needs 45.1% less time than B: B takes 1.82 times as long as A.
With 95% confidence the difference lies between 44.4% and 46.5% less time (B takes between 1.8 and 1.87 times as long as A).
Noise floor: 1.26%. Identical code measured against itself on this setup can look that different, so smaller differences mean nothing.
Neighbouring measurements are nearly independent (autocorrelation -0.21), so they were resampled one by one.

Verdict: RESOLVED. A is faster than B: the difference is real, as its interval excludes zero and it exceeds the noise floor.

Warnings:
  - the program holds 133 MB of live data, more than the caches of many machines; for data that size, where it lies in memory can shift the result by several points in ways the interval does not cover, and differently in the next process; run the comparison in several processes with the multiproc package

== dirs natural n=16384 valuesBetween: ordered vs ordered-mk1
A: 2196 ns per operation (median)
B: 5182 ns per operation (median)
A needs 57.7% less time than B: B takes 2.37 times as long as A.
With 95% confidence the difference lies between 57% and 58.1% less time (B takes between 2.33 and 2.39 times as long as A).
Noise floor: 0.518%. Identical code measured against itself on this setup can look that different, so smaller differences mean nothing.
Neighbouring measurements are nearly independent (autocorrelation -0.30), so they were resampled one by one.

Verdict: RESOLVED. A is faster than B: the difference is real, as its interval excludes zero and it exceeds the noise floor.

Warnings:
  - the program holds 133 MB of live data, more than the caches of many machines; for data that size, where it lies in memory can shift the result by several points in ways the interval does not cover, and differently in the next process; run the comparison in several processes with the multiproc package

== dirs natural n=16384 valuesBetween: ordered vs ordered-mk2
A: 2216 ns per operation (median)
B: 4211 ns per operation (median)
A needs 47.3% less time than B: B takes 1.90 times as long as A.
With 95% confidence the difference lies between 46.3% and 48.9% less time (B takes between 1.86 and 1.96 times as long as A).
Noise floor: 0.54%. Identical code measured against itself on this setup can look that different, so smaller differences mean nothing.
Neighbouring measurements are nearly independent (autocorrelation -0.28), so they were resampled one by one.

Verdict: RESOLVED. A is faster than B: the difference is real, as its interval excludes zero and it exceeds the noise floor.

Warnings:
  - the program holds 133 MB of live data, more than the caches of many machines; for data that size, where it lies in memory can shift the result by several points in ways the interval does not cover, and differently in the next process; run the comparison in several processes with the multiproc package

== dirs natural n=16384 valuesBetween: ordered vs ordered-mk4
A: 2183 ns per operation (median)
B: 3233 ns per operation (median)
A needs 32% less time than B: B takes 1.47 times as long as A.
With 95% confidence the difference lies between 30.6% and 33.5% less time (B takes between 1.44 and 1.50 times as long as A).
Noise floor: 1.4%. Identical code measured against itself on this setup can look that different, so smaller differences mean nothing.
Neighbouring measurements are nearly independent (autocorrelation -0.36), so they were resampled one by one.

Verdict: RESOLVED. A is faster than B: the difference is real, as its interval excludes zero and it exceeds the noise floor.

Warnings:
  - the program holds 133 MB of live data, more than the caches of many machines; for data that size, where it lies in memory can shift the result by several points in ways the interval does not cover, and differently in the next process; run the comparison in several processes with the multiproc package

== dirs natural n=16384 churn and build: ordered vs btree-sets
steady state, per insertion or deletion in a structure of 52542 elements (cycle of 137396 operations, first pass untimed):
  A: 306.4 ns per operation (median)
  B: 376.1 ns per operation (median)
  A needs 18.7% less time than B: B takes 1.23 times as long as A.
  With 95% confidence the difference lies between 16.9% and 20.2% less time (B takes between 1.2 and 1.25 times as long as A).
  Noise floor: 0.37%. Identical code measured against itself on this setup can look that different, so smaller differences mean nothing.
  Neighbouring measurements are nearly independent (autocorrelation -0.03), so they were resampled one by one.
  
  Verdict: RESOLVED. A is faster than B: the difference is real, as its interval excludes zero and it exceeds the noise floor.
  
  Warnings:
    - the program holds 144 MB of live data, more than the caches of many machines; for data that size, where it lies in memory can shift the result by several points in ways the interval does not cover, and differently in the next process; run the comparison in several processes with the multiproc package

build from empty to 52542 elements, per whole build (188700 operations):
  A: 5.626e+07 ns per operation (median)
  B: 6.705e+07 ns per operation (median)
  A needs 16.1% less time than B: B takes 1.19 times as long as A.
  With 95% confidence the difference lies between 15.9% and 16.2% less time (B takes between 1.19 and 1.19 times as long as A).
  Noise floor: 0.245%. Identical code measured against itself on this setup can look that different, so smaller differences mean nothing.
  Neighbouring measurements are nearly independent (autocorrelation +0.16), so they were resampled one by one.
  
  Verdict: RESOLVED. A is faster than B: the difference is real, as its interval excludes zero and it exceeds the noise floor.
  
  Warnings:
    - the program holds 134 MB of live data, more than the caches of many machines; for data that size, where it lies in memory can shift the result by several points in ways the interval does not cover, and differently in the next process; run the comparison in several processes with the multiproc package
    - in 100% of A/A runs this setup reported a difference between identical code, well above the 10% expected; treat any confidence from it with suspicion

== dirs natural n=16384 churn and build: ordered vs baseline
steady state, per insertion or deletion in a structure of 52542 elements (cycle of 137396 operations, first pass untimed):
  A: 292.7 ns per operation (median)
  B: 252 ns per operation (median)
  A needs 16.9% more time than B: B takes only 0.86 times as long as A.
  With 95% confidence the difference lies between 15.2% and 17.2% more time (B takes between 0.853 and 0.87 times as long as A).
  Noise floor: 0.892%. Identical code measured against itself on this setup can look that different, so smaller differences mean nothing.
  Neighbouring measurements are correlated (autocorrelation +0.53), so they were resampled in blocks of 3.
  
  Verdict: RESOLVED. A is slower than B: the difference is real, as its interval excludes zero and it exceeds the noise floor.
  
  Warnings:
    - the program holds 134 MB of live data, more than the caches of many machines; for data that size, where it lies in memory can shift the result by several points in ways the interval does not cover, and differently in the next process; run the comparison in several processes with the multiproc package
    - candidate B drifted during the run: its measurements were 2.54% higher in the second half than in the first, so the machine did not hold still

build from empty to 52542 elements, per whole build (188700 operations):
  A: 5.591e+07 ns per operation (median)
  B: 4.441e+07 ns per operation (median)
  A needs 25.8% more time than B: B takes only 0.79 times as long as A.
  With 95% confidence the difference lies between 25.2% and 26.4% more time (B takes between 0.791 and 0.80 times as long as A).
  Noise floor: 0.15%. Identical code measured against itself on this setup can look that different, so smaller differences mean nothing.
  Neighbouring measurements are nearly independent (autocorrelation +0.16), so they were resampled one by one.
  
  Verdict: RESOLVED. A is slower than B: the difference is real, as its interval excludes zero and it exceeds the noise floor.
  
  Warnings:
    - the program holds 134 MB of live data, more than the caches of many machines; for data that size, where it lies in memory can shift the result by several points in ways the interval does not cover, and differently in the next process; run the comparison in several processes with the multiproc package

== dirs natural n=16384 churn and build: ordered vs ordered-mk1
steady state, per insertion or deletion in a structure of 52542 elements (cycle of 137396 operations, first pass untimed):
  A: 286 ns per operation (median)
  B: 259.9 ns per operation (median)
  A needs 9.93% more time than B: B takes only 0.91 times as long as A.
  With 95% confidence the difference lies between 9.17% and 10.3% more time (B takes between 0.907 and 0.92 times as long as A).
  Noise floor: 0.263%. Identical code measured against itself on this setup can look that different, so smaller differences mean nothing.
  Neighbouring measurements are nearly independent (autocorrelation +0.20), so they were resampled one by one.
  
  Verdict: RESOLVED. A is slower than B: the difference is real, as its interval excludes zero and it exceeds the noise floor.
  
  Warnings:
    - the program holds 134 MB of live data, more than the caches of many machines; for data that size, where it lies in memory can shift the result by several points in ways the interval does not cover, and differently in the next process; run the comparison in several processes with the multiproc package
    - candidate A drifted during the run: its measurements were 1.97% lower in the second half than in the first, so the machine did not hold still
    - candidate B drifted during the run: its measurements were 1.45% lower in the second half than in the first, so the machine did not hold still

build from empty to 52542 elements, per whole build (188700 operations):
  A: 5.584e+07 ns per operation (median)
  B: 4.787e+07 ns per operation (median)
  A needs 16.8% more time than B: B takes only 0.86 times as long as A.
  With 95% confidence the difference lies between 16.1% and 17.2% more time (B takes between 0.853 and 0.86 times as long as A).
  Noise floor: 0.291%. Identical code measured against itself on this setup can look that different, so smaller differences mean nothing.
  Neighbouring measurements are nearly independent (autocorrelation +0.10), so they were resampled one by one.
  
  Verdict: RESOLVED. A is slower than B: the difference is real, as its interval excludes zero and it exceeds the noise floor.
  
  Warnings:
    - the program holds 134 MB of live data, more than the caches of many machines; for data that size, where it lies in memory can shift the result by several points in ways the interval does not cover, and differently in the next process; run the comparison in several processes with the multiproc package

== dirs natural n=16384 churn and build: ordered vs ordered-mk2
steady state, per insertion or deletion in a structure of 52542 elements (cycle of 137396 operations, first pass untimed):
  A: 286.1 ns per operation (median)
  B: 310 ns per operation (median)
  A needs 8.7% less time than B: B takes 1.10 times as long as A.
  With 95% confidence the difference lies between 7.99% and 9.01% less time (B takes between 1.09 and 1.10 times as long as A).
  Noise floor: 0.814%. Identical code measured against itself on this setup can look that different, so smaller differences mean nothing.
  Neighbouring measurements are nearly independent (autocorrelation +0.19), so they were resampled one by one.
  
  Verdict: RESOLVED. A is faster than B: the difference is real, as its interval excludes zero and it exceeds the noise floor.
  
  Warnings:
    - the program holds 134 MB of live data, more than the caches of many machines; for data that size, where it lies in memory can shift the result by several points in ways the interval does not cover, and differently in the next process; run the comparison in several processes with the multiproc package
    - candidate A drifted during the run: its measurements were 1.84% lower in the second half than in the first, so the machine did not hold still
    - the ratio B/A was 1.53% higher in the second half of the run than in the first, so the candidates had not reached a steady state and the difference depends on how long the run was; a common cause is a head start for whichever candidate ran alone last before the comparison or had its data built last, which a longer CollectOptions.WarmupDuration removes

build from empty to 52542 elements, per whole build (188700 operations):
  A: 5.6e+07 ns per operation (median)
  B: 6.042e+07 ns per operation (median)
  A needs 7.47% less time than B: B takes 1.08 times as long as A.
  With 95% confidence the difference lies between 6.83% and 7.81% less time (B takes between 1.07 and 1.08 times as long as A).
  Noise floor: 0.314%. Identical code measured against itself on this setup can look that different, so smaller differences mean nothing.
  Neighbouring measurements are nearly independent (autocorrelation +0.05), so they were resampled one by one.
  
  Verdict: RESOLVED. A is faster than B: the difference is real, as its interval excludes zero and it exceeds the noise floor.
  
  Warnings:
    - the program holds 134 MB of live data, more than the caches of many machines; for data that size, where it lies in memory can shift the result by several points in ways the interval does not cover, and differently in the next process; run the comparison in several processes with the multiproc package
    - candidate A drifted during the run: its measurements were 1.58% lower in the second half than in the first, so the machine did not hold still

== dirs natural n=16384 churn and build: ordered vs ordered-mk4
steady state, per insertion or deletion in a structure of 52542 elements (cycle of 137396 operations, first pass untimed):
  A: 314.4 ns per operation (median)
  B: 335.2 ns per operation (median)
  A needs 7.88% less time than B: B takes 1.09 times as long as A.
  With 95% confidence the difference lies between 5.77% and 10.1% less time (B takes between 1.06 and 1.11 times as long as A).
  Noise floor: 0.795%. Identical code measured against itself on this setup can look that different, so smaller differences mean nothing.
  Neighbouring measurements are nearly independent (autocorrelation +0.02), so they were resampled one by one.
  
  Verdict: RESOLVED. A is faster than B: the difference is real, as its interval excludes zero and it exceeds the noise floor.
  
  Warnings:
    - the program holds 134 MB of live data, more than the caches of many machines; for data that size, where it lies in memory can shift the result by several points in ways the interval does not cover, and differently in the next process; run the comparison in several processes with the multiproc package
    - in 50% of A/A runs this setup reported a difference between identical code, well above the 10% expected; treat any confidence from it with suspicion

build from empty to 52542 elements, per whole build (188700 operations):
  A: 5.588e+07 ns per operation (median)
  B: 6.011e+07 ns per operation (median)
  A needs 7.12% less time than B: B takes 1.08 times as long as A.
  With 95% confidence the difference lies between 6.75% and 7.45% less time (B takes between 1.07 and 1.08 times as long as A).
  Noise floor: 0.235%. Identical code measured against itself on this setup can look that different, so smaller differences mean nothing.
  Neighbouring measurements are nearly independent (autocorrelation +0.18), so they were resampled one by one.
  
  Verdict: RESOLVED. A is faster than B: the difference is real, as its interval excludes zero and it exceeds the noise floor.
  
  Warnings:
    - the program holds 134 MB of live data, more than the caches of many machines; for data that size, where it lies in memory can shift the result by several points in ways the interval does not cover, and differently in the next process; run the comparison in several processes with the multiproc package

checksum 95951893404915
== dirs natural n=16384 valuesFor: ordered vs btree-sets
A: 178.4 ns per operation (median)
B: 274.2 ns per operation (median)
A needs 35.1% less time than B: B takes 1.54 times as long as A.
With 95% confidence the difference lies between 33.6% and 36.3% less time (B takes between 1.51 and 1.57 times as long as A).
Noise floor: 1.65%. Identical code measured against itself on this setup can look that different, so smaller differences mean nothing.
Neighbouring measurements are nearly independent (autocorrelation -0.26), so they were resampled one by one.

Verdict: RESOLVED. A is faster than B: the difference is real, as its interval excludes zero and it exceeds the noise floor.

Warnings:
  - the program holds 109 MB of live data, more than the caches of many machines; for data that size, where it lies in memory can shift the result by several points in ways the interval does not cover, and differently in the next process; run the comparison in several processes with the multiproc package

== dirs natural n=16384 valuesFor: ordered vs baseline
A: 184.6 ns per operation (median)
B: 164.3 ns per operation (median)
A needs 13.3% more time than B: B takes only 0.88 times as long as A.
With 95% confidence the difference lies between 10.3% and 14.2% more time (B takes between 0.876 and 0.91 times as long as A).
Noise floor: 0.563%. Identical code measured against itself on this setup can look that different, so smaller differences mean nothing.
Neighbouring measurements are nearly independent (autocorrelation -0.04), so they were resampled one by one.

Verdict: RESOLVED. A is slower than B: the difference is real, as its interval excludes zero and it exceeds the noise floor.

Warnings:
  - the program holds 109 MB of live data, more than the caches of many machines; for data that size, where it lies in memory can shift the result by several points in ways the interval does not cover, and differently in the next process; run the comparison in several processes with the multiproc package

== dirs natural n=16384 valuesFor: ordered vs ordered-mk1
A: 174.2 ns per operation (median)
B: 158.2 ns per operation (median)
A needs 10.8% more time than B: B takes only 0.90 times as long as A.
With 95% confidence the difference lies between 9.03% and 12.5% more time (B takes between 0.889 and 0.92 times as long as A).
Noise floor: 0.841%. Identical code measured against itself on this setup can look that different, so smaller differences mean nothing.
Neighbouring measurements are nearly independent (autocorrelation -0.11), so they were resampled one by one.

Verdict: RESOLVED. A is slower than B: the difference is real, as its interval excludes zero and it exceeds the noise floor.

Warnings:
  - the program holds 133 MB of live data, more than the caches of many machines; for data that size, where it lies in memory can shift the result by several points in ways the interval does not cover, and differently in the next process; run the comparison in several processes with the multiproc package

== dirs natural n=16384 valuesFor: ordered vs ordered-mk2
A: 175.1 ns per operation (median)
B: 166.4 ns per operation (median)
A needs 5.41% more time than B: B takes only 0.95 times as long as A.
With 95% confidence the difference lies between 4.34% and 5.88% more time (B takes between 0.944 and 0.96 times as long as A).
Noise floor: 0.932%. Identical code measured against itself on this setup can look that different, so smaller differences mean nothing.
Neighbouring measurements are nearly independent (autocorrelation -0.18), so they were resampled one by one.

Verdict: RESOLVED. A is slower than B: the difference is real, as its interval excludes zero and it exceeds the noise floor.

Warnings:
  - the program holds 133 MB of live data, more than the caches of many machines; for data that size, where it lies in memory can shift the result by several points in ways the interval does not cover, and differently in the next process; run the comparison in several processes with the multiproc package
  - 6.2% of bootstrap replicates tied, so the measurement is coarse relative to the question; lower CollectOptions.MaxQuantizationError to lengthen the batches

== dirs natural n=16384 valuesFor: ordered vs ordered-mk4
A: 174.5 ns per operation (median)
B: 168.1 ns per operation (median)
A needs 3.73% more time than B: B takes only 0.96 times as long as A.
With 95% confidence the difference lies between 2.42% and 4.73% more time (B takes between 0.955 and 0.98 times as long as A).
Noise floor: 0.466%. Identical code measured against itself on this setup can look that different, so smaller differences mean nothing.
Neighbouring measurements are nearly independent (autocorrelation -0.21), so they were resampled one by one.

Verdict: RESOLVED. A is slower than B: the difference is real, as its interval excludes zero and it exceeds the noise floor.

Warnings:
  - the program holds 133 MB of live data, more than the caches of many machines; for data that size, where it lies in memory can shift the result by several points in ways the interval does not cover, and differently in the next process; run the comparison in several processes with the multiproc package

== dirs natural n=16384 valuesBetween: ordered vs btree-sets
A: 2241 ns per operation (median)
B: 6886 ns per operation (median)
A needs 67.2% less time than B: B takes 3.05 times as long as A.
With 95% confidence the difference lies between 66.4% and 68.1% less time (B takes between 2.98 and 3.14 times as long as A).
Noise floor: 2.2%. Identical code measured against itself on this setup can look that different, so smaller differences mean nothing.
Neighbouring measurements are nearly independent (autocorrelation +0.05), so they were resampled one by one.

Verdict: RESOLVED. A is faster than B: the difference is real, as its interval excludes zero and it exceeds the noise floor.

Warnings:
  - the program holds 133 MB of live data, more than the caches of many machines; for data that size, where it lies in memory can shift the result by several points in ways the interval does not cover, and differently in the next process; run the comparison in several processes with the multiproc package

== dirs natural n=16384 valuesBetween: ordered vs baseline
A: 2233 ns per operation (median)
B: 4067 ns per operation (median)
A needs 45.5% less time than B: B takes 1.84 times as long as A.
With 95% confidence the difference lies between 44.2% and 46.9% less time (B takes between 1.79 and 1.88 times as long as A).
Noise floor: 0.534%. Identical code measured against itself on this setup can look that different, so smaller differences mean nothing.
Neighbouring measurements are nearly independent (autocorrelation -0.40), so they were resampled one by one.

Verdict: RESOLVED. A is faster than B: the difference is real, as its interval excludes zero and it exceeds the noise floor.

Warnings:
  - the program holds 133 MB of live data, more than the caches of many machines; for data that size, where it lies in memory can shift the result by several points in ways the interval does not cover, and differently in the next process; run the comparison in several processes with the multiproc package

== dirs natural n=16384 valuesBetween: ordered vs ordered-mk1
A: 2214 ns per operation (median)
B: 5206 ns per operation (median)
A needs 57.3% less time than B: B takes 2.34 times as long as A.
With 95% confidence the difference lies between 56.7% and 58.5% less time (B takes between 2.31 and 2.41 times as long as A).
Noise floor: 0.778%. Identical code measured against itself on this setup can look that different, so smaller differences mean nothing.
Neighbouring measurements are nearly independent (autocorrelation -0.00), so they were resampled one by one.

Verdict: RESOLVED. A is faster than B: the difference is real, as its interval excludes zero and it exceeds the noise floor.

Warnings:
  - the program holds 133 MB of live data, more than the caches of many machines; for data that size, where it lies in memory can shift the result by several points in ways the interval does not cover, and differently in the next process; run the comparison in several processes with the multiproc package

== dirs natural n=16384 valuesBetween: ordered vs ordered-mk2
A: 2256 ns per operation (median)
B: 4248 ns per operation (median)
A needs 47.2% less time than B: B takes 1.89 times as long as A.
With 95% confidence the difference lies between 46.3% and 48.6% less time (B takes between 1.86 and 1.95 times as long as A).
Noise floor: 0.914%. Identical code measured against itself on this setup can look that different, so smaller differences mean nothing.
Neighbouring measurements are nearly independent (autocorrelation -0.39), so they were resampled one by one.

Verdict: RESOLVED. A is faster than B: the difference is real, as its interval excludes zero and it exceeds the noise floor.

Warnings:
  - the program holds 133 MB of live data, more than the caches of many machines; for data that size, where it lies in memory can shift the result by several points in ways the interval does not cover, and differently in the next process; run the comparison in several processes with the multiproc package

== dirs natural n=16384 valuesBetween: ordered vs ordered-mk4
A: 2198 ns per operation (median)
B: 3232 ns per operation (median)
A needs 32% less time than B: B takes 1.47 times as long as A.
With 95% confidence the difference lies between 30.7% and 32.5% less time (B takes between 1.44 and 1.48 times as long as A).
Noise floor: 0.368%. Identical code measured against itself on this setup can look that different, so smaller differences mean nothing.
Neighbouring measurements are nearly independent (autocorrelation -0.01), so they were resampled one by one.

Verdict: RESOLVED. A is faster than B: the difference is real, as its interval excludes zero and it exceeds the noise floor.

Warnings:
  - the program holds 133 MB of live data, more than the caches of many machines; for data that size, where it lies in memory can shift the result by several points in ways the interval does not cover, and differently in the next process; run the comparison in several processes with the multiproc package

== dirs natural n=16384 churn and build: ordered vs btree-sets
steady state, per insertion or deletion in a structure of 52542 elements (cycle of 137396 operations, first pass untimed):
  A: 309.8 ns per operation (median)
  B: 380.3 ns per operation (median)
  A needs 18.7% less time than B: B takes 1.23 times as long as A.
  With 95% confidence the difference lies between 16.1% and 20.7% less time (B takes between 1.19 and 1.26 times as long as A).
  Noise floor: 1.27%. Identical code measured against itself on this setup can look that different, so smaller differences mean nothing.
  Neighbouring measurements are correlated (autocorrelation +0.41), so they were resampled in blocks of 3.
  
  Verdict: RESOLVED. A is faster than B: the difference is real, as its interval excludes zero and it exceeds the noise floor.
  
  Warnings:
    - the program holds 141 MB of live data, more than the caches of many machines; for data that size, where it lies in memory can shift the result by several points in ways the interval does not cover, and differently in the next process; run the comparison in several processes with the multiproc package

build from empty to 52542 elements, per whole build (188700 operations):
  A: 5.607e+07 ns per operation (median)
  B: 6.686e+07 ns per operation (median)
  A needs 16.3% less time than B: B takes 1.19 times as long as A.
  With 95% confidence the difference lies between 15.7% and 16.5% less time (B takes between 1.19 and 1.20 times as long as A).
  Noise floor: 0.363%. Identical code measured against itself on this setup can look that different, so smaller differences mean nothing.
  Neighbouring measurements are correlated (autocorrelation +0.30), so they were resampled in blocks of 3.
  
  Verdict: RESOLVED. A is faster than B: the difference is real, as its interval excludes zero and it exceeds the noise floor.
  
  Warnings:
    - the program holds 134 MB of live data, more than the caches of many machines; for data that size, where it lies in memory can shift the result by several points in ways the interval does not cover, and differently in the next process; run the comparison in several processes with the multiproc package
    - in 100% of A/A runs this setup reported a difference between identical code, well above the 10% expected; treat any confidence from it with suspicion

== dirs natural n=16384 churn and build: ordered vs baseline
steady state, per insertion or deletion in a structure of 52542 elements (cycle of 137396 operations, first pass untimed):
  A: 297.7 ns per operation (median)
  B: 257.2 ns per operation (median)
  A needs 14% more time than B: B takes only 0.88 times as long as A.
  With 95% confidence the difference lies between 7.29% and 15.7% more time (B takes between 0.864 and 0.93 times as long as A).
  Noise floor: 0.623%. Identical code measured against itself on this setup can look that different, so smaller differences mean nothing.
  Neighbouring measurements are correlated (autocorrelation +0.35), so they were resampled in blocks of 3.
  
  Verdict: RESOLVED. A is slower than B: the difference is real, as its interval excludes zero and it exceeds the noise floor.
  
  Warnings:
    - the program holds 142 MB of live data, more than the caches of many machines; for data that size, where it lies in memory can shift the result by several points in ways the interval does not cover, and differently in the next process; run the comparison in several processes with the multiproc package
    - candidate A drifted during the run: its measurements were 10.6% higher in the second half than in the first, so the machine did not hold still
    - candidate B drifted during the run: its measurements were 29.8% higher in the second half than in the first, so the machine did not hold still
    - the ratio B/A was 15.1% higher in the second half of the run than in the first, so the candidates had not reached a steady state and the difference depends on how long the run was; a common cause is a head start for whichever candidate ran alone last before the comparison or had its data built last, which a longer CollectOptions.WarmupDuration removes
    - in 50% of A/A runs this setup reported a difference between identical code, well above the 10% expected; treat any confidence from it with suspicion

build from empty to 52542 elements, per whole build (188700 operations):
  A: 5.605e+07 ns per operation (median)
  B: 4.441e+07 ns per operation (median)
  A needs 26% more time than B: B takes only 0.79 times as long as A.
  With 95% confidence the difference lies between 25.1% and 26.4% more time (B takes between 0.791 and 0.80 times as long as A).
  Noise floor: 0.361%. Identical code measured against itself on this setup can look that different, so smaller differences mean nothing.
  Neighbouring measurements are correlated (autocorrelation +0.25), so they were resampled in blocks of 3.
  
  Verdict: RESOLVED. A is slower than B: the difference is real, as its interval excludes zero and it exceeds the noise floor.
  
  Warnings:
    - the program holds 134 MB of live data, more than the caches of many machines; for data that size, where it lies in memory can shift the result by several points in ways the interval does not cover, and differently in the next process; run the comparison in several processes with the multiproc package
    - candidate A drifted during the run: its measurements were 0.679% higher in the second half than in the first, so the machine did not hold still
    - in 50% of A/A runs this setup reported a difference between identical code, well above the 10% expected; treat any confidence from it with suspicion

== dirs natural n=16384 churn and build: ordered vs ordered-mk1
steady state, per insertion or deletion in a structure of 52542 elements (cycle of 137396 operations, first pass untimed):
  A: 285.3 ns per operation (median)
  B: 260.2 ns per operation (median)
  A needs 10.3% more time than B: B takes only 0.91 times as long as A.
  With 95% confidence the difference lies between 9.56% and 10.8% more time (B takes between 0.902 and 0.91 times as long as A).
  Noise floor: 0.423%. Identical code measured against itself on this setup can look that different, so smaller differences mean nothing.
  Neighbouring measurements are nearly independent (autocorrelation +0.05), so they were resampled one by one.
  
  Verdict: RESOLVED. A is slower than B: the difference is real, as its interval excludes zero and it exceeds the noise floor.
  
  Warnings:
    - the program holds 134 MB of live data, more than the caches of many machines; for data that size, where it lies in memory can shift the result by several points in ways the interval does not cover, and differently in the next process; run the comparison in several processes with the multiproc package
    - candidate B drifted during the run: its measurements were 1.61% lower in the second half than in the first, so the machine did not hold still

build from empty to 52542 elements, per whole build (188700 operations):
  A: 5.599e+07 ns per operation (median)
  B: 4.813e+07 ns per operation (median)
  A needs 16.5% more time than B: B takes only 0.86 times as long as A.
  With 95% confidence the difference lies between 15.8% and 17.1% more time (B takes between 0.854 and 0.86 times as long as A).
  Noise floor: 0.368%. Identical code measured against itself on this setup can look that different, so smaller differences mean nothing.
  Neighbouring measurements are nearly independent (autocorrelation +0.14), so they were resampled one by one.
  
  Verdict: RESOLVED. A is slower than B: the difference is real, as its interval excludes zero and it exceeds the noise floor.
  
  Warnings:
    - the program holds 134 MB of live data, more than the caches of many machines; for data that size, where it lies in memory can shift the result by several points in ways the interval does not cover, and differently in the next process; run the comparison in several processes with the multiproc package

== dirs natural n=16384 churn and build: ordered vs ordered-mk2
steady state, per insertion or deletion in a structure of 52542 elements (cycle of 137396 operations, first pass untimed):
  A: 286.6 ns per operation (median)
  B: 313.6 ns per operation (median)
  A needs 8.8% less time than B: B takes 1.10 times as long as A.
  With 95% confidence the difference lies between 7.91% and 9.55% less time (B takes between 1.09 and 1.11 times as long as A).
  Noise floor: 0.594%. Identical code measured against itself on this setup can look that different, so smaller differences mean nothing.
  Neighbouring measurements are nearly independent (autocorrelation -0.03), so they were resampled one by one.
  
  Verdict: RESOLVED. A is faster than B: the difference is real, as its interval excludes zero and it exceeds the noise floor.
  
  Warnings:
    - the program holds 134 MB of live data, more than the caches of many machines; for data that size, where it lies in memory can shift the result by several points in ways the interval does not cover, and differently in the next process; run the comparison in several processes with the multiproc package
    - candidate B drifted during the run: its measurements were 0.986% lower in the second half than in the first, so the machine did not hold still

build from empty to 52542 elements, per whole build (188700 operations):
  A: 5.602e+07 ns per operation (median)
  B: 6.096e+07 ns per operation (median)
  A needs 8.12% less time than B: B takes 1.09 times as long as A.
  With 95% confidence the difference lies between 7.9% and 8.54% less time (B takes between 1.09 and 1.09 times as long as A).
  Noise floor: 0.344%. Identical code measured against itself on this setup can look that different, so smaller differences mean nothing.
  Neighbouring measurements are nearly independent (autocorrelation +0.02), so they were resampled one by one.
  
  Verdict: RESOLVED. A is faster than B: the difference is real, as its interval excludes zero and it exceeds the noise floor.
  
  Warnings:
    - the program holds 134 MB of live data, more than the caches of many machines; for data that size, where it lies in memory can shift the result by several points in ways the interval does not cover, and differently in the next process; run the comparison in several processes with the multiproc package

== dirs natural n=16384 churn and build: ordered vs ordered-mk4
steady state, per insertion or deletion in a structure of 52542 elements (cycle of 137396 operations, first pass untimed):
  A: 282.5 ns per operation (median)
  B: 303.2 ns per operation (median)
  A needs 6.33% less time than B: B takes 1.07 times as long as A.
  With 95% confidence the difference lies between 6.04% and 7.18% less time (B takes between 1.06 and 1.08 times as long as A).
  Noise floor: 0.295%. Identical code measured against itself on this setup can look that different, so smaller differences mean nothing.
  Neighbouring measurements are correlated (autocorrelation +0.38), so they were resampled in blocks of 3.
  
  Verdict: RESOLVED. A is faster than B: the difference is real, as its interval excludes zero and it exceeds the noise floor.
  
  Warnings:
    - the program holds 134 MB of live data, more than the caches of many machines; for data that size, where it lies in memory can shift the result by several points in ways the interval does not cover, and differently in the next process; run the comparison in several processes with the multiproc package
    - candidate B drifted during the run: its measurements were 1.93% higher in the second half than in the first, so the machine did not hold still

build from empty to 52542 elements, per whole build (188700 operations):
  A: 5.583e+07 ns per operation (median)
  B: 6.055e+07 ns per operation (median)
  A needs 7.82% less time than B: B takes 1.08 times as long as A.
  With 95% confidence the difference lies between 7.42% and 8.56% less time (B takes between 1.08 and 1.09 times as long as A).
  Noise floor: 0.447%. Identical code measured against itself on this setup can look that different, so smaller differences mean nothing.
  Neighbouring measurements are nearly independent (autocorrelation +0.17), so they were resampled one by one.
  
  Verdict: RESOLVED. A is faster than B: the difference is real, as its interval excludes zero and it exceeds the noise floor.
  
  Warnings:
    - the program holds 134 MB of live data, more than the caches of many machines; for data that size, where it lies in memory can shift the result by several points in ways the interval does not cover, and differently in the next process; run the comparison in several processes with the multiproc package

checksum 95899636011527
== dirs natural n=16384 valuesFor: ordered vs btree-sets
A: 176.4 ns per operation (median)
B: 273.6 ns per operation (median)
A needs 35.7% less time than B: B takes 1.55 times as long as A.
With 95% confidence the difference lies between 33.6% and 36.6% less time (B takes between 1.51 and 1.58 times as long as A).
Noise floor: 1.2%. Identical code measured against itself on this setup can look that different, so smaller differences mean nothing.
Neighbouring measurements are nearly independent (autocorrelation +0.13), so they were resampled one by one.

Verdict: RESOLVED. A is faster than B: the difference is real, as its interval excludes zero and it exceeds the noise floor.

Warnings:
  - the program holds 109 MB of live data, more than the caches of many machines; for data that size, where it lies in memory can shift the result by several points in ways the interval does not cover, and differently in the next process; run the comparison in several processes with the multiproc package

== dirs natural n=16384 valuesFor: ordered vs baseline
A: 173.6 ns per operation (median)
B: 151.7 ns per operation (median)
A needs 14.6% more time than B: B takes only 0.87 times as long as A.
With 95% confidence the difference lies between 13.3% and 15.6% more time (B takes between 0.865 and 0.88 times as long as A).
Noise floor: 0.453%. Identical code measured against itself on this setup can look that different, so smaller differences mean nothing.
Neighbouring measurements are nearly independent (autocorrelation -0.07), so they were resampled one by one.

Verdict: RESOLVED. A is slower than B: the difference is real, as its interval excludes zero and it exceeds the noise floor.

Warnings:
  - the program holds 109 MB of live data, more than the caches of many machines; for data that size, where it lies in memory can shift the result by several points in ways the interval does not cover, and differently in the next process; run the comparison in several processes with the multiproc package

== dirs natural n=16384 valuesFor: ordered vs ordered-mk1
A: 174 ns per operation (median)
B: 160.7 ns per operation (median)
A needs 8.91% more time than B: B takes only 0.92 times as long as A.
With 95% confidence the difference lies between 7.07% and 10.4% more time (B takes between 0.905 and 0.93 times as long as A).
Noise floor: 0.373%. Identical code measured against itself on this setup can look that different, so smaller differences mean nothing.
Neighbouring measurements are nearly independent (autocorrelation -0.31), so they were resampled one by one.

Verdict: RESOLVED. A is slower than B: the difference is real, as its interval excludes zero and it exceeds the noise floor.

Warnings:
  - the program holds 109 MB of live data, more than the caches of many machines; for data that size, where it lies in memory can shift the result by several points in ways the interval does not cover, and differently in the next process; run the comparison in several processes with the multiproc package

== dirs natural n=16384 valuesFor: ordered vs ordered-mk2
A: 174 ns per operation (median)
B: 165.8 ns per operation (median)
A needs 4.85% more time than B: B takes only 0.95 times as long as A.
With 95% confidence the difference lies between 3.98% and 5.58% more time (B takes between 0.947 and 0.96 times as long as A).
Noise floor: 0.704%. Identical code measured against itself on this setup can look that different, so smaller differences mean nothing.
Neighbouring measurements are correlated (autocorrelation +0.63), so they were resampled in blocks of 3.

Verdict: RESOLVED. A is slower than B: the difference is real, as its interval excludes zero and it exceeds the noise floor.

Warnings:
  - the program holds 109 MB of live data, more than the caches of many machines; for data that size, where it lies in memory can shift the result by several points in ways the interval does not cover, and differently in the next process; run the comparison in several processes with the multiproc package

== dirs natural n=16384 valuesFor: ordered vs ordered-mk4
A: 174.4 ns per operation (median)
B: 168.8 ns per operation (median)
A needs 3.6% more time than B: B takes only 0.97 times as long as A.
With 95% confidence the difference lies between 2.11% and 4.56% more time (B takes between 0.956 and 0.98 times as long as A).
Noise floor: 0.849%. Identical code measured against itself on this setup can look that different, so smaller differences mean nothing.
Neighbouring measurements are nearly independent (autocorrelation -0.26), so they were resampled one by one.

Verdict: RESOLVED. A is slower than B: the difference is real, as its interval excludes zero and it exceeds the noise floor.

Warnings:
  - the program holds 134 MB of live data, more than the caches of many machines; for data that size, where it lies in memory can shift the result by several points in ways the interval does not cover, and differently in the next process; run the comparison in several processes with the multiproc package

== dirs natural n=16384 valuesBetween: ordered vs btree-sets
A: 2248 ns per operation (median)
B: 6928 ns per operation (median)
A needs 67.3% less time than B: B takes 3.06 times as long as A.
With 95% confidence the difference lies between 66.9% and 68.1% less time (B takes between 3.02 and 3.13 times as long as A).
Noise floor: 0.727%. Identical code measured against itself on this setup can look that different, so smaller differences mean nothing.
Neighbouring measurements are nearly independent (autocorrelation -0.35), so they were resampled one by one.

Verdict: RESOLVED. A is faster than B: the difference is real, as its interval excludes zero and it exceeds the noise floor.

Warnings:
  - the program holds 134 MB of live data, more than the caches of many machines; for data that size, where it lies in memory can shift the result by several points in ways the interval does not cover, and differently in the next process; run the comparison in several processes with the multiproc package

== dirs natural n=16384 valuesBetween: ordered vs baseline
A: 2228 ns per operation (median)
B: 4077 ns per operation (median)
A needs 45.8% less time than B: B takes 1.84 times as long as A.
With 95% confidence the difference lies between 44.5% and 46.6% less time (B takes between 1.8 and 1.87 times as long as A).
Noise floor: 0.639%. Identical code measured against itself on this setup can look that different, so smaller differences mean nothing.
Neighbouring measurements are nearly independent (autocorrelation +0.13), so they were resampled one by one.

Verdict: RESOLVED. A is faster than B: the difference is real, as its interval excludes zero and it exceeds the noise floor.

Warnings:
  - the program holds 134 MB of live data, more than the caches of many machines; for data that size, where it lies in memory can shift the result by several points in ways the interval does not cover, and differently in the next process; run the comparison in several processes with the multiproc package

== dirs natural n=16384 valuesBetween: ordered vs ordered-mk1
A: 2214 ns per operation (median)
B: 5231 ns per operation (median)
A needs 57.7% less time than B: B takes 2.36 times as long as A.
With 95% confidence the difference lies between 56.9% and 58.4% less time (B takes between 2.32 and 2.40 times as long as A).
Noise floor: 0.266%. Identical code measured against itself on this setup can look that different, so smaller differences mean nothing.
Neighbouring measurements are nearly independent (autocorrelation -0.44), so they were resampled one by one.

Verdict: RESOLVED. A is faster than B: the difference is real, as its interval excludes zero and it exceeds the noise floor.

Warnings:
  - the program holds 134 MB of live data, more than the caches of many machines; for data that size, where it lies in memory can shift the result by several points in ways the interval does not cover, and differently in the next process; run the comparison in several processes with the multiproc package

== dirs natural n=16384 valuesBetween: ordered vs ordered-mk2
A: 2425 ns per operation (median)
B: 4643 ns per operation (median)
A needs 46.7% less time than B: B takes 1.88 times as long as A.
With 95% confidence the difference lies between 45.5% and 49.6% less time (B takes between 1.83 and 1.98 times as long as A).
Noise floor: 0.755%. Identical code measured against itself on this setup can look that different, so smaller differences mean nothing.
Neighbouring measurements are nearly independent (autocorrelation -0.12), so they were resampled one by one.

Verdict: RESOLVED. A is faster than B: the difference is real, as its interval excludes zero and it exceeds the noise floor.

Warnings:
  - the program holds 134 MB of live data, more than the caches of many machines; for data that size, where it lies in memory can shift the result by several points in ways the interval does not cover, and differently in the next process; run the comparison in several processes with the multiproc package
  - candidate B drifted during the run: its measurements were 4.18% higher in the second half than in the first, so the machine did not hold still

== dirs natural n=16384 valuesBetween: ordered vs ordered-mk4
A: 2186 ns per operation (median)
B: 3217 ns per operation (median)
A needs 32% less time than B: B takes 1.47 times as long as A.
With 95% confidence the difference lies between 31.2% and 33.2% less time (B takes between 1.45 and 1.50 times as long as A).
Noise floor: 0.832%. Identical code measured against itself on this setup can look that different, so smaller differences mean nothing.
Neighbouring measurements are nearly independent (autocorrelation -0.33), so they were resampled one by one.

Verdict: RESOLVED. A is faster than B: the difference is real, as its interval excludes zero and it exceeds the noise floor.

Warnings:
  - the program holds 134 MB of live data, more than the caches of many machines; for data that size, where it lies in memory can shift the result by several points in ways the interval does not cover, and differently in the next process; run the comparison in several processes with the multiproc package

== dirs natural n=16384 churn and build: ordered vs btree-sets
steady state, per insertion or deletion in a structure of 52542 elements (cycle of 137396 operations, first pass untimed):
  A: 305.1 ns per operation (median)
  B: 375.1 ns per operation (median)
  A needs 18.4% less time than B: B takes 1.23 times as long as A.
  With 95% confidence the difference lies between 17% and 20.6% less time (B takes between 1.2 and 1.26 times as long as A).
  Noise floor: 1.28%. Identical code measured against itself on this setup can look that different, so smaller differences mean nothing.
  Neighbouring measurements are correlated (autocorrelation +0.52), so they were resampled in blocks of 3.
  
  Verdict: RESOLVED. A is faster than B: the difference is real, as its interval excludes zero and it exceeds the noise floor.
  
  Warnings:
    - the program holds 144 MB of live data, more than the caches of many machines; for data that size, where it lies in memory can shift the result by several points in ways the interval does not cover, and differently in the next process; run the comparison in several processes with the multiproc package

build from empty to 52542 elements, per whole build (188700 operations):
  A: 5.574e+07 ns per operation (median)
  B: 6.644e+07 ns per operation (median)
  A needs 16.4% less time than B: B takes 1.20 times as long as A.
  With 95% confidence the difference lies between 16% and 16.6% less time (B takes between 1.19 and 1.20 times as long as A).
  Noise floor: 0.232%. Identical code measured against itself on this setup can look that different, so smaller differences mean nothing.
  Neighbouring measurements are nearly independent (autocorrelation +0.01), so they were resampled one by one.
  
  Verdict: RESOLVED. A is faster than B: the difference is real, as its interval excludes zero and it exceeds the noise floor.
  
  Warnings:
    - the program holds 134 MB of live data, more than the caches of many machines; for data that size, where it lies in memory can shift the result by several points in ways the interval does not cover, and differently in the next process; run the comparison in several processes with the multiproc package

== dirs natural n=16384 churn and build: ordered vs baseline
steady state, per insertion or deletion in a structure of 52542 elements (cycle of 137396 operations, first pass untimed):
  A: 293.7 ns per operation (median)
  B: 254.3 ns per operation (median)
  A needs 15.1% more time than B: B takes only 0.87 times as long as A.
  With 95% confidence the difference lies between 14.3% and 16.2% more time (B takes between 0.86 and 0.88 times as long as A).
  Noise floor: 0.604%. Identical code measured against itself on this setup can look that different, so smaller differences mean nothing.
  Neighbouring measurements are correlated (autocorrelation +0.45), so they were resampled in blocks of 3.
  
  Verdict: RESOLVED. A is slower than B: the difference is real, as its interval excludes zero and it exceeds the noise floor.
  
  Warnings:
    - the program holds 134 MB of live data, more than the caches of many machines; for data that size, where it lies in memory can shift the result by several points in ways the interval does not cover, and differently in the next process; run the comparison in several processes with the multiproc package
    - candidate A drifted during the run: its measurements were 1.27% lower in the second half than in the first, so the machine did not hold still
    - the ratio B/A was 1.08% higher in the second half of the run than in the first, so the candidates had not reached a steady state and the difference depends on how long the run was; a common cause is a head start for whichever candidate ran alone last before the comparison or had its data built last, which a longer CollectOptions.WarmupDuration removes
    - in 50% of A/A runs this setup reported a difference between identical code, well above the 10% expected; treat any confidence from it with suspicion

build from empty to 52542 elements, per whole build (188700 operations):
  A: 5.57e+07 ns per operation (median)
  B: 4.46e+07 ns per operation (median)
  A needs 24.7% more time than B: B takes only 0.80 times as long as A.
  With 95% confidence the difference lies between 24.1% and 25% more time (B takes between 0.8 and 0.81 times as long as A).
  Noise floor: 0.319%. Identical code measured against itself on this setup can look that different, so smaller differences mean nothing.
  Neighbouring measurements are nearly independent (autocorrelation +0.07), so they were resampled one by one.
  
  Verdict: RESOLVED. A is slower than B: the difference is real, as its interval excludes zero and it exceeds the noise floor.
  
  Warnings:
    - the program holds 134 MB of live data, more than the caches of many machines; for data that size, where it lies in memory can shift the result by several points in ways the interval does not cover, and differently in the next process; run the comparison in several processes with the multiproc package
    - candidate A drifted during the run: its measurements were 2.2% higher in the second half than in the first, so the machine did not hold still
    - candidate B drifted during the run: its measurements were 1.87% higher in the second half than in the first, so the machine did not hold still

== dirs natural n=16384 churn and build: ordered vs ordered-mk1
steady state, per insertion or deletion in a structure of 52542 elements (cycle of 137396 operations, first pass untimed):
  A: 288.2 ns per operation (median)
  B: 262.5 ns per operation (median)
  A needs 9.52% more time than B: B takes only 0.91 times as long as A.
  With 95% confidence the difference lies between 8.86% and 9.91% more time (B takes between 0.91 and 0.92 times as long as A).
  Noise floor: 0.66%. Identical code measured against itself on this setup can look that different, so smaller differences mean nothing.
  Neighbouring measurements are nearly independent (autocorrelation -0.05), so they were resampled one by one.
  
  Verdict: RESOLVED. A is slower than B: the difference is real, as its interval excludes zero and it exceeds the noise floor.
  
  Warnings:
    - the program holds 134 MB of live data, more than the caches of many machines; for data that size, where it lies in memory can shift the result by several points in ways the interval does not cover, and differently in the next process; run the comparison in several processes with the multiproc package
    - candidate A drifted during the run: its measurements were 1.04% lower in the second half than in the first, so the machine did not hold still
    - candidate B drifted during the run: its measurements were 1.17% lower in the second half than in the first, so the machine did not hold still
    - in 50% of A/A runs this setup reported a difference between identical code, well above the 10% expected; treat any confidence from it with suspicion

build from empty to 52542 elements, per whole build (188700 operations):
  A: 5.564e+07 ns per operation (median)
  B: 4.768e+07 ns per operation (median)
  A needs 16.4% more time than B: B takes only 0.86 times as long as A.
  With 95% confidence the difference lies between 16.2% and 17% more time (B takes between 0.854 and 0.86 times as long as A).
  Noise floor: 0.114%. Identical code measured against itself on this setup can look that different, so smaller differences mean nothing.
  Neighbouring measurements are nearly independent (autocorrelation +0.00), so they were resampled one by one.
  
  Verdict: RESOLVED. A is slower than B: the difference is real, as its interval excludes zero and it exceeds the noise floor.
  
  Warnings:
    - the program holds 134 MB of live data, more than the caches of many machines; for data that size, where it lies in memory can shift the result by several points in ways the interval does not cover, and differently in the next process; run the comparison in several processes with the multiproc package

== dirs natural n=16384 churn and build: ordered vs ordered-mk2
steady state, per insertion or deletion in a structure of 52542 elements (cycle of 137396 operations, first pass untimed):
  A: 285.2 ns per operation (median)
  B: 311.2 ns per operation (median)
  A needs 8.62% less time than B: B takes 1.09 times as long as A.
  With 95% confidence the difference lies between 7.97% and 9.55% less time (B takes between 1.09 and 1.11 times as long as A).
  Noise floor: 0.482%. Identical code measured against itself on this setup can look that different, so smaller differences mean nothing.
  Neighbouring measurements are nearly independent (autocorrelation +0.01), so they were resampled one by one.
  
  Verdict: RESOLVED. A is faster than B: the difference is real, as its interval excludes zero and it exceeds the noise floor.
  
  Warnings:
    - the program holds 134 MB of live data, more than the caches of many machines; for data that size, where it lies in memory can shift the result by several points in ways the interval does not cover, and differently in the next process; run the comparison in several processes with the multiproc package
    - candidate A drifted during the run: its measurements were 2.11% lower in the second half than in the first, so the machine did not hold still
    - the ratio B/A was 2.34% higher in the second half of the run than in the first, so the candidates had not reached a steady state and the difference depends on how long the run was; a common cause is a head start for whichever candidate ran alone last before the comparison or had its data built last, which a longer CollectOptions.WarmupDuration removes

build from empty to 52542 elements, per whole build (188700 operations):
  A: 5.562e+07 ns per operation (median)
  B: 6.051e+07 ns per operation (median)
  A needs 8.42% less time than B: B takes 1.09 times as long as A.
  With 95% confidence the difference lies between 7.8% and 8.91% less time (B takes between 1.08 and 1.10 times as long as A).
  Noise floor: 0.283%. Identical code measured against itself on this setup can look that different, so smaller differences mean nothing.
  Neighbouring measurements are nearly independent (autocorrelation +0.04), so they were resampled one by one.
  
  Verdict: RESOLVED. A is faster than B: the difference is real, as its interval excludes zero and it exceeds the noise floor.
  
  Warnings:
    - the program holds 134 MB of live data, more than the caches of many machines; for data that size, where it lies in memory can shift the result by several points in ways the interval does not cover, and differently in the next process; run the comparison in several processes with the multiproc package

== dirs natural n=16384 churn and build: ordered vs ordered-mk4
steady state, per insertion or deletion in a structure of 52542 elements (cycle of 137396 operations, first pass untimed):
  A: 283.8 ns per operation (median)
  B: 304.4 ns per operation (median)
  A needs 6.69% less time than B: B takes 1.07 times as long as A.
  With 95% confidence the difference lies between 6.3% and 7.71% less time (B takes between 1.07 and 1.08 times as long as A).
  Noise floor: 0.524%. Identical code measured against itself on this setup can look that different, so smaller differences mean nothing.
  Neighbouring measurements are nearly independent (autocorrelation -0.01), so they were resampled one by one.
  
  Verdict: RESOLVED. A is faster than B: the difference is real, as its interval excludes zero and it exceeds the noise floor.
  
  Warnings:
    - the program holds 134 MB of live data, more than the caches of many machines; for data that size, where it lies in memory can shift the result by several points in ways the interval does not cover, and differently in the next process; run the comparison in several processes with the multiproc package
    - candidate A drifted during the run: its measurements were 1.53% higher in the second half than in the first, so the machine did not hold still
    - candidate B drifted during the run: its measurements were 0.928% higher in the second half than in the first, so the machine did not hold still

build from empty to 52542 elements, per whole build (188700 operations):
  A: 5.553e+07 ns per operation (median)
  B: 6.005e+07 ns per operation (median)
  A needs 7.57% less time than B: B takes 1.08 times as long as A.
  With 95% confidence the difference lies between 7.29% and 7.99% less time (B takes between 1.08 and 1.09 times as long as A).
  Noise floor: 0.241%. Identical code measured against itself on this setup can look that different, so smaller differences mean nothing.
  Neighbouring measurements are nearly independent (autocorrelation +0.16), so they were resampled one by one.
  
  Verdict: RESOLVED. A is faster than B: the difference is real, as its interval excludes zero and it exceeds the noise floor.
  
  Warnings:
    - the program holds 134 MB of live data, more than the caches of many machines; for data that size, where it lies in memory can shift the result by several points in ways the interval does not cover, and differently in the next process; run the comparison in several processes with the multiproc package
    - in 50% of A/A runs this setup reported a difference between identical code, well above the 10% expected; treat any confidence from it with suspicion

checksum 95594950350221
