== dirs multi n=16384 valuesFor: ordered vs hashed
A: 114.4 ns per operation (median)
B: 36.06 ns per operation (median)
A needs 218% more time than B: B takes only 0.31 times as long as A.
With 95% confidence the difference lies between 213% and 223% more time (B takes between 0.309 and 0.32 times as long as A).
Noise floor: 0.883%. Identical code measured against itself on this setup can look that different, so smaller differences mean nothing.
Neighbouring measurements are nearly independent (autocorrelation -0.01), so they were resampled one by one.

Verdict: RESOLVED. A is slower than B: the difference is real, as its interval excludes zero and it exceeds the noise floor.

Warnings:
  - the program holds 99 MB of live data, more than the caches of many machines; for data that size, where it lies in memory can shift the result by several points in ways the interval does not cover, and differently in the next process; run the comparison in several processes with the multiproc package

== dirs multi n=16384 valuesFor: ordered vs btree-sets
A: 115.2 ns per operation (median)
B: 218.4 ns per operation (median)
A needs 47.9% less time than B: B takes 1.92 times as long as A.
With 95% confidence the difference lies between 46.3% and 48.4% less time (B takes between 1.86 and 1.94 times as long as A).
Noise floor: 1.02%. Identical code measured against itself on this setup can look that different, so smaller differences mean nothing.
Neighbouring measurements are nearly independent (autocorrelation +0.18), so they were resampled one by one.

Verdict: RESOLVED. A is faster than B: the difference is real, as its interval excludes zero and it exceeds the noise floor.

Warnings:
  - the program holds 99 MB of live data, more than the caches of many machines; for data that size, where it lies in memory can shift the result by several points in ways the interval does not cover, and differently in the next process; run the comparison in several processes with the multiproc package

== dirs multi n=16384 valuesFor: ordered vs map-sets
A: 113.2 ns per operation (median)
B: 83.8 ns per operation (median)
A needs 34.1% more time than B: B takes only 0.75 times as long as A.
With 95% confidence the difference lies between 32.9% and 35.3% more time (B takes between 0.739 and 0.75 times as long as A).
Noise floor: 0.458%. Identical code measured against itself on this setup can look that different, so smaller differences mean nothing.
Neighbouring measurements are nearly independent (autocorrelation +0.00), so they were resampled one by one.

Verdict: RESOLVED. A is slower than B: the difference is real, as its interval excludes zero and it exceeds the noise floor.

Warnings:
  - the program holds 134 MB of live data, more than the caches of many machines; for data that size, where it lies in memory can shift the result by several points in ways the interval does not cover, and differently in the next process; run the comparison in several processes with the multiproc package
  - 5.6% of bootstrap replicates tied, so the measurement is coarse relative to the question; lower CollectOptions.MaxQuantizationError to lengthen the batches

== dirs multi n=16384 valuesBetween: ordered vs hashed
A: 3622 ns per operation (median)
B: 2.463e+05 ns per operation (median)
A needs 98.5% less time than B: B takes 68.19 times as long as A.
With 95% confidence the difference lies between 98.4% and 98.6% less time (B takes between 62.2 and 69.11 times as long as A).
Noise floor: 6.26%. Identical code measured against itself on this setup can look that different, so smaller differences mean nothing.
Neighbouring measurements are nearly independent (autocorrelation -0.10), so they were resampled one by one.

Verdict: RESOLVED. A is faster than B: the difference is real, as its interval excludes zero and it exceeds the noise floor.

Warnings:
  - the program holds 134 MB of live data, more than the caches of many machines; for data that size, where it lies in memory can shift the result by several points in ways the interval does not cover, and differently in the next process; run the comparison in several processes with the multiproc package

== dirs multi n=16384 valuesBetween: ordered vs btree-sets
A: 3489 ns per operation (median)
B: 6163 ns per operation (median)
A needs 43.3% less time than B: B takes 1.76 times as long as A.
With 95% confidence the difference lies between 42.8% and 44.6% less time (B takes between 1.75 and 1.81 times as long as A).
Noise floor: 1.63%. Identical code measured against itself on this setup can look that different, so smaller differences mean nothing.
Neighbouring measurements are correlated (autocorrelation +0.21), so they were resampled in blocks of 3.

Verdict: RESOLVED. A is faster than B: the difference is real, as its interval excludes zero and it exceeds the noise floor.

Warnings:
  - the program holds 134 MB of live data, more than the caches of many machines; for data that size, where it lies in memory can shift the result by several points in ways the interval does not cover, and differently in the next process; run the comparison in several processes with the multiproc package
  - in 50% of A/A runs this setup reported a difference between identical code, well above the 10% expected; treat any confidence from it with suspicion

== dirs multi n=16384 valuesBetween: ordered vs map-sets
A: 3956 ns per operation (median)
B: 2.334e+05 ns per operation (median)
A needs 98.3% less time than B: B takes 58.91 times as long as A.
With 95% confidence the difference lies between 98.1% and 98.5% less time (B takes between 52.9 and 65.54 times as long as A).
Noise floor: 1.17%. Identical code measured against itself on this setup can look that different, so smaller differences mean nothing.
Neighbouring measurements are nearly independent (autocorrelation +0.02), so they were resampled one by one.

Verdict: RESOLVED. A is faster than B: the difference is real, as its interval excludes zero and it exceeds the noise floor.

Warnings:
  - the program holds 134 MB of live data, more than the caches of many machines; for data that size, where it lies in memory can shift the result by several points in ways the interval does not cover, and differently in the next process; run the comparison in several processes with the multiproc package
  - in 50% of A/A runs this setup reported a difference between identical code, well above the 10% expected; treat any confidence from it with suspicion

== dirs multi n=16384 prefix: ordered vs hashed
A: 1.668e+04 ns per operation (median)
B: 2.566e+05 ns per operation (median)
A needs 93.6% less time than B: B takes 15.71 times as long as A.
With 95% confidence the difference lies between 93% and 94.5% less time (B takes between 14.3 and 18.09 times as long as A).
Noise floor: 15.3%. Identical code measured against itself on this setup can look that different, so smaller differences mean nothing.
Neighbouring measurements are nearly independent (autocorrelation -0.13), so they were resampled one by one.

Verdict: RESOLVED. A is faster than B: the difference is real, as its interval excludes zero and it exceeds the noise floor.

Warnings:
  - the program holds 134 MB of live data, more than the caches of many machines; for data that size, where it lies in memory can shift the result by several points in ways the interval does not cover, and differently in the next process; run the comparison in several processes with the multiproc package
  - candidate A drifted during the run: its measurements were 23.6% lower in the second half than in the first, so the machine did not hold still
  - the ratio B/A was 29% higher in the second half of the run than in the first, so the candidates had not reached a steady state and the difference depends on how long the run was; a common cause is a head start for whichever candidate ran alone last before the comparison or had its data built last, which a longer CollectOptions.WarmupDuration removes
  - in 50% of A/A runs this setup reported a difference between identical code, well above the 10% expected; treat any confidence from it with suspicion

== dirs multi n=16384 prefix: ordered vs btree-sets
A: 1.562e+04 ns per operation (median)
B: 3.471e+04 ns per operation (median)
A needs 53% less time than B: B takes 2.13 times as long as A.
With 95% confidence the difference lies between 51.8% and 55.1% less time (B takes between 2.08 and 2.23 times as long as A).
Noise floor: 18.6%. Identical code measured against itself on this setup can look that different, so smaller differences mean nothing.
Neighbouring measurements are nearly independent (autocorrelation +0.01), so they were resampled one by one.

Verdict: RESOLVED. A is faster than B: the difference is real, as its interval excludes zero and it exceeds the noise floor.

Warnings:
  - the program holds 134 MB of live data, more than the caches of many machines; for data that size, where it lies in memory can shift the result by several points in ways the interval does not cover, and differently in the next process; run the comparison in several processes with the multiproc package
  - in 50% of A/A runs this setup reported a difference between identical code, well above the 10% expected; treat any confidence from it with suspicion

== dirs multi n=16384 prefix: ordered vs map-sets
A: 1.748e+04 ns per operation (median)
B: 2.634e+05 ns per operation (median)
A needs 93.6% less time than B: B takes 15.59 times as long as A.
With 95% confidence the difference lies between 92.9% and 94.4% less time (B takes between 14.1 and 17.85 times as long as A).
Noise floor: 13.9%. Identical code measured against itself on this setup can look that different, so smaller differences mean nothing.
Neighbouring measurements are nearly independent (autocorrelation -0.01), so they were resampled one by one.

Verdict: RESOLVED. A is faster than B: the difference is real, as its interval excludes zero and it exceeds the noise floor.

Warnings:
  - the program holds 134 MB of live data, more than the caches of many machines; for data that size, where it lies in memory can shift the result by several points in ways the interval does not cover, and differently in the next process; run the comparison in several processes with the multiproc package
  - candidate A drifted during the run: its measurements were 32.3% lower in the second half than in the first, so the machine did not hold still
  - the ratio B/A was 36.7% higher in the second half of the run than in the first, so the candidates had not reached a steady state and the difference depends on how long the run was; a common cause is a head start for whichever candidate ran alone last before the comparison or had its data built last, which a longer CollectOptions.WarmupDuration removes
  - in 100% of A/A runs this setup reported a difference between identical code, well above the 10% expected; treat any confidence from it with suspicion

== dirs multi n=16384 churn and build: ordered vs hashed
steady state, per insertion or deletion in a structure of 52542 elements (cycle of 137396 operations, first pass untimed):
  A: 203.9 ns per operation (median)
  B: 88.51 ns per operation (median)
  A needs 125% more time than B: B takes only 0.44 times as long as A.
  With 95% confidence the difference lies between 120% and 131% more time (B takes between 0.433 and 0.46 times as long as A).
  Noise floor: 0.616%. Identical code measured against itself on this setup can look that different, so smaller differences mean nothing.
  Neighbouring measurements are nearly independent (autocorrelation +0.09), so they were resampled one by one.
  
  Verdict: RESOLVED. A is slower than B: the difference is real, as its interval excludes zero and it exceeds the noise floor.
  
  Warnings:
    - the program holds 145 MB of live data, more than the caches of many machines; for data that size, where it lies in memory can shift the result by several points in ways the interval does not cover, and differently in the next process; run the comparison in several processes with the multiproc package
    - candidate B drifted during the run: its measurements were 9.45% higher in the second half than in the first, so the machine did not hold still

build from empty to 52542 elements, per whole build (188700 operations):
  A: 3.932e+07 ns per operation (median)
  B: 1.65e+07 ns per operation (median)
  A needs 138% more time than B: B takes only 0.42 times as long as A.
  With 95% confidence the difference lies between 130% and 142% more time (B takes between 0.414 and 0.44 times as long as A).
  Noise floor: 1.18%. Identical code measured against itself on this setup can look that different, so smaller differences mean nothing.
  Neighbouring measurements are nearly independent (autocorrelation -0.16), so they were resampled one by one.
  
  Verdict: RESOLVED. A is slower than B: the difference is real, as its interval excludes zero and it exceeds the noise floor.
  
  Warnings:
    - the program holds 137 MB of live data, more than the caches of many machines; for data that size, where it lies in memory can shift the result by several points in ways the interval does not cover, and differently in the next process; run the comparison in several processes with the multiproc package

== dirs multi n=16384 churn and build: ordered vs btree-sets
steady state, per insertion or deletion in a structure of 52542 elements (cycle of 137396 operations, first pass untimed):
  A: 205.5 ns per operation (median)
  B: 333.9 ns per operation (median)
  A needs 39% less time than B: B takes 1.64 times as long as A.
  With 95% confidence the difference lies between 37.4% and 40.9% less time (B takes between 1.6 and 1.69 times as long as A).
  Noise floor: 2.41%. Identical code measured against itself on this setup can look that different, so smaller differences mean nothing.
  Neighbouring measurements are correlated (autocorrelation +0.41), so they were resampled in blocks of 3.
  
  Verdict: RESOLVED. A is faster than B: the difference is real, as its interval excludes zero and it exceeds the noise floor.
  
  Warnings:
    - the program holds 147 MB of live data, more than the caches of many machines; for data that size, where it lies in memory can shift the result by several points in ways the interval does not cover, and differently in the next process; run the comparison in several processes with the multiproc package

build from empty to 52542 elements, per whole build (188700 operations):
  A: 4.044e+07 ns per operation (median)
  B: 6.053e+07 ns per operation (median)
  A needs 33.4% less time than B: B takes 1.50 times as long as A.
  With 95% confidence the difference lies between 31.6% and 34.5% less time (B takes between 1.46 and 1.53 times as long as A).
  Noise floor: 0.161%. Identical code measured against itself on this setup can look that different, so smaller differences mean nothing.
  Neighbouring measurements are nearly independent (autocorrelation -0.07), so they were resampled one by one.
  
  Verdict: RESOLVED. A is faster than B: the difference is real, as its interval excludes zero and it exceeds the noise floor.
  
  Warnings:
    - the program holds 136 MB of live data, more than the caches of many machines; for data that size, where it lies in memory can shift the result by several points in ways the interval does not cover, and differently in the next process; run the comparison in several processes with the multiproc package

== dirs multi n=16384 churn and build: ordered vs map-sets
steady state, per insertion or deletion in a structure of 52542 elements (cycle of 137396 operations, first pass untimed):
  A: 196.5 ns per operation (median)
  B: 101.8 ns per operation (median)
  A needs 92.2% more time than B: B takes only 0.52 times as long as A.
  With 95% confidence the difference lies between 86.2% and 98.2% more time (B takes between 0.504 and 0.54 times as long as A).
  Noise floor: 1.08%. Identical code measured against itself on this setup can look that different, so smaller differences mean nothing.
  Neighbouring measurements are correlated (autocorrelation +0.33), so they were resampled in blocks of 3.
  
  Verdict: RESOLVED. A is slower than B: the difference is real, as its interval excludes zero and it exceeds the noise floor.
  
  Warnings:
    - the program holds 147 MB of live data, more than the caches of many machines; for data that size, where it lies in memory can shift the result by several points in ways the interval does not cover, and differently in the next process; run the comparison in several processes with the multiproc package

build from empty to 52542 elements, per whole build (188700 operations):
  A: 4.04e+07 ns per operation (median)
  B: 2.14e+07 ns per operation (median)
  A needs 85.8% more time than B: B takes only 0.54 times as long as A.
  With 95% confidence the difference lies between 76% and 101% more time (B takes between 0.498 and 0.57 times as long as A).
  Noise floor: 1.76%. Identical code measured against itself on this setup can look that different, so smaller differences mean nothing.
  Neighbouring measurements are nearly independent (autocorrelation -0.16), so they were resampled one by one.
  
  Verdict: RESOLVED. A is slower than B: the difference is real, as its interval excludes zero and it exceeds the noise floor.
  
  Warnings:
    - the program holds 136 MB of live data, more than the caches of many machines; for data that size, where it lies in memory can shift the result by several points in ways the interval does not cover, and differently in the next process; run the comparison in several processes with the multiproc package

checksum 103698605209915
== dirs multi n=16384 valuesFor: ordered vs hashed
A: 114.1 ns per operation (median)
B: 35.85 ns per operation (median)
A needs 218% more time than B: B takes only 0.31 times as long as A.
With 95% confidence the difference lies between 213% and 222% more time (B takes between 0.31 and 0.32 times as long as A).
Noise floor: 0.691%. Identical code measured against itself on this setup can look that different, so smaller differences mean nothing.
Neighbouring measurements are nearly independent (autocorrelation -0.03), so they were resampled one by one.

Verdict: RESOLVED. A is slower than B: the difference is real, as its interval excludes zero and it exceeds the noise floor.

Warnings:
  - the program holds 129 MB of live data, more than the caches of many machines; for data that size, where it lies in memory can shift the result by several points in ways the interval does not cover, and differently in the next process; run the comparison in several processes with the multiproc package
  - in 50% of A/A runs this setup reported a difference between identical code, well above the 10% expected; treat any confidence from it with suspicion

== dirs multi n=16384 valuesFor: ordered vs btree-sets
A: 115.4 ns per operation (median)
B: 218.2 ns per operation (median)
A needs 47.1% less time than B: B takes 1.89 times as long as A.
With 95% confidence the difference lies between 46.2% and 48% less time (B takes between 1.86 and 1.92 times as long as A).
Noise floor: 1.71%. Identical code measured against itself on this setup can look that different, so smaller differences mean nothing.
Neighbouring measurements are nearly independent (autocorrelation -0.10), so they were resampled one by one.

Verdict: RESOLVED. A is faster than B: the difference is real, as its interval excludes zero and it exceeds the noise floor.

Warnings:
  - the program holds 129 MB of live data, more than the caches of many machines; for data that size, where it lies in memory can shift the result by several points in ways the interval does not cover, and differently in the next process; run the comparison in several processes with the multiproc package
  - in 50% of A/A runs this setup reported a difference between identical code, well above the 10% expected; treat any confidence from it with suspicion

== dirs multi n=16384 valuesFor: ordered vs map-sets
A: 113.5 ns per operation (median)
B: 85.24 ns per operation (median)
A needs 32.3% more time than B: B takes only 0.76 times as long as A.
With 95% confidence the difference lies between 31.4% and 35.3% more time (B takes between 0.739 and 0.76 times as long as A).
Noise floor: 1.87%. Identical code measured against itself on this setup can look that different, so smaller differences mean nothing.
Neighbouring measurements are nearly independent (autocorrelation +0.11), so they were resampled one by one.

Verdict: RESOLVED. A is slower than B: the difference is real, as its interval excludes zero and it exceeds the noise floor.

Warnings:
  - the program holds 129 MB of live data, more than the caches of many machines; for data that size, where it lies in memory can shift the result by several points in ways the interval does not cover, and differently in the next process; run the comparison in several processes with the multiproc package
  - in 100% of A/A runs this setup reported a difference between identical code, well above the 10% expected; treat any confidence from it with suspicion

== dirs multi n=16384 valuesBetween: ordered vs hashed
A: 3649 ns per operation (median)
B: 2.431e+05 ns per operation (median)
A needs 98.5% less time than B: B takes 66.53 times as long as A.
With 95% confidence the difference lies between 98.3% and 98.5% less time (B takes between 60.6 and 68.35 times as long as A).
Noise floor: 5.8%. Identical code measured against itself on this setup can look that different, so smaller differences mean nothing.
Neighbouring measurements are nearly independent (autocorrelation -0.08), so they were resampled one by one.

Verdict: RESOLVED. A is faster than B: the difference is real, as its interval excludes zero and it exceeds the noise floor.

Warnings:
  - the program holds 129 MB of live data, more than the caches of many machines; for data that size, where it lies in memory can shift the result by several points in ways the interval does not cover, and differently in the next process; run the comparison in several processes with the multiproc package

== dirs multi n=16384 valuesBetween: ordered vs btree-sets
A: 3421 ns per operation (median)
B: 6175 ns per operation (median)
A needs 44.8% less time than B: B takes 1.81 times as long as A.
With 95% confidence the difference lies between 44.1% and 45.3% less time (B takes between 1.79 and 1.83 times as long as A).
Noise floor: 1.51%. Identical code measured against itself on this setup can look that different, so smaller differences mean nothing.
Neighbouring measurements are nearly independent (autocorrelation +0.07), so they were resampled one by one.

Verdict: RESOLVED. A is faster than B: the difference is real, as its interval excludes zero and it exceeds the noise floor.

Warnings:
  - the program holds 129 MB of live data, more than the caches of many machines; for data that size, where it lies in memory can shift the result by several points in ways the interval does not cover, and differently in the next process; run the comparison in several processes with the multiproc package

== dirs multi n=16384 valuesBetween: ordered vs map-sets
A: 3836 ns per operation (median)
B: 2.333e+05 ns per operation (median)
A needs 98.3% less time than B: B takes 60.50 times as long as A.
With 95% confidence the difference lies between 98.2% and 98.5% less time (B takes between 56.4 and 64.89 times as long as A).
Noise floor: 8.38%. Identical code measured against itself on this setup can look that different, so smaller differences mean nothing.
Neighbouring measurements are nearly independent (autocorrelation +0.00), so they were resampled one by one.

Verdict: RESOLVED. A is faster than B: the difference is real, as its interval excludes zero and it exceeds the noise floor.

Warnings:
  - the program holds 129 MB of live data, more than the caches of many machines; for data that size, where it lies in memory can shift the result by several points in ways the interval does not cover, and differently in the next process; run the comparison in several processes with the multiproc package

== dirs multi n=16384 prefix: ordered vs hashed
A: 1.555e+04 ns per operation (median)
B: 2.541e+05 ns per operation (median)
A needs 93.8% less time than B: B takes 16.15 times as long as A.
With 95% confidence the difference lies between 93% and 94.5% less time (B takes between 14.2 and 18.23 times as long as A).
Noise floor: 17.9%. Identical code measured against itself on this setup can look that different, so smaller differences mean nothing.
Neighbouring measurements are nearly independent (autocorrelation -0.14), so they were resampled one by one.

Verdict: RESOLVED. A is faster than B: the difference is real, as its interval excludes zero and it exceeds the noise floor.

Warnings:
  - the program holds 129 MB of live data, more than the caches of many machines; for data that size, where it lies in memory can shift the result by several points in ways the interval does not cover, and differently in the next process; run the comparison in several processes with the multiproc package
  - in 50% of A/A runs this setup reported a difference between identical code, well above the 10% expected; treat any confidence from it with suspicion

== dirs multi n=16384 prefix: ordered vs btree-sets
A: 1.553e+04 ns per operation (median)
B: 3.54e+04 ns per operation (median)
A needs 53.8% less time than B: B takes 2.16 times as long as A.
With 95% confidence the difference lies between 52.5% and 55.6% less time (B takes between 2.11 and 2.25 times as long as A).
Noise floor: 20.4%. Identical code measured against itself on this setup can look that different, so smaller differences mean nothing.
Neighbouring measurements are nearly independent (autocorrelation -0.02), so they were resampled one by one.

Verdict: RESOLVED. A is faster than B: the difference is real, as its interval excludes zero and it exceeds the noise floor.

Warnings:
  - the program holds 129 MB of live data, more than the caches of many machines; for data that size, where it lies in memory can shift the result by several points in ways the interval does not cover, and differently in the next process; run the comparison in several processes with the multiproc package
  - in 50% of A/A runs this setup reported a difference between identical code, well above the 10% expected; treat any confidence from it with suspicion

== dirs multi n=16384 prefix: ordered vs map-sets
A: 1.664e+04 ns per operation (median)
B: 2.638e+05 ns per operation (median)
A needs 93.5% less time than B: B takes 15.30 times as long as A.
With 95% confidence the difference lies between 92.8% and 94.5% less time (B takes between 13.9 and 18.17 times as long as A).
Noise floor: 20.1%. Identical code measured against itself on this setup can look that different, so smaller differences mean nothing.
Neighbouring measurements are nearly independent (autocorrelation -0.05), so they were resampled one by one.

Verdict: RESOLVED. A is faster than B: the difference is real, as its interval excludes zero and it exceeds the noise floor.

Warnings:
  - the program holds 129 MB of live data, more than the caches of many machines; for data that size, where it lies in memory can shift the result by several points in ways the interval does not cover, and differently in the next process; run the comparison in several processes with the multiproc package
  - candidate A drifted during the run: its measurements were 27.4% lower in the second half than in the first, so the machine did not hold still
  - the ratio B/A was 43.8% higher in the second half of the run than in the first, so the candidates had not reached a steady state and the difference depends on how long the run was; a common cause is a head start for whichever candidate ran alone last before the comparison or had its data built last, which a longer CollectOptions.WarmupDuration removes
  - in 50% of A/A runs this setup reported a difference between identical code, well above the 10% expected; treat any confidence from it with suspicion

== dirs multi n=16384 churn and build: ordered vs hashed
steady state, per insertion or deletion in a structure of 52542 elements (cycle of 137396 operations, first pass untimed):
  A: 191.7 ns per operation (median)
  B: 80.82 ns per operation (median)
  A needs 139% more time than B: B takes only 0.42 times as long as A.
  With 95% confidence the difference lies between 135% and 142% more time (B takes between 0.414 and 0.43 times as long as A).
  Noise floor: 0.856%. Identical code measured against itself on this setup can look that different, so smaller differences mean nothing.
  Neighbouring measurements are nearly independent (autocorrelation +0.06), so they were resampled one by one.
  
  Verdict: RESOLVED. A is slower than B: the difference is real, as its interval excludes zero and it exceeds the noise floor.
  
  Warnings:
    - the program holds 144 MB of live data, more than the caches of many machines; for data that size, where it lies in memory can shift the result by several points in ways the interval does not cover, and differently in the next process; run the comparison in several processes with the multiproc package

build from empty to 52542 elements, per whole build (188700 operations):
  A: 3.964e+07 ns per operation (median)
  B: 1.659e+07 ns per operation (median)
  A needs 137% more time than B: B takes only 0.42 times as long as A.
  With 95% confidence the difference lies between 132% and 146% more time (B takes between 0.406 and 0.43 times as long as A).
  Noise floor: 1.18%. Identical code measured against itself on this setup can look that different, so smaller differences mean nothing.
  Neighbouring measurements are nearly independent (autocorrelation -0.05), so they were resampled one by one.
  
  Verdict: RESOLVED. A is slower than B: the difference is real, as its interval excludes zero and it exceeds the noise floor.
  
  Warnings:
    - the program holds 136 MB of live data, more than the caches of many machines; for data that size, where it lies in memory can shift the result by several points in ways the interval does not cover, and differently in the next process; run the comparison in several processes with the multiproc package

== dirs multi n=16384 churn and build: ordered vs btree-sets
steady state, per insertion or deletion in a structure of 52542 elements (cycle of 137396 operations, first pass untimed):
  A: 208.8 ns per operation (median)
  B: 335.9 ns per operation (median)
  A needs 38.6% less time than B: B takes 1.63 times as long as A.
  With 95% confidence the difference lies between 36.7% and 39.7% less time (B takes between 1.58 and 1.66 times as long as A).
  Noise floor: 1.55%. Identical code measured against itself on this setup can look that different, so smaller differences mean nothing.
  Neighbouring measurements are nearly independent (autocorrelation +0.10), so they were resampled one by one.
  
  Verdict: RESOLVED. A is faster than B: the difference is real, as its interval excludes zero and it exceeds the noise floor.
  
  Warnings:
    - the program holds 147 MB of live data, more than the caches of many machines; for data that size, where it lies in memory can shift the result by several points in ways the interval does not cover, and differently in the next process; run the comparison in several processes with the multiproc package

build from empty to 52542 elements, per whole build (188700 operations):
  A: 4.079e+07 ns per operation (median)
  B: 6.062e+07 ns per operation (median)
  A needs 32.7% less time than B: B takes 1.49 times as long as A.
  With 95% confidence the difference lies between 32.3% and 34.1% less time (B takes between 1.48 and 1.52 times as long as A).
  Noise floor: 3.02%. Identical code measured against itself on this setup can look that different, so smaller differences mean nothing.
  Neighbouring measurements are nearly independent (autocorrelation -0.15), so they were resampled one by one.
  
  Verdict: RESOLVED. A is faster than B: the difference is real, as its interval excludes zero and it exceeds the noise floor.
  
  Warnings:
    - the program holds 136 MB of live data, more than the caches of many machines; for data that size, where it lies in memory can shift the result by several points in ways the interval does not cover, and differently in the next process; run the comparison in several processes with the multiproc package

== dirs multi n=16384 churn and build: ordered vs map-sets
steady state, per insertion or deletion in a structure of 52542 elements (cycle of 137396 operations, first pass untimed):
  A: 202 ns per operation (median)
  B: 112.2 ns per operation (median)
  A needs 80.5% more time than B: B takes only 0.55 times as long as A.
  With 95% confidence the difference lies between 73.4% and 86.4% more time (B takes between 0.537 and 0.58 times as long as A).
  Noise floor: 1.52%. Identical code measured against itself on this setup can look that different, so smaller differences mean nothing.
  Neighbouring measurements are correlated (autocorrelation +0.38), so they were resampled in blocks of 3.
  
  Verdict: RESOLVED. A is slower than B: the difference is real, as its interval excludes zero and it exceeds the noise floor.
  
  Warnings:
    - the program holds 147 MB of live data, more than the caches of many machines; for data that size, where it lies in memory can shift the result by several points in ways the interval does not cover, and differently in the next process; run the comparison in several processes with the multiproc package
    - candidate B drifted during the run: its measurements were 10.2% lower in the second half than in the first, so the machine did not hold still
    - the ratio B/A was 7.58% lower in the second half of the run than in the first, so the candidates had not reached a steady state and the difference depends on how long the run was; a common cause is a head start for whichever candidate ran alone last before the comparison or had its data built last, which a longer CollectOptions.WarmupDuration removes

build from empty to 52542 elements, per whole build (188700 operations):
  A: 4.043e+07 ns per operation (median)
  B: 2.091e+07 ns per operation (median)
  A needs 93.6% more time than B: B takes only 0.52 times as long as A.
  With 95% confidence the difference lies between 89.9% and 102% more time (B takes between 0.494 and 0.53 times as long as A).
  Noise floor: 2.98%. Identical code measured against itself on this setup can look that different, so smaller differences mean nothing.
  Neighbouring measurements are nearly independent (autocorrelation -0.12), so they were resampled one by one.
  
  Verdict: RESOLVED. A is slower than B: the difference is real, as its interval excludes zero and it exceeds the noise floor.
  
  Warnings:
    - the program holds 136 MB of live data, more than the caches of many machines; for data that size, where it lies in memory can shift the result by several points in ways the interval does not cover, and differently in the next process; run the comparison in several processes with the multiproc package

checksum 104757215307065
== dirs multi n=16384 valuesFor: ordered vs hashed
A: 111.4 ns per operation (median)
B: 36.04 ns per operation (median)
A needs 208% more time than B: B takes only 0.32 times as long as A.
With 95% confidence the difference lies between 202% and 212% more time (B takes between 0.321 and 0.33 times as long as A).
Noise floor: 0.755%. Identical code measured against itself on this setup can look that different, so smaller differences mean nothing.
Neighbouring measurements are nearly independent (autocorrelation +0.01), so they were resampled one by one.

Verdict: RESOLVED. A is slower than B: the difference is real, as its interval excludes zero and it exceeds the noise floor.

Warnings:
  - the program holds 99 MB of live data, more than the caches of many machines; for data that size, where it lies in memory can shift the result by several points in ways the interval does not cover, and differently in the next process; run the comparison in several processes with the multiproc package

== dirs multi n=16384 valuesFor: ordered vs btree-sets
A: 113.2 ns per operation (median)
B: 218.2 ns per operation (median)
A needs 48.1% less time than B: B takes 1.93 times as long as A.
With 95% confidence the difference lies between 47.3% and 49.1% less time (B takes between 1.9 and 1.97 times as long as A).
Noise floor: 1.11%. Identical code measured against itself on this setup can look that different, so smaller differences mean nothing.
Neighbouring measurements are nearly independent (autocorrelation +0.07), so they were resampled one by one.

Verdict: RESOLVED. A is faster than B: the difference is real, as its interval excludes zero and it exceeds the noise floor.

Warnings:
  - the program holds 99 MB of live data, more than the caches of many machines; for data that size, where it lies in memory can shift the result by several points in ways the interval does not cover, and differently in the next process; run the comparison in several processes with the multiproc package

== dirs multi n=16384 valuesFor: ordered vs map-sets
A: 112 ns per operation (median)
B: 83.28 ns per operation (median)
A needs 33.5% more time than B: B takes only 0.75 times as long as A.
With 95% confidence the difference lies between 31.8% and 35% more time (B takes between 0.741 and 0.76 times as long as A).
Noise floor: 2.15%. Identical code measured against itself on this setup can look that different, so smaller differences mean nothing.
Neighbouring measurements are nearly independent (autocorrelation -0.07), so they were resampled one by one.

Verdict: RESOLVED. A is slower than B: the difference is real, as its interval excludes zero and it exceeds the noise floor.

Warnings:
  - the program holds 99 MB of live data, more than the caches of many machines; for data that size, where it lies in memory can shift the result by several points in ways the interval does not cover, and differently in the next process; run the comparison in several processes with the multiproc package
  - in 50% of A/A runs this setup reported a difference between identical code, well above the 10% expected; treat any confidence from it with suspicion

== dirs multi n=16384 valuesBetween: ordered vs hashed
A: 3702 ns per operation (median)
B: 2.435e+05 ns per operation (median)
A needs 98.5% less time than B: B takes 65.69 times as long as A.
With 95% confidence the difference lies between 98.2% and 98.5% less time (B takes between 54.8 and 68.31 times as long as A).
Noise floor: 6.71%. Identical code measured against itself on this setup can look that different, so smaller differences mean nothing.
Neighbouring measurements are nearly independent (autocorrelation +0.03), so they were resampled one by one.

Verdict: RESOLVED. A is faster than B: the difference is real, as its interval excludes zero and it exceeds the noise floor.

Warnings:
  - the program holds 135 MB of live data, more than the caches of many machines; for data that size, where it lies in memory can shift the result by several points in ways the interval does not cover, and differently in the next process; run the comparison in several processes with the multiproc package

== dirs multi n=16384 valuesBetween: ordered vs btree-sets
A: 3389 ns per operation (median)
B: 6093 ns per operation (median)
A needs 44.9% less time than B: B takes 1.82 times as long as A.
With 95% confidence the difference lies between 43.6% and 45.3% less time (B takes between 1.77 and 1.83 times as long as A).
Noise floor: 0.503%. Identical code measured against itself on this setup can look that different, so smaller differences mean nothing.
Neighbouring measurements are nearly independent (autocorrelation +0.13), so they were resampled one by one.

Verdict: RESOLVED. A is faster than B: the difference is real, as its interval excludes zero and it exceeds the noise floor.

Warnings:
  - the program holds 135 MB of live data, more than the caches of many machines; for data that size, where it lies in memory can shift the result by several points in ways the interval does not cover, and differently in the next process; run the comparison in several processes with the multiproc package

== dirs multi n=16384 valuesBetween: ordered vs map-sets
A: 4054 ns per operation (median)
B: 2.352e+05 ns per operation (median)
A needs 98.3% less time than B: B takes 58.79 times as long as A.
With 95% confidence the difference lies between 98.2% and 98.5% less time (B takes between 54.3 and 65.15 times as long as A).
Noise floor: 9.56%. Identical code measured against itself on this setup can look that different, so smaller differences mean nothing.
Neighbouring measurements are nearly independent (autocorrelation +0.02), so they were resampled one by one.

Verdict: RESOLVED. A is faster than B: the difference is real, as its interval excludes zero and it exceeds the noise floor.

Warnings:
  - the program holds 135 MB of live data, more than the caches of many machines; for data that size, where it lies in memory can shift the result by several points in ways the interval does not cover, and differently in the next process; run the comparison in several processes with the multiproc package

== dirs multi n=16384 prefix: ordered vs hashed
A: 1.455e+04 ns per operation (median)
B: 2.546e+05 ns per operation (median)
A needs 94.2% less time than B: B takes 17.25 times as long as A.
With 95% confidence the difference lies between 93.2% and 94.7% less time (B takes between 14.7 and 18.98 times as long as A).
Noise floor: 16.7%. Identical code measured against itself on this setup can look that different, so smaller differences mean nothing.
Neighbouring measurements are nearly independent (autocorrelation -0.16), so they were resampled one by one.

Verdict: RESOLVED. A is faster than B: the difference is real, as its interval excludes zero and it exceeds the noise floor.

Warnings:
  - the program holds 135 MB of live data, more than the caches of many machines; for data that size, where it lies in memory can shift the result by several points in ways the interval does not cover, and differently in the next process; run the comparison in several processes with the multiproc package
  - candidate A drifted during the run: its measurements were 24.4% lower in the second half than in the first, so the machine did not hold still
  - the ratio B/A was 28.9% higher in the second half of the run than in the first, so the candidates had not reached a steady state and the difference depends on how long the run was; a common cause is a head start for whichever candidate ran alone last before the comparison or had its data built last, which a longer CollectOptions.WarmupDuration removes
  - in 100% of A/A runs this setup reported a difference between identical code, well above the 10% expected; treat any confidence from it with suspicion

== dirs multi n=16384 prefix: ordered vs btree-sets
A: 1.59e+04 ns per operation (median)
B: 3.364e+04 ns per operation (median)
A needs 53.7% less time than B: B takes 2.16 times as long as A.
With 95% confidence the difference lies between 52.5% and 55.4% less time (B takes between 2.11 and 2.24 times as long as A).
Noise floor: 16.1%. Identical code measured against itself on this setup can look that different, so smaller differences mean nothing.
Neighbouring measurements are nearly independent (autocorrelation -0.02), so they were resampled one by one.

Verdict: RESOLVED. A is faster than B: the difference is real, as its interval excludes zero and it exceeds the noise floor.

Warnings:
  - the program holds 135 MB of live data, more than the caches of many machines; for data that size, where it lies in memory can shift the result by several points in ways the interval does not cover, and differently in the next process; run the comparison in several processes with the multiproc package
  - in 50% of A/A runs this setup reported a difference between identical code, well above the 10% expected; treat any confidence from it with suspicion

== dirs multi n=16384 prefix: ordered vs map-sets
A: 1.648e+04 ns per operation (median)
B: 2.65e+05 ns per operation (median)
A needs 93.9% less time than B: B takes 16.50 times as long as A.
With 95% confidence the difference lies between 93.2% and 94.3% less time (B takes between 14.7 and 17.40 times as long as A).
Noise floor: 16.9%. Identical code measured against itself on this setup can look that different, so smaller differences mean nothing.
Neighbouring measurements are nearly independent (autocorrelation +0.01), so they were resampled one by one.

Verdict: RESOLVED. A is faster than B: the difference is real, as its interval excludes zero and it exceeds the noise floor.

Warnings:
  - the program holds 135 MB of live data, more than the caches of many machines; for data that size, where it lies in memory can shift the result by several points in ways the interval does not cover, and differently in the next process; run the comparison in several processes with the multiproc package
  - the ratio B/A was 22% higher in the second half of the run than in the first, so the candidates had not reached a steady state and the difference depends on how long the run was; a common cause is a head start for whichever candidate ran alone last before the comparison or had its data built last, which a longer CollectOptions.WarmupDuration removes
  - in 50% of A/A runs this setup reported a difference between identical code, well above the 10% expected; treat any confidence from it with suspicion

== dirs multi n=16384 churn and build: ordered vs hashed
steady state, per insertion or deletion in a structure of 52542 elements (cycle of 137396 operations, first pass untimed):
  A: 193.1 ns per operation (median)
  B: 78.71 ns per operation (median)
  A needs 145% more time than B: B takes only 0.41 times as long as A.
  With 95% confidence the difference lies between 139% and 150% more time (B takes between 0.4 and 0.42 times as long as A).
  Noise floor: 1.1%. Identical code measured against itself on this setup can look that different, so smaller differences mean nothing.
  Neighbouring measurements are correlated (autocorrelation +0.23), so they were resampled in blocks of 3.
  
  Verdict: RESOLVED. A is slower than B: the difference is real, as its interval excludes zero and it exceeds the noise floor.
  
  Warnings:
    - the program holds 145 MB of live data, more than the caches of many machines; for data that size, where it lies in memory can shift the result by several points in ways the interval does not cover, and differently in the next process; run the comparison in several processes with the multiproc package

build from empty to 52542 elements, per whole build (188700 operations):
  A: 3.916e+07 ns per operation (median)
  B: 1.686e+07 ns per operation (median)
  A needs 134% more time than B: B takes only 0.43 times as long as A.
  With 95% confidence the difference lies between 130% and 145% more time (B takes between 0.408 and 0.44 times as long as A).
  Noise floor: 1.85%. Identical code measured against itself on this setup can look that different, so smaller differences mean nothing.
  Neighbouring measurements are nearly independent (autocorrelation -0.13), so they were resampled one by one.
  
  Verdict: RESOLVED. A is slower than B: the difference is real, as its interval excludes zero and it exceeds the noise floor.
  
  Warnings:
    - the program holds 136 MB of live data, more than the caches of many machines; for data that size, where it lies in memory can shift the result by several points in ways the interval does not cover, and differently in the next process; run the comparison in several processes with the multiproc package
    - in 50% of A/A runs this setup reported a difference between identical code, well above the 10% expected; treat any confidence from it with suspicion

== dirs multi n=16384 churn and build: ordered vs btree-sets
steady state, per insertion or deletion in a structure of 52542 elements (cycle of 137396 operations, first pass untimed):
  A: 199.3 ns per operation (median)
  B: 326 ns per operation (median)
  A needs 37.8% less time than B: B takes 1.61 times as long as A.
  With 95% confidence the difference lies between 37.4% and 40.2% less time (B takes between 1.6 and 1.67 times as long as A).
  Noise floor: 3.46%. Identical code measured against itself on this setup can look that different, so smaller differences mean nothing.
  Neighbouring measurements are nearly independent (autocorrelation +0.18), so they were resampled one by one.
  
  Verdict: RESOLVED. A is faster than B: the difference is real, as its interval excludes zero and it exceeds the noise floor.
  
  Warnings:
    - the program holds 147 MB of live data, more than the caches of many machines; for data that size, where it lies in memory can shift the result by several points in ways the interval does not cover, and differently in the next process; run the comparison in several processes with the multiproc package
    - in 50% of A/A runs this setup reported a difference between identical code, well above the 10% expected; treat any confidence from it with suspicion

build from empty to 52542 elements, per whole build (188700 operations):
  A: 4.072e+07 ns per operation (median)
  B: 6.069e+07 ns per operation (median)
  A needs 33.4% less time than B: B takes 1.50 times as long as A.
  With 95% confidence the difference lies between 32.2% and 34.3% less time (B takes between 1.47 and 1.52 times as long as A).
  Noise floor: 2.39%. Identical code measured against itself on this setup can look that different, so smaller differences mean nothing.
  Neighbouring measurements are nearly independent (autocorrelation -0.06), so they were resampled one by one.
  
  Verdict: RESOLVED. A is faster than B: the difference is real, as its interval excludes zero and it exceeds the noise floor.
  
  Warnings:
    - the program holds 136 MB of live data, more than the caches of many machines; for data that size, where it lies in memory can shift the result by several points in ways the interval does not cover, and differently in the next process; run the comparison in several processes with the multiproc package

== dirs multi n=16384 churn and build: ordered vs map-sets
steady state, per insertion or deletion in a structure of 52542 elements (cycle of 137396 operations, first pass untimed):
  A: 200.6 ns per operation (median)
  B: 105.2 ns per operation (median)
  A needs 91.8% more time than B: B takes only 0.52 times as long as A.
  With 95% confidence the difference lies between 76.9% and 99% more time (B takes between 0.502 and 0.57 times as long as A).
  Noise floor: 2.11%. Identical code measured against itself on this setup can look that different, so smaller differences mean nothing.
  Neighbouring measurements are correlated (autocorrelation +0.25), so they were resampled in blocks of 3.
  
  Verdict: RESOLVED. A is slower than B: the difference is real, as its interval excludes zero and it exceeds the noise floor.
  
  Warnings:
    - the program holds 148 MB of live data, more than the caches of many machines; for data that size, where it lies in memory can shift the result by several points in ways the interval does not cover, and differently in the next process; run the comparison in several processes with the multiproc package
    - candidate B drifted during the run: its measurements were 14% lower in the second half than in the first, so the machine did not hold still
    - the ratio B/A was 12.2% lower in the second half of the run than in the first, so the candidates had not reached a steady state and the difference depends on how long the run was; a common cause is a head start for whichever candidate ran alone last before the comparison or had its data built last, which a longer CollectOptions.WarmupDuration removes

build from empty to 52542 elements, per whole build (188700 operations):
  A: 3.944e+07 ns per operation (median)
  B: 2.181e+07 ns per operation (median)
  A needs 80.2% more time than B: B takes only 0.55 times as long as A.
  With 95% confidence the difference lies between 74.9% and 83.8% more time (B takes between 0.544 and 0.57 times as long as A).
  Noise floor: 4.35%. Identical code measured against itself on this setup can look that different, so smaller differences mean nothing.
  Neighbouring measurements are nearly independent (autocorrelation +0.08), so they were resampled one by one.
  
  Verdict: RESOLVED. A is slower than B: the difference is real, as its interval excludes zero and it exceeds the noise floor.
  
  Warnings:
    - the program holds 136 MB of live data, more than the caches of many machines; for data that size, where it lies in memory can shift the result by several points in ways the interval does not cover, and differently in the next process; run the comparison in several processes with the multiproc package

checksum 104907817772054
== dirs multi n=16384 valuesFor: ordered vs hashed
A: 110.2 ns per operation (median)
B: 36.25 ns per operation (median)
A needs 204% more time than B: B takes only 0.33 times as long as A.
With 95% confidence the difference lies between 200% and 207% more time (B takes between 0.326 and 0.33 times as long as A).
Noise floor: 0.608%. Identical code measured against itself on this setup can look that different, so smaller differences mean nothing.
Neighbouring measurements are nearly independent (autocorrelation +0.05), so they were resampled one by one.

Verdict: RESOLVED. A is slower than B: the difference is real, as its interval excludes zero and it exceeds the noise floor.

Warnings:
  - the program holds 131 MB of live data, more than the caches of many machines; for data that size, where it lies in memory can shift the result by several points in ways the interval does not cover, and differently in the next process; run the comparison in several processes with the multiproc package

== dirs multi n=16384 valuesFor: ordered vs btree-sets
A: 113.1 ns per operation (median)
B: 220 ns per operation (median)
A needs 48.4% less time than B: B takes 1.94 times as long as A.
With 95% confidence the difference lies between 47.1% and 49.3% less time (B takes between 1.89 and 1.97 times as long as A).
Noise floor: 1.52%. Identical code measured against itself on this setup can look that different, so smaller differences mean nothing.
Neighbouring measurements are nearly independent (autocorrelation +0.18), so they were resampled one by one.

Verdict: RESOLVED. A is faster than B: the difference is real, as its interval excludes zero and it exceeds the noise floor.

Warnings:
  - the program holds 131 MB of live data, more than the caches of many machines; for data that size, where it lies in memory can shift the result by several points in ways the interval does not cover, and differently in the next process; run the comparison in several processes with the multiproc package

== dirs multi n=16384 valuesFor: ordered vs map-sets
A: 110.3 ns per operation (median)
B: 83.29 ns per operation (median)
A needs 32.4% more time than B: B takes only 0.76 times as long as A.
With 95% confidence the difference lies between 30.6% and 34.1% more time (B takes between 0.746 and 0.77 times as long as A).
Noise floor: 0.519%. Identical code measured against itself on this setup can look that different, so smaller differences mean nothing.
Neighbouring measurements are nearly independent (autocorrelation +0.09), so they were resampled one by one.

Verdict: RESOLVED. A is slower than B: the difference is real, as its interval excludes zero and it exceeds the noise floor.

Warnings:
  - the program holds 131 MB of live data, more than the caches of many machines; for data that size, where it lies in memory can shift the result by several points in ways the interval does not cover, and differently in the next process; run the comparison in several processes with the multiproc package

== dirs multi n=16384 valuesBetween: ordered vs hashed
A: 3583 ns per operation (median)
B: 2.445e+05 ns per operation (median)
A needs 98.5% less time than B: B takes 67.98 times as long as A.
With 95% confidence the difference lies between 98.3% and 98.6% less time (B takes between 59.7 and 69.42 times as long as A).
Noise floor: 2.25%. Identical code measured against itself on this setup can look that different, so smaller differences mean nothing.
Neighbouring measurements are nearly independent (autocorrelation -0.14), so they were resampled one by one.

Verdict: RESOLVED. A is faster than B: the difference is real, as its interval excludes zero and it exceeds the noise floor.

Warnings:
  - the program holds 131 MB of live data, more than the caches of many machines; for data that size, where it lies in memory can shift the result by several points in ways the interval does not cover, and differently in the next process; run the comparison in several processes with the multiproc package

== dirs multi n=16384 valuesBetween: ordered vs btree-sets
A: 3409 ns per operation (median)
B: 6109 ns per operation (median)
A needs 43.6% less time than B: B takes 1.77 times as long as A.
With 95% confidence the difference lies between 42.9% and 43.9% less time (B takes between 1.75 and 1.78 times as long as A).
Noise floor: 0.464%. Identical code measured against itself on this setup can look that different, so smaller differences mean nothing.
Neighbouring measurements are nearly independent (autocorrelation +0.14), so they were resampled one by one.

Verdict: RESOLVED. A is faster than B: the difference is real, as its interval excludes zero and it exceeds the noise floor.

Warnings:
  - the program holds 131 MB of live data, more than the caches of many machines; for data that size, where it lies in memory can shift the result by several points in ways the interval does not cover, and differently in the next process; run the comparison in several processes with the multiproc package
  - in 50% of A/A runs this setup reported a difference between identical code, well above the 10% expected; treat any confidence from it with suspicion

== dirs multi n=16384 valuesBetween: ordered vs map-sets
A: 3661 ns per operation (median)
B: 2.31e+05 ns per operation (median)
A needs 98.4% less time than B: B takes 63.55 times as long as A.
With 95% confidence the difference lies between 98.3% and 98.5% less time (B takes between 58.6 and 65.23 times as long as A).
Noise floor: 7.37%. Identical code measured against itself on this setup can look that different, so smaller differences mean nothing.
Neighbouring measurements are nearly independent (autocorrelation -0.14), so they were resampled one by one.

Verdict: RESOLVED. A is faster than B: the difference is real, as its interval excludes zero and it exceeds the noise floor.

Warnings:
  - the program holds 131 MB of live data, more than the caches of many machines; for data that size, where it lies in memory can shift the result by several points in ways the interval does not cover, and differently in the next process; run the comparison in several processes with the multiproc package

== dirs multi n=16384 prefix: ordered vs hashed
A: 1.557e+04 ns per operation (median)
B: 2.567e+05 ns per operation (median)
A needs 94.1% less time than B: B takes 16.88 times as long as A.
With 95% confidence the difference lies between 93.2% and 94.7% less time (B takes between 14.6 and 18.83 times as long as A).
Noise floor: 11.2%. Identical code measured against itself on this setup can look that different, so smaller differences mean nothing.
Neighbouring measurements are nearly independent (autocorrelation +0.05), so they were resampled one by one.

Verdict: RESOLVED. A is faster than B: the difference is real, as its interval excludes zero and it exceeds the noise floor.

Warnings:
  - the program holds 131 MB of live data, more than the caches of many machines; for data that size, where it lies in memory can shift the result by several points in ways the interval does not cover, and differently in the next process; run the comparison in several processes with the multiproc package
  - candidate A drifted during the run: its measurements were 24.7% lower in the second half than in the first, so the machine did not hold still
  - the ratio B/A was 34.3% higher in the second half of the run than in the first, so the candidates had not reached a steady state and the difference depends on how long the run was; a common cause is a head start for whichever candidate ran alone last before the comparison or had its data built last, which a longer CollectOptions.WarmupDuration removes
  - in 50% of A/A runs this setup reported a difference between identical code, well above the 10% expected; treat any confidence from it with suspicion

== dirs multi n=16384 prefix: ordered vs btree-sets
A: 1.516e+04 ns per operation (median)
B: 3.551e+04 ns per operation (median)
A needs 54% less time than B: B takes 2.17 times as long as A.
With 95% confidence the difference lies between 52% and 56% less time (B takes between 2.08 and 2.27 times as long as A).
Noise floor: 19%. Identical code measured against itself on this setup can look that different, so smaller differences mean nothing.
Neighbouring measurements are nearly independent (autocorrelation -0.02), so they were resampled one by one.

Verdict: RESOLVED. A is faster than B: the difference is real, as its interval excludes zero and it exceeds the noise floor.

Warnings:
  - the program holds 131 MB of live data, more than the caches of many machines; for data that size, where it lies in memory can shift the result by several points in ways the interval does not cover, and differently in the next process; run the comparison in several processes with the multiproc package
  - in 50% of A/A runs this setup reported a difference between identical code, well above the 10% expected; treat any confidence from it with suspicion

== dirs multi n=16384 prefix: ordered vs map-sets
A: 1.561e+04 ns per operation (median)
B: 2.6e+05 ns per operation (median)
A needs 94% less time than B: B takes 16.71 times as long as A.
With 95% confidence the difference lies between 93.1% and 94.9% less time (B takes between 14.6 and 19.68 times as long as A).
Noise floor: 9.14%. Identical code measured against itself on this setup can look that different, so smaller differences mean nothing.
Neighbouring measurements are nearly independent (autocorrelation +0.09), so they were resampled one by one.

Verdict: RESOLVED. A is faster than B: the difference is real, as its interval excludes zero and it exceeds the noise floor.

Warnings:
  - the program holds 131 MB of live data, more than the caches of many machines; for data that size, where it lies in memory can shift the result by several points in ways the interval does not cover, and differently in the next process; run the comparison in several processes with the multiproc package

== dirs multi n=16384 churn and build: ordered vs hashed
steady state, per insertion or deletion in a structure of 52542 elements (cycle of 137396 operations, first pass untimed):
  A: 195.3 ns per operation (median)
  B: 77.85 ns per operation (median)
  A needs 143% more time than B: B takes only 0.41 times as long as A.
  With 95% confidence the difference lies between 131% and 150% more time (B takes between 0.401 and 0.43 times as long as A).
  Noise floor: 1.59%. Identical code measured against itself on this setup can look that different, so smaller differences mean nothing.
  Neighbouring measurements are nearly independent (autocorrelation +0.11), so they were resampled one by one.
  
  Verdict: RESOLVED. A is slower than B: the difference is real, as its interval excludes zero and it exceeds the noise floor.
  
  Warnings:
    - the program holds 145 MB of live data, more than the caches of many machines; for data that size, where it lies in memory can shift the result by several points in ways the interval does not cover, and differently in the next process; run the comparison in several processes with the multiproc package
    - candidate B drifted during the run: its measurements were 17.2% higher in the second half than in the first, so the machine did not hold still
    - the ratio B/A was 12.3% higher in the second half of the run than in the first, so the candidates had not reached a steady state and the difference depends on how long the run was; a common cause is a head start for whichever candidate ran alone last before the comparison or had its data built last, which a longer CollectOptions.WarmupDuration removes
    - in 50% of A/A runs this setup reported a difference between identical code, well above the 10% expected; treat any confidence from it with suspicion

build from empty to 52542 elements, per whole build (188700 operations):
  A: 3.948e+07 ns per operation (median)
  B: 1.634e+07 ns per operation (median)
  A needs 140% more time than B: B takes only 0.42 times as long as A.
  With 95% confidence the difference lies between 134% and 147% more time (B takes between 0.404 and 0.43 times as long as A).
  Noise floor: 2.47%. Identical code measured against itself on this setup can look that different, so smaller differences mean nothing.
  Neighbouring measurements are nearly independent (autocorrelation -0.15), so they were resampled one by one.
  
  Verdict: RESOLVED. A is slower than B: the difference is real, as its interval excludes zero and it exceeds the noise floor.
  
  Warnings:
    - the program holds 136 MB of live data, more than the caches of many machines; for data that size, where it lies in memory can shift the result by several points in ways the interval does not cover, and differently in the next process; run the comparison in several processes with the multiproc package
    - in 50% of A/A runs this setup reported a difference between identical code, well above the 10% expected; treat any confidence from it with suspicion

== dirs multi n=16384 churn and build: ordered vs btree-sets
steady state, per insertion or deletion in a structure of 52542 elements (cycle of 137396 operations, first pass untimed):
  A: 203.8 ns per operation (median)
  B: 323.8 ns per operation (median)
  A needs 37.7% less time than B: B takes 1.61 times as long as A.
  With 95% confidence the difference lies between 35.4% and 39.8% less time (B takes between 1.55 and 1.66 times as long as A).
  Noise floor: 2.54%. Identical code measured against itself on this setup can look that different, so smaller differences mean nothing.
  Neighbouring measurements are correlated (autocorrelation +0.33), so they were resampled in blocks of 3.
  
  Verdict: RESOLVED. A is faster than B: the difference is real, as its interval excludes zero and it exceeds the noise floor.
  
  Warnings:
    - the program holds 147 MB of live data, more than the caches of many machines; for data that size, where it lies in memory can shift the result by several points in ways the interval does not cover, and differently in the next process; run the comparison in several processes with the multiproc package

build from empty to 52542 elements, per whole build (188700 operations):
  A: 4.073e+07 ns per operation (median)
  B: 6.035e+07 ns per operation (median)
  A needs 32.3% less time than B: B takes 1.48 times as long as A.
  With 95% confidence the difference lies between 31.5% and 33.7% less time (B takes between 1.46 and 1.51 times as long as A).
  Noise floor: 1.99%. Identical code measured against itself on this setup can look that different, so smaller differences mean nothing.
  Neighbouring measurements are nearly independent (autocorrelation -0.07), so they were resampled one by one.
  
  Verdict: RESOLVED. A is faster than B: the difference is real, as its interval excludes zero and it exceeds the noise floor.
  
  Warnings:
    - the program holds 136 MB of live data, more than the caches of many machines; for data that size, where it lies in memory can shift the result by several points in ways the interval does not cover, and differently in the next process; run the comparison in several processes with the multiproc package

== dirs multi n=16384 churn and build: ordered vs map-sets
steady state, per insertion or deletion in a structure of 52542 elements (cycle of 137396 operations, first pass untimed):
  A: 192.8 ns per operation (median)
  B: 95.91 ns per operation (median)
  A needs 104% more time than B: B takes only 0.49 times as long as A.
  With 95% confidence the difference lies between 97.7% and 107% more time (B takes between 0.483 and 0.51 times as long as A).
  Noise floor: 1.92%. Identical code measured against itself on this setup can look that different, so smaller differences mean nothing.
  Neighbouring measurements are nearly independent (autocorrelation +0.19), so they were resampled one by one.
  
  Verdict: RESOLVED. A is slower than B: the difference is real, as its interval excludes zero and it exceeds the noise floor.
  
  Warnings:
    - the program holds 147 MB of live data, more than the caches of many machines; for data that size, where it lies in memory can shift the result by several points in ways the interval does not cover, and differently in the next process; run the comparison in several processes with the multiproc package

build from empty to 52542 elements, per whole build (188700 operations):
  A: 4.035e+07 ns per operation (median)
  B: 2.184e+07 ns per operation (median)
  A needs 86.9% more time than B: B takes only 0.54 times as long as A.
  With 95% confidence the difference lies between 77.4% and 92.3% more time (B takes between 0.52 and 0.56 times as long as A).
  Noise floor: 3.39%. Identical code measured against itself on this setup can look that different, so smaller differences mean nothing.
  Neighbouring measurements are nearly independent (autocorrelation +0.11), so they were resampled one by one.
  
  Verdict: RESOLVED. A is slower than B: the difference is real, as its interval excludes zero and it exceeds the noise floor.
  
  Warnings:
    - the program holds 136 MB of live data, more than the caches of many machines; for data that size, where it lies in memory can shift the result by several points in ways the interval does not cover, and differently in the next process; run the comparison in several processes with the multiproc package
    - in 50% of A/A runs this setup reported a difference between identical code, well above the 10% expected; treat any confidence from it with suspicion

checksum 107688304252517
== dirs multi n=16384 valuesFor: ordered vs hashed
A: 111.7 ns per operation (median)
B: 36.06 ns per operation (median)
A needs 206% more time than B: B takes only 0.33 times as long as A.
With 95% confidence the difference lies between 201% and 211% more time (B takes between 0.322 and 0.33 times as long as A).
Noise floor: 1.15%. Identical code measured against itself on this setup can look that different, so smaller differences mean nothing.
Neighbouring measurements are nearly independent (autocorrelation -0.04), so they were resampled one by one.

Verdict: RESOLVED. A is slower than B: the difference is real, as its interval excludes zero and it exceeds the noise floor.

Warnings:
  - the program holds 108 MB of live data, more than the caches of many machines; for data that size, where it lies in memory can shift the result by several points in ways the interval does not cover, and differently in the next process; run the comparison in several processes with the multiproc package
  - 5.9% of bootstrap replicates tied, so the measurement is coarse relative to the question; lower CollectOptions.MaxQuantizationError to lengthen the batches

== dirs multi n=16384 valuesFor: ordered vs btree-sets
A: 113.4 ns per operation (median)
B: 219.8 ns per operation (median)
A needs 48.3% less time than B: B takes 1.93 times as long as A.
With 95% confidence the difference lies between 48.1% and 49.4% less time (B takes between 1.93 and 1.98 times as long as A).
Noise floor: 1.44%. Identical code measured against itself on this setup can look that different, so smaller differences mean nothing.
Neighbouring measurements are correlated (autocorrelation +0.24), so they were resampled in blocks of 3.

Verdict: RESOLVED. A is faster than B: the difference is real, as its interval excludes zero and it exceeds the noise floor.

Warnings:
  - the program holds 108 MB of live data, more than the caches of many machines; for data that size, where it lies in memory can shift the result by several points in ways the interval does not cover, and differently in the next process; run the comparison in several processes with the multiproc package

== dirs multi n=16384 valuesFor: ordered vs map-sets
A: 111.6 ns per operation (median)
B: 84.5 ns per operation (median)
A needs 31% more time than B: B takes only 0.76 times as long as A.
With 95% confidence the difference lies between 29.9% and 34.2% more time (B takes between 0.745 and 0.77 times as long as A).
Noise floor: 1.18%. Identical code measured against itself on this setup can look that different, so smaller differences mean nothing.
Neighbouring measurements are correlated (autocorrelation +0.30), so they were resampled in blocks of 3.

Verdict: RESOLVED. A is slower than B: the difference is real, as its interval excludes zero and it exceeds the noise floor.

Warnings:
  - the program holds 108 MB of live data, more than the caches of many machines; for data that size, where it lies in memory can shift the result by several points in ways the interval does not cover, and differently in the next process; run the comparison in several processes with the multiproc package
  - in 50% of A/A runs this setup reported a difference between identical code, well above the 10% expected; treat any confidence from it with suspicion

== dirs multi n=16384 valuesBetween: ordered vs hashed
A: 3958 ns per operation (median)
B: 2.452e+05 ns per operation (median)
A needs 98.4% less time than B: B takes 61.82 times as long as A.
With 95% confidence the difference lies between 98.3% and 98.5% less time (B takes between 58.4 and 67.45 times as long as A).
Noise floor: 4.23%. Identical code measured against itself on this setup can look that different, so smaller differences mean nothing.
Neighbouring measurements are nearly independent (autocorrelation -0.16), so they were resampled one by one.

Verdict: RESOLVED. A is faster than B: the difference is real, as its interval excludes zero and it exceeds the noise floor.

Warnings:
  - the program holds 108 MB of live data, more than the caches of many machines; for data that size, where it lies in memory can shift the result by several points in ways the interval does not cover, and differently in the next process; run the comparison in several processes with the multiproc package

== dirs multi n=16384 valuesBetween: ordered vs btree-sets
A: 3390 ns per operation (median)
B: 6117 ns per operation (median)
A needs 44.4% less time than B: B takes 1.80 times as long as A.
With 95% confidence the difference lies between 43.8% and 45% less time (B takes between 1.78 and 1.82 times as long as A).
Noise floor: 1.29%. Identical code measured against itself on this setup can look that different, so smaller differences mean nothing.
Neighbouring measurements are nearly independent (autocorrelation +0.13), so they were resampled one by one.

Verdict: RESOLVED. A is faster than B: the difference is real, as its interval excludes zero and it exceeds the noise floor.

Warnings:
  - the program holds 108 MB of live data, more than the caches of many machines; for data that size, where it lies in memory can shift the result by several points in ways the interval does not cover, and differently in the next process; run the comparison in several processes with the multiproc package
  - in 50% of A/A runs this setup reported a difference between identical code, well above the 10% expected; treat any confidence from it with suspicion

== dirs multi n=16384 valuesBetween: ordered vs map-sets
A: 4076 ns per operation (median)
B: 2.332e+05 ns per operation (median)
A needs 98.3% less time than B: B takes 59.81 times as long as A.
With 95% confidence the difference lies between 98.1% and 98.4% less time (B takes between 51.3 and 63.43 times as long as A).
Noise floor: 5.45%. Identical code measured against itself on this setup can look that different, so smaller differences mean nothing.
Neighbouring measurements are nearly independent (autocorrelation +0.00), so they were resampled one by one.

Verdict: RESOLVED. A is faster than B: the difference is real, as its interval excludes zero and it exceeds the noise floor.

Warnings:
  - the program holds 108 MB of live data, more than the caches of many machines; for data that size, where it lies in memory can shift the result by several points in ways the interval does not cover, and differently in the next process; run the comparison in several processes with the multiproc package

== dirs multi n=16384 prefix: ordered vs hashed
A: 1.658e+04 ns per operation (median)
B: 2.589e+05 ns per operation (median)
A needs 93.5% less time than B: B takes 15.29 times as long as A.
With 95% confidence the difference lies between 93.1% and 94.5% less time (B takes between 14.5 and 18.10 times as long as A).
Noise floor: 16.4%. Identical code measured against itself on this setup can look that different, so smaller differences mean nothing.
Neighbouring measurements are nearly independent (autocorrelation -0.04), so they were resampled one by one.

Verdict: RESOLVED. A is faster than B: the difference is real, as its interval excludes zero and it exceeds the noise floor.

Warnings:
  - the program holds 134 MB of live data, more than the caches of many machines; for data that size, where it lies in memory can shift the result by several points in ways the interval does not cover, and differently in the next process; run the comparison in several processes with the multiproc package
  - candidate A drifted during the run: its measurements were 21.2% lower in the second half than in the first, so the machine did not hold still
  - the ratio B/A was 24% higher in the second half of the run than in the first, so the candidates had not reached a steady state and the difference depends on how long the run was; a common cause is a head start for whichever candidate ran alone last before the comparison or had its data built last, which a longer CollectOptions.WarmupDuration removes
  - in 50% of A/A runs this setup reported a difference between identical code, well above the 10% expected; treat any confidence from it with suspicion

== dirs multi n=16384 prefix: ordered vs btree-sets
A: 1.539e+04 ns per operation (median)
B: 3.376e+04 ns per operation (median)
A needs 53.6% less time than B: B takes 2.15 times as long as A.
With 95% confidence the difference lies between 51.1% and 56.3% less time (B takes between 2.04 and 2.29 times as long as A).
Noise floor: 13.2%. Identical code measured against itself on this setup can look that different, so smaller differences mean nothing.
Neighbouring measurements are nearly independent (autocorrelation -0.05), so they were resampled one by one.

Verdict: RESOLVED. A is faster than B: the difference is real, as its interval excludes zero and it exceeds the noise floor.

Warnings:
  - the program holds 134 MB of live data, more than the caches of many machines; for data that size, where it lies in memory can shift the result by several points in ways the interval does not cover, and differently in the next process; run the comparison in several processes with the multiproc package
  - in 50% of A/A runs this setup reported a difference between identical code, well above the 10% expected; treat any confidence from it with suspicion

== dirs multi n=16384 prefix: ordered vs map-sets
A: 1.505e+04 ns per operation (median)
B: 2.608e+05 ns per operation (median)
A needs 94.2% less time than B: B takes 17.21 times as long as A.
With 95% confidence the difference lies between 94% and 94.9% less time (B takes between 16.6 and 19.45 times as long as A).
Noise floor: 10.9%. Identical code measured against itself on this setup can look that different, so smaller differences mean nothing.
Neighbouring measurements are nearly independent (autocorrelation +0.09), so they were resampled one by one.

Verdict: RESOLVED. A is faster than B: the difference is real, as its interval excludes zero and it exceeds the noise floor.

Warnings:
  - the program holds 134 MB of live data, more than the caches of many machines; for data that size, where it lies in memory can shift the result by several points in ways the interval does not cover, and differently in the next process; run the comparison in several processes with the multiproc package
  - in 50% of A/A runs this setup reported a difference between identical code, well above the 10% expected; treat any confidence from it with suspicion

== dirs multi n=16384 churn and build: ordered vs hashed
steady state, per insertion or deletion in a structure of 52542 elements (cycle of 137396 operations, first pass untimed):
  A: 191.5 ns per operation (median)
  B: 78.48 ns per operation (median)
  A needs 145% more time than B: B takes only 0.41 times as long as A.
  With 95% confidence the difference lies between 142% and 148% more time (B takes between 0.403 and 0.41 times as long as A).
  Noise floor: 1.11%. Identical code measured against itself on this setup can look that different, so smaller differences mean nothing.
  Neighbouring measurements are correlated (autocorrelation +0.30), so they were resampled in blocks of 3.
  
  Verdict: RESOLVED. A is slower than B: the difference is real, as its interval excludes zero and it exceeds the noise floor.
  
  Warnings:
    - the program holds 145 MB of live data, more than the caches of many machines; for data that size, where it lies in memory can shift the result by several points in ways the interval does not cover, and differently in the next process; run the comparison in several processes with the multiproc package
    - in 50% of A/A runs this setup reported a difference between identical code, well above the 10% expected; treat any confidence from it with suspicion

build from empty to 52542 elements, per whole build (188700 operations):
  A: 3.969e+07 ns per operation (median)
  B: 1.668e+07 ns per operation (median)
  A needs 139% more time than B: B takes only 0.42 times as long as A.
  With 95% confidence the difference lies between 132% and 143% more time (B takes between 0.412 and 0.43 times as long as A).
  Noise floor: 1.81%. Identical code measured against itself on this setup can look that different, so smaller differences mean nothing.
  Neighbouring measurements are nearly independent (autocorrelation +0.19), so they were resampled one by one.
  
  Verdict: RESOLVED. A is slower than B: the difference is real, as its interval excludes zero and it exceeds the noise floor.
  
  Warnings:
    - the program holds 137 MB of live data, more than the caches of many machines; for data that size, where it lies in memory can shift the result by several points in ways the interval does not cover, and differently in the next process; run the comparison in several processes with the multiproc package

== dirs multi n=16384 churn and build: ordered vs btree-sets
steady state, per insertion or deletion in a structure of 52542 elements (cycle of 137396 operations, first pass untimed):
  A: 206.5 ns per operation (median)
  B: 333.4 ns per operation (median)
  A needs 38.2% less time than B: B takes 1.62 times as long as A.
  With 95% confidence the difference lies between 35.9% and 39.8% less time (B takes between 1.56 and 1.66 times as long as A).
  Noise floor: 2.13%. Identical code measured against itself on this setup can look that different, so smaller differences mean nothing.
  Neighbouring measurements are correlated (autocorrelation +0.24), so they were resampled in blocks of 3.
  
  Verdict: RESOLVED. A is faster than B: the difference is real, as its interval excludes zero and it exceeds the noise floor.
  
  Warnings:
    - the program holds 147 MB of live data, more than the caches of many machines; for data that size, where it lies in memory can shift the result by several points in ways the interval does not cover, and differently in the next process; run the comparison in several processes with the multiproc package

build from empty to 52542 elements, per whole build (188700 operations):
  A: 4.059e+07 ns per operation (median)
  B: 6.025e+07 ns per operation (median)
  A needs 33.8% less time than B: B takes 1.51 times as long as A.
  With 95% confidence the difference lies between 32.1% and 34.2% less time (B takes between 1.47 and 1.52 times as long as A).
  Noise floor: 1.09%. Identical code measured against itself on this setup can look that different, so smaller differences mean nothing.
  Neighbouring measurements are nearly independent (autocorrelation -0.09), so they were resampled one by one.
  
  Verdict: RESOLVED. A is faster than B: the difference is real, as its interval excludes zero and it exceeds the noise floor.
  
  Warnings:
    - the program holds 137 MB of live data, more than the caches of many machines; for data that size, where it lies in memory can shift the result by several points in ways the interval does not cover, and differently in the next process; run the comparison in several processes with the multiproc package

== dirs multi n=16384 churn and build: ordered vs map-sets
steady state, per insertion or deletion in a structure of 52542 elements (cycle of 137396 operations, first pass untimed):
  A: 199.7 ns per operation (median)
  B: 108.7 ns per operation (median)
  A needs 81.4% more time than B: B takes only 0.55 times as long as A.
  With 95% confidence the difference lies between 77% and 88.8% more time (B takes between 0.53 and 0.56 times as long as A).
  Noise floor: 1.25%. Identical code measured against itself on this setup can look that different, so smaller differences mean nothing.
  Neighbouring measurements are correlated (autocorrelation +0.61), so they were resampled in blocks of 3.
  
  Verdict: RESOLVED. A is slower than B: the difference is real, as its interval excludes zero and it exceeds the noise floor.
  
  Warnings:
    - the program holds 147 MB of live data, more than the caches of many machines; for data that size, where it lies in memory can shift the result by several points in ways the interval does not cover, and differently in the next process; run the comparison in several processes with the multiproc package
    - in 50% of A/A runs this setup reported a difference between identical code, well above the 10% expected; treat any confidence from it with suspicion

build from empty to 52542 elements, per whole build (188700 operations):
  A: 4.05e+07 ns per operation (median)
  B: 2.308e+07 ns per operation (median)
  A needs 74.8% more time than B: B takes only 0.57 times as long as A.
  With 95% confidence the difference lies between 72.5% and 79.9% more time (B takes between 0.556 and 0.58 times as long as A).
  Noise floor: 1.95%. Identical code measured against itself on this setup can look that different, so smaller differences mean nothing.
  Neighbouring measurements are nearly independent (autocorrelation +0.07), so they were resampled one by one.
  
  Verdict: RESOLVED. A is slower than B: the difference is real, as its interval excludes zero and it exceeds the noise floor.
  
  Warnings:
    - the program holds 137 MB of live data, more than the caches of many machines; for data that size, where it lies in memory can shift the result by several points in ways the interval does not cover, and differently in the next process; run the comparison in several processes with the multiproc package

checksum 106205507167964
== dirs multi n=16384 valuesFor: ordered vs hashed
A: 112.8 ns per operation (median)
B: 35.52 ns per operation (median)
A needs 220% more time than B: B takes only 0.31 times as long as A.
With 95% confidence the difference lies between 211% and 222% more time (B takes between 0.311 and 0.32 times as long as A).
Noise floor: 1.1%. Identical code measured against itself on this setup can look that different, so smaller differences mean nothing.
Neighbouring measurements are nearly independent (autocorrelation +0.07), so they were resampled one by one.

Verdict: RESOLVED. A is slower than B: the difference is real, as its interval excludes zero and it exceeds the noise floor.

Warnings:
  - the program holds 129 MB of live data, more than the caches of many machines; for data that size, where it lies in memory can shift the result by several points in ways the interval does not cover, and differently in the next process; run the comparison in several processes with the multiproc package

== dirs multi n=16384 valuesFor: ordered vs btree-sets
A: 117.7 ns per operation (median)
B: 225 ns per operation (median)
A needs 47% less time than B: B takes 1.89 times as long as A.
With 95% confidence the difference lies between 46.1% and 47.9% less time (B takes between 1.85 and 1.92 times as long as A).
Noise floor: 1.46%. Identical code measured against itself on this setup can look that different, so smaller differences mean nothing.
Neighbouring measurements are nearly independent (autocorrelation +0.08), so they were resampled one by one.

Verdict: RESOLVED. A is faster than B: the difference is real, as its interval excludes zero and it exceeds the noise floor.

Warnings:
  - the program holds 129 MB of live data, more than the caches of many machines; for data that size, where it lies in memory can shift the result by several points in ways the interval does not cover, and differently in the next process; run the comparison in several processes with the multiproc package
  - candidate A drifted during the run: its measurements were 4.28% lower in the second half than in the first, so the machine did not hold still
  - candidate B drifted during the run: its measurements were 6.14% lower in the second half than in the first, so the machine did not hold still
  - in 50% of A/A runs this setup reported a difference between identical code, well above the 10% expected; treat any confidence from it with suspicion

== dirs multi n=16384 valuesFor: ordered vs map-sets
A: 112.5 ns per operation (median)
B: 83.87 ns per operation (median)
A needs 32.6% more time than B: B takes only 0.75 times as long as A.
With 95% confidence the difference lies between 32% and 34.2% more time (B takes between 0.745 and 0.76 times as long as A).
Noise floor: 1.09%. Identical code measured against itself on this setup can look that different, so smaller differences mean nothing.
Neighbouring measurements are nearly independent (autocorrelation -0.05), so they were resampled one by one.

Verdict: RESOLVED. A is slower than B: the difference is real, as its interval excludes zero and it exceeds the noise floor.

Warnings:
  - the program holds 129 MB of live data, more than the caches of many machines; for data that size, where it lies in memory can shift the result by several points in ways the interval does not cover, and differently in the next process; run the comparison in several processes with the multiproc package

== dirs multi n=16384 valuesBetween: ordered vs hashed
A: 3978 ns per operation (median)
B: 2.423e+05 ns per operation (median)
A needs 98.4% less time than B: B takes 61.32 times as long as A.
With 95% confidence the difference lies between 98.2% and 98.5% less time (B takes between 57 and 65.74 times as long as A).
Noise floor: 3.14%. Identical code measured against itself on this setup can look that different, so smaller differences mean nothing.
Neighbouring measurements are nearly independent (autocorrelation -0.08), so they were resampled one by one.

Verdict: RESOLVED. A is faster than B: the difference is real, as its interval excludes zero and it exceeds the noise floor.

Warnings:
  - the program holds 129 MB of live data, more than the caches of many machines; for data that size, where it lies in memory can shift the result by several points in ways the interval does not cover, and differently in the next process; run the comparison in several processes with the multiproc package

== dirs multi n=16384 valuesBetween: ordered vs btree-sets
A: 3423 ns per operation (median)
B: 6124 ns per operation (median)
A needs 44.3% less time than B: B takes 1.79 times as long as A.
With 95% confidence the difference lies between 43.2% and 44.7% less time (B takes between 1.76 and 1.81 times as long as A).
Noise floor: 0.57%. Identical code measured against itself on this setup can look that different, so smaller differences mean nothing.
Neighbouring measurements are nearly independent (autocorrelation -0.01), so they were resampled one by one.

Verdict: RESOLVED. A is faster than B: the difference is real, as its interval excludes zero and it exceeds the noise floor.

Warnings:
  - the program holds 129 MB of live data, more than the caches of many machines; for data that size, where it lies in memory can shift the result by several points in ways the interval does not cover, and differently in the next process; run the comparison in several processes with the multiproc package

== dirs multi n=16384 valuesBetween: ordered vs map-sets
A: 3632 ns per operation (median)
B: 2.317e+05 ns per operation (median)
A needs 98.5% less time than B: B takes 64.66 times as long as A.
With 95% confidence the difference lies between 98.2% and 98.5% less time (B takes between 55.1 and 65.66 times as long as A).
Noise floor: 7.78%. Identical code measured against itself on this setup can look that different, so smaller differences mean nothing.
Neighbouring measurements are nearly independent (autocorrelation +0.09), so they were resampled one by one.

Verdict: RESOLVED. A is faster than B: the difference is real, as its interval excludes zero and it exceeds the noise floor.

Warnings:
  - the program holds 129 MB of live data, more than the caches of many machines; for data that size, where it lies in memory can shift the result by several points in ways the interval does not cover, and differently in the next process; run the comparison in several processes with the multiproc package

== dirs multi n=16384 prefix: ordered vs hashed
A: 1.652e+04 ns per operation (median)
B: 2.549e+05 ns per operation (median)
A needs 93.5% less time than B: B takes 15.29 times as long as A.
With 95% confidence the difference lies between 92.5% and 94.7% less time (B takes between 13.4 and 18.71 times as long as A).
Noise floor: 14.5%. Identical code measured against itself on this setup can look that different, so smaller differences mean nothing.
Neighbouring measurements are nearly independent (autocorrelation -0.13), so they were resampled one by one.

Verdict: RESOLVED. A is faster than B: the difference is real, as its interval excludes zero and it exceeds the noise floor.

Warnings:
  - the program holds 129 MB of live data, more than the caches of many machines; for data that size, where it lies in memory can shift the result by several points in ways the interval does not cover, and differently in the next process; run the comparison in several processes with the multiproc package
  - candidate A drifted during the run: its measurements were 28.2% lower in the second half than in the first, so the machine did not hold still
  - the ratio B/A was 30% higher in the second half of the run than in the first, so the candidates had not reached a steady state and the difference depends on how long the run was; a common cause is a head start for whichever candidate ran alone last before the comparison or had its data built last, which a longer CollectOptions.WarmupDuration removes
  - in 50% of A/A runs this setup reported a difference between identical code, well above the 10% expected; treat any confidence from it with suspicion

== dirs multi n=16384 prefix: ordered vs btree-sets
A: 1.426e+04 ns per operation (median)
B: 3.492e+04 ns per operation (median)
A needs 54.3% less time than B: B takes 2.19 times as long as A.
With 95% confidence the difference lies between 52.6% and 56.2% less time (B takes between 2.11 and 2.29 times as long as A).
Noise floor: 11%. Identical code measured against itself on this setup can look that different, so smaller differences mean nothing.
Neighbouring measurements are nearly independent (autocorrelation +0.03), so they were resampled one by one.

Verdict: RESOLVED. A is faster than B: the difference is real, as its interval excludes zero and it exceeds the noise floor.

Warnings:
  - the program holds 129 MB of live data, more than the caches of many machines; for data that size, where it lies in memory can shift the result by several points in ways the interval does not cover, and differently in the next process; run the comparison in several processes with the multiproc package

== dirs multi n=16384 prefix: ordered vs map-sets
A: 1.8e+04 ns per operation (median)
B: 2.636e+05 ns per operation (median)
A needs 93.2% less time than B: B takes 14.75 times as long as A.
With 95% confidence the difference lies between 93% and 94.6% less time (B takes between 14.3 and 18.62 times as long as A).
Noise floor: 19.2%. Identical code measured against itself on this setup can look that different, so smaller differences mean nothing.
Neighbouring measurements are nearly independent (autocorrelation -0.03), so they were resampled one by one.

Verdict: RESOLVED. A is faster than B: the difference is real, as its interval excludes zero and it exceeds the noise floor.

Warnings:
  - the program holds 129 MB of live data, more than the caches of many machines; for data that size, where it lies in memory can shift the result by several points in ways the interval does not cover, and differently in the next process; run the comparison in several processes with the multiproc package
  - candidate A drifted during the run: its measurements were 39.1% lower in the second half than in the first, so the machine did not hold still
  - the ratio B/A was 53.1% higher in the second half of the run than in the first, so the candidates had not reached a steady state and the difference depends on how long the run was; a common cause is a head start for whichever candidate ran alone last before the comparison or had its data built last, which a longer CollectOptions.WarmupDuration removes
  - in 100% of A/A runs this setup reported a difference between identical code, well above the 10% expected; treat any confidence from it with suspicion

== dirs multi n=16384 churn and build: ordered vs hashed
steady state, per insertion or deletion in a structure of 52542 elements (cycle of 137396 operations, first pass untimed):
  A: 191.1 ns per operation (median)
  B: 80.97 ns per operation (median)
  A needs 136% more time than B: B takes only 0.42 times as long as A.
  With 95% confidence the difference lies between 129% and 143% more time (B takes between 0.411 and 0.44 times as long as A).
  Noise floor: 0.654%. Identical code measured against itself on this setup can look that different, so smaller differences mean nothing.
  Neighbouring measurements are nearly independent (autocorrelation +0.15), so they were resampled one by one.
  
  Verdict: RESOLVED. A is slower than B: the difference is real, as its interval excludes zero and it exceeds the noise floor.
  
  Warnings:
    - the program holds 145 MB of live data, more than the caches of many machines; for data that size, where it lies in memory can shift the result by several points in ways the interval does not cover, and differently in the next process; run the comparison in several processes with the multiproc package

build from empty to 52542 elements, per whole build (188700 operations):
  A: 3.953e+07 ns per operation (median)
  B: 1.67e+07 ns per operation (median)
  A needs 135% more time than B: B takes only 0.42 times as long as A.
  With 95% confidence the difference lies between 131% and 145% more time (B takes between 0.407 and 0.43 times as long as A).
  Noise floor: 2.78%. Identical code measured against itself on this setup can look that different, so smaller differences mean nothing.
  Neighbouring measurements are nearly independent (autocorrelation -0.07), so they were resampled one by one.
  
  Verdict: RESOLVED. A is slower than B: the difference is real, as its interval excludes zero and it exceeds the noise floor.
  
  Warnings:
    - the program holds 136 MB of live data, more than the caches of many machines; for data that size, where it lies in memory can shift the result by several points in ways the interval does not cover, and differently in the next process; run the comparison in several processes with the multiproc package

== dirs multi n=16384 churn and build: ordered vs btree-sets
steady state, per insertion or deletion in a structure of 52542 elements (cycle of 137396 operations, first pass untimed):
  A: 198.4 ns per operation (median)
  B: 321.4 ns per operation (median)
  A needs 37.9% less time than B: B takes 1.61 times as long as A.
  With 95% confidence the difference lies between 36.3% and 39.1% less time (B takes between 1.57 and 1.64 times as long as A).
  Noise floor: 2.2%. Identical code measured against itself on this setup can look that different, so smaller differences mean nothing.
  Neighbouring measurements are nearly independent (autocorrelation +0.01), so they were resampled one by one.
  
  Verdict: RESOLVED. A is faster than B: the difference is real, as its interval excludes zero and it exceeds the noise floor.
  
  Warnings:
    - the program holds 147 MB of live data, more than the caches of many machines; for data that size, where it lies in memory can shift the result by several points in ways the interval does not cover, and differently in the next process; run the comparison in several processes with the multiproc package

build from empty to 52542 elements, per whole build (188700 operations):
  A: 4.104e+07 ns per operation (median)
  B: 6.1e+07 ns per operation (median)
  A needs 32.9% less time than B: B takes 1.49 times as long as A.
  With 95% confidence the difference lies between 32.3% and 34.6% less time (B takes between 1.48 and 1.53 times as long as A).
  Noise floor: 1.07%. Identical code measured against itself on this setup can look that different, so smaller differences mean nothing.
  Neighbouring measurements are nearly independent (autocorrelation -0.08), so they were resampled one by one.
  
  Verdict: RESOLVED. A is faster than B: the difference is real, as its interval excludes zero and it exceeds the noise floor.
  
  Warnings:
    - the program holds 136 MB of live data, more than the caches of many machines; for data that size, where it lies in memory can shift the result by several points in ways the interval does not cover, and differently in the next process; run the comparison in several processes with the multiproc package
    - candidate A drifted during the run: its measurements were 5.56% lower in the second half than in the first, so the machine did not hold still

== dirs multi n=16384 churn and build: ordered vs map-sets
steady state, per insertion or deletion in a structure of 52542 elements (cycle of 137396 operations, first pass untimed):
  A: 194.6 ns per operation (median)
  B: 96.54 ns per operation (median)
  A needs 103% more time than B: B takes only 0.49 times as long as A.
  With 95% confidence the difference lies between 96.5% and 108% more time (B takes between 0.48 and 0.51 times as long as A).
  Noise floor: 1.89%. Identical code measured against itself on this setup can look that different, so smaller differences mean nothing.
  Neighbouring measurements are correlated (autocorrelation +0.47), so they were resampled in blocks of 3.
  
  Verdict: RESOLVED. A is slower than B: the difference is real, as its interval excludes zero and it exceeds the noise floor.
  
  Warnings:
    - the program holds 147 MB of live data, more than the caches of many machines; for data that size, where it lies in memory can shift the result by several points in ways the interval does not cover, and differently in the next process; run the comparison in several processes with the multiproc package
    - candidate B drifted during the run: its measurements were 8.06% lower in the second half than in the first, so the machine did not hold still
    - in 50% of A/A runs this setup reported a difference between identical code, well above the 10% expected; treat any confidence from it with suspicion

build from empty to 52542 elements, per whole build (188700 operations):
  A: 4.011e+07 ns per operation (median)
  B: 2.244e+07 ns per operation (median)
  A needs 76.8% more time than B: B takes only 0.57 times as long as A.
  With 95% confidence the difference lies between 74.1% and 86% more time (B takes between 0.538 and 0.57 times as long as A).
  Noise floor: 1.74%. Identical code measured against itself on this setup can look that different, so smaller differences mean nothing.
  Neighbouring measurements are nearly independent (autocorrelation -0.32), so they were resampled one by one.
  
  Verdict: RESOLVED. A is slower than B: the difference is real, as its interval excludes zero and it exceeds the noise floor.
  
  Warnings:
    - the program holds 136 MB of live data, more than the caches of many machines; for data that size, where it lies in memory can shift the result by several points in ways the interval does not cover, and differently in the next process; run the comparison in several processes with the multiproc package

checksum 105115258762624
== dirs multi n=16384 valuesFor: ordered vs hashed
A: 113 ns per operation (median)
B: 35.78 ns per operation (median)
A needs 214% more time than B: B takes only 0.32 times as long as A.
With 95% confidence the difference lies between 208% and 219% more time (B takes between 0.314 and 0.32 times as long as A).
Noise floor: 1.22%. Identical code measured against itself on this setup can look that different, so smaller differences mean nothing.
Neighbouring measurements are nearly independent (autocorrelation -0.04), so they were resampled one by one.

Verdict: RESOLVED. A is slower than B: the difference is real, as its interval excludes zero and it exceeds the noise floor.

Warnings:
  - the program holds 126 MB of live data, more than the caches of many machines; for data that size, where it lies in memory can shift the result by several points in ways the interval does not cover, and differently in the next process; run the comparison in several processes with the multiproc package
  - 6.7% of bootstrap replicates tied, so the measurement is coarse relative to the question; lower CollectOptions.MaxQuantizationError to lengthen the batches

== dirs multi n=16384 valuesFor: ordered vs btree-sets
A: 114.9 ns per operation (median)
B: 219.3 ns per operation (median)
A needs 48.1% less time than B: B takes 1.93 times as long as A.
With 95% confidence the difference lies between 46.6% and 48.8% less time (B takes between 1.87 and 1.95 times as long as A).
Noise floor: 1.32%. Identical code measured against itself on this setup can look that different, so smaller differences mean nothing.
Neighbouring measurements are nearly independent (autocorrelation +0.09), so they were resampled one by one.

Verdict: RESOLVED. A is faster than B: the difference is real, as its interval excludes zero and it exceeds the noise floor.

Warnings:
  - the program holds 126 MB of live data, more than the caches of many machines; for data that size, where it lies in memory can shift the result by several points in ways the interval does not cover, and differently in the next process; run the comparison in several processes with the multiproc package

== dirs multi n=16384 valuesFor: ordered vs map-sets
A: 111.9 ns per operation (median)
B: 84.15 ns per operation (median)
A needs 33.2% more time than B: B takes only 0.75 times as long as A.
With 95% confidence the difference lies between 31.2% and 34% more time (B takes between 0.746 and 0.76 times as long as A).
Noise floor: 1.06%. Identical code measured against itself on this setup can look that different, so smaller differences mean nothing.
Neighbouring measurements are nearly independent (autocorrelation +0.02), so they were resampled one by one.

Verdict: RESOLVED. A is slower than B: the difference is real, as its interval excludes zero and it exceeds the noise floor.

Warnings:
  - the program holds 126 MB of live data, more than the caches of many machines; for data that size, where it lies in memory can shift the result by several points in ways the interval does not cover, and differently in the next process; run the comparison in several processes with the multiproc package

== dirs multi n=16384 valuesBetween: ordered vs hashed
A: 3687 ns per operation (median)
B: 2.44e+05 ns per operation (median)
A needs 98.5% less time than B: B takes 66.27 times as long as A.
With 95% confidence the difference lies between 98.3% and 98.5% less time (B takes between 59.3 and 67.54 times as long as A).
Noise floor: 7.29%. Identical code measured against itself on this setup can look that different, so smaller differences mean nothing.
Neighbouring measurements are nearly independent (autocorrelation -0.06), so they were resampled one by one.

Verdict: RESOLVED. A is faster than B: the difference is real, as its interval excludes zero and it exceeds the noise floor.

Warnings:
  - the program holds 126 MB of live data, more than the caches of many machines; for data that size, where it lies in memory can shift the result by several points in ways the interval does not cover, and differently in the next process; run the comparison in several processes with the multiproc package
  - in 50% of A/A runs this setup reported a difference between identical code, well above the 10% expected; treat any confidence from it with suspicion

== dirs multi n=16384 valuesBetween: ordered vs btree-sets
A: 3421 ns per operation (median)
B: 6129 ns per operation (median)
A needs 44% less time than B: B takes 1.78 times as long as A.
With 95% confidence the difference lies between 43.3% and 44.9% less time (B takes between 1.76 and 1.81 times as long as A).
Noise floor: 0.636%. Identical code measured against itself on this setup can look that different, so smaller differences mean nothing.
Neighbouring measurements are nearly independent (autocorrelation +0.00), so they were resampled one by one.

Verdict: RESOLVED. A is faster than B: the difference is real, as its interval excludes zero and it exceeds the noise floor.

Warnings:
  - the program holds 126 MB of live data, more than the caches of many machines; for data that size, where it lies in memory can shift the result by several points in ways the interval does not cover, and differently in the next process; run the comparison in several processes with the multiproc package

== dirs multi n=16384 valuesBetween: ordered vs map-sets
A: 3888 ns per operation (median)
B: 2.322e+05 ns per operation (median)
A needs 98.3% less time than B: B takes 59.82 times as long as A.
With 95% confidence the difference lies between 98.1% and 98.4% less time (B takes between 52.5 and 62.24 times as long as A).
Noise floor: 6.78%. Identical code measured against itself on this setup can look that different, so smaller differences mean nothing.
Neighbouring measurements are nearly independent (autocorrelation -0.02), so they were resampled one by one.

Verdict: RESOLVED. A is faster than B: the difference is real, as its interval excludes zero and it exceeds the noise floor.

Warnings:
  - the program holds 126 MB of live data, more than the caches of many machines; for data that size, where it lies in memory can shift the result by several points in ways the interval does not cover, and differently in the next process; run the comparison in several processes with the multiproc package

== dirs multi n=16384 prefix: ordered vs hashed
A: 1.568e+04 ns per operation (median)
B: 2.533e+05 ns per operation (median)
A needs 93.8% less time than B: B takes 16.14 times as long as A.
With 95% confidence the difference lies between 93% and 94.3% less time (B takes between 14.3 and 17.43 times as long as A).
Noise floor: 18.8%. Identical code measured against itself on this setup can look that different, so smaller differences mean nothing.
Neighbouring measurements are nearly independent (autocorrelation +0.01), so they were resampled one by one.

Verdict: RESOLVED. A is faster than B: the difference is real, as its interval excludes zero and it exceeds the noise floor.

Warnings:
  - the program holds 126 MB of live data, more than the caches of many machines; for data that size, where it lies in memory can shift the result by several points in ways the interval does not cover, and differently in the next process; run the comparison in several processes with the multiproc package
  - in 50% of A/A runs this setup reported a difference between identical code, well above the 10% expected; treat any confidence from it with suspicion

== dirs multi n=16384 prefix: ordered vs btree-sets
A: 1.58e+04 ns per operation (median)
B: 3.484e+04 ns per operation (median)
A needs 51.8% less time than B: B takes 2.07 times as long as A.
With 95% confidence the difference lies between 49% and 54.1% less time (B takes between 1.96 and 2.18 times as long as A).
Noise floor: 12.9%. Identical code measured against itself on this setup can look that different, so smaller differences mean nothing.
Neighbouring measurements are nearly independent (autocorrelation -0.05), so they were resampled one by one.

Verdict: RESOLVED. A is faster than B: the difference is real, as its interval excludes zero and it exceeds the noise floor.

Warnings:
  - the program holds 126 MB of live data, more than the caches of many machines; for data that size, where it lies in memory can shift the result by several points in ways the interval does not cover, and differently in the next process; run the comparison in several processes with the multiproc package
  - in 50% of A/A runs this setup reported a difference between identical code, well above the 10% expected; treat any confidence from it with suspicion

== dirs multi n=16384 prefix: ordered vs map-sets
A: 1.627e+04 ns per operation (median)
B: 2.621e+05 ns per operation (median)
A needs 93.7% less time than B: B takes 15.97 times as long as A.
With 95% confidence the difference lies between 93.3% and 94.7% less time (B takes between 14.9 and 18.79 times as long as A).
Noise floor: 12.3%. Identical code measured against itself on this setup can look that different, so smaller differences mean nothing.
Neighbouring measurements are nearly independent (autocorrelation -0.04), so they were resampled one by one.

Verdict: RESOLVED. A is faster than B: the difference is real, as its interval excludes zero and it exceeds the noise floor.

Warnings:
  - the program holds 126 MB of live data, more than the caches of many machines; for data that size, where it lies in memory can shift the result by several points in ways the interval does not cover, and differently in the next process; run the comparison in several processes with the multiproc package
  - candidate A drifted during the run: its measurements were 24.9% lower in the second half than in the first, so the machine did not hold still
  - the ratio B/A was 20.6% higher in the second half of the run than in the first, so the candidates had not reached a steady state and the difference depends on how long the run was; a common cause is a head start for whichever candidate ran alone last before the comparison or had its data built last, which a longer CollectOptions.WarmupDuration removes
  - in 100% of A/A runs this setup reported a difference between identical code, well above the 10% expected; treat any confidence from it with suspicion

== dirs multi n=16384 churn and build: ordered vs hashed
steady state, per insertion or deletion in a structure of 52542 elements (cycle of 137396 operations, first pass untimed):
  A: 205.5 ns per operation (median)
  B: 84.52 ns per operation (median)
  A needs 132% more time than B: B takes only 0.43 times as long as A.
  With 95% confidence the difference lies between 114% and 141% more time (B takes between 0.415 and 0.47 times as long as A).
  Noise floor: 0.751%. Identical code measured against itself on this setup can look that different, so smaller differences mean nothing.
  Neighbouring measurements are correlated (autocorrelation +0.36), so they were resampled in blocks of 3.
  
  Verdict: RESOLVED. A is slower than B: the difference is real, as its interval excludes zero and it exceeds the noise floor.
  
  Warnings:
    - the program holds 145 MB of live data, more than the caches of many machines; for data that size, where it lies in memory can shift the result by several points in ways the interval does not cover, and differently in the next process; run the comparison in several processes with the multiproc package

build from empty to 52542 elements, per whole build (188700 operations):
  A: 3.964e+07 ns per operation (median)
  B: 1.663e+07 ns per operation (median)
  A needs 139% more time than B: B takes only 0.42 times as long as A.
  With 95% confidence the difference lies between 133% and 144% more time (B takes between 0.409 and 0.43 times as long as A).
  Noise floor: 1.14%. Identical code measured against itself on this setup can look that different, so smaller differences mean nothing.
  Neighbouring measurements are nearly independent (autocorrelation -0.04), so they were resampled one by one.
  
  Verdict: RESOLVED. A is slower than B: the difference is real, as its interval excludes zero and it exceeds the noise floor.
  
  Warnings:
    - the program holds 136 MB of live data, more than the caches of many machines; for data that size, where it lies in memory can shift the result by several points in ways the interval does not cover, and differently in the next process; run the comparison in several processes with the multiproc package
    - in 50% of A/A runs this setup reported a difference between identical code, well above the 10% expected; treat any confidence from it with suspicion

== dirs multi n=16384 churn and build: ordered vs btree-sets
steady state, per insertion or deletion in a structure of 52542 elements (cycle of 137396 operations, first pass untimed):
  A: 205.9 ns per operation (median)
  B: 334.7 ns per operation (median)
  A needs 39.1% less time than B: B takes 1.64 times as long as A.
  With 95% confidence the difference lies between 37.5% and 39.6% less time (B takes between 1.6 and 1.66 times as long as A).
  Noise floor: 1.81%. Identical code measured against itself on this setup can look that different, so smaller differences mean nothing.
  Neighbouring measurements are correlated (autocorrelation +0.38), so they were resampled in blocks of 3.
  
  Verdict: RESOLVED. A is faster than B: the difference is real, as its interval excludes zero and it exceeds the noise floor.
  
  Warnings:
    - the program holds 147 MB of live data, more than the caches of many machines; for data that size, where it lies in memory can shift the result by several points in ways the interval does not cover, and differently in the next process; run the comparison in several processes with the multiproc package

build from empty to 52542 elements, per whole build (188700 operations):
  A: 4.103e+07 ns per operation (median)
  B: 6.083e+07 ns per operation (median)
  A needs 32.6% less time than B: B takes 1.48 times as long as A.
  With 95% confidence the difference lies between 31.9% and 33.5% less time (B takes between 1.47 and 1.50 times as long as A).
  Noise floor: 1.33%. Identical code measured against itself on this setup can look that different, so smaller differences mean nothing.
  Neighbouring measurements are nearly independent (autocorrelation +0.07), so they were resampled one by one.
  
  Verdict: RESOLVED. A is faster than B: the difference is real, as its interval excludes zero and it exceeds the noise floor.
  
  Warnings:
    - the program holds 136 MB of live data, more than the caches of many machines; for data that size, where it lies in memory can shift the result by several points in ways the interval does not cover, and differently in the next process; run the comparison in several processes with the multiproc package

== dirs multi n=16384 churn and build: ordered vs map-sets
steady state, per insertion or deletion in a structure of 52542 elements (cycle of 137396 operations, first pass untimed):
  A: 192.2 ns per operation (median)
  B: 95.85 ns per operation (median)
  A needs 100% more time than B: B takes only 0.50 times as long as A.
  With 95% confidence the difference lies between 98.6% and 107% more time (B takes between 0.483 and 0.50 times as long as A).
  Noise floor: 1.32%. Identical code measured against itself on this setup can look that different, so smaller differences mean nothing.
  Neighbouring measurements are correlated (autocorrelation +0.41), so they were resampled in blocks of 3.
  
  Verdict: RESOLVED. A is slower than B: the difference is real, as its interval excludes zero and it exceeds the noise floor.
  
  Warnings:
    - the program holds 147 MB of live data, more than the caches of many machines; for data that size, where it lies in memory can shift the result by several points in ways the interval does not cover, and differently in the next process; run the comparison in several processes with the multiproc package

build from empty to 52542 elements, per whole build (188700 operations):
  A: 4.03e+07 ns per operation (median)
  B: 2.195e+07 ns per operation (median)
  A needs 83.2% more time than B: B takes only 0.55 times as long as A.
  With 95% confidence the difference lies between 77.5% and 88.5% more time (B takes between 0.53 and 0.56 times as long as A).
  Noise floor: 3.62%. Identical code measured against itself on this setup can look that different, so smaller differences mean nothing.
  Neighbouring measurements are nearly independent (autocorrelation -0.04), so they were resampled one by one.
  
  Verdict: RESOLVED. A is slower than B: the difference is real, as its interval excludes zero and it exceeds the noise floor.
  
  Warnings:
    - the program holds 136 MB of live data, more than the caches of many machines; for data that size, where it lies in memory can shift the result by several points in ways the interval does not cover, and differently in the next process; run the comparison in several processes with the multiproc package

checksum 103720062500459
== dirs multi n=16384 valuesFor: ordered vs hashed
A: 112.7 ns per operation (median)
B: 35.92 ns per operation (median)
A needs 211% more time than B: B takes only 0.32 times as long as A.
With 95% confidence the difference lies between 209% and 214% more time (B takes between 0.318 and 0.32 times as long as A).
Noise floor: 1.31%. Identical code measured against itself on this setup can look that different, so smaller differences mean nothing.
Neighbouring measurements are nearly independent (autocorrelation +0.09), so they were resampled one by one.

Verdict: RESOLVED. A is slower than B: the difference is real, as its interval excludes zero and it exceeds the noise floor.

Warnings:
  - the program holds 105 MB of live data, more than the caches of many machines; for data that size, where it lies in memory can shift the result by several points in ways the interval does not cover, and differently in the next process; run the comparison in several processes with the multiproc package

== dirs multi n=16384 valuesFor: ordered vs btree-sets
A: 115 ns per operation (median)
B: 218.1 ns per operation (median)
A needs 47.1% less time than B: B takes 1.89 times as long as A.
With 95% confidence the difference lies between 46.6% and 48.4% less time (B takes between 1.87 and 1.94 times as long as A).
Noise floor: 0.942%. Identical code measured against itself on this setup can look that different, so smaller differences mean nothing.
Neighbouring measurements are nearly independent (autocorrelation +0.08), so they were resampled one by one.

Verdict: RESOLVED. A is faster than B: the difference is real, as its interval excludes zero and it exceeds the noise floor.

Warnings:
  - the program holds 105 MB of live data, more than the caches of many machines; for data that size, where it lies in memory can shift the result by several points in ways the interval does not cover, and differently in the next process; run the comparison in several processes with the multiproc package

== dirs multi n=16384 valuesFor: ordered vs map-sets
A: 112.2 ns per operation (median)
B: 83.53 ns per operation (median)
A needs 34% more time than B: B takes only 0.75 times as long as A.
With 95% confidence the difference lies between 31.7% and 34.8% more time (B takes between 0.742 and 0.76 times as long as A).
Noise floor: 0.45%. Identical code measured against itself on this setup can look that different, so smaller differences mean nothing.
Neighbouring measurements are nearly independent (autocorrelation +0.12), so they were resampled one by one.

Verdict: RESOLVED. A is slower than B: the difference is real, as its interval excludes zero and it exceeds the noise floor.

Warnings:
  - the program holds 105 MB of live data, more than the caches of many machines; for data that size, where it lies in memory can shift the result by several points in ways the interval does not cover, and differently in the next process; run the comparison in several processes with the multiproc package

== dirs multi n=16384 valuesBetween: ordered vs hashed
A: 3930 ns per operation (median)
B: 2.427e+05 ns per operation (median)
A needs 98.4% less time than B: B takes 61.48 times as long as A.
With 95% confidence the difference lies between 98.2% and 98.5% less time (B takes between 54.7 and 66.46 times as long as A).
Noise floor: 5.56%. Identical code measured against itself on this setup can look that different, so smaller differences mean nothing.
Neighbouring measurements are nearly independent (autocorrelation -0.09), so they were resampled one by one.

Verdict: RESOLVED. A is faster than B: the difference is real, as its interval excludes zero and it exceeds the noise floor.

Warnings:
  - the program holds 105 MB of live data, more than the caches of many machines; for data that size, where it lies in memory can shift the result by several points in ways the interval does not cover, and differently in the next process; run the comparison in several processes with the multiproc package
  - in 50% of A/A runs this setup reported a difference between identical code, well above the 10% expected; treat any confidence from it with suspicion

== dirs multi n=16384 valuesBetween: ordered vs btree-sets
A: 3443 ns per operation (median)
B: 6171 ns per operation (median)
A needs 44.2% less time than B: B takes 1.79 times as long as A.
With 95% confidence the difference lies between 43.3% and 45.2% less time (B takes between 1.76 and 1.82 times as long as A).
Noise floor: 1.35%. Identical code measured against itself on this setup can look that different, so smaller differences mean nothing.
Neighbouring measurements are nearly independent (autocorrelation -0.01), so they were resampled one by one.

Verdict: RESOLVED. A is faster than B: the difference is real, as its interval excludes zero and it exceeds the noise floor.

Warnings:
  - the program holds 105 MB of live data, more than the caches of many machines; for data that size, where it lies in memory can shift the result by several points in ways the interval does not cover, and differently in the next process; run the comparison in several processes with the multiproc package
  - in 50% of A/A runs this setup reported a difference between identical code, well above the 10% expected; treat any confidence from it with suspicion

== dirs multi n=16384 valuesBetween: ordered vs map-sets
A: 4025 ns per operation (median)
B: 2.351e+05 ns per operation (median)
A needs 98.3% less time than B: B takes 58.27 times as long as A.
With 95% confidence the difference lies between 98% and 98.4% less time (B takes between 51.3 and 63.81 times as long as A).
Noise floor: 6.65%. Identical code measured against itself on this setup can look that different, so smaller differences mean nothing.
Neighbouring measurements are nearly independent (autocorrelation -0.02), so they were resampled one by one.

Verdict: RESOLVED. A is faster than B: the difference is real, as its interval excludes zero and it exceeds the noise floor.

Warnings:
  - the program holds 135 MB of live data, more than the caches of many machines; for data that size, where it lies in memory can shift the result by several points in ways the interval does not cover, and differently in the next process; run the comparison in several processes with the multiproc package

== dirs multi n=16384 prefix: ordered vs hashed
A: 1.516e+04 ns per operation (median)
B: 2.551e+05 ns per operation (median)
A needs 94% less time than B: B takes 16.63 times as long as A.
With 95% confidence the difference lies between 93.3% and 94.6% less time (B takes between 15 and 18.61 times as long as A).
Noise floor: 14.1%. Identical code measured against itself on this setup can look that different, so smaller differences mean nothing.
Neighbouring measurements are nearly independent (autocorrelation -0.03), so they were resampled one by one.

Verdict: RESOLVED. A is faster than B: the difference is real, as its interval excludes zero and it exceeds the noise floor.

Warnings:
  - the program holds 135 MB of live data, more than the caches of many machines; for data that size, where it lies in memory can shift the result by several points in ways the interval does not cover, and differently in the next process; run the comparison in several processes with the multiproc package
  - candidate A drifted during the run: its measurements were 20.7% lower in the second half than in the first, so the machine did not hold still
  - the ratio B/A was 24.6% higher in the second half of the run than in the first, so the candidates had not reached a steady state and the difference depends on how long the run was; a common cause is a head start for whichever candidate ran alone last before the comparison or had its data built last, which a longer CollectOptions.WarmupDuration removes
  - in 50% of A/A runs this setup reported a difference between identical code, well above the 10% expected; treat any confidence from it with suspicion

== dirs multi n=16384 prefix: ordered vs btree-sets
A: 1.618e+04 ns per operation (median)
B: 3.438e+04 ns per operation (median)
A needs 55.4% less time than B: B takes 2.24 times as long as A.
With 95% confidence the difference lies between 53.3% and 57.3% less time (B takes between 2.14 and 2.34 times as long as A).
Noise floor: 19.1%. Identical code measured against itself on this setup can look that different, so smaller differences mean nothing.
Neighbouring measurements are nearly independent (autocorrelation +0.01), so they were resampled one by one.

Verdict: RESOLVED. A is faster than B: the difference is real, as its interval excludes zero and it exceeds the noise floor.

Warnings:
  - the program holds 135 MB of live data, more than the caches of many machines; for data that size, where it lies in memory can shift the result by several points in ways the interval does not cover, and differently in the next process; run the comparison in several processes with the multiproc package
  - in 50% of A/A runs this setup reported a difference between identical code, well above the 10% expected; treat any confidence from it with suspicion

== dirs multi n=16384 prefix: ordered vs map-sets
A: 1.628e+04 ns per operation (median)
B: 2.669e+05 ns per operation (median)
A needs 93.8% less time than B: B takes 16.18 times as long as A.
With 95% confidence the difference lies between 93.3% and 94.7% less time (B takes between 14.9 and 19.00 times as long as A).
Noise floor: 13.9%. Identical code measured against itself on this setup can look that different, so smaller differences mean nothing.
Neighbouring measurements are nearly independent (autocorrelation +0.02), so they were resampled one by one.

Verdict: RESOLVED. A is faster than B: the difference is real, as its interval excludes zero and it exceeds the noise floor.

Warnings:
  - the program holds 135 MB of live data, more than the caches of many machines; for data that size, where it lies in memory can shift the result by several points in ways the interval does not cover, and differently in the next process; run the comparison in several processes with the multiproc package
  - candidate A drifted during the run: its measurements were 26.4% lower in the second half than in the first, so the machine did not hold still
  - in 50% of A/A runs this setup reported a difference between identical code, well above the 10% expected; treat any confidence from it with suspicion

== dirs multi n=16384 churn and build: ordered vs hashed
steady state, per insertion or deletion in a structure of 52542 elements (cycle of 137396 operations, first pass untimed):
  A: 198.7 ns per operation (median)
  B: 82.67 ns per operation (median)
  A needs 135% more time than B: B takes only 0.43 times as long as A.
  With 95% confidence the difference lies between 124% and 141% more time (B takes between 0.415 and 0.45 times as long as A).
  Noise floor: 1.94%. Identical code measured against itself on this setup can look that different, so smaller differences mean nothing.
  Neighbouring measurements are correlated (autocorrelation +0.25), so they were resampled in blocks of 3.
  
  Verdict: RESOLVED. A is slower than B: the difference is real, as its interval excludes zero and it exceeds the noise floor.
  
  Warnings:
    - the program holds 144 MB of live data, more than the caches of many machines; for data that size, where it lies in memory can shift the result by several points in ways the interval does not cover, and differently in the next process; run the comparison in several processes with the multiproc package
    - candidate B drifted during the run: its measurements were 10.7% lower in the second half than in the first, so the machine did not hold still
    - the ratio B/A was 8.92% lower in the second half of the run than in the first, so the candidates had not reached a steady state and the difference depends on how long the run was; a common cause is a head start for whichever candidate ran alone last before the comparison or had its data built last, which a longer CollectOptions.WarmupDuration removes

build from empty to 52542 elements, per whole build (188700 operations):
  A: 3.934e+07 ns per operation (median)
  B: 1.664e+07 ns per operation (median)
  A needs 142% more time than B: B takes only 0.41 times as long as A.
  With 95% confidence the difference lies between 133% and 145% more time (B takes between 0.408 and 0.43 times as long as A).
  Noise floor: 1.58%. Identical code measured against itself on this setup can look that different, so smaller differences mean nothing.
  Neighbouring measurements are nearly independent (autocorrelation -0.10), so they were resampled one by one.
  
  Verdict: RESOLVED. A is slower than B: the difference is real, as its interval excludes zero and it exceeds the noise floor.
  
  Warnings:
    - the program holds 136 MB of live data, more than the caches of many machines; for data that size, where it lies in memory can shift the result by several points in ways the interval does not cover, and differently in the next process; run the comparison in several processes with the multiproc package
    - in 50% of A/A runs this setup reported a difference between identical code, well above the 10% expected; treat any confidence from it with suspicion

== dirs multi n=16384 churn and build: ordered vs btree-sets
steady state, per insertion or deletion in a structure of 52542 elements (cycle of 137396 operations, first pass untimed):
  A: 208.2 ns per operation (median)
  B: 332 ns per operation (median)
  A needs 37.1% less time than B: B takes 1.59 times as long as A.
  With 95% confidence the difference lies between 36.1% and 39.1% less time (B takes between 1.56 and 1.64 times as long as A).
  Noise floor: 2.68%. Identical code measured against itself on this setup can look that different, so smaller differences mean nothing.
  Neighbouring measurements are correlated (autocorrelation +0.26), so they were resampled in blocks of 3.
  
  Verdict: RESOLVED. A is faster than B: the difference is real, as its interval excludes zero and it exceeds the noise floor.
  
  Warnings:
    - the program holds 147 MB of live data, more than the caches of many machines; for data that size, where it lies in memory can shift the result by several points in ways the interval does not cover, and differently in the next process; run the comparison in several processes with the multiproc package

build from empty to 52542 elements, per whole build (188700 operations):
  A: 4.026e+07 ns per operation (median)
  B: 6.032e+07 ns per operation (median)
  A needs 33.3% less time than B: B takes 1.50 times as long as A.
  With 95% confidence the difference lies between 31.8% and 34.8% less time (B takes between 1.47 and 1.53 times as long as A).
  Noise floor: 0.94%. Identical code measured against itself on this setup can look that different, so smaller differences mean nothing.
  Neighbouring measurements are nearly independent (autocorrelation +0.04), so they were resampled one by one.
  
  Verdict: RESOLVED. A is faster than B: the difference is real, as its interval excludes zero and it exceeds the noise floor.
  
  Warnings:
    - the program holds 136 MB of live data, more than the caches of many machines; for data that size, where it lies in memory can shift the result by several points in ways the interval does not cover, and differently in the next process; run the comparison in several processes with the multiproc package
    - in 50% of A/A runs this setup reported a difference between identical code, well above the 10% expected; treat any confidence from it with suspicion

== dirs multi n=16384 churn and build: ordered vs map-sets
steady state, per insertion or deletion in a structure of 52542 elements (cycle of 137396 operations, first pass untimed):
  A: 192.7 ns per operation (median)
  B: 96.38 ns per operation (median)
  A needs 102% more time than B: B takes only 0.50 times as long as A.
  With 95% confidence the difference lies between 98.2% and 107% more time (B takes between 0.483 and 0.50 times as long as A).
  Noise floor: 1.73%. Identical code measured against itself on this setup can look that different, so smaller differences mean nothing.
  Neighbouring measurements are nearly independent (autocorrelation +0.15), so they were resampled one by one.
  
  Verdict: RESOLVED. A is slower than B: the difference is real, as its interval excludes zero and it exceeds the noise floor.
  
  Warnings:
    - the program holds 147 MB of live data, more than the caches of many machines; for data that size, where it lies in memory can shift the result by several points in ways the interval does not cover, and differently in the next process; run the comparison in several processes with the multiproc package

build from empty to 52542 elements, per whole build (188700 operations):
  A: 3.989e+07 ns per operation (median)
  B: 2.206e+07 ns per operation (median)
  A needs 84.5% more time than B: B takes only 0.54 times as long as A.
  With 95% confidence the difference lies between 78% and 93.6% more time (B takes between 0.516 and 0.56 times as long as A).
  Noise floor: 2.65%. Identical code measured against itself on this setup can look that different, so smaller differences mean nothing.
  Neighbouring measurements are nearly independent (autocorrelation +0.12), so they were resampled one by one.
  
  Verdict: RESOLVED. A is slower than B: the difference is real, as its interval excludes zero and it exceeds the noise floor.
  
  Warnings:
    - the program holds 136 MB of live data, more than the caches of many machines; for data that size, where it lies in memory can shift the result by several points in ways the interval does not cover, and differently in the next process; run the comparison in several processes with the multiproc package
    - candidate B drifted during the run: its measurements were 9.43% higher in the second half than in the first, so the machine did not hold still
    - the ratio B/A was 7.96% higher in the second half of the run than in the first, so the candidates had not reached a steady state and the difference depends on how long the run was; a common cause is a head start for whichever candidate ran alone last before the comparison or had its data built last, which a longer CollectOptions.WarmupDuration removes
    - in 50% of A/A runs this setup reported a difference between identical code, well above the 10% expected; treat any confidence from it with suspicion

checksum 105398561045523
