== dirs multi n=16384 valuesFor: ordered vs hashed
A: 162.8 ns per operation (median)
B: 46.83 ns per operation (median)
A needs 242% more time than B: B takes only 0.29 times as long as A.
With 95% confidence the difference lies between 237% and 259% more time (B takes between 0.279 and 0.30 times as long as A).
Noise floor: 2.4%. Identical code measured against itself on this setup can look that different, so smaller differences mean nothing.
Neighbouring measurements are correlated (autocorrelation +0.47), so they were resampled in blocks of 3.

Verdict: RESOLVED. A is slower than B: the difference is real, as its interval excludes zero and it exceeds the noise floor.

Warnings:
  - the program holds 140 MB of live data, more than the caches of many machines; for data that size, where it lies in memory can shift the result by several points in ways the interval does not cover, and differently in the next process; run the comparison in several processes with the multiproc package

== dirs multi n=16384 valuesFor: ordered vs btree-sets
A: 166 ns per operation (median)
B: 274.9 ns per operation (median)
A needs 39.6% less time than B: B takes 1.66 times as long as A.
With 95% confidence the difference lies between 37.3% and 40.5% less time (B takes between 1.59 and 1.68 times as long as A).
Noise floor: 2.01%. Identical code measured against itself on this setup can look that different, so smaller differences mean nothing.
Neighbouring measurements are nearly independent (autocorrelation -0.35), so they were resampled one by one.

Verdict: RESOLVED. A is faster than B: the difference is real, as its interval excludes zero and it exceeds the noise floor.

Warnings:
  - the program holds 140 MB of live data, more than the caches of many machines; for data that size, where it lies in memory can shift the result by several points in ways the interval does not cover, and differently in the next process; run the comparison in several processes with the multiproc package

== dirs multi n=16384 valuesFor: ordered vs map-sets
A: 165.4 ns per operation (median)
B: 103.1 ns per operation (median)
A needs 59.6% more time than B: B takes only 0.63 times as long as A.
With 95% confidence the difference lies between 55.2% and 66.7% more time (B takes between 0.6 and 0.64 times as long as A).
Noise floor: 1.69%. Identical code measured against itself on this setup can look that different, so smaller differences mean nothing.
Neighbouring measurements are nearly independent (autocorrelation -0.44), so they were resampled one by one.

Verdict: RESOLVED. A is slower than B: the difference is real, as its interval excludes zero and it exceeds the noise floor.

Warnings:
  - the program holds 140 MB of live data, more than the caches of many machines; for data that size, where it lies in memory can shift the result by several points in ways the interval does not cover, and differently in the next process; run the comparison in several processes with the multiproc package

== dirs multi n=16384 valuesBetween: ordered vs hashed
A: 4518 ns per operation (median)
B: 3.087e+05 ns per operation (median)
A needs 98.5% less time than B: B takes 68.41 times as long as A.
With 95% confidence the difference lies between 98.5% and 98.6% less time (B takes between 67.4 and 69.02 times as long as A).
Noise floor: 0.79%. Identical code measured against itself on this setup can look that different, so smaller differences mean nothing.
Neighbouring measurements are correlated (autocorrelation +0.28), so they were resampled in blocks of 3.

Verdict: RESOLVED. A is faster than B: the difference is real, as its interval excludes zero and it exceeds the noise floor.

Warnings:
  - the program holds 140 MB of live data, more than the caches of many machines; for data that size, where it lies in memory can shift the result by several points in ways the interval does not cover, and differently in the next process; run the comparison in several processes with the multiproc package
  - candidate A drifted during the run: its measurements were 4.81% higher in the second half than in the first, so the machine did not hold still
  - candidate B drifted during the run: its measurements were 3.89% higher in the second half than in the first, so the machine did not hold still
  - in 50% of A/A runs this setup reported a difference between identical code, well above the 10% expected; treat any confidence from it with suspicion

== dirs multi n=16384 valuesBetween: ordered vs btree-sets
A: 4763 ns per operation (median)
B: 7744 ns per operation (median)
A needs 39.1% less time than B: B takes 1.64 times as long as A.
With 95% confidence the difference lies between 35.9% and 40.6% less time (B takes between 1.56 and 1.68 times as long as A).
Noise floor: 8.18%. Identical code measured against itself on this setup can look that different, so smaller differences mean nothing.
Neighbouring measurements are nearly independent (autocorrelation +0.14), so they were resampled one by one.

Verdict: RESOLVED. A is faster than B: the difference is real, as its interval excludes zero and it exceeds the noise floor.

Warnings:
  - the program holds 140 MB of live data, more than the caches of many machines; for data that size, where it lies in memory can shift the result by several points in ways the interval does not cover, and differently in the next process; run the comparison in several processes with the multiproc package
  - in 50% of A/A runs this setup reported a difference between identical code, well above the 10% expected; treat any confidence from it with suspicion

== dirs multi n=16384 valuesBetween: ordered vs map-sets
A: 5541 ns per operation (median)
B: 3.024e+05 ns per operation (median)
A needs 98.1% less time than B: B takes 53.12 times as long as A.
With 95% confidence the difference lies between 98.1% and 98.5% less time (B takes between 52.4 and 65.15 times as long as A).
Noise floor: 9.99%. Identical code measured against itself on this setup can look that different, so smaller differences mean nothing.
Neighbouring measurements are nearly independent (autocorrelation +0.19), so they were resampled one by one.

Verdict: RESOLVED. A is faster than B: the difference is real, as its interval excludes zero and it exceeds the noise floor.

Warnings:
  - the program holds 140 MB of live data, more than the caches of many machines; for data that size, where it lies in memory can shift the result by several points in ways the interval does not cover, and differently in the next process; run the comparison in several processes with the multiproc package

== dirs multi n=16384 prefix: ordered vs hashed
A: 2.404e+04 ns per operation (median)
B: 3.263e+05 ns per operation (median)
A needs 92.5% less time than B: B takes 13.38 times as long as A.
With 95% confidence the difference lies between 92% and 93.9% less time (B takes between 12.5 and 16.38 times as long as A).
Noise floor: 19.2%. Identical code measured against itself on this setup can look that different, so smaller differences mean nothing.
Neighbouring measurements are nearly independent (autocorrelation +0.11), so they were resampled one by one.

Verdict: RESOLVED. A is faster than B: the difference is real, as its interval excludes zero and it exceeds the noise floor.

Warnings:
  - the program holds 140 MB of live data, more than the caches of many machines; for data that size, where it lies in memory can shift the result by several points in ways the interval does not cover, and differently in the next process; run the comparison in several processes with the multiproc package
  - in 50% of A/A runs this setup reported a difference between identical code, well above the 10% expected; treat any confidence from it with suspicion

== dirs multi n=16384 prefix: ordered vs btree-sets
A: 2.404e+04 ns per operation (median)
B: 4.312e+04 ns per operation (median)
A needs 46.3% less time than B: B takes 1.86 times as long as A.
With 95% confidence the difference lies between 44.1% and 48.4% less time (B takes between 1.79 and 1.94 times as long as A).
Noise floor: 18.3%. Identical code measured against itself on this setup can look that different, so smaller differences mean nothing.
Neighbouring measurements are nearly independent (autocorrelation -0.00), so they were resampled one by one.

Verdict: RESOLVED. A is faster than B: the difference is real, as its interval excludes zero and it exceeds the noise floor.

Warnings:
  - the program holds 140 MB of live data, more than the caches of many machines; for data that size, where it lies in memory can shift the result by several points in ways the interval does not cover, and differently in the next process; run the comparison in several processes with the multiproc package
  - in 50% of A/A runs this setup reported a difference between identical code, well above the 10% expected; treat any confidence from it with suspicion

== dirs multi n=16384 prefix: ordered vs map-sets
A: 2.374e+04 ns per operation (median)
B: 3.334e+05 ns per operation (median)
A needs 92.7% less time than B: B takes 13.70 times as long as A.
With 95% confidence the difference lies between 91.8% and 94% less time (B takes between 12.3 and 16.65 times as long as A).
Noise floor: 13.1%. Identical code measured against itself on this setup can look that different, so smaller differences mean nothing.
Neighbouring measurements are correlated (autocorrelation +0.23), so they were resampled in blocks of 3.

Verdict: RESOLVED. A is faster than B: the difference is real, as its interval excludes zero and it exceeds the noise floor.

Warnings:
  - the program holds 140 MB of live data, more than the caches of many machines; for data that size, where it lies in memory can shift the result by several points in ways the interval does not cover, and differently in the next process; run the comparison in several processes with the multiproc package
  - in 50% of A/A runs this setup reported a difference between identical code, well above the 10% expected; treat any confidence from it with suspicion

== dirs multi n=16384 churn and build: ordered vs hashed
steady state, per insertion or deletion in a structure of 52542 elements (cycle of 137396 operations, first pass untimed):
  A: 288.3 ns per operation (median)
  B: 121 ns per operation (median)
  A needs 148% more time than B: B takes only 0.40 times as long as A.
  With 95% confidence the difference lies between 135% and 157% more time (B takes between 0.389 and 0.43 times as long as A).
  Noise floor: 2.35%. Identical code measured against itself on this setup can look that different, so smaller differences mean nothing.
  Neighbouring measurements are correlated (autocorrelation +0.35), so they were resampled in blocks of 3.
  
  Verdict: RESOLVED. A is slower than B: the difference is real, as its interval excludes zero and it exceeds the noise floor.
  
  Warnings:
    - the program holds 144 MB of live data, more than the caches of many machines; for data that size, where it lies in memory can shift the result by several points in ways the interval does not cover, and differently in the next process; run the comparison in several processes with the multiproc package
    - in 50% of A/A runs this setup reported a difference between identical code, well above the 10% expected; treat any confidence from it with suspicion

build from empty to 52542 elements, per whole build (188700 operations):
  A: 5.131e+07 ns per operation (median)
  B: 1.883e+07 ns per operation (median)
  A needs 182% more time than B: B takes only 0.35 times as long as A.
  With 95% confidence the difference lies between 170% and 193% more time (B takes between 0.342 and 0.37 times as long as A).
  Noise floor: 3.57%. Identical code measured against itself on this setup can look that different, so smaller differences mean nothing.
  Neighbouring measurements are nearly independent (autocorrelation +0.01), so they were resampled one by one.
  
  Verdict: RESOLVED. A is slower than B: the difference is real, as its interval excludes zero and it exceeds the noise floor.
  
  Warnings:
    - the program holds 136 MB of live data, more than the caches of many machines; for data that size, where it lies in memory can shift the result by several points in ways the interval does not cover, and differently in the next process; run the comparison in several processes with the multiproc package

== dirs multi n=16384 churn and build: ordered vs btree-sets
steady state, per insertion or deletion in a structure of 52542 elements (cycle of 137396 operations, first pass untimed):
  A: 350.7 ns per operation (median)
  B: 454.9 ns per operation (median)
  A needs 23.4% less time than B: B takes 1.31 times as long as A.
  With 95% confidence the difference lies between 21.6% and 26% less time (B takes between 1.28 and 1.35 times as long as A).
  Noise floor: 4.84%. Identical code measured against itself on this setup can look that different, so smaller differences mean nothing.
  Neighbouring measurements are nearly independent (autocorrelation +0.14), so they were resampled one by one.
  
  Verdict: RESOLVED. A is faster than B: the difference is real, as its interval excludes zero and it exceeds the noise floor.
  
  Warnings:
    - the program holds 147 MB of live data, more than the caches of many machines; for data that size, where it lies in memory can shift the result by several points in ways the interval does not cover, and differently in the next process; run the comparison in several processes with the multiproc package
    - candidate B drifted during the run: its measurements were 5.08% lower in the second half than in the first, so the machine did not hold still
    - in 50% of A/A runs this setup reported a difference between identical code, well above the 10% expected; treat any confidence from it with suspicion

build from empty to 52542 elements, per whole build (188700 operations):
  A: 4.989e+07 ns per operation (median)
  B: 7.537e+07 ns per operation (median)
  A needs 32.7% less time than B: B takes 1.49 times as long as A.
  With 95% confidence the difference lies between 29.9% and 34.5% less time (B takes between 1.43 and 1.53 times as long as A).
  Noise floor: 0.966%. Identical code measured against itself on this setup can look that different, so smaller differences mean nothing.
  Neighbouring measurements are nearly independent (autocorrelation -0.01), so they were resampled one by one.
  
  Verdict: RESOLVED. A is faster than B: the difference is real, as its interval excludes zero and it exceeds the noise floor.
  
  Warnings:
    - the program holds 136 MB of live data, more than the caches of many machines; for data that size, where it lies in memory can shift the result by several points in ways the interval does not cover, and differently in the next process; run the comparison in several processes with the multiproc package
    - candidate A drifted during the run: its measurements were 2.28% lower in the second half than in the first, so the machine did not hold still
    - the ratio B/A was 3.17% higher in the second half of the run than in the first, so the candidates had not reached a steady state and the difference depends on how long the run was; a common cause is a head start for whichever candidate ran alone last before the comparison or had its data built last, which a longer CollectOptions.WarmupDuration removes
    - in 50% of A/A runs this setup reported a difference between identical code, well above the 10% expected; treat any confidence from it with suspicion

== dirs multi n=16384 churn and build: ordered vs map-sets
steady state, per insertion or deletion in a structure of 52542 elements (cycle of 137396 operations, first pass untimed):
  A: 309.1 ns per operation (median)
  B: 164.6 ns per operation (median)
  A needs 86.3% more time than B: B takes only 0.54 times as long as A.
  With 95% confidence the difference lies between 83.5% and 90.5% more time (B takes between 0.525 and 0.55 times as long as A).
  Noise floor: 3.22%. Identical code measured against itself on this setup can look that different, so smaller differences mean nothing.
  Neighbouring measurements are correlated (autocorrelation +0.49), so they were resampled in blocks of 3.
  
  Verdict: RESOLVED. A is slower than B: the difference is real, as its interval excludes zero and it exceeds the noise floor.
  
  Warnings:
    - the program holds 147 MB of live data, more than the caches of many machines; for data that size, where it lies in memory can shift the result by several points in ways the interval does not cover, and differently in the next process; run the comparison in several processes with the multiproc package

build from empty to 52542 elements, per whole build (188700 operations):
  A: 5.087e+07 ns per operation (median)
  B: 2.37e+07 ns per operation (median)
  A needs 116% more time than B: B takes only 0.46 times as long as A.
  With 95% confidence the difference lies between 101% and 122% more time (B takes between 0.45 and 0.50 times as long as A).
  Noise floor: 7.43%. Identical code measured against itself on this setup can look that different, so smaller differences mean nothing.
  Neighbouring measurements are nearly independent (autocorrelation +0.02), so they were resampled one by one.
  
  Verdict: RESOLVED. A is slower than B: the difference is real, as its interval excludes zero and it exceeds the noise floor.
  
  Warnings:
    - the program holds 136 MB of live data, more than the caches of many machines; for data that size, where it lies in memory can shift the result by several points in ways the interval does not cover, and differently in the next process; run the comparison in several processes with the multiproc package
    - in 50% of A/A runs this setup reported a difference between identical code, well above the 10% expected; treat any confidence from it with suspicion

checksum 67267381182452
== dirs multi n=16384 valuesFor: ordered vs hashed
A: 164.3 ns per operation (median)
B: 49.24 ns per operation (median)
A needs 238% more time than B: B takes only 0.30 times as long as A.
With 95% confidence the difference lies between 228% and 251% more time (B takes between 0.285 and 0.31 times as long as A).
Noise floor: 3.82%. Identical code measured against itself on this setup can look that different, so smaller differences mean nothing.
Neighbouring measurements are nearly independent (autocorrelation +0.10), so they were resampled one by one.

Verdict: RESOLVED. A is slower than B: the difference is real, as its interval excludes zero and it exceeds the noise floor.

Warnings:
  - the program holds 104 MB of live data, more than the caches of many machines; for data that size, where it lies in memory can shift the result by several points in ways the interval does not cover, and differently in the next process; run the comparison in several processes with the multiproc package

== dirs multi n=16384 valuesFor: ordered vs btree-sets
A: 177.4 ns per operation (median)
B: 292.7 ns per operation (median)
A needs 38.2% less time than B: B takes 1.62 times as long as A.
With 95% confidence the difference lies between 35% and 40.8% less time (B takes between 1.54 and 1.69 times as long as A).
Noise floor: 1.58%. Identical code measured against itself on this setup can look that different, so smaller differences mean nothing.
Neighbouring measurements are nearly independent (autocorrelation -0.03), so they were resampled one by one.

Verdict: RESOLVED. A is faster than B: the difference is real, as its interval excludes zero and it exceeds the noise floor.

Warnings:
  - the program holds 104 MB of live data, more than the caches of many machines; for data that size, where it lies in memory can shift the result by several points in ways the interval does not cover, and differently in the next process; run the comparison in several processes with the multiproc package
  - candidate A drifted during the run: its measurements were 9.84% higher in the second half than in the first, so the machine did not hold still
  - candidate B drifted during the run: its measurements were 10.7% higher in the second half than in the first, so the machine did not hold still

== dirs multi n=16384 valuesFor: ordered vs map-sets
A: 168.8 ns per operation (median)
B: 104.7 ns per operation (median)
A needs 57.4% more time than B: B takes only 0.64 times as long as A.
With 95% confidence the difference lies between 54.3% and 66.8% more time (B takes between 0.6 and 0.65 times as long as A).
Noise floor: 2.87%. Identical code measured against itself on this setup can look that different, so smaller differences mean nothing.
Neighbouring measurements are correlated (autocorrelation +0.42), so they were resampled in blocks of 3.

Verdict: RESOLVED. A is slower than B: the difference is real, as its interval excludes zero and it exceeds the noise floor.

Warnings:
  - the program holds 104 MB of live data, more than the caches of many machines; for data that size, where it lies in memory can shift the result by several points in ways the interval does not cover, and differently in the next process; run the comparison in several processes with the multiproc package

== dirs multi n=16384 valuesBetween: ordered vs hashed
A: 5021 ns per operation (median)
B: 3.119e+05 ns per operation (median)
A needs 98.4% less time than B: B takes 63.17 times as long as A.
With 95% confidence the difference lies between 98.2% and 98.5% less time (B takes between 55 and 65.29 times as long as A).
Noise floor: 1.37%. Identical code measured against itself on this setup can look that different, so smaller differences mean nothing.
Neighbouring measurements are nearly independent (autocorrelation +0.17), so they were resampled one by one.

Verdict: RESOLVED. A is faster than B: the difference is real, as its interval excludes zero and it exceeds the noise floor.

Warnings:
  - the program holds 104 MB of live data, more than the caches of many machines; for data that size, where it lies in memory can shift the result by several points in ways the interval does not cover, and differently in the next process; run the comparison in several processes with the multiproc package

== dirs multi n=16384 valuesBetween: ordered vs btree-sets
A: 4707 ns per operation (median)
B: 7673 ns per operation (median)
A needs 39.9% less time than B: B takes 1.66 times as long as A.
With 95% confidence the difference lies between 35.4% and 42.1% less time (B takes between 1.55 and 1.73 times as long as A).
Noise floor: 1.23%. Identical code measured against itself on this setup can look that different, so smaller differences mean nothing.
Neighbouring measurements are nearly independent (autocorrelation -0.12), so they were resampled one by one.

Verdict: RESOLVED. A is faster than B: the difference is real, as its interval excludes zero and it exceeds the noise floor.

Warnings:
  - the program holds 133 MB of live data, more than the caches of many machines; for data that size, where it lies in memory can shift the result by several points in ways the interval does not cover, and differently in the next process; run the comparison in several processes with the multiproc package

== dirs multi n=16384 valuesBetween: ordered vs map-sets
A: 5317 ns per operation (median)
B: 2.981e+05 ns per operation (median)
A needs 98.2% less time than B: B takes 56.85 times as long as A.
With 95% confidence the difference lies between 98% and 98.4% less time (B takes between 50.7 and 63.22 times as long as A).
Noise floor: 14.9%. Identical code measured against itself on this setup can look that different, so smaller differences mean nothing.
Neighbouring measurements are nearly independent (autocorrelation +0.01), so they were resampled one by one.

Verdict: RESOLVED. A is faster than B: the difference is real, as its interval excludes zero and it exceeds the noise floor.

Warnings:
  - the program holds 133 MB of live data, more than the caches of many machines; for data that size, where it lies in memory can shift the result by several points in ways the interval does not cover, and differently in the next process; run the comparison in several processes with the multiproc package

== dirs multi n=16384 prefix: ordered vs hashed
A: 2.274e+04 ns per operation (median)
B: 3.22e+05 ns per operation (median)
A needs 93% less time than B: B takes 14.19 times as long as A.
With 95% confidence the difference lies between 92.3% and 93.7% less time (B takes between 13 and 15.85 times as long as A).
Noise floor: 18.2%. Identical code measured against itself on this setup can look that different, so smaller differences mean nothing.
Neighbouring measurements are nearly independent (autocorrelation +0.08), so they were resampled one by one.

Verdict: RESOLVED. A is faster than B: the difference is real, as its interval excludes zero and it exceeds the noise floor.

Warnings:
  - the program holds 133 MB of live data, more than the caches of many machines; for data that size, where it lies in memory can shift the result by several points in ways the interval does not cover, and differently in the next process; run the comparison in several processes with the multiproc package
  - in 50% of A/A runs this setup reported a difference between identical code, well above the 10% expected; treat any confidence from it with suspicion

== dirs multi n=16384 prefix: ordered vs btree-sets
A: 2.136e+04 ns per operation (median)
B: 3.605e+04 ns per operation (median)
A needs 39.6% less time than B: B takes 1.66 times as long as A.
With 95% confidence the difference lies between 38.5% and 40.1% less time (B takes between 1.63 and 1.67 times as long as A).
Noise floor: 18%. Identical code measured against itself on this setup can look that different, so smaller differences mean nothing.
Neighbouring measurements are nearly independent (autocorrelation +0.00), so they were resampled one by one.

Verdict: RESOLVED. A is faster than B: the difference is real, as its interval excludes zero and it exceeds the noise floor.

Warnings:
  - the program holds 133 MB of live data, more than the caches of many machines; for data that size, where it lies in memory can shift the result by several points in ways the interval does not cover, and differently in the next process; run the comparison in several processes with the multiproc package
  - in 50% of A/A runs this setup reported a difference between identical code, well above the 10% expected; treat any confidence from it with suspicion

== dirs multi n=16384 prefix: ordered vs map-sets
A: 2.263e+04 ns per operation (median)
B: 3.293e+05 ns per operation (median)
A needs 93% less time than B: B takes 14.25 times as long as A.
With 95% confidence the difference lies between 92.3% and 93.9% less time (B takes between 13 and 16.27 times as long as A).
Noise floor: 20.1%. Identical code measured against itself on this setup can look that different, so smaller differences mean nothing.
Neighbouring measurements are nearly independent (autocorrelation +0.04), so they were resampled one by one.

Verdict: RESOLVED. A is faster than B: the difference is real, as its interval excludes zero and it exceeds the noise floor.

Warnings:
  - the program holds 133 MB of live data, more than the caches of many machines; for data that size, where it lies in memory can shift the result by several points in ways the interval does not cover, and differently in the next process; run the comparison in several processes with the multiproc package
  - in 50% of A/A runs this setup reported a difference between identical code, well above the 10% expected; treat any confidence from it with suspicion

== dirs multi n=16384 churn and build: ordered vs hashed
steady state, per insertion or deletion in a structure of 52542 elements (cycle of 137396 operations, first pass untimed):
  A: 330.7 ns per operation (median)
  B: 136.7 ns per operation (median)
  A needs 143% more time than B: B takes only 0.41 times as long as A.
  With 95% confidence the difference lies between 135% and 151% more time (B takes between 0.398 and 0.43 times as long as A).
  Noise floor: 3.41%. Identical code measured against itself on this setup can look that different, so smaller differences mean nothing.
  Neighbouring measurements are correlated (autocorrelation +0.54), so they were resampled in blocks of 3.
  
  Verdict: RESOLVED. A is slower than B: the difference is real, as its interval excludes zero and it exceeds the noise floor.
  
  Warnings:
    - the program holds 144 MB of live data, more than the caches of many machines; for data that size, where it lies in memory can shift the result by several points in ways the interval does not cover, and differently in the next process; run the comparison in several processes with the multiproc package
    - in 50% of A/A runs this setup reported a difference between identical code, well above the 10% expected; treat any confidence from it with suspicion

build from empty to 52542 elements, per whole build (188700 operations):
  A: 5.292e+07 ns per operation (median)
  B: 2.064e+07 ns per operation (median)
  A needs 173% more time than B: B takes only 0.37 times as long as A.
  With 95% confidence the difference lies between 164% and 175% more time (B takes between 0.364 and 0.38 times as long as A).
  Noise floor: 1.89%. Identical code measured against itself on this setup can look that different, so smaller differences mean nothing.
  Neighbouring measurements are correlated (autocorrelation +0.28), so they were resampled in blocks of 3.
  
  Verdict: RESOLVED. A is slower than B: the difference is real, as its interval excludes zero and it exceeds the noise floor.
  
  Warnings:
    - the program holds 136 MB of live data, more than the caches of many machines; for data that size, where it lies in memory can shift the result by several points in ways the interval does not cover, and differently in the next process; run the comparison in several processes with the multiproc package
    - candidate A drifted during the run: its measurements were 12.2% lower in the second half than in the first, so the machine did not hold still
    - candidate B drifted during the run: its measurements were 14.4% lower in the second half than in the first, so the machine did not hold still

== dirs multi n=16384 churn and build: ordered vs btree-sets
steady state, per insertion or deletion in a structure of 52542 elements (cycle of 137396 operations, first pass untimed):
  A: 317.9 ns per operation (median)
  B: 424.8 ns per operation (median)
  A needs 26.8% less time than B: B takes 1.37 times as long as A.
  With 95% confidence the difference lies between 23.5% and 28.1% less time (B takes between 1.31 and 1.39 times as long as A).
  Noise floor: 2.8%. Identical code measured against itself on this setup can look that different, so smaller differences mean nothing.
  Neighbouring measurements are correlated (autocorrelation +0.38), so they were resampled in blocks of 3.
  
  Verdict: RESOLVED. A is faster than B: the difference is real, as its interval excludes zero and it exceeds the noise floor.
  
  Warnings:
    - the program holds 147 MB of live data, more than the caches of many machines; for data that size, where it lies in memory can shift the result by several points in ways the interval does not cover, and differently in the next process; run the comparison in several processes with the multiproc package

build from empty to 52542 elements, per whole build (188700 operations):
  A: 5.012e+07 ns per operation (median)
  B: 7.406e+07 ns per operation (median)
  A needs 32.7% less time than B: B takes 1.49 times as long as A.
  With 95% confidence the difference lies between 31.1% and 35.2% less time (B takes between 1.45 and 1.54 times as long as A).
  Noise floor: 2.21%. Identical code measured against itself on this setup can look that different, so smaller differences mean nothing.
  Neighbouring measurements are nearly independent (autocorrelation +0.05), so they were resampled one by one.
  
  Verdict: RESOLVED. A is faster than B: the difference is real, as its interval excludes zero and it exceeds the noise floor.
  
  Warnings:
    - the program holds 136 MB of live data, more than the caches of many machines; for data that size, where it lies in memory can shift the result by several points in ways the interval does not cover, and differently in the next process; run the comparison in several processes with the multiproc package

== dirs multi n=16384 churn and build: ordered vs map-sets
steady state, per insertion or deletion in a structure of 52542 elements (cycle of 137396 operations, first pass untimed):
  A: 307.1 ns per operation (median)
  B: 158.9 ns per operation (median)
  A needs 93.8% more time than B: B takes only 0.52 times as long as A.
  With 95% confidence the difference lies between 89.2% and 100% more time (B takes between 0.5 and 0.53 times as long as A).
  Noise floor: 2.31%. Identical code measured against itself on this setup can look that different, so smaller differences mean nothing.
  Neighbouring measurements are correlated (autocorrelation +0.48), so they were resampled in blocks of 3.
  
  Verdict: RESOLVED. A is slower than B: the difference is real, as its interval excludes zero and it exceeds the noise floor.
  
  Warnings:
    - the program holds 147 MB of live data, more than the caches of many machines; for data that size, where it lies in memory can shift the result by several points in ways the interval does not cover, and differently in the next process; run the comparison in several processes with the multiproc package
    - candidate A drifted during the run: its measurements were 7.21% lower in the second half than in the first, so the machine did not hold still
    - candidate B drifted during the run: its measurements were 10.8% lower in the second half than in the first, so the machine did not hold still

build from empty to 52542 elements, per whole build (188700 operations):
  A: 5.013e+07 ns per operation (median)
  B: 2.364e+07 ns per operation (median)
  A needs 113% more time than B: B takes only 0.47 times as long as A.
  With 95% confidence the difference lies between 110% and 126% more time (B takes between 0.443 and 0.48 times as long as A).
  Noise floor: 4.1%. Identical code measured against itself on this setup can look that different, so smaller differences mean nothing.
  Neighbouring measurements are nearly independent (autocorrelation +0.10), so they were resampled one by one.
  
  Verdict: RESOLVED. A is slower than B: the difference is real, as its interval excludes zero and it exceeds the noise floor.
  
  Warnings:
    - the program holds 136 MB of live data, more than the caches of many machines; for data that size, where it lies in memory can shift the result by several points in ways the interval does not cover, and differently in the next process; run the comparison in several processes with the multiproc package
    - candidate B drifted during the run: its measurements were 11.8% lower in the second half than in the first, so the machine did not hold still
    - the ratio B/A was 8.09% lower in the second half of the run than in the first, so the candidates had not reached a steady state and the difference depends on how long the run was; a common cause is a head start for whichever candidate ran alone last before the comparison or had its data built last, which a longer CollectOptions.WarmupDuration removes
    - in 50% of A/A runs this setup reported a difference between identical code, well above the 10% expected; treat any confidence from it with suspicion

checksum 69438576772891
== dirs multi n=16384 valuesFor: ordered vs hashed
A: 162.2 ns per operation (median)
B: 46.68 ns per operation (median)
A needs 244% more time than B: B takes only 0.29 times as long as A.
With 95% confidence the difference lies between 238% and 260% more time (B takes between 0.278 and 0.30 times as long as A).
Noise floor: 1.35%. Identical code measured against itself on this setup can look that different, so smaller differences mean nothing.
Neighbouring measurements are correlated (autocorrelation +0.35), so they were resampled in blocks of 3.

Verdict: RESOLVED. A is slower than B: the difference is real, as its interval excludes zero and it exceeds the noise floor.

Warnings:
  - the program holds 130 MB of live data, more than the caches of many machines; for data that size, where it lies in memory can shift the result by several points in ways the interval does not cover, and differently in the next process; run the comparison in several processes with the multiproc package

== dirs multi n=16384 valuesFor: ordered vs btree-sets
A: 186.9 ns per operation (median)
B: 306.4 ns per operation (median)
A needs 40.7% less time than B: B takes 1.69 times as long as A.
With 95% confidence the difference lies between 36.5% and 43.9% less time (B takes between 1.58 and 1.78 times as long as A).
Noise floor: 3.61%. Identical code measured against itself on this setup can look that different, so smaller differences mean nothing.
Neighbouring measurements are correlated (autocorrelation +0.40), so they were resampled in blocks of 3.

Verdict: RESOLVED. A is faster than B: the difference is real, as its interval excludes zero and it exceeds the noise floor.

Warnings:
  - the program holds 130 MB of live data, more than the caches of many machines; for data that size, where it lies in memory can shift the result by several points in ways the interval does not cover, and differently in the next process; run the comparison in several processes with the multiproc package

== dirs multi n=16384 valuesFor: ordered vs map-sets
A: 166.5 ns per operation (median)
B: 107.5 ns per operation (median)
A needs 55.4% more time than B: B takes only 0.64 times as long as A.
With 95% confidence the difference lies between 50.6% and 57.9% more time (B takes between 0.633 and 0.66 times as long as A).
Noise floor: 1.49%. Identical code measured against itself on this setup can look that different, so smaller differences mean nothing.
Neighbouring measurements are correlated (autocorrelation +0.25), so they were resampled in blocks of 3.

Verdict: RESOLVED. A is slower than B: the difference is real, as its interval excludes zero and it exceeds the noise floor.

Warnings:
  - the program holds 130 MB of live data, more than the caches of many machines; for data that size, where it lies in memory can shift the result by several points in ways the interval does not cover, and differently in the next process; run the comparison in several processes with the multiproc package

== dirs multi n=16384 valuesBetween: ordered vs hashed
A: 4668 ns per operation (median)
B: 3.125e+05 ns per operation (median)
A needs 98.5% less time than B: B takes 66.24 times as long as A.
With 95% confidence the difference lies between 98.4% and 98.5% less time (B takes between 62.9 and 67.94 times as long as A).
Noise floor: 6.12%. Identical code measured against itself on this setup can look that different, so smaller differences mean nothing.
Neighbouring measurements are correlated (autocorrelation +0.47), so they were resampled in blocks of 3.

Verdict: RESOLVED. A is faster than B: the difference is real, as its interval excludes zero and it exceeds the noise floor.

Warnings:
  - the program holds 130 MB of live data, more than the caches of many machines; for data that size, where it lies in memory can shift the result by several points in ways the interval does not cover, and differently in the next process; run the comparison in several processes with the multiproc package

== dirs multi n=16384 valuesBetween: ordered vs btree-sets
A: 4679 ns per operation (median)
B: 7347 ns per operation (median)
A needs 36.5% less time than B: B takes 1.58 times as long as A.
With 95% confidence the difference lies between 36.1% and 39% less time (B takes between 1.56 and 1.64 times as long as A).
Noise floor: 0.762%. Identical code measured against itself on this setup can look that different, so smaller differences mean nothing.
Neighbouring measurements are correlated (autocorrelation +0.33), so they were resampled in blocks of 3.

Verdict: RESOLVED. A is faster than B: the difference is real, as its interval excludes zero and it exceeds the noise floor.

Warnings:
  - the program holds 130 MB of live data, more than the caches of many machines; for data that size, where it lies in memory can shift the result by several points in ways the interval does not cover, and differently in the next process; run the comparison in several processes with the multiproc package
  - candidate B drifted during the run: its measurements were 2.39% higher in the second half than in the first, so the machine did not hold still

== dirs multi n=16384 valuesBetween: ordered vs map-sets
A: 5051 ns per operation (median)
B: 2.946e+05 ns per operation (median)
A needs 98.3% less time than B: B takes 58.56 times as long as A.
With 95% confidence the difference lies between 98.1% and 98.4% less time (B takes between 52 and 61.26 times as long as A).
Noise floor: 6.48%. Identical code measured against itself on this setup can look that different, so smaller differences mean nothing.
Neighbouring measurements are nearly independent (autocorrelation +0.12), so they were resampled one by one.

Verdict: RESOLVED. A is faster than B: the difference is real, as its interval excludes zero and it exceeds the noise floor.

Warnings:
  - the program holds 130 MB of live data, more than the caches of many machines; for data that size, where it lies in memory can shift the result by several points in ways the interval does not cover, and differently in the next process; run the comparison in several processes with the multiproc package

== dirs multi n=16384 prefix: ordered vs hashed
A: 2.299e+04 ns per operation (median)
B: 3.22e+05 ns per operation (median)
A needs 92.9% less time than B: B takes 14.11 times as long as A.
With 95% confidence the difference lies between 92% and 94.1% less time (B takes between 12.5 and 16.83 times as long as A).
Noise floor: 19.3%. Identical code measured against itself on this setup can look that different, so smaller differences mean nothing.
Neighbouring measurements are correlated (autocorrelation +0.21), so they were resampled in blocks of 3.

Verdict: RESOLVED. A is faster than B: the difference is real, as its interval excludes zero and it exceeds the noise floor.

Warnings:
  - the program holds 130 MB of live data, more than the caches of many machines; for data that size, where it lies in memory can shift the result by several points in ways the interval does not cover, and differently in the next process; run the comparison in several processes with the multiproc package
  - in 50% of A/A runs this setup reported a difference between identical code, well above the 10% expected; treat any confidence from it with suspicion

== dirs multi n=16384 prefix: ordered vs btree-sets
A: 1.947e+04 ns per operation (median)
B: 3.275e+04 ns per operation (median)
A needs 38.3% less time than B: B takes 1.62 times as long as A.
With 95% confidence the difference lies between 37.8% and 39.2% less time (B takes between 1.61 and 1.64 times as long as A).
Noise floor: 15.6%. Identical code measured against itself on this setup can look that different, so smaller differences mean nothing.
Neighbouring measurements are nearly independent (autocorrelation +0.01), so they were resampled one by one.

Verdict: RESOLVED. A is faster than B: the difference is real, as its interval excludes zero and it exceeds the noise floor.

Warnings:
  - the program holds 130 MB of live data, more than the caches of many machines; for data that size, where it lies in memory can shift the result by several points in ways the interval does not cover, and differently in the next process; run the comparison in several processes with the multiproc package
  - in 50% of A/A runs this setup reported a difference between identical code, well above the 10% expected; treat any confidence from it with suspicion

== dirs multi n=16384 prefix: ordered vs map-sets
A: 2.35e+04 ns per operation (median)
B: 3.28e+05 ns per operation (median)
A needs 92.8% less time than B: B takes 13.97 times as long as A.
With 95% confidence the difference lies between 92.3% and 93.8% less time (B takes between 13 and 16.25 times as long as A).
Noise floor: 16.9%. Identical code measured against itself on this setup can look that different, so smaller differences mean nothing.
Neighbouring measurements are nearly independent (autocorrelation +0.00), so they were resampled one by one.

Verdict: RESOLVED. A is faster than B: the difference is real, as its interval excludes zero and it exceeds the noise floor.

Warnings:
  - the program holds 130 MB of live data, more than the caches of many machines; for data that size, where it lies in memory can shift the result by several points in ways the interval does not cover, and differently in the next process; run the comparison in several processes with the multiproc package
  - in 50% of A/A runs this setup reported a difference between identical code, well above the 10% expected; treat any confidence from it with suspicion

== dirs multi n=16384 churn and build: ordered vs hashed
steady state, per insertion or deletion in a structure of 52542 elements (cycle of 137396 operations, first pass untimed):
  A: 285.1 ns per operation (median)
  B: 117.8 ns per operation (median)
  A needs 150% more time than B: B takes only 0.40 times as long as A.
  With 95% confidence the difference lies between 135% and 161% more time (B takes between 0.383 and 0.42 times as long as A).
  Noise floor: 1.99%. Identical code measured against itself on this setup can look that different, so smaller differences mean nothing.
  Neighbouring measurements are correlated (autocorrelation +0.55), so they were resampled in blocks of 3.
  
  Verdict: RESOLVED. A is slower than B: the difference is real, as its interval excludes zero and it exceeds the noise floor.
  
  Warnings:
    - the program holds 143 MB of live data, more than the caches of many machines; for data that size, where it lies in memory can shift the result by several points in ways the interval does not cover, and differently in the next process; run the comparison in several processes with the multiproc package

build from empty to 52542 elements, per whole build (188700 operations):
  A: 5.123e+07 ns per operation (median)
  B: 1.903e+07 ns per operation (median)
  A needs 172% more time than B: B takes only 0.37 times as long as A.
  With 95% confidence the difference lies between 167% and 186% more time (B takes between 0.349 and 0.37 times as long as A).
  Noise floor: 1.48%. Identical code measured against itself on this setup can look that different, so smaller differences mean nothing.
  Neighbouring measurements are nearly independent (autocorrelation -0.07), so they were resampled one by one.
  
  Verdict: RESOLVED. A is slower than B: the difference is real, as its interval excludes zero and it exceeds the noise floor.
  
  Warnings:
    - the program holds 136 MB of live data, more than the caches of many machines; for data that size, where it lies in memory can shift the result by several points in ways the interval does not cover, and differently in the next process; run the comparison in several processes with the multiproc package
    - in 50% of A/A runs this setup reported a difference between identical code, well above the 10% expected; treat any confidence from it with suspicion

== dirs multi n=16384 churn and build: ordered vs btree-sets
steady state, per insertion or deletion in a structure of 52542 elements (cycle of 137396 operations, first pass untimed):
  A: 375.1 ns per operation (median)
  B: 505.3 ns per operation (median)
  A needs 26.1% less time than B: B takes 1.35 times as long as A.
  With 95% confidence the difference lies between 22.4% and 27.9% less time (B takes between 1.29 and 1.39 times as long as A).
  Noise floor: 2.04%. Identical code measured against itself on this setup can look that different, so smaller differences mean nothing.
  Neighbouring measurements are nearly independent (autocorrelation +0.15), so they were resampled one by one.
  
  Verdict: RESOLVED. A is faster than B: the difference is real, as its interval excludes zero and it exceeds the noise floor.
  
  Warnings:
    - the program holds 147 MB of live data, more than the caches of many machines; for data that size, where it lies in memory can shift the result by several points in ways the interval does not cover, and differently in the next process; run the comparison in several processes with the multiproc package

build from empty to 52542 elements, per whole build (188700 operations):
  A: 5.484e+07 ns per operation (median)
  B: 8.428e+07 ns per operation (median)
  A needs 32.4% less time than B: B takes 1.48 times as long as A.
  With 95% confidence the difference lies between 31.9% and 34.3% less time (B takes between 1.47 and 1.52 times as long as A).
  Noise floor: 2.21%. Identical code measured against itself on this setup can look that different, so smaller differences mean nothing.
  Neighbouring measurements are correlated (autocorrelation +0.56), so they were resampled in blocks of 3.
  
  Verdict: RESOLVED. A is faster than B: the difference is real, as its interval excludes zero and it exceeds the noise floor.
  
  Warnings:
    - the program holds 136 MB of live data, more than the caches of many machines; for data that size, where it lies in memory can shift the result by several points in ways the interval does not cover, and differently in the next process; run the comparison in several processes with the multiproc package
    - in 50% of A/A runs this setup reported a difference between identical code, well above the 10% expected; treat any confidence from it with suspicion

== dirs multi n=16384 churn and build: ordered vs map-sets
steady state, per insertion or deletion in a structure of 52542 elements (cycle of 137396 operations, first pass untimed):
  A: 295.5 ns per operation (median)
  B: 147.7 ns per operation (median)
  A needs 101% more time than B: B takes only 0.50 times as long as A.
  With 95% confidence the difference lies between 97.9% and 107% more time (B takes between 0.483 and 0.51 times as long as A).
  Noise floor: 3.67%. Identical code measured against itself on this setup can look that different, so smaller differences mean nothing.
  Neighbouring measurements are correlated (autocorrelation +0.62), so they were resampled in blocks of 3.
  
  Verdict: RESOLVED. A is slower than B: the difference is real, as its interval excludes zero and it exceeds the noise floor.
  
  Warnings:
    - the program holds 147 MB of live data, more than the caches of many machines; for data that size, where it lies in memory can shift the result by several points in ways the interval does not cover, and differently in the next process; run the comparison in several processes with the multiproc package
    - in 100% of A/A runs this setup reported a difference between identical code, well above the 10% expected; treat any confidence from it with suspicion

build from empty to 52542 elements, per whole build (188700 operations):
  A: 5.128e+07 ns per operation (median)
  B: 2.355e+07 ns per operation (median)
  A needs 114% more time than B: B takes only 0.47 times as long as A.
  With 95% confidence the difference lies between 107% and 122% more time (B takes between 0.45 and 0.48 times as long as A).
  Noise floor: 1.03%. Identical code measured against itself on this setup can look that different, so smaller differences mean nothing.
  Neighbouring measurements are correlated (autocorrelation +0.35), so they were resampled in blocks of 3.
  
  Verdict: RESOLVED. A is slower than B: the difference is real, as its interval excludes zero and it exceeds the noise floor.
  
  Warnings:
    - the program holds 136 MB of live data, more than the caches of many machines; for data that size, where it lies in memory can shift the result by several points in ways the interval does not cover, and differently in the next process; run the comparison in several processes with the multiproc package

checksum 69630538397195
== dirs multi n=16384 valuesFor: ordered vs hashed
A: 174.8 ns per operation (median)
B: 49.74 ns per operation (median)
A needs 246% more time than B: B takes only 0.29 times as long as A.
With 95% confidence the difference lies between 227% and 258% more time (B takes between 0.279 and 0.31 times as long as A).
Noise floor: 2.57%. Identical code measured against itself on this setup can look that different, so smaller differences mean nothing.
Neighbouring measurements are correlated (autocorrelation +0.21), so they were resampled in blocks of 3.

Verdict: RESOLVED. A is slower than B: the difference is real, as its interval excludes zero and it exceeds the noise floor.

Warnings:
  - the program holds 115 MB of live data, more than the caches of many machines; for data that size, where it lies in memory can shift the result by several points in ways the interval does not cover, and differently in the next process; run the comparison in several processes with the multiproc package

== dirs multi n=16384 valuesFor: ordered vs btree-sets
A: 185.9 ns per operation (median)
B: 312.9 ns per operation (median)
A needs 37.6% less time than B: B takes 1.60 times as long as A.
With 95% confidence the difference lies between 35.3% and 39.3% less time (B takes between 1.55 and 1.65 times as long as A).
Noise floor: 2.07%. Identical code measured against itself on this setup can look that different, so smaller differences mean nothing.
Neighbouring measurements are correlated (autocorrelation +0.42), so they were resampled in blocks of 3.

Verdict: RESOLVED. A is faster than B: the difference is real, as its interval excludes zero and it exceeds the noise floor.

Warnings:
  - the program holds 115 MB of live data, more than the caches of many machines; for data that size, where it lies in memory can shift the result by several points in ways the interval does not cover, and differently in the next process; run the comparison in several processes with the multiproc package
  - candidate A drifted during the run: its measurements were 18.6% higher in the second half than in the first, so the machine did not hold still
  - candidate B drifted during the run: its measurements were 14.9% higher in the second half than in the first, so the machine did not hold still

== dirs multi n=16384 valuesFor: ordered vs map-sets
A: 174.7 ns per operation (median)
B: 112.2 ns per operation (median)
A needs 53.5% more time than B: B takes only 0.65 times as long as A.
With 95% confidence the difference lies between 50% and 62% more time (B takes between 0.617 and 0.67 times as long as A).
Noise floor: 3.21%. Identical code measured against itself on this setup can look that different, so smaller differences mean nothing.
Neighbouring measurements are correlated (autocorrelation +0.21), so they were resampled in blocks of 3.

Verdict: RESOLVED. A is slower than B: the difference is real, as its interval excludes zero and it exceeds the noise floor.

Warnings:
  - the program holds 115 MB of live data, more than the caches of many machines; for data that size, where it lies in memory can shift the result by several points in ways the interval does not cover, and differently in the next process; run the comparison in several processes with the multiproc package

== dirs multi n=16384 valuesBetween: ordered vs hashed
A: 4860 ns per operation (median)
B: 3.127e+05 ns per operation (median)
A needs 98.4% less time than B: B takes 64.49 times as long as A.
With 95% confidence the difference lies between 98.1% and 98.5% less time (B takes between 53.8 and 65.59 times as long as A).
Noise floor: 9.86%. Identical code measured against itself on this setup can look that different, so smaller differences mean nothing.
Neighbouring measurements are nearly independent (autocorrelation +0.10), so they were resampled one by one.

Verdict: RESOLVED. A is faster than B: the difference is real, as its interval excludes zero and it exceeds the noise floor.

Warnings:
  - the program holds 115 MB of live data, more than the caches of many machines; for data that size, where it lies in memory can shift the result by several points in ways the interval does not cover, and differently in the next process; run the comparison in several processes with the multiproc package

== dirs multi n=16384 valuesBetween: ordered vs btree-sets
A: 4858 ns per operation (median)
B: 7682 ns per operation (median)
A needs 38.2% less time than B: B takes 1.62 times as long as A.
With 95% confidence the difference lies between 33.8% and 39.9% less time (B takes between 1.51 and 1.66 times as long as A).
Noise floor: 1.31%. Identical code measured against itself on this setup can look that different, so smaller differences mean nothing.
Neighbouring measurements are correlated (autocorrelation +0.26), so they were resampled in blocks of 3.

Verdict: RESOLVED. A is faster than B: the difference is real, as its interval excludes zero and it exceeds the noise floor.

Warnings:
  - the program holds 115 MB of live data, more than the caches of many machines; for data that size, where it lies in memory can shift the result by several points in ways the interval does not cover, and differently in the next process; run the comparison in several processes with the multiproc package

== dirs multi n=16384 valuesBetween: ordered vs map-sets
A: 5413 ns per operation (median)
B: 2.967e+05 ns per operation (median)
A needs 98.1% less time than B: B takes 53.94 times as long as A.
With 95% confidence the difference lies between 97.9% and 98.3% less time (B takes between 48.3 and 59.01 times as long as A).
Noise floor: 9.52%. Identical code measured against itself on this setup can look that different, so smaller differences mean nothing.
Neighbouring measurements are nearly independent (autocorrelation +0.19), so they were resampled one by one.

Verdict: RESOLVED. A is faster than B: the difference is real, as its interval excludes zero and it exceeds the noise floor.

Warnings:
  - the program holds 115 MB of live data, more than the caches of many machines; for data that size, where it lies in memory can shift the result by several points in ways the interval does not cover, and differently in the next process; run the comparison in several processes with the multiproc package

== dirs multi n=16384 prefix: ordered vs hashed
A: 2.281e+04 ns per operation (median)
B: 3.229e+05 ns per operation (median)
A needs 92.9% less time than B: B takes 14.09 times as long as A.
With 95% confidence the difference lies between 92.2% and 93.8% less time (B takes between 12.8 and 16.17 times as long as A).
Noise floor: 18.8%. Identical code measured against itself on this setup can look that different, so smaller differences mean nothing.
Neighbouring measurements are nearly independent (autocorrelation +0.10), so they were resampled one by one.

Verdict: RESOLVED. A is faster than B: the difference is real, as its interval excludes zero and it exceeds the noise floor.

Warnings:
  - the program holds 115 MB of live data, more than the caches of many machines; for data that size, where it lies in memory can shift the result by several points in ways the interval does not cover, and differently in the next process; run the comparison in several processes with the multiproc package
  - in 50% of A/A runs this setup reported a difference between identical code, well above the 10% expected; treat any confidence from it with suspicion

== dirs multi n=16384 prefix: ordered vs btree-sets
A: 2.084e+04 ns per operation (median)
B: 3.199e+04 ns per operation (median)
A needs 38% less time than B: B takes 1.61 times as long as A.
With 95% confidence the difference lies between 37.3% and 39.6% less time (B takes between 1.6 and 1.66 times as long as A).
Noise floor: 17.3%. Identical code measured against itself on this setup can look that different, so smaller differences mean nothing.
Neighbouring measurements are nearly independent (autocorrelation +0.10), so they were resampled one by one.

Verdict: RESOLVED. A is faster than B: the difference is real, as its interval excludes zero and it exceeds the noise floor.

Warnings:
  - the program holds 115 MB of live data, more than the caches of many machines; for data that size, where it lies in memory can shift the result by several points in ways the interval does not cover, and differently in the next process; run the comparison in several processes with the multiproc package
  - in 50% of A/A runs this setup reported a difference between identical code, well above the 10% expected; treat any confidence from it with suspicion

== dirs multi n=16384 prefix: ordered vs map-sets
A: 2.491e+04 ns per operation (median)
B: 3.311e+05 ns per operation (median)
A needs 92.6% less time than B: B takes 13.60 times as long as A.
With 95% confidence the difference lies between 91.6% and 93.6% less time (B takes between 12 and 15.66 times as long as A).
Noise floor: 17.3%. Identical code measured against itself on this setup can look that different, so smaller differences mean nothing.
Neighbouring measurements are correlated (autocorrelation +0.31), so they were resampled in blocks of 3.

Verdict: RESOLVED. A is faster than B: the difference is real, as its interval excludes zero and it exceeds the noise floor.

Warnings:
  - the program holds 134 MB of live data, more than the caches of many machines; for data that size, where it lies in memory can shift the result by several points in ways the interval does not cover, and differently in the next process; run the comparison in several processes with the multiproc package
  - in 50% of A/A runs this setup reported a difference between identical code, well above the 10% expected; treat any confidence from it with suspicion

== dirs multi n=16384 churn and build: ordered vs hashed
steady state, per insertion or deletion in a structure of 52542 elements (cycle of 137396 operations, first pass untimed):
  A: 315.2 ns per operation (median)
  B: 138.7 ns per operation (median)
  A needs 136% more time than B: B takes only 0.42 times as long as A.
  With 95% confidence the difference lies between 126% and 143% more time (B takes between 0.412 and 0.44 times as long as A).
  Noise floor: 2.25%. Identical code measured against itself on this setup can look that different, so smaller differences mean nothing.
  Neighbouring measurements are correlated (autocorrelation +0.34), so they were resampled in blocks of 3.
  
  Verdict: RESOLVED. A is slower than B: the difference is real, as its interval excludes zero and it exceeds the noise floor.
  
  Warnings:
    - the program holds 144 MB of live data, more than the caches of many machines; for data that size, where it lies in memory can shift the result by several points in ways the interval does not cover, and differently in the next process; run the comparison in several processes with the multiproc package
    - candidate A drifted during the run: its measurements were 16.2% higher in the second half than in the first, so the machine did not hold still
    - candidate B drifted during the run: its measurements were 23.8% higher in the second half than in the first, so the machine did not hold still

build from empty to 52542 elements, per whole build (188700 operations):
  A: 5.103e+07 ns per operation (median)
  B: 1.973e+07 ns per operation (median)
  A needs 160% more time than B: B takes only 0.39 times as long as A.
  With 95% confidence the difference lies between 155% and 171% more time (B takes between 0.369 and 0.39 times as long as A).
  Noise floor: 0.847%. Identical code measured against itself on this setup can look that different, so smaller differences mean nothing.
  Neighbouring measurements are nearly independent (autocorrelation +0.13), so they were resampled one by one.
  
  Verdict: RESOLVED. A is slower than B: the difference is real, as its interval excludes zero and it exceeds the noise floor.
  
  Warnings:
    - the program holds 136 MB of live data, more than the caches of many machines; for data that size, where it lies in memory can shift the result by several points in ways the interval does not cover, and differently in the next process; run the comparison in several processes with the multiproc package

== dirs multi n=16384 churn and build: ordered vs btree-sets
steady state, per insertion or deletion in a structure of 52542 elements (cycle of 137396 operations, first pass untimed):
  A: 303.3 ns per operation (median)
  B: 418 ns per operation (median)
  A needs 28% less time than B: B takes 1.39 times as long as A.
  With 95% confidence the difference lies between 23.8% and 29.9% less time (B takes between 1.31 and 1.43 times as long as A).
  Noise floor: 4.1%. Identical code measured against itself on this setup can look that different, so smaller differences mean nothing.
  Neighbouring measurements are correlated (autocorrelation +0.38), so they were resampled in blocks of 3.
  
  Verdict: RESOLVED. A is faster than B: the difference is real, as its interval excludes zero and it exceeds the noise floor.
  
  Warnings:
    - the program holds 147 MB of live data, more than the caches of many machines; for data that size, where it lies in memory can shift the result by several points in ways the interval does not cover, and differently in the next process; run the comparison in several processes with the multiproc package
    - candidate A drifted during the run: its measurements were 4.44% higher in the second half than in the first, so the machine did not hold still

build from empty to 52542 elements, per whole build (188700 operations):
  A: 5.674e+07 ns per operation (median)
  B: 8.115e+07 ns per operation (median)
  A needs 30.9% less time than B: B takes 1.45 times as long as A.
  With 95% confidence the difference lies between 28.2% and 33.4% less time (B takes between 1.39 and 1.50 times as long as A).
  Noise floor: 3.47%. Identical code measured against itself on this setup can look that different, so smaller differences mean nothing.
  Neighbouring measurements are correlated (autocorrelation +0.34), so they were resampled in blocks of 3.
  
  Verdict: RESOLVED. A is faster than B: the difference is real, as its interval excludes zero and it exceeds the noise floor.
  
  Warnings:
    - the program holds 136 MB of live data, more than the caches of many machines; for data that size, where it lies in memory can shift the result by several points in ways the interval does not cover, and differently in the next process; run the comparison in several processes with the multiproc package

== dirs multi n=16384 churn and build: ordered vs map-sets
steady state, per insertion or deletion in a structure of 52542 elements (cycle of 137396 operations, first pass untimed):
  A: 340.3 ns per operation (median)
  B: 177.3 ns per operation (median)
  A needs 91.1% more time than B: B takes only 0.52 times as long as A.
  With 95% confidence the difference lies between 85.3% and 97.2% more time (B takes between 0.507 and 0.54 times as long as A).
  Noise floor: 1.76%. Identical code measured against itself on this setup can look that different, so smaller differences mean nothing.
  Neighbouring measurements are correlated (autocorrelation +0.46), so they were resampled in blocks of 3.
  
  Verdict: RESOLVED. A is slower than B: the difference is real, as its interval excludes zero and it exceeds the noise floor.
  
  Warnings:
    - the program holds 147 MB of live data, more than the caches of many machines; for data that size, where it lies in memory can shift the result by several points in ways the interval does not cover, and differently in the next process; run the comparison in several processes with the multiproc package
    - in 50% of A/A runs this setup reported a difference between identical code, well above the 10% expected; treat any confidence from it with suspicion

build from empty to 52542 elements, per whole build (188700 operations):
  A: 5.031e+07 ns per operation (median)
  B: 2.299e+07 ns per operation (median)
  A needs 124% more time than B: B takes only 0.45 times as long as A.
  With 95% confidence the difference lies between 115% and 138% more time (B takes between 0.42 and 0.47 times as long as A).
  Noise floor: 5.29%. Identical code measured against itself on this setup can look that different, so smaller differences mean nothing.
  Neighbouring measurements are nearly independent (autocorrelation +0.06), so they were resampled one by one.
  
  Verdict: RESOLVED. A is slower than B: the difference is real, as its interval excludes zero and it exceeds the noise floor.
  
  Warnings:
    - the program holds 136 MB of live data, more than the caches of many machines; for data that size, where it lies in memory can shift the result by several points in ways the interval does not cover, and differently in the next process; run the comparison in several processes with the multiproc package
    - in 50% of A/A runs this setup reported a difference between identical code, well above the 10% expected; treat any confidence from it with suspicion

checksum 68478140081490
== dirs multi n=16384 valuesFor: ordered vs hashed
A: 175.8 ns per operation (median)
B: 60.04 ns per operation (median)
A needs 197% more time than B: B takes only 0.34 times as long as A.
With 95% confidence the difference lies between 172% and 249% more time (B takes between 0.286 and 0.37 times as long as A).
Noise floor: 4.46%. Identical code measured against itself on this setup can look that different, so smaller differences mean nothing.
Neighbouring measurements are nearly independent (autocorrelation +0.16), so they were resampled one by one.

Verdict: RESOLVED. A is slower than B: the difference is real, as its interval excludes zero and it exceeds the noise floor.

Warnings:
  - the program holds 103 MB of live data, more than the caches of many machines; for data that size, where it lies in memory can shift the result by several points in ways the interval does not cover, and differently in the next process; run the comparison in several processes with the multiproc package

== dirs multi n=16384 valuesFor: ordered vs btree-sets
A: 182.3 ns per operation (median)
B: 317.6 ns per operation (median)
A needs 41.5% less time than B: B takes 1.71 times as long as A.
With 95% confidence the difference lies between 37.4% and 44% less time (B takes between 1.6 and 1.79 times as long as A).
Noise floor: 5.09%. Identical code measured against itself on this setup can look that different, so smaller differences mean nothing.
Neighbouring measurements are nearly independent (autocorrelation +0.11), so they were resampled one by one.

Verdict: RESOLVED. A is faster than B: the difference is real, as its interval excludes zero and it exceeds the noise floor.

Warnings:
  - the program holds 103 MB of live data, more than the caches of many machines; for data that size, where it lies in memory can shift the result by several points in ways the interval does not cover, and differently in the next process; run the comparison in several processes with the multiproc package
  - candidate A drifted during the run: its measurements were 7.84% lower in the second half than in the first, so the machine did not hold still
  - 5.9% of bootstrap replicates tied, so the measurement is coarse relative to the question; lower CollectOptions.MaxQuantizationError to lengthen the batches

== dirs multi n=16384 valuesFor: ordered vs map-sets
A: 179.5 ns per operation (median)
B: 124.1 ns per operation (median)
A needs 45.5% more time than B: B takes only 0.69 times as long as A.
With 95% confidence the difference lies between 34.5% and 53.8% more time (B takes between 0.65 and 0.74 times as long as A).
Noise floor: 4.87%. Identical code measured against itself on this setup can look that different, so smaller differences mean nothing.
Neighbouring measurements are correlated (autocorrelation +0.23), so they were resampled in blocks of 3.

Verdict: RESOLVED. A is slower than B: the difference is real, as its interval excludes zero and it exceeds the noise floor.

Warnings:
  - the program holds 103 MB of live data, more than the caches of many machines; for data that size, where it lies in memory can shift the result by several points in ways the interval does not cover, and differently in the next process; run the comparison in several processes with the multiproc package

== dirs multi n=16384 valuesBetween: ordered vs hashed
A: 4547 ns per operation (median)
B: 3.123e+05 ns per operation (median)
A needs 98.5% less time than B: B takes 68.65 times as long as A.
With 95% confidence the difference lies between 98.5% and 98.6% less time (B takes between 68.2 and 69.26 times as long as A).
Noise floor: 4.7%. Identical code measured against itself on this setup can look that different, so smaller differences mean nothing.
Neighbouring measurements are correlated (autocorrelation +0.26), so they were resampled in blocks of 3.

Verdict: RESOLVED. A is faster than B: the difference is real, as its interval excludes zero and it exceeds the noise floor.

Warnings:
  - the program holds 103 MB of live data, more than the caches of many machines; for data that size, where it lies in memory can shift the result by several points in ways the interval does not cover, and differently in the next process; run the comparison in several processes with the multiproc package

== dirs multi n=16384 valuesBetween: ordered vs btree-sets
A: 4519 ns per operation (median)
B: 7055 ns per operation (median)
A needs 35.8% less time than B: B takes 1.56 times as long as A.
With 95% confidence the difference lies between 35.1% and 36.8% less time (B takes between 1.54 and 1.58 times as long as A).
Noise floor: 0.846%. Identical code measured against itself on this setup can look that different, so smaller differences mean nothing.
Neighbouring measurements are correlated (autocorrelation +0.25), so they were resampled in blocks of 3.

Verdict: RESOLVED. A is faster than B: the difference is real, as its interval excludes zero and it exceeds the noise floor.

Warnings:
  - the program holds 103 MB of live data, more than the caches of many machines; for data that size, where it lies in memory can shift the result by several points in ways the interval does not cover, and differently in the next process; run the comparison in several processes with the multiproc package

== dirs multi n=16384 valuesBetween: ordered vs map-sets
A: 4677 ns per operation (median)
B: 2.951e+05 ns per operation (median)
A needs 98.4% less time than B: B takes 62.98 times as long as A.
With 95% confidence the difference lies between 98.4% and 98.4% less time (B takes between 61.7 and 63.56 times as long as A).
Noise floor: 2.54%. Identical code measured against itself on this setup can look that different, so smaller differences mean nothing.
Neighbouring measurements are correlated (autocorrelation +0.35), so they were resampled in blocks of 3.

Verdict: RESOLVED. A is faster than B: the difference is real, as its interval excludes zero and it exceeds the noise floor.

Warnings:
  - the program holds 135 MB of live data, more than the caches of many machines; for data that size, where it lies in memory can shift the result by several points in ways the interval does not cover, and differently in the next process; run the comparison in several processes with the multiproc package
  - candidate A drifted during the run: its measurements were 3.95% lower in the second half than in the first, so the machine did not hold still
  - the ratio B/A was 4.19% higher in the second half of the run than in the first, so the candidates had not reached a steady state and the difference depends on how long the run was; a common cause is a head start for whichever candidate ran alone last before the comparison or had its data built last, which a longer CollectOptions.WarmupDuration removes

== dirs multi n=16384 prefix: ordered vs hashed
A: 2.198e+04 ns per operation (median)
B: 3.221e+05 ns per operation (median)
A needs 93.1% less time than B: B takes 14.60 times as long as A.
With 95% confidence the difference lies between 92.6% and 93.8% less time (B takes between 13.6 and 16.12 times as long as A).
Noise floor: 18.6%. Identical code measured against itself on this setup can look that different, so smaller differences mean nothing.
Neighbouring measurements are nearly independent (autocorrelation +0.04), so they were resampled one by one.

Verdict: RESOLVED. A is faster than B: the difference is real, as its interval excludes zero and it exceeds the noise floor.

Warnings:
  - the program holds 135 MB of live data, more than the caches of many machines; for data that size, where it lies in memory can shift the result by several points in ways the interval does not cover, and differently in the next process; run the comparison in several processes with the multiproc package
  - in 50% of A/A runs this setup reported a difference between identical code, well above the 10% expected; treat any confidence from it with suspicion

== dirs multi n=16384 prefix: ordered vs btree-sets
A: 2.009e+04 ns per operation (median)
B: 3.333e+04 ns per operation (median)
A needs 39% less time than B: B takes 1.64 times as long as A.
With 95% confidence the difference lies between 38.3% and 39.4% less time (B takes between 1.62 and 1.65 times as long as A).
Noise floor: 15.1%. Identical code measured against itself on this setup can look that different, so smaller differences mean nothing.
Neighbouring measurements are nearly independent (autocorrelation +0.03), so they were resampled one by one.

Verdict: RESOLVED. A is faster than B: the difference is real, as its interval excludes zero and it exceeds the noise floor.

Warnings:
  - the program holds 135 MB of live data, more than the caches of many machines; for data that size, where it lies in memory can shift the result by several points in ways the interval does not cover, and differently in the next process; run the comparison in several processes with the multiproc package
  - in 50% of A/A runs this setup reported a difference between identical code, well above the 10% expected; treat any confidence from it with suspicion

== dirs multi n=16384 prefix: ordered vs map-sets
A: 2.212e+04 ns per operation (median)
B: 3.258e+05 ns per operation (median)
A needs 93.2% less time than B: B takes 14.71 times as long as A.
With 95% confidence the difference lies between 92.3% and 93.8% less time (B takes between 13 and 16.23 times as long as A).
Noise floor: 19.1%. Identical code measured against itself on this setup can look that different, so smaller differences mean nothing.
Neighbouring measurements are nearly independent (autocorrelation -0.05), so they were resampled one by one.

Verdict: RESOLVED. A is faster than B: the difference is real, as its interval excludes zero and it exceeds the noise floor.

Warnings:
  - the program holds 135 MB of live data, more than the caches of many machines; for data that size, where it lies in memory can shift the result by several points in ways the interval does not cover, and differently in the next process; run the comparison in several processes with the multiproc package
  - in 50% of A/A runs this setup reported a difference between identical code, well above the 10% expected; treat any confidence from it with suspicion

== dirs multi n=16384 churn and build: ordered vs hashed
steady state, per insertion or deletion in a structure of 52542 elements (cycle of 137396 operations, first pass untimed):
  A: 247.5 ns per operation (median)
  B: 87.77 ns per operation (median)
  A needs 182% more time than B: B takes only 0.35 times as long as A.
  With 95% confidence the difference lies between 176% and 186% more time (B takes between 0.349 and 0.36 times as long as A).
  Noise floor: 0.318%. Identical code measured against itself on this setup can look that different, so smaller differences mean nothing.
  Neighbouring measurements are correlated (autocorrelation +0.54), so they were resampled in blocks of 3.
  
  Verdict: RESOLVED. A is slower than B: the difference is real, as its interval excludes zero and it exceeds the noise floor.
  
  Warnings:
    - the program holds 145 MB of live data, more than the caches of many machines; for data that size, where it lies in memory can shift the result by several points in ways the interval does not cover, and differently in the next process; run the comparison in several processes with the multiproc package

build from empty to 52542 elements, per whole build (188700 operations):
  A: 4.731e+07 ns per operation (median)
  B: 1.702e+07 ns per operation (median)
  A needs 178% more time than B: B takes only 0.36 times as long as A.
  With 95% confidence the difference lies between 176% and 179% more time (B takes between 0.358 and 0.36 times as long as A).
  Noise floor: 0.395%. Identical code measured against itself on this setup can look that different, so smaller differences mean nothing.
  Neighbouring measurements are nearly independent (autocorrelation +0.19), so they were resampled one by one.
  
  Verdict: RESOLVED. A is slower than B: the difference is real, as its interval excludes zero and it exceeds the noise floor.
  
  Warnings:
    - the program holds 136 MB of live data, more than the caches of many machines; for data that size, where it lies in memory can shift the result by several points in ways the interval does not cover, and differently in the next process; run the comparison in several processes with the multiproc package

== dirs multi n=16384 churn and build: ordered vs btree-sets
steady state, per insertion or deletion in a structure of 52542 elements (cycle of 137396 operations, first pass untimed):
  A: 276 ns per operation (median)
  B: 377.4 ns per operation (median)
  A needs 26.9% less time than B: B takes 1.37 times as long as A.
  With 95% confidence the difference lies between 25.3% and 27.8% less time (B takes between 1.34 and 1.38 times as long as A).
  Noise floor: 2.46%. Identical code measured against itself on this setup can look that different, so smaller differences mean nothing.
  Neighbouring measurements are correlated (autocorrelation +0.75), so they were resampled in blocks of 3.
  
  Verdict: RESOLVED. A is faster than B: the difference is real, as its interval excludes zero and it exceeds the noise floor.
  
  Warnings:
    - the program holds 147 MB of live data, more than the caches of many machines; for data that size, where it lies in memory can shift the result by several points in ways the interval does not cover, and differently in the next process; run the comparison in several processes with the multiproc package

build from empty to 52542 elements, per whole build (188700 operations):
  A: 4.742e+07 ns per operation (median)
  B: 6.675e+07 ns per operation (median)
  A needs 28.9% less time than B: B takes 1.41 times as long as A.
  With 95% confidence the difference lies between 28.7% and 29% less time (B takes between 1.4 and 1.41 times as long as A).
  Noise floor: 0.773%. Identical code measured against itself on this setup can look that different, so smaller differences mean nothing.
  Neighbouring measurements are nearly independent (autocorrelation +0.08), so they were resampled one by one.
  
  Verdict: RESOLVED. A is faster than B: the difference is real, as its interval excludes zero and it exceeds the noise floor.
  
  Warnings:
    - the program holds 136 MB of live data, more than the caches of many machines; for data that size, where it lies in memory can shift the result by several points in ways the interval does not cover, and differently in the next process; run the comparison in several processes with the multiproc package
    - in 50% of A/A runs this setup reported a difference between identical code, well above the 10% expected; treat any confidence from it with suspicion

== dirs multi n=16384 churn and build: ordered vs map-sets
steady state, per insertion or deletion in a structure of 52542 elements (cycle of 137396 operations, first pass untimed):
  A: 256.6 ns per operation (median)
  B: 108.5 ns per operation (median)
  A needs 137% more time than B: B takes only 0.42 times as long as A.
  With 95% confidence the difference lies between 135% and 139% more time (B takes between 0.419 and 0.43 times as long as A).
  Noise floor: 2.08%. Identical code measured against itself on this setup can look that different, so smaller differences mean nothing.
  Neighbouring measurements are correlated (autocorrelation +0.47), so they were resampled in blocks of 3.
  
  Verdict: RESOLVED. A is slower than B: the difference is real, as its interval excludes zero and it exceeds the noise floor.
  
  Warnings:
    - the program holds 147 MB of live data, more than the caches of many machines; for data that size, where it lies in memory can shift the result by several points in ways the interval does not cover, and differently in the next process; run the comparison in several processes with the multiproc package

build from empty to 52542 elements, per whole build (188700 operations):
  A: 4.75e+07 ns per operation (median)
  B: 2.009e+07 ns per operation (median)
  A needs 137% more time than B: B takes only 0.42 times as long as A.
  With 95% confidence the difference lies between 135% and 137% more time (B takes between 0.422 and 0.43 times as long as A).
  Noise floor: 0.544%. Identical code measured against itself on this setup can look that different, so smaller differences mean nothing.
  Neighbouring measurements are nearly independent (autocorrelation -0.00), so they were resampled one by one.
  
  Verdict: RESOLVED. A is slower than B: the difference is real, as its interval excludes zero and it exceeds the noise floor.
  
  Warnings:
    - the program holds 136 MB of live data, more than the caches of many machines; for data that size, where it lies in memory can shift the result by several points in ways the interval does not cover, and differently in the next process; run the comparison in several processes with the multiproc package

checksum 68547718851848
== dirs multi n=16384 valuesFor: ordered vs hashed
A: 161.3 ns per operation (median)
B: 45.87 ns per operation (median)
A needs 248% more time than B: B takes only 0.29 times as long as A.
With 95% confidence the difference lies between 243% and 257% more time (B takes between 0.28 and 0.29 times as long as A).
Noise floor: 2.35%. Identical code measured against itself on this setup can look that different, so smaller differences mean nothing.
Neighbouring measurements are correlated (autocorrelation +0.42), so they were resampled in blocks of 3.

Verdict: RESOLVED. A is slower than B: the difference is real, as its interval excludes zero and it exceeds the noise floor.

Warnings:
  - the program holds 109 MB of live data, more than the caches of many machines; for data that size, where it lies in memory can shift the result by several points in ways the interval does not cover, and differently in the next process; run the comparison in several processes with the multiproc package

== dirs multi n=16384 valuesFor: ordered vs btree-sets
A: 166 ns per operation (median)
B: 269 ns per operation (median)
A needs 38.3% less time than B: B takes 1.62 times as long as A.
With 95% confidence the difference lies between 36.8% and 39.8% less time (B takes between 1.58 and 1.66 times as long as A).
Noise floor: 1.23%. Identical code measured against itself on this setup can look that different, so smaller differences mean nothing.
Neighbouring measurements are nearly independent (autocorrelation -0.38), so they were resampled one by one.

Verdict: RESOLVED. A is faster than B: the difference is real, as its interval excludes zero and it exceeds the noise floor.

Warnings:
  - the program holds 109 MB of live data, more than the caches of many machines; for data that size, where it lies in memory can shift the result by several points in ways the interval does not cover, and differently in the next process; run the comparison in several processes with the multiproc package

== dirs multi n=16384 valuesFor: ordered vs map-sets
A: 162.5 ns per operation (median)
B: 101.8 ns per operation (median)
A needs 58.8% more time than B: B takes only 0.63 times as long as A.
With 95% confidence the difference lies between 56.9% and 65.2% more time (B takes between 0.605 and 0.64 times as long as A).
Noise floor: 1.97%. Identical code measured against itself on this setup can look that different, so smaller differences mean nothing.
Neighbouring measurements are correlated (autocorrelation +0.33), so they were resampled in blocks of 3.

Verdict: RESOLVED. A is slower than B: the difference is real, as its interval excludes zero and it exceeds the noise floor.

Warnings:
  - the program holds 109 MB of live data, more than the caches of many machines; for data that size, where it lies in memory can shift the result by several points in ways the interval does not cover, and differently in the next process; run the comparison in several processes with the multiproc package

== dirs multi n=16384 valuesBetween: ordered vs hashed
A: 4399 ns per operation (median)
B: 3.084e+05 ns per operation (median)
A needs 98.6% less time than B: B takes 69.90 times as long as A.
With 95% confidence the difference lies between 98.6% and 98.6% less time (B takes between 69.1 and 70.82 times as long as A).
Noise floor: 1%. Identical code measured against itself on this setup can look that different, so smaller differences mean nothing.
Neighbouring measurements are nearly independent (autocorrelation +0.04), so they were resampled one by one.

Verdict: RESOLVED. A is faster than B: the difference is real, as its interval excludes zero and it exceeds the noise floor.

Warnings:
  - the program holds 109 MB of live data, more than the caches of many machines; for data that size, where it lies in memory can shift the result by several points in ways the interval does not cover, and differently in the next process; run the comparison in several processes with the multiproc package

== dirs multi n=16384 valuesBetween: ordered vs btree-sets
A: 4392 ns per operation (median)
B: 6821 ns per operation (median)
A needs 36% less time than B: B takes 1.56 times as long as A.
With 95% confidence the difference lies between 35.1% and 36.7% less time (B takes between 1.54 and 1.58 times as long as A).
Noise floor: 1.33%. Identical code measured against itself on this setup can look that different, so smaller differences mean nothing.
Neighbouring measurements are nearly independent (autocorrelation -0.13), so they were resampled one by one.

Verdict: RESOLVED. A is faster than B: the difference is real, as its interval excludes zero and it exceeds the noise floor.

Warnings:
  - the program holds 109 MB of live data, more than the caches of many machines; for data that size, where it lies in memory can shift the result by several points in ways the interval does not cover, and differently in the next process; run the comparison in several processes with the multiproc package
  - in 50% of A/A runs this setup reported a difference between identical code, well above the 10% expected; treat any confidence from it with suspicion

== dirs multi n=16384 valuesBetween: ordered vs map-sets
A: 4486 ns per operation (median)
B: 2.884e+05 ns per operation (median)
A needs 98.4% less time than B: B takes 64.51 times as long as A.
With 95% confidence the difference lies between 98.4% and 98.5% less time (B takes between 63.3 and 65.10 times as long as A).
Noise floor: 2.03%. Identical code measured against itself on this setup can look that different, so smaller differences mean nothing.
Neighbouring measurements are correlated (autocorrelation +0.24), so they were resampled in blocks of 3.

Verdict: RESOLVED. A is faster than B: the difference is real, as its interval excludes zero and it exceeds the noise floor.

Warnings:
  - the program holds 109 MB of live data, more than the caches of many machines; for data that size, where it lies in memory can shift the result by several points in ways the interval does not cover, and differently in the next process; run the comparison in several processes with the multiproc package
  - 6.3% of bootstrap replicates tied, so the measurement is coarse relative to the question; lower CollectOptions.MaxQuantizationError to lengthen the batches

== dirs multi n=16384 prefix: ordered vs hashed
A: 2.15e+04 ns per operation (median)
B: 3.18e+05 ns per operation (median)
A needs 93.2% less time than B: B takes 14.68 times as long as A.
With 95% confidence the difference lies between 92.5% and 93.8% less time (B takes between 13.4 and 16.13 times as long as A).
Noise floor: 16.9%. Identical code measured against itself on this setup can look that different, so smaller differences mean nothing.
Neighbouring measurements are nearly independent (autocorrelation -0.01), so they were resampled one by one.

Verdict: RESOLVED. A is faster than B: the difference is real, as its interval excludes zero and it exceeds the noise floor.

Warnings:
  - the program holds 135 MB of live data, more than the caches of many machines; for data that size, where it lies in memory can shift the result by several points in ways the interval does not cover, and differently in the next process; run the comparison in several processes with the multiproc package
  - in 50% of A/A runs this setup reported a difference between identical code, well above the 10% expected; treat any confidence from it with suspicion

== dirs multi n=16384 prefix: ordered vs btree-sets
A: 2.074e+04 ns per operation (median)
B: 3.284e+04 ns per operation (median)
A needs 37.9% less time than B: B takes 1.61 times as long as A.
With 95% confidence the difference lies between 37.7% and 38.5% less time (B takes between 1.6 and 1.63 times as long as A).
Noise floor: 16.9%. Identical code measured against itself on this setup can look that different, so smaller differences mean nothing.
Neighbouring measurements are nearly independent (autocorrelation -0.01), so they were resampled one by one.

Verdict: RESOLVED. A is faster than B: the difference is real, as its interval excludes zero and it exceeds the noise floor.

Warnings:
  - the program holds 135 MB of live data, more than the caches of many machines; for data that size, where it lies in memory can shift the result by several points in ways the interval does not cover, and differently in the next process; run the comparison in several processes with the multiproc package
  - in 50% of A/A runs this setup reported a difference between identical code, well above the 10% expected; treat any confidence from it with suspicion

== dirs multi n=16384 prefix: ordered vs map-sets
A: 2.176e+04 ns per operation (median)
B: 3.205e+05 ns per operation (median)
A needs 93.2% less time than B: B takes 14.76 times as long as A.
With 95% confidence the difference lies between 92.4% and 93.9% less time (B takes between 13.1 and 16.43 times as long as A).
Noise floor: 16.8%. Identical code measured against itself on this setup can look that different, so smaller differences mean nothing.
Neighbouring measurements are nearly independent (autocorrelation -0.09), so they were resampled one by one.

Verdict: RESOLVED. A is faster than B: the difference is real, as its interval excludes zero and it exceeds the noise floor.

Warnings:
  - the program holds 135 MB of live data, more than the caches of many machines; for data that size, where it lies in memory can shift the result by several points in ways the interval does not cover, and differently in the next process; run the comparison in several processes with the multiproc package
  - in 50% of A/A runs this setup reported a difference between identical code, well above the 10% expected; treat any confidence from it with suspicion

== dirs multi n=16384 churn and build: ordered vs hashed
steady state, per insertion or deletion in a structure of 52542 elements (cycle of 137396 operations, first pass untimed):
  A: 247 ns per operation (median)
  B: 87.7 ns per operation (median)
  A needs 183% more time than B: B takes only 0.35 times as long as A.
  With 95% confidence the difference lies between 179% and 192% more time (B takes between 0.343 and 0.36 times as long as A).
  Noise floor: 0.313%. Identical code measured against itself on this setup can look that different, so smaller differences mean nothing.
  Neighbouring measurements are correlated (autocorrelation +0.46), so they were resampled in blocks of 3.
  
  Verdict: RESOLVED. A is slower than B: the difference is real, as its interval excludes zero and it exceeds the noise floor.
  
  Warnings:
    - the program holds 144 MB of live data, more than the caches of many machines; for data that size, where it lies in memory can shift the result by several points in ways the interval does not cover, and differently in the next process; run the comparison in several processes with the multiproc package

build from empty to 52542 elements, per whole build (188700 operations):
  A: 4.736e+07 ns per operation (median)
  B: 1.678e+07 ns per operation (median)
  A needs 182% more time than B: B takes only 0.35 times as long as A.
  With 95% confidence the difference lies between 181% and 183% more time (B takes between 0.353 and 0.36 times as long as A).
  Noise floor: 0.197%. Identical code measured against itself on this setup can look that different, so smaller differences mean nothing.
  Neighbouring measurements are nearly independent (autocorrelation -0.10), so they were resampled one by one.
  
  Verdict: RESOLVED. A is slower than B: the difference is real, as its interval excludes zero and it exceeds the noise floor.
  
  Warnings:
    - the program holds 136 MB of live data, more than the caches of many machines; for data that size, where it lies in memory can shift the result by several points in ways the interval does not cover, and differently in the next process; run the comparison in several processes with the multiproc package

== dirs multi n=16384 churn and build: ordered vs btree-sets
steady state, per insertion or deletion in a structure of 52542 elements (cycle of 137396 operations, first pass untimed):
  A: 277.2 ns per operation (median)
  B: 378.2 ns per operation (median)
  A needs 26% less time than B: B takes 1.35 times as long as A.
  With 95% confidence the difference lies between 24.6% and 29.5% less time (B takes between 1.33 and 1.42 times as long as A).
  Noise floor: 2.96%. Identical code measured against itself on this setup can look that different, so smaller differences mean nothing.
  Neighbouring measurements are correlated (autocorrelation +0.22), so they were resampled in blocks of 3.
  
  Verdict: RESOLVED. A is faster than B: the difference is real, as its interval excludes zero and it exceeds the noise floor.
  
  Warnings:
    - the program holds 147 MB of live data, more than the caches of many machines; for data that size, where it lies in memory can shift the result by several points in ways the interval does not cover, and differently in the next process; run the comparison in several processes with the multiproc package

build from empty to 52542 elements, per whole build (188700 operations):
  A: 4.73e+07 ns per operation (median)
  B: 6.641e+07 ns per operation (median)
  A needs 28.7% less time than B: B takes 1.40 times as long as A.
  With 95% confidence the difference lies between 28.6% and 28.9% less time (B takes between 1.4 and 1.41 times as long as A).
  Noise floor: 0.271%. Identical code measured against itself on this setup can look that different, so smaller differences mean nothing.
  Neighbouring measurements are nearly independent (autocorrelation +0.16), so they were resampled one by one.
  
  Verdict: RESOLVED. A is faster than B: the difference is real, as its interval excludes zero and it exceeds the noise floor.
  
  Warnings:
    - the program holds 136 MB of live data, more than the caches of many machines; for data that size, where it lies in memory can shift the result by several points in ways the interval does not cover, and differently in the next process; run the comparison in several processes with the multiproc package

== dirs multi n=16384 churn and build: ordered vs map-sets
steady state, per insertion or deletion in a structure of 52542 elements (cycle of 137396 operations, first pass untimed):
  A: 261.5 ns per operation (median)
  B: 115 ns per operation (median)
  A needs 128% more time than B: B takes only 0.44 times as long as A.
  With 95% confidence the difference lies between 126% and 129% more time (B takes between 0.436 and 0.44 times as long as A).
  Noise floor: 1.59%. Identical code measured against itself on this setup can look that different, so smaller differences mean nothing.
  Neighbouring measurements are correlated (autocorrelation +0.40), so they were resampled in blocks of 3.
  
  Verdict: RESOLVED. A is slower than B: the difference is real, as its interval excludes zero and it exceeds the noise floor.
  
  Warnings:
    - the program holds 147 MB of live data, more than the caches of many machines; for data that size, where it lies in memory can shift the result by several points in ways the interval does not cover, and differently in the next process; run the comparison in several processes with the multiproc package
    - in 50% of A/A runs this setup reported a difference between identical code, well above the 10% expected; treat any confidence from it with suspicion

build from empty to 52542 elements, per whole build (188700 operations):
  A: 4.733e+07 ns per operation (median)
  B: 2.009e+07 ns per operation (median)
  A needs 136% more time than B: B takes only 0.42 times as long as A.
  With 95% confidence the difference lies between 135% and 138% more time (B takes between 0.421 and 0.43 times as long as A).
  Noise floor: 0.434%. Identical code measured against itself on this setup can look that different, so smaller differences mean nothing.
  Neighbouring measurements are nearly independent (autocorrelation +0.17), so they were resampled one by one.
  
  Verdict: RESOLVED. A is slower than B: the difference is real, as its interval excludes zero and it exceeds the noise floor.
  
  Warnings:
    - the program holds 136 MB of live data, more than the caches of many machines; for data that size, where it lies in memory can shift the result by several points in ways the interval does not cover, and differently in the next process; run the comparison in several processes with the multiproc package

checksum 71318892998333
== dirs multi n=16384 valuesFor: ordered vs hashed
A: 164.5 ns per operation (median)
B: 46.34 ns per operation (median)
A needs 254% more time than B: B takes only 0.28 times as long as A.
With 95% confidence the difference lies between 242% and 269% more time (B takes between 0.271 and 0.29 times as long as A).
Noise floor: 1.75%. Identical code measured against itself on this setup can look that different, so smaller differences mean nothing.
Neighbouring measurements are nearly independent (autocorrelation -0.72), so they were resampled one by one.

Verdict: RESOLVED. A is slower than B: the difference is real, as its interval excludes zero and it exceeds the noise floor.

Warnings:
  - the program holds 106 MB of live data, more than the caches of many machines; for data that size, where it lies in memory can shift the result by several points in ways the interval does not cover, and differently in the next process; run the comparison in several processes with the multiproc package

== dirs multi n=16384 valuesFor: ordered vs btree-sets
A: 171.3 ns per operation (median)
B: 272.5 ns per operation (median)
A needs 35.7% less time than B: B takes 1.55 times as long as A.
With 95% confidence the difference lies between 34.9% and 38.8% less time (B takes between 1.54 and 1.63 times as long as A).
Noise floor: 1.16%. Identical code measured against itself on this setup can look that different, so smaller differences mean nothing.
Neighbouring measurements are nearly independent (autocorrelation -0.37), so they were resampled one by one.

Verdict: RESOLVED. A is faster than B: the difference is real, as its interval excludes zero and it exceeds the noise floor.

Warnings:
  - the program holds 106 MB of live data, more than the caches of many machines; for data that size, where it lies in memory can shift the result by several points in ways the interval does not cover, and differently in the next process; run the comparison in several processes with the multiproc package

== dirs multi n=16384 valuesFor: ordered vs map-sets
A: 166.6 ns per operation (median)
B: 101.8 ns per operation (median)
A needs 62.9% more time than B: B takes only 0.61 times as long as A.
With 95% confidence the difference lies between 58.3% and 71.6% more time (B takes between 0.583 and 0.63 times as long as A).
Noise floor: 2.79%. Identical code measured against itself on this setup can look that different, so smaller differences mean nothing.
Neighbouring measurements are nearly independent (autocorrelation -0.37), so they were resampled one by one.

Verdict: RESOLVED. A is slower than B: the difference is real, as its interval excludes zero and it exceeds the noise floor.

Warnings:
  - the program holds 106 MB of live data, more than the caches of many machines; for data that size, where it lies in memory can shift the result by several points in ways the interval does not cover, and differently in the next process; run the comparison in several processes with the multiproc package

== dirs multi n=16384 valuesBetween: ordered vs hashed
A: 4423 ns per operation (median)
B: 3.051e+05 ns per operation (median)
A needs 98.5% less time than B: B takes 68.89 times as long as A.
With 95% confidence the difference lies between 98.5% and 98.6% less time (B takes between 68.2 and 69.90 times as long as A).
Noise floor: 0.668%. Identical code measured against itself on this setup can look that different, so smaller differences mean nothing.
Neighbouring measurements are nearly independent (autocorrelation +0.18), so they were resampled one by one.

Verdict: RESOLVED. A is faster than B: the difference is real, as its interval excludes zero and it exceeds the noise floor.

Warnings:
  - the program holds 135 MB of live data, more than the caches of many machines; for data that size, where it lies in memory can shift the result by several points in ways the interval does not cover, and differently in the next process; run the comparison in several processes with the multiproc package

== dirs multi n=16384 valuesBetween: ordered vs btree-sets
A: 4482 ns per operation (median)
B: 6860 ns per operation (median)
A needs 35.5% less time than B: B takes 1.55 times as long as A.
With 95% confidence the difference lies between 34.1% and 36.2% less time (B takes between 1.52 and 1.57 times as long as A).
Noise floor: 1.29%. Identical code measured against itself on this setup can look that different, so smaller differences mean nothing.
Neighbouring measurements are nearly independent (autocorrelation -0.11), so they were resampled one by one.

Verdict: RESOLVED. A is faster than B: the difference is real, as its interval excludes zero and it exceeds the noise floor.

Warnings:
  - the program holds 135 MB of live data, more than the caches of many machines; for data that size, where it lies in memory can shift the result by several points in ways the interval does not cover, and differently in the next process; run the comparison in several processes with the multiproc package

== dirs multi n=16384 valuesBetween: ordered vs map-sets
A: 4566 ns per operation (median)
B: 2.869e+05 ns per operation (median)
A needs 98.4% less time than B: B takes 62.57 times as long as A.
With 95% confidence the difference lies between 98.3% and 98.4% less time (B takes between 60.3 and 63.72 times as long as A).
Noise floor: 1%. Identical code measured against itself on this setup can look that different, so smaller differences mean nothing.
Neighbouring measurements are correlated (autocorrelation +0.25), so they were resampled in blocks of 3.

Verdict: RESOLVED. A is faster than B: the difference is real, as its interval excludes zero and it exceeds the noise floor.

Warnings:
  - the program holds 135 MB of live data, more than the caches of many machines; for data that size, where it lies in memory can shift the result by several points in ways the interval does not cover, and differently in the next process; run the comparison in several processes with the multiproc package
  - candidate A drifted during the run: its measurements were 8.71% lower in the second half than in the first, so the machine did not hold still
  - the ratio B/A was 8.11% higher in the second half of the run than in the first, so the candidates had not reached a steady state and the difference depends on how long the run was; a common cause is a head start for whichever candidate ran alone last before the comparison or had its data built last, which a longer CollectOptions.WarmupDuration removes
  - in 50% of A/A runs this setup reported a difference between identical code, well above the 10% expected; treat any confidence from it with suspicion

== dirs multi n=16384 prefix: ordered vs hashed
A: 2.166e+04 ns per operation (median)
B: 3.145e+05 ns per operation (median)
A needs 93.1% less time than B: B takes 14.45 times as long as A.
With 95% confidence the difference lies between 92.3% and 93.7% less time (B takes between 13 and 15.97 times as long as A).
Noise floor: 16.5%. Identical code measured against itself on this setup can look that different, so smaller differences mean nothing.
Neighbouring measurements are nearly independent (autocorrelation -0.01), so they were resampled one by one.

Verdict: RESOLVED. A is faster than B: the difference is real, as its interval excludes zero and it exceeds the noise floor.

Warnings:
  - the program holds 135 MB of live data, more than the caches of many machines; for data that size, where it lies in memory can shift the result by several points in ways the interval does not cover, and differently in the next process; run the comparison in several processes with the multiproc package
  - in 50% of A/A runs this setup reported a difference between identical code, well above the 10% expected; treat any confidence from it with suspicion

== dirs multi n=16384 prefix: ordered vs btree-sets
A: 2.088e+04 ns per operation (median)
B: 3.479e+04 ns per operation (median)
A needs 37.8% less time than B: B takes 1.61 times as long as A.
With 95% confidence the difference lies between 37% and 38.7% less time (B takes between 1.59 and 1.63 times as long as A).
Noise floor: 17.2%. Identical code measured against itself on this setup can look that different, so smaller differences mean nothing.
Neighbouring measurements are nearly independent (autocorrelation -0.03), so they were resampled one by one.

Verdict: RESOLVED. A is faster than B: the difference is real, as its interval excludes zero and it exceeds the noise floor.

Warnings:
  - the program holds 135 MB of live data, more than the caches of many machines; for data that size, where it lies in memory can shift the result by several points in ways the interval does not cover, and differently in the next process; run the comparison in several processes with the multiproc package
  - in 50% of A/A runs this setup reported a difference between identical code, well above the 10% expected; treat any confidence from it with suspicion

== dirs multi n=16384 prefix: ordered vs map-sets
A: 2.25e+04 ns per operation (median)
B: 3.19e+05 ns per operation (median)
A needs 93.1% less time than B: B takes 14.40 times as long as A.
With 95% confidence the difference lies between 92.2% and 93.8% less time (B takes between 12.9 and 16.22 times as long as A).
Noise floor: 17.8%. Identical code measured against itself on this setup can look that different, so smaller differences mean nothing.
Neighbouring measurements are nearly independent (autocorrelation -0.07), so they were resampled one by one.

Verdict: RESOLVED. A is faster than B: the difference is real, as its interval excludes zero and it exceeds the noise floor.

Warnings:
  - the program holds 135 MB of live data, more than the caches of many machines; for data that size, where it lies in memory can shift the result by several points in ways the interval does not cover, and differently in the next process; run the comparison in several processes with the multiproc package
  - in 50% of A/A runs this setup reported a difference between identical code, well above the 10% expected; treat any confidence from it with suspicion

== dirs multi n=16384 churn and build: ordered vs hashed
steady state, per insertion or deletion in a structure of 52542 elements (cycle of 137396 operations, first pass untimed):
  A: 249.6 ns per operation (median)
  B: 90.35 ns per operation (median)
  A needs 178% more time than B: B takes only 0.36 times as long as A.
  With 95% confidence the difference lies between 174% and 182% more time (B takes between 0.355 and 0.37 times as long as A).
  Noise floor: 1.47%. Identical code measured against itself on this setup can look that different, so smaller differences mean nothing.
  Neighbouring measurements are correlated (autocorrelation +0.68), so they were resampled in blocks of 3.
  
  Verdict: RESOLVED. A is slower than B: the difference is real, as its interval excludes zero and it exceeds the noise floor.
  
  Warnings:
    - the program holds 144 MB of live data, more than the caches of many machines; for data that size, where it lies in memory can shift the result by several points in ways the interval does not cover, and differently in the next process; run the comparison in several processes with the multiproc package

build from empty to 52542 elements, per whole build (188700 operations):
  A: 4.745e+07 ns per operation (median)
  B: 1.711e+07 ns per operation (median)
  A needs 178% more time than B: B takes only 0.36 times as long as A.
  With 95% confidence the difference lies between 177% and 179% more time (B takes between 0.358 and 0.36 times as long as A).
  Noise floor: 0.392%. Identical code measured against itself on this setup can look that different, so smaller differences mean nothing.
  Neighbouring measurements are nearly independent (autocorrelation -0.02), so they were resampled one by one.
  
  Verdict: RESOLVED. A is slower than B: the difference is real, as its interval excludes zero and it exceeds the noise floor.
  
  Warnings:
    - the program holds 136 MB of live data, more than the caches of many machines; for data that size, where it lies in memory can shift the result by several points in ways the interval does not cover, and differently in the next process; run the comparison in several processes with the multiproc package

== dirs multi n=16384 churn and build: ordered vs btree-sets
steady state, per insertion or deletion in a structure of 52542 elements (cycle of 137396 operations, first pass untimed):
  A: 273.6 ns per operation (median)
  B: 375.9 ns per operation (median)
  A needs 27.9% less time than B: B takes 1.39 times as long as A.
  With 95% confidence the difference lies between 25.3% and 28.6% less time (B takes between 1.34 and 1.40 times as long as A).
  Noise floor: 2.57%. Identical code measured against itself on this setup can look that different, so smaller differences mean nothing.
  Neighbouring measurements are nearly independent (autocorrelation +0.17), so they were resampled one by one.
  
  Verdict: RESOLVED. A is faster than B: the difference is real, as its interval excludes zero and it exceeds the noise floor.
  
  Warnings:
    - the program holds 147 MB of live data, more than the caches of many machines; for data that size, where it lies in memory can shift the result by several points in ways the interval does not cover, and differently in the next process; run the comparison in several processes with the multiproc package

build from empty to 52542 elements, per whole build (188700 operations):
  A: 4.745e+07 ns per operation (median)
  B: 6.685e+07 ns per operation (median)
  A needs 29% less time than B: B takes 1.41 times as long as A.
  With 95% confidence the difference lies between 28.6% and 29.2% less time (B takes between 1.4 and 1.41 times as long as A).
  Noise floor: 0.118%. Identical code measured against itself on this setup can look that different, so smaller differences mean nothing.
  Neighbouring measurements are nearly independent (autocorrelation -0.03), so they were resampled one by one.
  
  Verdict: RESOLVED. A is faster than B: the difference is real, as its interval excludes zero and it exceeds the noise floor.
  
  Warnings:
    - the program holds 136 MB of live data, more than the caches of many machines; for data that size, where it lies in memory can shift the result by several points in ways the interval does not cover, and differently in the next process; run the comparison in several processes with the multiproc package

== dirs multi n=16384 churn and build: ordered vs map-sets
steady state, per insertion or deletion in a structure of 52542 elements (cycle of 137396 operations, first pass untimed):
  A: 262.5 ns per operation (median)
  B: 115.1 ns per operation (median)
  A needs 129% more time than B: B takes only 0.44 times as long as A.
  With 95% confidence the difference lies between 127% and 133% more time (B takes between 0.429 and 0.44 times as long as A).
  Noise floor: 2.78%. Identical code measured against itself on this setup can look that different, so smaller differences mean nothing.
  Neighbouring measurements are correlated (autocorrelation +0.40), so they were resampled in blocks of 3.
  
  Verdict: RESOLVED. A is slower than B: the difference is real, as its interval excludes zero and it exceeds the noise floor.
  
  Warnings:
    - the program holds 147 MB of live data, more than the caches of many machines; for data that size, where it lies in memory can shift the result by several points in ways the interval does not cover, and differently in the next process; run the comparison in several processes with the multiproc package

build from empty to 52542 elements, per whole build (188700 operations):
  A: 4.748e+07 ns per operation (median)
  B: 2.019e+07 ns per operation (median)
  A needs 135% more time than B: B takes only 0.43 times as long as A.
  With 95% confidence the difference lies between 134% and 136% more time (B takes between 0.423 and 0.43 times as long as A).
  Noise floor: 0.126%. Identical code measured against itself on this setup can look that different, so smaller differences mean nothing.
  Neighbouring measurements are correlated (autocorrelation +0.40), so they were resampled in blocks of 3.
  
  Verdict: RESOLVED. A is slower than B: the difference is real, as its interval excludes zero and it exceeds the noise floor.
  
  Warnings:
    - the program holds 136 MB of live data, more than the caches of many machines; for data that size, where it lies in memory can shift the result by several points in ways the interval does not cover, and differently in the next process; run the comparison in several processes with the multiproc package

checksum 70282824304923
== dirs multi n=16384 valuesFor: ordered vs hashed
A: 162 ns per operation (median)
B: 45.83 ns per operation (median)
A needs 251% more time than B: B takes only 0.28 times as long as A.
With 95% confidence the difference lies between 245% and 265% more time (B takes between 0.274 and 0.29 times as long as A).
Noise floor: 2.52%. Identical code measured against itself on this setup can look that different, so smaller differences mean nothing.
Neighbouring measurements are nearly independent (autocorrelation -0.15), so they were resampled one by one.

Verdict: RESOLVED. A is slower than B: the difference is real, as its interval excludes zero and it exceeds the noise floor.

Warnings:
  - the program holds 98 MB of live data, more than the caches of many machines; for data that size, where it lies in memory can shift the result by several points in ways the interval does not cover, and differently in the next process; run the comparison in several processes with the multiproc package

== dirs multi n=16384 valuesFor: ordered vs btree-sets
A: 167.4 ns per operation (median)
B: 272 ns per operation (median)
A needs 38.6% less time than B: B takes 1.63 times as long as A.
With 95% confidence the difference lies between 37.2% and 39.5% less time (B takes between 1.59 and 1.65 times as long as A).
Noise floor: 0.144%. Identical code measured against itself on this setup can look that different, so smaller differences mean nothing.
Neighbouring measurements are nearly independent (autocorrelation -0.40), so they were resampled one by one.

Verdict: RESOLVED. A is faster than B: the difference is real, as its interval excludes zero and it exceeds the noise floor.

Warnings:
  - the program holds 98 MB of live data, more than the caches of many machines; for data that size, where it lies in memory can shift the result by several points in ways the interval does not cover, and differently in the next process; run the comparison in several processes with the multiproc package

== dirs multi n=16384 valuesFor: ordered vs map-sets
A: 164.4 ns per operation (median)
B: 101 ns per operation (median)
A needs 61.6% more time than B: B takes only 0.62 times as long as A.
With 95% confidence the difference lies between 58.1% and 68.6% more time (B takes between 0.593 and 0.63 times as long as A).
Noise floor: 2.67%. Identical code measured against itself on this setup can look that different, so smaller differences mean nothing.
Neighbouring measurements are nearly independent (autocorrelation -0.26), so they were resampled one by one.

Verdict: RESOLVED. A is slower than B: the difference is real, as its interval excludes zero and it exceeds the noise floor.

Warnings:
  - the program holds 98 MB of live data, more than the caches of many machines; for data that size, where it lies in memory can shift the result by several points in ways the interval does not cover, and differently in the next process; run the comparison in several processes with the multiproc package

== dirs multi n=16384 valuesBetween: ordered vs hashed
A: 4406 ns per operation (median)
B: 3.058e+05 ns per operation (median)
A needs 98.6% less time than B: B takes 69.13 times as long as A.
With 95% confidence the difference lies between 98.5% and 98.6% less time (B takes between 68.1 and 69.66 times as long as A).
Noise floor: 1.24%. Identical code measured against itself on this setup can look that different, so smaller differences mean nothing.
Neighbouring measurements are nearly independent (autocorrelation +0.12), so they were resampled one by one.

Verdict: RESOLVED. A is faster than B: the difference is real, as its interval excludes zero and it exceeds the noise floor.

Warnings:
  - the program holds 98 MB of live data, more than the caches of many machines; for data that size, where it lies in memory can shift the result by several points in ways the interval does not cover, and differently in the next process; run the comparison in several processes with the multiproc package

== dirs multi n=16384 valuesBetween: ordered vs btree-sets
A: 4462 ns per operation (median)
B: 6948 ns per operation (median)
A needs 35.1% less time than B: B takes 1.54 times as long as A.
With 95% confidence the difference lies between 34.3% and 36.2% less time (B takes between 1.52 and 1.57 times as long as A).
Noise floor: 0.902%. Identical code measured against itself on this setup can look that different, so smaller differences mean nothing.
Neighbouring measurements are nearly independent (autocorrelation +0.06), so they were resampled one by one.

Verdict: RESOLVED. A is faster than B: the difference is real, as its interval excludes zero and it exceeds the noise floor.

Warnings:
  - the program holds 133 MB of live data, more than the caches of many machines; for data that size, where it lies in memory can shift the result by several points in ways the interval does not cover, and differently in the next process; run the comparison in several processes with the multiproc package

== dirs multi n=16384 valuesBetween: ordered vs map-sets
A: 4549 ns per operation (median)
B: 2.894e+05 ns per operation (median)
A needs 98.4% less time than B: B takes 63.28 times as long as A.
With 95% confidence the difference lies between 98.4% and 98.4% less time (B takes between 62.9 and 64.29 times as long as A).
Noise floor: 0.778%. Identical code measured against itself on this setup can look that different, so smaller differences mean nothing.
Neighbouring measurements are nearly independent (autocorrelation +0.08), so they were resampled one by one.

Verdict: RESOLVED. A is faster than B: the difference is real, as its interval excludes zero and it exceeds the noise floor.

Warnings:
  - the program holds 133 MB of live data, more than the caches of many machines; for data that size, where it lies in memory can shift the result by several points in ways the interval does not cover, and differently in the next process; run the comparison in several processes with the multiproc package

== dirs multi n=16384 prefix: ordered vs hashed
A: 2.184e+04 ns per operation (median)
B: 3.161e+05 ns per operation (median)
A needs 93.1% less time than B: B takes 14.39 times as long as A.
With 95% confidence the difference lies between 92.5% and 93.8% less time (B takes between 13.4 and 16.10 times as long as A).
Noise floor: 17.3%. Identical code measured against itself on this setup can look that different, so smaller differences mean nothing.
Neighbouring measurements are nearly independent (autocorrelation -0.07), so they were resampled one by one.

Verdict: RESOLVED. A is faster than B: the difference is real, as its interval excludes zero and it exceeds the noise floor.

Warnings:
  - the program holds 133 MB of live data, more than the caches of many machines; for data that size, where it lies in memory can shift the result by several points in ways the interval does not cover, and differently in the next process; run the comparison in several processes with the multiproc package
  - in 50% of A/A runs this setup reported a difference between identical code, well above the 10% expected; treat any confidence from it with suspicion

== dirs multi n=16384 prefix: ordered vs btree-sets
A: 2.076e+04 ns per operation (median)
B: 3.28e+04 ns per operation (median)
A needs 37.7% less time than B: B takes 1.61 times as long as A.
With 95% confidence the difference lies between 37.6% and 38% less time (B takes between 1.6 and 1.61 times as long as A).
Noise floor: 16.9%. Identical code measured against itself on this setup can look that different, so smaller differences mean nothing.
Neighbouring measurements are nearly independent (autocorrelation +0.01), so they were resampled one by one.

Verdict: RESOLVED. A is faster than B: the difference is real, as its interval excludes zero and it exceeds the noise floor.

Warnings:
  - the program holds 133 MB of live data, more than the caches of many machines; for data that size, where it lies in memory can shift the result by several points in ways the interval does not cover, and differently in the next process; run the comparison in several processes with the multiproc package
  - in 50% of A/A runs this setup reported a difference between identical code, well above the 10% expected; treat any confidence from it with suspicion

== dirs multi n=16384 prefix: ordered vs map-sets
A: 2.206e+04 ns per operation (median)
B: 3.217e+05 ns per operation (median)
A needs 93.2% less time than B: B takes 14.67 times as long as A.
With 95% confidence the difference lies between 92.3% and 93.9% less time (B takes between 13 and 16.31 times as long as A).
Noise floor: 16.6%. Identical code measured against itself on this setup can look that different, so smaller differences mean nothing.
Neighbouring measurements are nearly independent (autocorrelation +0.11), so they were resampled one by one.

Verdict: RESOLVED. A is faster than B: the difference is real, as its interval excludes zero and it exceeds the noise floor.

Warnings:
  - the program holds 133 MB of live data, more than the caches of many machines; for data that size, where it lies in memory can shift the result by several points in ways the interval does not cover, and differently in the next process; run the comparison in several processes with the multiproc package
  - in 50% of A/A runs this setup reported a difference between identical code, well above the 10% expected; treat any confidence from it with suspicion

== dirs multi n=16384 churn and build: ordered vs hashed
steady state, per insertion or deletion in a structure of 52542 elements (cycle of 137396 operations, first pass untimed):
  A: 248.1 ns per operation (median)
  B: 88.91 ns per operation (median)
  A needs 181% more time than B: B takes only 0.36 times as long as A.
  With 95% confidence the difference lies between 174% and 186% more time (B takes between 0.349 and 0.37 times as long as A).
  Noise floor: 0.616%. Identical code measured against itself on this setup can look that different, so smaller differences mean nothing.
  Neighbouring measurements are correlated (autocorrelation +0.62), so they were resampled in blocks of 3.
  
  Verdict: RESOLVED. A is slower than B: the difference is real, as its interval excludes zero and it exceeds the noise floor.
  
  Warnings:
    - the program holds 144 MB of live data, more than the caches of many machines; for data that size, where it lies in memory can shift the result by several points in ways the interval does not cover, and differently in the next process; run the comparison in several processes with the multiproc package
    - 6.0% of bootstrap replicates tied, so the measurement is coarse relative to the question; lower CollectOptions.MaxQuantizationError to lengthen the batches
    - in 50% of A/A runs this setup reported a difference between identical code, well above the 10% expected; treat any confidence from it with suspicion

build from empty to 52542 elements, per whole build (188700 operations):
  A: 4.734e+07 ns per operation (median)
  B: 1.693e+07 ns per operation (median)
  A needs 180% more time than B: B takes only 0.36 times as long as A.
  With 95% confidence the difference lies between 180% and 181% more time (B takes between 0.356 and 0.36 times as long as A).
  Noise floor: 0.304%. Identical code measured against itself on this setup can look that different, so smaller differences mean nothing.
  Neighbouring measurements are nearly independent (autocorrelation -0.06), so they were resampled one by one.
  
  Verdict: RESOLVED. A is slower than B: the difference is real, as its interval excludes zero and it exceeds the noise floor.
  
  Warnings:
    - the program holds 136 MB of live data, more than the caches of many machines; for data that size, where it lies in memory can shift the result by several points in ways the interval does not cover, and differently in the next process; run the comparison in several processes with the multiproc package

== dirs multi n=16384 churn and build: ordered vs btree-sets
steady state, per insertion or deletion in a structure of 52542 elements (cycle of 137396 operations, first pass untimed):
  A: 278.8 ns per operation (median)
  B: 377.7 ns per operation (median)
  A needs 27.4% less time than B: B takes 1.38 times as long as A.
  With 95% confidence the difference lies between 25.2% and 28.7% less time (B takes between 1.34 and 1.40 times as long as A).
  Noise floor: 2.34%. Identical code measured against itself on this setup can look that different, so smaller differences mean nothing.
  Neighbouring measurements are correlated (autocorrelation +0.68), so they were resampled in blocks of 3.
  
  Verdict: RESOLVED. A is faster than B: the difference is real, as its interval excludes zero and it exceeds the noise floor.
  
  Warnings:
    - the program holds 147 MB of live data, more than the caches of many machines; for data that size, where it lies in memory can shift the result by several points in ways the interval does not cover, and differently in the next process; run the comparison in several processes with the multiproc package

build from empty to 52542 elements, per whole build (188700 operations):
  A: 4.732e+07 ns per operation (median)
  B: 6.672e+07 ns per operation (median)
  A needs 29% less time than B: B takes 1.41 times as long as A.
  With 95% confidence the difference lies between 28.9% and 29.2% less time (B takes between 1.41 and 1.41 times as long as A).
  Noise floor: 0.153%. Identical code measured against itself on this setup can look that different, so smaller differences mean nothing.
  Neighbouring measurements are nearly independent (autocorrelation +0.08), so they were resampled one by one.
  
  Verdict: RESOLVED. A is faster than B: the difference is real, as its interval excludes zero and it exceeds the noise floor.
  
  Warnings:
    - the program holds 136 MB of live data, more than the caches of many machines; for data that size, where it lies in memory can shift the result by several points in ways the interval does not cover, and differently in the next process; run the comparison in several processes with the multiproc package

== dirs multi n=16384 churn and build: ordered vs map-sets
steady state, per insertion or deletion in a structure of 52542 elements (cycle of 137396 operations, first pass untimed):
  A: 258.1 ns per operation (median)
  B: 110.7 ns per operation (median)
  A needs 134% more time than B: B takes only 0.43 times as long as A.
  With 95% confidence the difference lies between 129% and 138% more time (B takes between 0.421 and 0.44 times as long as A).
  Noise floor: 1.64%. Identical code measured against itself on this setup can look that different, so smaller differences mean nothing.
  Neighbouring measurements are correlated (autocorrelation +0.43), so they were resampled in blocks of 3.
  
  Verdict: RESOLVED. A is slower than B: the difference is real, as its interval excludes zero and it exceeds the noise floor.
  
  Warnings:
    - the program holds 147 MB of live data, more than the caches of many machines; for data that size, where it lies in memory can shift the result by several points in ways the interval does not cover, and differently in the next process; run the comparison in several processes with the multiproc package
    - candidate B drifted during the run: its measurements were 6% lower in the second half than in the first, so the machine did not hold still

build from empty to 52542 elements, per whole build (188700 operations):
  A: 4.736e+07 ns per operation (median)
  B: 2.031e+07 ns per operation (median)
  A needs 134% more time than B: B takes only 0.43 times as long as A.
  With 95% confidence the difference lies between 133% and 136% more time (B takes between 0.424 and 0.43 times as long as A).
  Noise floor: 0.417%. Identical code measured against itself on this setup can look that different, so smaller differences mean nothing.
  Neighbouring measurements are nearly independent (autocorrelation +0.04), so they were resampled one by one.
  
  Verdict: RESOLVED. A is slower than B: the difference is real, as its interval excludes zero and it exceeds the noise floor.
  
  Warnings:
    - the program holds 136 MB of live data, more than the caches of many machines; for data that size, where it lies in memory can shift the result by several points in ways the interval does not cover, and differently in the next process; run the comparison in several processes with the multiproc package

checksum 69950149868804
== dirs multi n=16384 valuesFor: ordered vs hashed
A: 161 ns per operation (median)
B: 45.99 ns per operation (median)
A needs 247% more time than B: B takes only 0.29 times as long as A.
With 95% confidence the difference lies between 239% and 259% more time (B takes between 0.279 and 0.30 times as long as A).
Noise floor: 2.98%. Identical code measured against itself on this setup can look that different, so smaller differences mean nothing.
Neighbouring measurements are nearly independent (autocorrelation -0.70), so they were resampled one by one.

Verdict: RESOLVED. A is slower than B: the difference is real, as its interval excludes zero and it exceeds the noise floor.

Warnings:
  - the program holds 127 MB of live data, more than the caches of many machines; for data that size, where it lies in memory can shift the result by several points in ways the interval does not cover, and differently in the next process; run the comparison in several processes with the multiproc package

== dirs multi n=16384 valuesFor: ordered vs btree-sets
A: 166.1 ns per operation (median)
B: 268.5 ns per operation (median)
A needs 37.9% less time than B: B takes 1.61 times as long as A.
With 95% confidence the difference lies between 36.5% and 39.8% less time (B takes between 1.57 and 1.66 times as long as A).
Noise floor: 1.78%. Identical code measured against itself on this setup can look that different, so smaller differences mean nothing.
Neighbouring measurements are nearly independent (autocorrelation -0.49), so they were resampled one by one.

Verdict: RESOLVED. A is faster than B: the difference is real, as its interval excludes zero and it exceeds the noise floor.

Warnings:
  - the program holds 127 MB of live data, more than the caches of many machines; for data that size, where it lies in memory can shift the result by several points in ways the interval does not cover, and differently in the next process; run the comparison in several processes with the multiproc package

== dirs multi n=16384 valuesFor: ordered vs map-sets
A: 162.2 ns per operation (median)
B: 99.48 ns per operation (median)
A needs 61.4% more time than B: B takes only 0.62 times as long as A.
With 95% confidence the difference lies between 59.2% and 67.9% more time (B takes between 0.596 and 0.63 times as long as A).
Noise floor: 1.49%. Identical code measured against itself on this setup can look that different, so smaller differences mean nothing.
Neighbouring measurements are nearly independent (autocorrelation -0.42), so they were resampled one by one.

Verdict: RESOLVED. A is slower than B: the difference is real, as its interval excludes zero and it exceeds the noise floor.

Warnings:
  - the program holds 127 MB of live data, more than the caches of many machines; for data that size, where it lies in memory can shift the result by several points in ways the interval does not cover, and differently in the next process; run the comparison in several processes with the multiproc package

== dirs multi n=16384 valuesBetween: ordered vs hashed
A: 4497 ns per operation (median)
B: 3.062e+05 ns per operation (median)
A needs 98.5% less time than B: B takes 68.44 times as long as A.
With 95% confidence the difference lies between 98.5% and 98.6% less time (B takes between 67.8 and 68.99 times as long as A).
Noise floor: 1.05%. Identical code measured against itself on this setup can look that different, so smaller differences mean nothing.
Neighbouring measurements are nearly independent (autocorrelation +0.05), so they were resampled one by one.

Verdict: RESOLVED. A is faster than B: the difference is real, as its interval excludes zero and it exceeds the noise floor.

Warnings:
  - the program holds 127 MB of live data, more than the caches of many machines; for data that size, where it lies in memory can shift the result by several points in ways the interval does not cover, and differently in the next process; run the comparison in several processes with the multiproc package

== dirs multi n=16384 valuesBetween: ordered vs btree-sets
A: 4645 ns per operation (median)
B: 7384 ns per operation (median)
A needs 37.2% less time than B: B takes 1.59 times as long as A.
With 95% confidence the difference lies between 36.2% and 38.1% less time (B takes between 1.57 and 1.62 times as long as A).
Noise floor: 0.914%. Identical code measured against itself on this setup can look that different, so smaller differences mean nothing.
Neighbouring measurements are nearly independent (autocorrelation -0.11), so they were resampled one by one.

Verdict: RESOLVED. A is faster than B: the difference is real, as its interval excludes zero and it exceeds the noise floor.

Warnings:
  - the program holds 127 MB of live data, more than the caches of many machines; for data that size, where it lies in memory can shift the result by several points in ways the interval does not cover, and differently in the next process; run the comparison in several processes with the multiproc package
  - candidate A drifted during the run: its measurements were 3.17% lower in the second half than in the first, so the machine did not hold still
  - candidate B drifted during the run: its measurements were 8.71% lower in the second half than in the first, so the machine did not hold still
  - in 50% of A/A runs this setup reported a difference between identical code, well above the 10% expected; treat any confidence from it with suspicion

== dirs multi n=16384 valuesBetween: ordered vs map-sets
A: 4633 ns per operation (median)
B: 2.907e+05 ns per operation (median)
A needs 98.4% less time than B: B takes 62.91 times as long as A.
With 95% confidence the difference lies between 98.4% and 98.4% less time (B takes between 61.3 and 63.74 times as long as A).
Noise floor: 1.1%. Identical code measured against itself on this setup can look that different, so smaller differences mean nothing.
Neighbouring measurements are nearly independent (autocorrelation +0.02), so they were resampled one by one.

Verdict: RESOLVED. A is faster than B: the difference is real, as its interval excludes zero and it exceeds the noise floor.

Warnings:
  - the program holds 127 MB of live data, more than the caches of many machines; for data that size, where it lies in memory can shift the result by several points in ways the interval does not cover, and differently in the next process; run the comparison in several processes with the multiproc package
  - candidate A drifted during the run: its measurements were 5.8% lower in the second half than in the first, so the machine did not hold still
  - candidate B drifted during the run: its measurements were 4.56% lower in the second half than in the first, so the machine did not hold still
  - in 50% of A/A runs this setup reported a difference between identical code, well above the 10% expected; treat any confidence from it with suspicion

== dirs multi n=16384 prefix: ordered vs hashed
A: 2.171e+04 ns per operation (median)
B: 3.162e+05 ns per operation (median)
A needs 93.1% less time than B: B takes 14.41 times as long as A.
With 95% confidence the difference lies between 92.5% and 93.8% less time (B takes between 13.4 and 16.01 times as long as A).
Noise floor: 17.2%. Identical code measured against itself on this setup can look that different, so smaller differences mean nothing.
Neighbouring measurements are nearly independent (autocorrelation +0.08), so they were resampled one by one.

Verdict: RESOLVED. A is faster than B: the difference is real, as its interval excludes zero and it exceeds the noise floor.

Warnings:
  - the program holds 127 MB of live data, more than the caches of many machines; for data that size, where it lies in memory can shift the result by several points in ways the interval does not cover, and differently in the next process; run the comparison in several processes with the multiproc package
  - in 50% of A/A runs this setup reported a difference between identical code, well above the 10% expected; treat any confidence from it with suspicion

== dirs multi n=16384 prefix: ordered vs btree-sets
A: 2.073e+04 ns per operation (median)
B: 3.543e+04 ns per operation (median)
A needs 38.5% less time than B: B takes 1.63 times as long as A.
With 95% confidence the difference lies between 38% and 39.2% less time (B takes between 1.61 and 1.65 times as long as A).
Noise floor: 16.8%. Identical code measured against itself on this setup can look that different, so smaller differences mean nothing.
Neighbouring measurements are nearly independent (autocorrelation -0.02), so they were resampled one by one.

Verdict: RESOLVED. A is faster than B: the difference is real, as its interval excludes zero and it exceeds the noise floor.

Warnings:
  - the program holds 135 MB of live data, more than the caches of many machines; for data that size, where it lies in memory can shift the result by several points in ways the interval does not cover, and differently in the next process; run the comparison in several processes with the multiproc package
  - in 50% of A/A runs this setup reported a difference between identical code, well above the 10% expected; treat any confidence from it with suspicion

== dirs multi n=16384 prefix: ordered vs map-sets
A: 2.166e+04 ns per operation (median)
B: 3.209e+05 ns per operation (median)
A needs 93.3% less time than B: B takes 14.89 times as long as A.
With 95% confidence the difference lies between 92.5% and 93.8% less time (B takes between 13.3 and 16.19 times as long as A).
Noise floor: 17.3%. Identical code measured against itself on this setup can look that different, so smaller differences mean nothing.
Neighbouring measurements are nearly independent (autocorrelation -0.09), so they were resampled one by one.

Verdict: RESOLVED. A is faster than B: the difference is real, as its interval excludes zero and it exceeds the noise floor.

Warnings:
  - the program holds 135 MB of live data, more than the caches of many machines; for data that size, where it lies in memory can shift the result by several points in ways the interval does not cover, and differently in the next process; run the comparison in several processes with the multiproc package
  - in 50% of A/A runs this setup reported a difference between identical code, well above the 10% expected; treat any confidence from it with suspicion

== dirs multi n=16384 churn and build: ordered vs hashed
steady state, per insertion or deletion in a structure of 52542 elements (cycle of 137396 operations, first pass untimed):
  A: 247 ns per operation (median)
  B: 88.77 ns per operation (median)
  A needs 180% more time than B: B takes only 0.36 times as long as A.
  With 95% confidence the difference lies between 173% and 183% more time (B takes between 0.353 and 0.37 times as long as A).
  Noise floor: 1.14%. Identical code measured against itself on this setup can look that different, so smaller differences mean nothing.
  Neighbouring measurements are correlated (autocorrelation +0.40), so they were resampled in blocks of 3.
  
  Verdict: RESOLVED. A is slower than B: the difference is real, as its interval excludes zero and it exceeds the noise floor.
  
  Warnings:
    - the program holds 144 MB of live data, more than the caches of many machines; for data that size, where it lies in memory can shift the result by several points in ways the interval does not cover, and differently in the next process; run the comparison in several processes with the multiproc package
    - in 50% of A/A runs this setup reported a difference between identical code, well above the 10% expected; treat any confidence from it with suspicion

build from empty to 52542 elements, per whole build (188700 operations):
  A: 4.75e+07 ns per operation (median)
  B: 1.706e+07 ns per operation (median)
  A needs 178% more time than B: B takes only 0.36 times as long as A.
  With 95% confidence the difference lies between 177% and 179% more time (B takes between 0.358 and 0.36 times as long as A).
  Noise floor: 0.325%. Identical code measured against itself on this setup can look that different, so smaller differences mean nothing.
  Neighbouring measurements are nearly independent (autocorrelation -0.06), so they were resampled one by one.
  
  Verdict: RESOLVED. A is slower than B: the difference is real, as its interval excludes zero and it exceeds the noise floor.
  
  Warnings:
    - the program holds 136 MB of live data, more than the caches of many machines; for data that size, where it lies in memory can shift the result by several points in ways the interval does not cover, and differently in the next process; run the comparison in several processes with the multiproc package
    - in 50% of A/A runs this setup reported a difference between identical code, well above the 10% expected; treat any confidence from it with suspicion

== dirs multi n=16384 churn and build: ordered vs btree-sets
steady state, per insertion or deletion in a structure of 52542 elements (cycle of 137396 operations, first pass untimed):
  A: 271.4 ns per operation (median)
  B: 373.1 ns per operation (median)
  A needs 27.3% less time than B: B takes 1.38 times as long as A.
  With 95% confidence the difference lies between 24.8% and 28.9% less time (B takes between 1.33 and 1.41 times as long as A).
  Noise floor: 1.89%. Identical code measured against itself on this setup can look that different, so smaller differences mean nothing.
  Neighbouring measurements are nearly independent (autocorrelation +0.15), so they were resampled one by one.
  
  Verdict: RESOLVED. A is faster than B: the difference is real, as its interval excludes zero and it exceeds the noise floor.
  
  Warnings:
    - the program holds 147 MB of live data, more than the caches of many machines; for data that size, where it lies in memory can shift the result by several points in ways the interval does not cover, and differently in the next process; run the comparison in several processes with the multiproc package
    - candidate A drifted during the run: its measurements were 2.75% lower in the second half than in the first, so the machine did not hold still

build from empty to 52542 elements, per whole build (188700 operations):
  A: 4.746e+07 ns per operation (median)
  B: 6.665e+07 ns per operation (median)
  A needs 28.9% less time than B: B takes 1.41 times as long as A.
  With 95% confidence the difference lies between 28.8% and 29% less time (B takes between 1.4 and 1.41 times as long as A).
  Noise floor: 0.221%. Identical code measured against itself on this setup can look that different, so smaller differences mean nothing.
  Neighbouring measurements are nearly independent (autocorrelation -0.06), so they were resampled one by one.
  
  Verdict: RESOLVED. A is faster than B: the difference is real, as its interval excludes zero and it exceeds the noise floor.
  
  Warnings:
    - the program holds 136 MB of live data, more than the caches of many machines; for data that size, where it lies in memory can shift the result by several points in ways the interval does not cover, and differently in the next process; run the comparison in several processes with the multiproc package

== dirs multi n=16384 churn and build: ordered vs map-sets
steady state, per insertion or deletion in a structure of 52542 elements (cycle of 137396 operations, first pass untimed):
  A: 256.9 ns per operation (median)
  B: 106.5 ns per operation (median)
  A needs 146% more time than B: B takes only 0.41 times as long as A.
  With 95% confidence the difference lies between 138% and 149% more time (B takes between 0.402 and 0.42 times as long as A).
  Noise floor: 1.57%. Identical code measured against itself on this setup can look that different, so smaller differences mean nothing.
  Neighbouring measurements are correlated (autocorrelation +0.33), so they were resampled in blocks of 3.
  
  Verdict: RESOLVED. A is slower than B: the difference is real, as its interval excludes zero and it exceeds the noise floor.
  
  Warnings:
    - the program holds 147 MB of live data, more than the caches of many machines; for data that size, where it lies in memory can shift the result by several points in ways the interval does not cover, and differently in the next process; run the comparison in several processes with the multiproc package

build from empty to 52542 elements, per whole build (188700 operations):
  A: 4.744e+07 ns per operation (median)
  B: 2.085e+07 ns per operation (median)
  A needs 129% more time than B: B takes only 0.44 times as long as A.
  With 95% confidence the difference lies between 127% and 129% more time (B takes between 0.436 and 0.44 times as long as A).
  Noise floor: 0.304%. Identical code measured against itself on this setup can look that different, so smaller differences mean nothing.
  Neighbouring measurements are nearly independent (autocorrelation -0.03), so they were resampled one by one.
  
  Verdict: RESOLVED. A is slower than B: the difference is real, as its interval excludes zero and it exceeds the noise floor.
  
  Warnings:
    - the program holds 136 MB of live data, more than the caches of many machines; for data that size, where it lies in memory can shift the result by several points in ways the interval does not cover, and differently in the next process; run the comparison in several processes with the multiproc package

checksum 70153250031134
== dirs multi n=16384 valuesFor: ordered vs hashed
A: 165.1 ns per operation (median)
B: 46.53 ns per operation (median)
A needs 246% more time than B: B takes only 0.29 times as long as A.
With 95% confidence the difference lies between 241% and 270% more time (B takes between 0.27 and 0.29 times as long as A).
Noise floor: 3.89%. Identical code measured against itself on this setup can look that different, so smaller differences mean nothing.
Neighbouring measurements are nearly independent (autocorrelation -0.71), so they were resampled one by one.

Verdict: RESOLVED. A is slower than B: the difference is real, as its interval excludes zero and it exceeds the noise floor.

Warnings:
  - the program holds 99 MB of live data, more than the caches of many machines; for data that size, where it lies in memory can shift the result by several points in ways the interval does not cover, and differently in the next process; run the comparison in several processes with the multiproc package

== dirs multi n=16384 valuesFor: ordered vs btree-sets
A: 172.4 ns per operation (median)
B: 271.1 ns per operation (median)
A needs 37.2% less time than B: B takes 1.59 times as long as A.
With 95% confidence the difference lies between 34.7% and 38.2% less time (B takes between 1.53 and 1.62 times as long as A).
Noise floor: 1.93%. Identical code measured against itself on this setup can look that different, so smaller differences mean nothing.
Neighbouring measurements are nearly independent (autocorrelation -0.36), so they were resampled one by one.

Verdict: RESOLVED. A is faster than B: the difference is real, as its interval excludes zero and it exceeds the noise floor.

Warnings:
  - the program holds 99 MB of live data, more than the caches of many machines; for data that size, where it lies in memory can shift the result by several points in ways the interval does not cover, and differently in the next process; run the comparison in several processes with the multiproc package

== dirs multi n=16384 valuesFor: ordered vs map-sets
A: 170.1 ns per operation (median)
B: 106.8 ns per operation (median)
A needs 55.7% more time than B: B takes only 0.64 times as long as A.
With 95% confidence the difference lies between 54.2% and 67.5% more time (B takes between 0.597 and 0.65 times as long as A).
Noise floor: 2.99%. Identical code measured against itself on this setup can look that different, so smaller differences mean nothing.
Neighbouring measurements are nearly independent (autocorrelation -0.52), so they were resampled one by one.

Verdict: RESOLVED. A is slower than B: the difference is real, as its interval excludes zero and it exceeds the noise floor.

Warnings:
  - the program holds 99 MB of live data, more than the caches of many machines; for data that size, where it lies in memory can shift the result by several points in ways the interval does not cover, and differently in the next process; run the comparison in several processes with the multiproc package

== dirs multi n=16384 valuesBetween: ordered vs hashed
A: 4454 ns per operation (median)
B: 3.056e+05 ns per operation (median)
A needs 98.5% less time than B: B takes 68.63 times as long as A.
With 95% confidence the difference lies between 98.5% and 98.6% less time (B takes between 67.9 and 69.87 times as long as A).
Noise floor: 0.869%. Identical code measured against itself on this setup can look that different, so smaller differences mean nothing.
Neighbouring measurements are nearly independent (autocorrelation +0.18), so they were resampled one by one.

Verdict: RESOLVED. A is faster than B: the difference is real, as its interval excludes zero and it exceeds the noise floor.

Warnings:
  - the program holds 134 MB of live data, more than the caches of many machines; for data that size, where it lies in memory can shift the result by several points in ways the interval does not cover, and differently in the next process; run the comparison in several processes with the multiproc package
  - in 50% of A/A runs this setup reported a difference between identical code, well above the 10% expected; treat any confidence from it with suspicion

== dirs multi n=16384 valuesBetween: ordered vs btree-sets
A: 4536 ns per operation (median)
B: 6956 ns per operation (median)
A needs 35.8% less time than B: B takes 1.56 times as long as A.
With 95% confidence the difference lies between 34% and 36.6% less time (B takes between 1.52 and 1.58 times as long as A).
Noise floor: 0.921%. Identical code measured against itself on this setup can look that different, so smaller differences mean nothing.
Neighbouring measurements are nearly independent (autocorrelation -0.17), so they were resampled one by one.

Verdict: RESOLVED. A is faster than B: the difference is real, as its interval excludes zero and it exceeds the noise floor.

Warnings:
  - the program holds 134 MB of live data, more than the caches of many machines; for data that size, where it lies in memory can shift the result by several points in ways the interval does not cover, and differently in the next process; run the comparison in several processes with the multiproc package

== dirs multi n=16384 valuesBetween: ordered vs map-sets
A: 4713 ns per operation (median)
B: 2.89e+05 ns per operation (median)
A needs 98.4% less time than B: B takes 61.20 times as long as A.
With 95% confidence the difference lies between 98.3% and 98.4% less time (B takes between 60.3 and 62.38 times as long as A).
Noise floor: 2.64%. Identical code measured against itself on this setup can look that different, so smaller differences mean nothing.
Neighbouring measurements are correlated (autocorrelation +0.21), so they were resampled in blocks of 3.

Verdict: RESOLVED. A is faster than B: the difference is real, as its interval excludes zero and it exceeds the noise floor.

Warnings:
  - the program holds 134 MB of live data, more than the caches of many machines; for data that size, where it lies in memory can shift the result by several points in ways the interval does not cover, and differently in the next process; run the comparison in several processes with the multiproc package

== dirs multi n=16384 prefix: ordered vs hashed
A: 2.191e+04 ns per operation (median)
B: 3.154e+05 ns per operation (median)
A needs 93% less time than B: B takes 14.26 times as long as A.
With 95% confidence the difference lies between 92.5% and 93.8% less time (B takes between 13.3 and 16.15 times as long as A).
Noise floor: 16.3%. Identical code measured against itself on this setup can look that different, so smaller differences mean nothing.
Neighbouring measurements are nearly independent (autocorrelation -0.05), so they were resampled one by one.

Verdict: RESOLVED. A is faster than B: the difference is real, as its interval excludes zero and it exceeds the noise floor.

Warnings:
  - the program holds 134 MB of live data, more than the caches of many machines; for data that size, where it lies in memory can shift the result by several points in ways the interval does not cover, and differently in the next process; run the comparison in several processes with the multiproc package
  - in 50% of A/A runs this setup reported a difference between identical code, well above the 10% expected; treat any confidence from it with suspicion

== dirs multi n=16384 prefix: ordered vs btree-sets
A: 2.025e+04 ns per operation (median)
B: 3.308e+04 ns per operation (median)
A needs 37.5% less time than B: B takes 1.60 times as long as A.
With 95% confidence the difference lies between 37.2% and 37.8% less time (B takes between 1.59 and 1.61 times as long as A).
Noise floor: 18%. Identical code measured against itself on this setup can look that different, so smaller differences mean nothing.
Neighbouring measurements are nearly independent (autocorrelation -0.03), so they were resampled one by one.

Verdict: RESOLVED. A is faster than B: the difference is real, as its interval excludes zero and it exceeds the noise floor.

Warnings:
  - the program holds 134 MB of live data, more than the caches of many machines; for data that size, where it lies in memory can shift the result by several points in ways the interval does not cover, and differently in the next process; run the comparison in several processes with the multiproc package
  - in 50% of A/A runs this setup reported a difference between identical code, well above the 10% expected; treat any confidence from it with suspicion

== dirs multi n=16384 prefix: ordered vs map-sets
A: 2.224e+04 ns per operation (median)
B: 3.204e+05 ns per operation (median)
A needs 93.1% less time than B: B takes 14.41 times as long as A.
With 95% confidence the difference lies between 92.2% and 93.9% less time (B takes between 12.8 and 16.26 times as long as A).
Noise floor: 18%. Identical code measured against itself on this setup can look that different, so smaller differences mean nothing.
Neighbouring measurements are nearly independent (autocorrelation +0.12), so they were resampled one by one.

Verdict: RESOLVED. A is faster than B: the difference is real, as its interval excludes zero and it exceeds the noise floor.

Warnings:
  - the program holds 134 MB of live data, more than the caches of many machines; for data that size, where it lies in memory can shift the result by several points in ways the interval does not cover, and differently in the next process; run the comparison in several processes with the multiproc package
  - in 50% of A/A runs this setup reported a difference between identical code, well above the 10% expected; treat any confidence from it with suspicion

== dirs multi n=16384 churn and build: ordered vs hashed
steady state, per insertion or deletion in a structure of 52542 elements (cycle of 137396 operations, first pass untimed):
  A: 246.3 ns per operation (median)
  B: 86.56 ns per operation (median)
  A needs 186% more time than B: B takes only 0.35 times as long as A.
  With 95% confidence the difference lies between 181% and 194% more time (B takes between 0.341 and 0.36 times as long as A).
  Noise floor: 0.994%. Identical code measured against itself on this setup can look that different, so smaller differences mean nothing.
  Neighbouring measurements are correlated (autocorrelation +0.61), so they were resampled in blocks of 3.
  
  Verdict: RESOLVED. A is slower than B: the difference is real, as its interval excludes zero and it exceeds the noise floor.
  
  Warnings:
    - the program holds 144 MB of live data, more than the caches of many machines; for data that size, where it lies in memory can shift the result by several points in ways the interval does not cover, and differently in the next process; run the comparison in several processes with the multiproc package

build from empty to 52542 elements, per whole build (188700 operations):
  A: 4.76e+07 ns per operation (median)
  B: 1.713e+07 ns per operation (median)
  A needs 178% more time than B: B takes only 0.36 times as long as A.
  With 95% confidence the difference lies between 177% and 179% more time (B takes between 0.358 and 0.36 times as long as A).
  Noise floor: 0.313%. Identical code measured against itself on this setup can look that different, so smaller differences mean nothing.
  Neighbouring measurements are nearly independent (autocorrelation -0.03), so they were resampled one by one.
  
  Verdict: RESOLVED. A is slower than B: the difference is real, as its interval excludes zero and it exceeds the noise floor.
  
  Warnings:
    - the program holds 136 MB of live data, more than the caches of many machines; for data that size, where it lies in memory can shift the result by several points in ways the interval does not cover, and differently in the next process; run the comparison in several processes with the multiproc package

== dirs multi n=16384 churn and build: ordered vs btree-sets
steady state, per insertion or deletion in a structure of 52542 elements (cycle of 137396 operations, first pass untimed):
  A: 273.4 ns per operation (median)
  B: 377.9 ns per operation (median)
  A needs 28.1% less time than B: B takes 1.39 times as long as A.
  With 95% confidence the difference lies between 24.6% and 29.1% less time (B takes between 1.33 and 1.41 times as long as A).
  Noise floor: 0.621%. Identical code measured against itself on this setup can look that different, so smaller differences mean nothing.
  Neighbouring measurements are nearly independent (autocorrelation +0.18), so they were resampled one by one.
  
  Verdict: RESOLVED. A is faster than B: the difference is real, as its interval excludes zero and it exceeds the noise floor.
  
  Warnings:
    - the program holds 148 MB of live data, more than the caches of many machines; for data that size, where it lies in memory can shift the result by several points in ways the interval does not cover, and differently in the next process; run the comparison in several processes with the multiproc package
    - candidate A drifted during the run: its measurements were 2.27% lower in the second half than in the first, so the machine did not hold still

build from empty to 52542 elements, per whole build (188700 operations):
  A: 4.758e+07 ns per operation (median)
  B: 6.682e+07 ns per operation (median)
  A needs 28.8% less time than B: B takes 1.40 times as long as A.
  With 95% confidence the difference lies between 28.7% and 29% less time (B takes between 1.4 and 1.41 times as long as A).
  Noise floor: 0.184%. Identical code measured against itself on this setup can look that different, so smaller differences mean nothing.
  Neighbouring measurements are nearly independent (autocorrelation +0.05), so they were resampled one by one.
  
  Verdict: RESOLVED. A is faster than B: the difference is real, as its interval excludes zero and it exceeds the noise floor.
  
  Warnings:
    - the program holds 136 MB of live data, more than the caches of many machines; for data that size, where it lies in memory can shift the result by several points in ways the interval does not cover, and differently in the next process; run the comparison in several processes with the multiproc package

== dirs multi n=16384 churn and build: ordered vs map-sets
steady state, per insertion or deletion in a structure of 52542 elements (cycle of 137396 operations, first pass untimed):
  A: 255.6 ns per operation (median)
  B: 106.3 ns per operation (median)
  A needs 142% more time than B: B takes only 0.41 times as long as A.
  With 95% confidence the difference lies between 137% and 150% more time (B takes between 0.4 and 0.42 times as long as A).
  Noise floor: 3.79%. Identical code measured against itself on this setup can look that different, so smaller differences mean nothing.
  Neighbouring measurements are correlated (autocorrelation +0.22), so they were resampled in blocks of 3.
  
  Verdict: RESOLVED. A is slower than B: the difference is real, as its interval excludes zero and it exceeds the noise floor.
  
  Warnings:
    - the program holds 147 MB of live data, more than the caches of many machines; for data that size, where it lies in memory can shift the result by several points in ways the interval does not cover, and differently in the next process; run the comparison in several processes with the multiproc package
    - in 50% of A/A runs this setup reported a difference between identical code, well above the 10% expected; treat any confidence from it with suspicion

build from empty to 52542 elements, per whole build (188700 operations):
  A: 4.754e+07 ns per operation (median)
  B: 2.03e+07 ns per operation (median)
  A needs 134% more time than B: B takes only 0.43 times as long as A.
  With 95% confidence the difference lies between 133% and 136% more time (B takes between 0.424 and 0.43 times as long as A).
  Noise floor: 0.146%. Identical code measured against itself on this setup can look that different, so smaller differences mean nothing.
  Neighbouring measurements are nearly independent (autocorrelation +0.10), so they were resampled one by one.
  
  Verdict: RESOLVED. A is slower than B: the difference is real, as its interval excludes zero and it exceeds the noise floor.
  
  Warnings:
    - the program holds 136 MB of live data, more than the caches of many machines; for data that size, where it lies in memory can shift the result by several points in ways the interval does not cover, and differently in the next process; run the comparison in several processes with the multiproc package

checksum 70133123394428
== dirs multi n=16384 valuesFor: ordered vs hashed
A: 164.9 ns per operation (median)
B: 47 ns per operation (median)
A needs 244% more time than B: B takes only 0.29 times as long as A.
With 95% confidence the difference lies between 236% and 266% more time (B takes between 0.273 and 0.30 times as long as A).
Noise floor: 1.57%. Identical code measured against itself on this setup can look that different, so smaller differences mean nothing.
Neighbouring measurements are nearly independent (autocorrelation -0.16), so they were resampled one by one.

Verdict: RESOLVED. A is slower than B: the difference is real, as its interval excludes zero and it exceeds the noise floor.

Warnings:
  - the program holds 99 MB of live data, more than the caches of many machines; for data that size, where it lies in memory can shift the result by several points in ways the interval does not cover, and differently in the next process; run the comparison in several processes with the multiproc package
  - 6.2% of bootstrap replicates tied, so the measurement is coarse relative to the question; lower CollectOptions.MaxQuantizationError to lengthen the batches

== dirs multi n=16384 valuesFor: ordered vs btree-sets
A: 171.4 ns per operation (median)
B: 280.1 ns per operation (median)
A needs 39% less time than B: B takes 1.64 times as long as A.
With 95% confidence the difference lies between 36.7% and 40.5% less time (B takes between 1.58 and 1.68 times as long as A).
Noise floor: 2.66%. Identical code measured against itself on this setup can look that different, so smaller differences mean nothing.
Neighbouring measurements are nearly independent (autocorrelation -0.50), so they were resampled one by one.

Verdict: RESOLVED. A is faster than B: the difference is real, as its interval excludes zero and it exceeds the noise floor.

Warnings:
  - the program holds 99 MB of live data, more than the caches of many machines; for data that size, where it lies in memory can shift the result by several points in ways the interval does not cover, and differently in the next process; run the comparison in several processes with the multiproc package

== dirs multi n=16384 valuesFor: ordered vs map-sets
A: 167.7 ns per operation (median)
B: 102.6 ns per operation (median)
A needs 61.4% more time than B: B takes only 0.62 times as long as A.
With 95% confidence the difference lies between 56.7% and 70.1% more time (B takes between 0.588 and 0.64 times as long as A).
Noise floor: 2.99%. Identical code measured against itself on this setup can look that different, so smaller differences mean nothing.
Neighbouring measurements are nearly independent (autocorrelation +0.01), so they were resampled one by one.

Verdict: RESOLVED. A is slower than B: the difference is real, as its interval excludes zero and it exceeds the noise floor.

Warnings:
  - the program holds 99 MB of live data, more than the caches of many machines; for data that size, where it lies in memory can shift the result by several points in ways the interval does not cover, and differently in the next process; run the comparison in several processes with the multiproc package

== dirs multi n=16384 valuesBetween: ordered vs hashed
A: 4404 ns per operation (median)
B: 3.063e+05 ns per operation (median)
A needs 98.6% less time than B: B takes 69.52 times as long as A.
With 95% confidence the difference lies between 98.5% and 98.6% less time (B takes between 68.9 and 69.95 times as long as A).
Noise floor: 1.22%. Identical code measured against itself on this setup can look that different, so smaller differences mean nothing.
Neighbouring measurements are correlated (autocorrelation +0.23), so they were resampled in blocks of 3.

Verdict: RESOLVED. A is faster than B: the difference is real, as its interval excludes zero and it exceeds the noise floor.

Warnings:
  - the program holds 134 MB of live data, more than the caches of many machines; for data that size, where it lies in memory can shift the result by several points in ways the interval does not cover, and differently in the next process; run the comparison in several processes with the multiproc package
  - in 50% of A/A runs this setup reported a difference between identical code, well above the 10% expected; treat any confidence from it with suspicion

== dirs multi n=16384 valuesBetween: ordered vs btree-sets
A: 5019 ns per operation (median)
B: 8996 ns per operation (median)
A needs 41% less time than B: B takes 1.69 times as long as A.
With 95% confidence the difference lies between 39.2% and 44.6% less time (B takes between 1.65 and 1.80 times as long as A).
Noise floor: 1.4%. Identical code measured against itself on this setup can look that different, so smaller differences mean nothing.
Neighbouring measurements are nearly independent (autocorrelation -0.05), so they were resampled one by one.

Verdict: RESOLVED. A is faster than B: the difference is real, as its interval excludes zero and it exceeds the noise floor.

Warnings:
  - the program holds 134 MB of live data, more than the caches of many machines; for data that size, where it lies in memory can shift the result by several points in ways the interval does not cover, and differently in the next process; run the comparison in several processes with the multiproc package

== dirs multi n=16384 valuesBetween: ordered vs map-sets
A: 4558 ns per operation (median)
B: 2.87e+05 ns per operation (median)
A needs 98.4% less time than B: B takes 62.65 times as long as A.
With 95% confidence the difference lies between 98.4% and 98.4% less time (B takes between 61.4 and 63.59 times as long as A).
Noise floor: 0.881%. Identical code measured against itself on this setup can look that different, so smaller differences mean nothing.
Neighbouring measurements are nearly independent (autocorrelation +0.02), so they were resampled one by one.

Verdict: RESOLVED. A is faster than B: the difference is real, as its interval excludes zero and it exceeds the noise floor.

Warnings:
  - the program holds 134 MB of live data, more than the caches of many machines; for data that size, where it lies in memory can shift the result by several points in ways the interval does not cover, and differently in the next process; run the comparison in several processes with the multiproc package

== dirs multi n=16384 prefix: ordered vs hashed
A: 2.158e+04 ns per operation (median)
B: 3.156e+05 ns per operation (median)
A needs 93.1% less time than B: B takes 14.55 times as long as A.
With 95% confidence the difference lies between 92.6% and 93.8% less time (B takes between 13.4 and 16.13 times as long as A).
Noise floor: 18.1%. Identical code measured against itself on this setup can look that different, so smaller differences mean nothing.
Neighbouring measurements are nearly independent (autocorrelation +0.08), so they were resampled one by one.

Verdict: RESOLVED. A is faster than B: the difference is real, as its interval excludes zero and it exceeds the noise floor.

Warnings:
  - the program holds 134 MB of live data, more than the caches of many machines; for data that size, where it lies in memory can shift the result by several points in ways the interval does not cover, and differently in the next process; run the comparison in several processes with the multiproc package
  - in 50% of A/A runs this setup reported a difference between identical code, well above the 10% expected; treat any confidence from it with suspicion

== dirs multi n=16384 prefix: ordered vs btree-sets
A: 2.01e+04 ns per operation (median)
B: 3.321e+04 ns per operation (median)
A needs 38.4% less time than B: B takes 1.62 times as long as A.
With 95% confidence the difference lies between 38% and 38.7% less time (B takes between 1.61 and 1.63 times as long as A).
Noise floor: 14.9%. Identical code measured against itself on this setup can look that different, so smaller differences mean nothing.
Neighbouring measurements are nearly independent (autocorrelation -0.03), so they were resampled one by one.

Verdict: RESOLVED. A is faster than B: the difference is real, as its interval excludes zero and it exceeds the noise floor.

Warnings:
  - the program holds 134 MB of live data, more than the caches of many machines; for data that size, where it lies in memory can shift the result by several points in ways the interval does not cover, and differently in the next process; run the comparison in several processes with the multiproc package
  - in 50% of A/A runs this setup reported a difference between identical code, well above the 10% expected; treat any confidence from it with suspicion

== dirs multi n=16384 prefix: ordered vs map-sets
A: 2.198e+04 ns per operation (median)
B: 3.197e+05 ns per operation (median)
A needs 93.1% less time than B: B takes 14.49 times as long as A.
With 95% confidence the difference lies between 92.3% and 93.8% less time (B takes between 12.9 and 16.17 times as long as A).
Noise floor: 17.1%. Identical code measured against itself on this setup can look that different, so smaller differences mean nothing.
Neighbouring measurements are nearly independent (autocorrelation +0.06), so they were resampled one by one.

Verdict: RESOLVED. A is faster than B: the difference is real, as its interval excludes zero and it exceeds the noise floor.

Warnings:
  - the program holds 134 MB of live data, more than the caches of many machines; for data that size, where it lies in memory can shift the result by several points in ways the interval does not cover, and differently in the next process; run the comparison in several processes with the multiproc package
  - in 50% of A/A runs this setup reported a difference between identical code, well above the 10% expected; treat any confidence from it with suspicion

== dirs multi n=16384 churn and build: ordered vs hashed
steady state, per insertion or deletion in a structure of 52542 elements (cycle of 137396 operations, first pass untimed):
  A: 247.5 ns per operation (median)
  B: 86.97 ns per operation (median)
  A needs 188% more time than B: B takes only 0.35 times as long as A.
  With 95% confidence the difference lies between 180% and 190% more time (B takes between 0.344 and 0.36 times as long as A).
  Noise floor: 0.445%. Identical code measured against itself on this setup can look that different, so smaller differences mean nothing.
  Neighbouring measurements are correlated (autocorrelation +0.52), so they were resampled in blocks of 3.
  
  Verdict: RESOLVED. A is slower than B: the difference is real, as its interval excludes zero and it exceeds the noise floor.
  
  Warnings:
    - the program holds 144 MB of live data, more than the caches of many machines; for data that size, where it lies in memory can shift the result by several points in ways the interval does not cover, and differently in the next process; run the comparison in several processes with the multiproc package

build from empty to 52542 elements, per whole build (188700 operations):
  A: 4.741e+07 ns per operation (median)
  B: 1.708e+07 ns per operation (median)
  A needs 178% more time than B: B takes only 0.36 times as long as A.
  With 95% confidence the difference lies between 177% and 179% more time (B takes between 0.359 and 0.36 times as long as A).
  Noise floor: 0.23%. Identical code measured against itself on this setup can look that different, so smaller differences mean nothing.
  Neighbouring measurements are nearly independent (autocorrelation -0.02), so they were resampled one by one.
  
  Verdict: RESOLVED. A is slower than B: the difference is real, as its interval excludes zero and it exceeds the noise floor.
  
  Warnings:
    - the program holds 136 MB of live data, more than the caches of many machines; for data that size, where it lies in memory can shift the result by several points in ways the interval does not cover, and differently in the next process; run the comparison in several processes with the multiproc package

== dirs multi n=16384 churn and build: ordered vs btree-sets
steady state, per insertion or deletion in a structure of 52542 elements (cycle of 137396 operations, first pass untimed):
  A: 302.7 ns per operation (median)
  B: 418.8 ns per operation (median)
  A needs 28.2% less time than B: B takes 1.39 times as long as A.
  With 95% confidence the difference lies between 24% and 29.8% less time (B takes between 1.32 and 1.43 times as long as A).
  Noise floor: 3.01%. Identical code measured against itself on this setup can look that different, so smaller differences mean nothing.
  Neighbouring measurements are nearly independent (autocorrelation +0.07), so they were resampled one by one.
  
  Verdict: RESOLVED. A is faster than B: the difference is real, as its interval excludes zero and it exceeds the noise floor.
  
  Warnings:
    - the program holds 147 MB of live data, more than the caches of many machines; for data that size, where it lies in memory can shift the result by several points in ways the interval does not cover, and differently in the next process; run the comparison in several processes with the multiproc package
    - candidate A drifted during the run: its measurements were 16% lower in the second half than in the first, so the machine did not hold still

build from empty to 52542 elements, per whole build (188700 operations):
  A: 4.739e+07 ns per operation (median)
  B: 6.704e+07 ns per operation (median)
  A needs 29.2% less time than B: B takes 1.41 times as long as A.
  With 95% confidence the difference lies between 29.1% and 29.5% less time (B takes between 1.41 and 1.42 times as long as A).
  Noise floor: 0.191%. Identical code measured against itself on this setup can look that different, so smaller differences mean nothing.
  Neighbouring measurements are nearly independent (autocorrelation +0.04), so they were resampled one by one.
  
  Verdict: RESOLVED. A is faster than B: the difference is real, as its interval excludes zero and it exceeds the noise floor.
  
  Warnings:
    - the program holds 136 MB of live data, more than the caches of many machines; for data that size, where it lies in memory can shift the result by several points in ways the interval does not cover, and differently in the next process; run the comparison in several processes with the multiproc package

== dirs multi n=16384 churn and build: ordered vs map-sets
steady state, per insertion or deletion in a structure of 52542 elements (cycle of 137396 operations, first pass untimed):
  A: 256.9 ns per operation (median)
  B: 111.3 ns per operation (median)
  A needs 133% more time than B: B takes only 0.43 times as long as A.
  With 95% confidence the difference lies between 130% and 137% more time (B takes between 0.422 and 0.43 times as long as A).
  Noise floor: 1.94%. Identical code measured against itself on this setup can look that different, so smaller differences mean nothing.
  Neighbouring measurements are correlated (autocorrelation +0.32), so they were resampled in blocks of 3.
  
  Verdict: RESOLVED. A is slower than B: the difference is real, as its interval excludes zero and it exceeds the noise floor.
  
  Warnings:
    - the program holds 147 MB of live data, more than the caches of many machines; for data that size, where it lies in memory can shift the result by several points in ways the interval does not cover, and differently in the next process; run the comparison in several processes with the multiproc package
    - candidate B drifted during the run: its measurements were 5.39% lower in the second half than in the first, so the machine did not hold still

build from empty to 52542 elements, per whole build (188700 operations):
  A: 4.744e+07 ns per operation (median)
  B: 2.018e+07 ns per operation (median)
  A needs 136% more time than B: B takes only 0.42 times as long as A.
  With 95% confidence the difference lies between 135% and 136% more time (B takes between 0.423 and 0.43 times as long as A).
  Noise floor: 0.572%. Identical code measured against itself on this setup can look that different, so smaller differences mean nothing.
  Neighbouring measurements are nearly independent (autocorrelation -0.03), so they were resampled one by one.
  
  Verdict: RESOLVED. A is slower than B: the difference is real, as its interval excludes zero and it exceeds the noise floor.
  
  Warnings:
    - the program holds 136 MB of live data, more than the caches of many machines; for data that size, where it lies in memory can shift the result by several points in ways the interval does not cover, and differently in the next process; run the comparison in several processes with the multiproc package
    - in 50% of A/A runs this setup reported a difference between identical code, well above the 10% expected; treat any confidence from it with suspicion

checksum 70143277664109
== dirs multi n=16384 valuesFor: ordered vs hashed
A: 161.1 ns per operation (median)
B: 45.5 ns per operation (median)
A needs 250% more time than B: B takes only 0.29 times as long as A.
With 95% confidence the difference lies between 246% and 262% more time (B takes between 0.277 and 0.29 times as long as A).
Noise floor: 1.38%. Identical code measured against itself on this setup can look that different, so smaller differences mean nothing.
Neighbouring measurements are nearly independent (autocorrelation -0.57), so they were resampled one by one.

Verdict: RESOLVED. A is slower than B: the difference is real, as its interval excludes zero and it exceeds the noise floor.

Warnings:
  - the program holds 127 MB of live data, more than the caches of many machines; for data that size, where it lies in memory can shift the result by several points in ways the interval does not cover, and differently in the next process; run the comparison in several processes with the multiproc package

== dirs multi n=16384 valuesFor: ordered vs btree-sets
A: 165 ns per operation (median)
B: 270 ns per operation (median)
A needs 39.1% less time than B: B takes 1.64 times as long as A.
With 95% confidence the difference lies between 37.2% and 39.7% less time (B takes between 1.59 and 1.66 times as long as A).
Noise floor: 1.56%. Identical code measured against itself on this setup can look that different, so smaller differences mean nothing.
Neighbouring measurements are nearly independent (autocorrelation -0.29), so they were resampled one by one.

Verdict: RESOLVED. A is faster than B: the difference is real, as its interval excludes zero and it exceeds the noise floor.

Warnings:
  - the program holds 127 MB of live data, more than the caches of many machines; for data that size, where it lies in memory can shift the result by several points in ways the interval does not cover, and differently in the next process; run the comparison in several processes with the multiproc package

== dirs multi n=16384 valuesFor: ordered vs map-sets
A: 163.9 ns per operation (median)
B: 100.4 ns per operation (median)
A needs 61.1% more time than B: B takes only 0.62 times as long as A.
With 95% confidence the difference lies between 60.1% and 66.8% more time (B takes between 0.6 and 0.62 times as long as A).
Noise floor: 1.76%. Identical code measured against itself on this setup can look that different, so smaller differences mean nothing.
Neighbouring measurements are nearly independent (autocorrelation -0.21), so they were resampled one by one.

Verdict: RESOLVED. A is slower than B: the difference is real, as its interval excludes zero and it exceeds the noise floor.

Warnings:
  - the program holds 127 MB of live data, more than the caches of many machines; for data that size, where it lies in memory can shift the result by several points in ways the interval does not cover, and differently in the next process; run the comparison in several processes with the multiproc package

== dirs multi n=16384 valuesBetween: ordered vs hashed
A: 4468 ns per operation (median)
B: 3.074e+05 ns per operation (median)
A needs 98.5% less time than B: B takes 68.67 times as long as A.
With 95% confidence the difference lies between 98.5% and 98.6% less time (B takes between 68 and 69.82 times as long as A).
Noise floor: 1.5%. Identical code measured against itself on this setup can look that different, so smaller differences mean nothing.
Neighbouring measurements are nearly independent (autocorrelation +0.01), so they were resampled one by one.

Verdict: RESOLVED. A is faster than B: the difference is real, as its interval excludes zero and it exceeds the noise floor.

Warnings:
  - the program holds 127 MB of live data, more than the caches of many machines; for data that size, where it lies in memory can shift the result by several points in ways the interval does not cover, and differently in the next process; run the comparison in several processes with the multiproc package
  - in 50% of A/A runs this setup reported a difference between identical code, well above the 10% expected; treat any confidence from it with suspicion

== dirs multi n=16384 valuesBetween: ordered vs btree-sets
A: 4415 ns per operation (median)
B: 6922 ns per operation (median)
A needs 36.1% less time than B: B takes 1.57 times as long as A.
With 95% confidence the difference lies between 35.1% and 36.9% less time (B takes between 1.54 and 1.59 times as long as A).
Noise floor: 1.09%. Identical code measured against itself on this setup can look that different, so smaller differences mean nothing.
Neighbouring measurements are nearly independent (autocorrelation -0.07), so they were resampled one by one.

Verdict: RESOLVED. A is faster than B: the difference is real, as its interval excludes zero and it exceeds the noise floor.

Warnings:
  - the program holds 127 MB of live data, more than the caches of many machines; for data that size, where it lies in memory can shift the result by several points in ways the interval does not cover, and differently in the next process; run the comparison in several processes with the multiproc package

== dirs multi n=16384 valuesBetween: ordered vs map-sets
A: 4516 ns per operation (median)
B: 2.86e+05 ns per operation (median)
A needs 98.4% less time than B: B takes 62.96 times as long as A.
With 95% confidence the difference lies between 98.4% and 98.4% less time (B takes between 62.5 and 63.79 times as long as A).
Noise floor: 0.847%. Identical code measured against itself on this setup can look that different, so smaller differences mean nothing.
Neighbouring measurements are nearly independent (autocorrelation +0.11), so they were resampled one by one.

Verdict: RESOLVED. A is faster than B: the difference is real, as its interval excludes zero and it exceeds the noise floor.

Warnings:
  - the program holds 127 MB of live data, more than the caches of many machines; for data that size, where it lies in memory can shift the result by several points in ways the interval does not cover, and differently in the next process; run the comparison in several processes with the multiproc package

== dirs multi n=16384 prefix: ordered vs hashed
A: 2.151e+04 ns per operation (median)
B: 3.167e+05 ns per operation (median)
A needs 93.1% less time than B: B takes 14.56 times as long as A.
With 95% confidence the difference lies between 92.6% and 93.8% less time (B takes between 13.4 and 16.16 times as long as A).
Noise floor: 17.1%. Identical code measured against itself on this setup can look that different, so smaller differences mean nothing.
Neighbouring measurements are nearly independent (autocorrelation -0.06), so they were resampled one by one.

Verdict: RESOLVED. A is faster than B: the difference is real, as its interval excludes zero and it exceeds the noise floor.

Warnings:
  - the program holds 127 MB of live data, more than the caches of many machines; for data that size, where it lies in memory can shift the result by several points in ways the interval does not cover, and differently in the next process; run the comparison in several processes with the multiproc package
  - in 50% of A/A runs this setup reported a difference between identical code, well above the 10% expected; treat any confidence from it with suspicion

== dirs multi n=16384 prefix: ordered vs btree-sets
A: 2.052e+04 ns per operation (median)
B: 3.262e+04 ns per operation (median)
A needs 38% less time than B: B takes 1.61 times as long as A.
With 95% confidence the difference lies between 37.7% and 38.9% less time (B takes between 1.61 and 1.64 times as long as A).
Noise floor: 16.8%. Identical code measured against itself on this setup can look that different, so smaller differences mean nothing.
Neighbouring measurements are nearly independent (autocorrelation -0.01), so they were resampled one by one.

Verdict: RESOLVED. A is faster than B: the difference is real, as its interval excludes zero and it exceeds the noise floor.

Warnings:
  - the program holds 127 MB of live data, more than the caches of many machines; for data that size, where it lies in memory can shift the result by several points in ways the interval does not cover, and differently in the next process; run the comparison in several processes with the multiproc package
  - in 50% of A/A runs this setup reported a difference between identical code, well above the 10% expected; treat any confidence from it with suspicion

== dirs multi n=16384 prefix: ordered vs map-sets
A: 2.184e+04 ns per operation (median)
B: 3.183e+05 ns per operation (median)
A needs 93.2% less time than B: B takes 14.62 times as long as A.
With 95% confidence the difference lies between 92.2% and 93.8% less time (B takes between 12.9 and 16.15 times as long as A).
Noise floor: 17.3%. Identical code measured against itself on this setup can look that different, so smaller differences mean nothing.
Neighbouring measurements are nearly independent (autocorrelation -0.08), so they were resampled one by one.

Verdict: RESOLVED. A is faster than B: the difference is real, as its interval excludes zero and it exceeds the noise floor.

Warnings:
  - the program holds 127 MB of live data, more than the caches of many machines; for data that size, where it lies in memory can shift the result by several points in ways the interval does not cover, and differently in the next process; run the comparison in several processes with the multiproc package
  - in 50% of A/A runs this setup reported a difference between identical code, well above the 10% expected; treat any confidence from it with suspicion

== dirs multi n=16384 churn and build: ordered vs hashed
steady state, per insertion or deletion in a structure of 52542 elements (cycle of 137396 operations, first pass untimed):
  A: 247.2 ns per operation (median)
  B: 87.96 ns per operation (median)
  A needs 182% more time than B: B takes only 0.35 times as long as A.
  With 95% confidence the difference lies between 178% and 189% more time (B takes between 0.345 and 0.36 times as long as A).
  Noise floor: 1.76%. Identical code measured against itself on this setup can look that different, so smaller differences mean nothing.
  Neighbouring measurements are correlated (autocorrelation +0.50), so they were resampled in blocks of 3.
  
  Verdict: RESOLVED. A is slower than B: the difference is real, as its interval excludes zero and it exceeds the noise floor.
  
  Warnings:
    - the program holds 143 MB of live data, more than the caches of many machines; for data that size, where it lies in memory can shift the result by several points in ways the interval does not cover, and differently in the next process; run the comparison in several processes with the multiproc package

build from empty to 52542 elements, per whole build (188700 operations):
  A: 4.76e+07 ns per operation (median)
  B: 1.691e+07 ns per operation (median)
  A needs 182% more time than B: B takes only 0.36 times as long as A.
  With 95% confidence the difference lies between 181% and 182% more time (B takes between 0.355 and 0.36 times as long as A).
  Noise floor: 0.18%. Identical code measured against itself on this setup can look that different, so smaller differences mean nothing.
  Neighbouring measurements are nearly independent (autocorrelation +0.04), so they were resampled one by one.
  
  Verdict: RESOLVED. A is slower than B: the difference is real, as its interval excludes zero and it exceeds the noise floor.
  
  Warnings:
    - the program holds 136 MB of live data, more than the caches of many machines; for data that size, where it lies in memory can shift the result by several points in ways the interval does not cover, and differently in the next process; run the comparison in several processes with the multiproc package

== dirs multi n=16384 churn and build: ordered vs btree-sets
steady state, per insertion or deletion in a structure of 52542 elements (cycle of 137396 operations, first pass untimed):
  A: 274.6 ns per operation (median)
  B: 373.8 ns per operation (median)
  A needs 27.2% less time than B: B takes 1.37 times as long as A.
  With 95% confidence the difference lies between 24% and 28.2% less time (B takes between 1.32 and 1.39 times as long as A).
  Noise floor: 2.72%. Identical code measured against itself on this setup can look that different, so smaller differences mean nothing.
  Neighbouring measurements are correlated (autocorrelation +0.34), so they were resampled in blocks of 3.
  
  Verdict: RESOLVED. A is faster than B: the difference is real, as its interval excludes zero and it exceeds the noise floor.
  
  Warnings:
    - the program holds 147 MB of live data, more than the caches of many machines; for data that size, where it lies in memory can shift the result by several points in ways the interval does not cover, and differently in the next process; run the comparison in several processes with the multiproc package

build from empty to 52542 elements, per whole build (188700 operations):
  A: 4.745e+07 ns per operation (median)
  B: 6.668e+07 ns per operation (median)
  A needs 28.9% less time than B: B takes 1.41 times as long as A.
  With 95% confidence the difference lies between 28.7% and 29% less time (B takes between 1.4 and 1.41 times as long as A).
  Noise floor: 0.2%. Identical code measured against itself on this setup can look that different, so smaller differences mean nothing.
  Neighbouring measurements are nearly independent (autocorrelation -0.01), so they were resampled one by one.
  
  Verdict: RESOLVED. A is faster than B: the difference is real, as its interval excludes zero and it exceeds the noise floor.
  
  Warnings:
    - the program holds 136 MB of live data, more than the caches of many machines; for data that size, where it lies in memory can shift the result by several points in ways the interval does not cover, and differently in the next process; run the comparison in several processes with the multiproc package

== dirs multi n=16384 churn and build: ordered vs map-sets
steady state, per insertion or deletion in a structure of 52542 elements (cycle of 137396 operations, first pass untimed):
  A: 254.1 ns per operation (median)
  B: 106.8 ns per operation (median)
  A needs 143% more time than B: B takes only 0.41 times as long as A.
  With 95% confidence the difference lies between 137% and 147% more time (B takes between 0.404 and 0.42 times as long as A).
  Noise floor: 1.16%. Identical code measured against itself on this setup can look that different, so smaller differences mean nothing.
  Neighbouring measurements are correlated (autocorrelation +0.48), so they were resampled in blocks of 3.
  
  Verdict: RESOLVED. A is slower than B: the difference is real, as its interval excludes zero and it exceeds the noise floor.
  
  Warnings:
    - the program holds 147 MB of live data, more than the caches of many machines; for data that size, where it lies in memory can shift the result by several points in ways the interval does not cover, and differently in the next process; run the comparison in several processes with the multiproc package

build from empty to 52542 elements, per whole build (188700 operations):
  A: 4.758e+07 ns per operation (median)
  B: 2.015e+07 ns per operation (median)
  A needs 136% more time than B: B takes only 0.42 times as long as A.
  With 95% confidence the difference lies between 135% and 137% more time (B takes between 0.422 and 0.43 times as long as A).
  Noise floor: 0.261%. Identical code measured against itself on this setup can look that different, so smaller differences mean nothing.
  Neighbouring measurements are nearly independent (autocorrelation -0.05), so they were resampled one by one.
  
  Verdict: RESOLVED. A is slower than B: the difference is real, as its interval excludes zero and it exceeds the noise floor.
  
  Warnings:
    - the program holds 136 MB of live data, more than the caches of many machines; for data that size, where it lies in memory can shift the result by several points in ways the interval does not cover, and differently in the next process; run the comparison in several processes with the multiproc package

checksum 70473238803021
== dirs multi n=16384 valuesFor: ordered vs hashed
A: 165.2 ns per operation (median)
B: 47.53 ns per operation (median)
A needs 241% more time than B: B takes only 0.29 times as long as A.
With 95% confidence the difference lies between 235% and 266% more time (B takes between 0.274 and 0.30 times as long as A).
Noise floor: 1.92%. Identical code measured against itself on this setup can look that different, so smaller differences mean nothing.
Neighbouring measurements are nearly independent (autocorrelation -0.57), so they were resampled one by one.

Verdict: RESOLVED. A is slower than B: the difference is real, as its interval excludes zero and it exceeds the noise floor.

Warnings:
  - the program holds 102 MB of live data, more than the caches of many machines; for data that size, where it lies in memory can shift the result by several points in ways the interval does not cover, and differently in the next process; run the comparison in several processes with the multiproc package

== dirs multi n=16384 valuesFor: ordered vs btree-sets
A: 168.3 ns per operation (median)
B: 274 ns per operation (median)
A needs 38.4% less time than B: B takes 1.62 times as long as A.
With 95% confidence the difference lies between 37% and 40.4% less time (B takes between 1.59 and 1.68 times as long as A).
Noise floor: 1.35%. Identical code measured against itself on this setup can look that different, so smaller differences mean nothing.
Neighbouring measurements are nearly independent (autocorrelation -0.28), so they were resampled one by one.

Verdict: RESOLVED. A is faster than B: the difference is real, as its interval excludes zero and it exceeds the noise floor.

Warnings:
  - the program holds 102 MB of live data, more than the caches of many machines; for data that size, where it lies in memory can shift the result by several points in ways the interval does not cover, and differently in the next process; run the comparison in several processes with the multiproc package

== dirs multi n=16384 valuesFor: ordered vs map-sets
A: 166 ns per operation (median)
B: 99.67 ns per operation (median)
A needs 65.2% more time than B: B takes only 0.61 times as long as A.
With 95% confidence the difference lies between 61.1% and 69.9% more time (B takes between 0.588 and 0.62 times as long as A).
Noise floor: 2.25%. Identical code measured against itself on this setup can look that different, so smaller differences mean nothing.
Neighbouring measurements are nearly independent (autocorrelation -0.24), so they were resampled one by one.

Verdict: RESOLVED. A is slower than B: the difference is real, as its interval excludes zero and it exceeds the noise floor.

Warnings:
  - the program holds 102 MB of live data, more than the caches of many machines; for data that size, where it lies in memory can shift the result by several points in ways the interval does not cover, and differently in the next process; run the comparison in several processes with the multiproc package

== dirs multi n=16384 valuesBetween: ordered vs hashed
A: 4425 ns per operation (median)
B: 3.06e+05 ns per operation (median)
A needs 98.6% less time than B: B takes 69.49 times as long as A.
With 95% confidence the difference lies between 98.5% and 98.6% less time (B takes between 67.8 and 70.57 times as long as A).
Noise floor: 0.579%. Identical code measured against itself on this setup can look that different, so smaller differences mean nothing.
Neighbouring measurements are correlated (autocorrelation +0.25), so they were resampled in blocks of 3.

Verdict: RESOLVED. A is faster than B: the difference is real, as its interval excludes zero and it exceeds the noise floor.

Warnings:
  - the program holds 133 MB of live data, more than the caches of many machines; for data that size, where it lies in memory can shift the result by several points in ways the interval does not cover, and differently in the next process; run the comparison in several processes with the multiproc package

== dirs multi n=16384 valuesBetween: ordered vs btree-sets
A: 4430 ns per operation (median)
B: 6940 ns per operation (median)
A needs 36.5% less time than B: B takes 1.57 times as long as A.
With 95% confidence the difference lies between 35.2% and 37.3% less time (B takes between 1.54 and 1.59 times as long as A).
Noise floor: 0.867%. Identical code measured against itself on this setup can look that different, so smaller differences mean nothing.
Neighbouring measurements are nearly independent (autocorrelation +0.02), so they were resampled one by one.

Verdict: RESOLVED. A is faster than B: the difference is real, as its interval excludes zero and it exceeds the noise floor.

Warnings:
  - the program holds 133 MB of live data, more than the caches of many machines; for data that size, where it lies in memory can shift the result by several points in ways the interval does not cover, and differently in the next process; run the comparison in several processes with the multiproc package
  - in 50% of A/A runs this setup reported a difference between identical code, well above the 10% expected; treat any confidence from it with suspicion

== dirs multi n=16384 valuesBetween: ordered vs map-sets
A: 4494 ns per operation (median)
B: 2.862e+05 ns per operation (median)
A needs 98.4% less time than B: B takes 63.81 times as long as A.
With 95% confidence the difference lies between 98.4% and 98.4% less time (B takes between 63.2 and 64.40 times as long as A).
Noise floor: 0.66%. Identical code measured against itself on this setup can look that different, so smaller differences mean nothing.
Neighbouring measurements are nearly independent (autocorrelation +0.09), so they were resampled one by one.

Verdict: RESOLVED. A is faster than B: the difference is real, as its interval excludes zero and it exceeds the noise floor.

Warnings:
  - the program holds 133 MB of live data, more than the caches of many machines; for data that size, where it lies in memory can shift the result by several points in ways the interval does not cover, and differently in the next process; run the comparison in several processes with the multiproc package

== dirs multi n=16384 prefix: ordered vs hashed
A: 2.288e+04 ns per operation (median)
B: 3.194e+05 ns per operation (median)
A needs 92.9% less time than B: B takes 14.02 times as long as A.
With 95% confidence the difference lies between 92.2% and 94.1% less time (B takes between 12.8 and 16.92 times as long as A).
Noise floor: 16.5%. Identical code measured against itself on this setup can look that different, so smaller differences mean nothing.
Neighbouring measurements are correlated (autocorrelation +0.20), so they were resampled in blocks of 3.

Verdict: RESOLVED. A is faster than B: the difference is real, as its interval excludes zero and it exceeds the noise floor.

Warnings:
  - the program holds 133 MB of live data, more than the caches of many machines; for data that size, where it lies in memory can shift the result by several points in ways the interval does not cover, and differently in the next process; run the comparison in several processes with the multiproc package
  - in 50% of A/A runs this setup reported a difference between identical code, well above the 10% expected; treat any confidence from it with suspicion

== dirs multi n=16384 prefix: ordered vs btree-sets
A: 2.085e+04 ns per operation (median)
B: 3.274e+04 ns per operation (median)
A needs 37.9% less time than B: B takes 1.61 times as long as A.
With 95% confidence the difference lies between 37.3% and 38.4% less time (B takes between 1.59 and 1.62 times as long as A).
Noise floor: 16.9%. Identical code measured against itself on this setup can look that different, so smaller differences mean nothing.
Neighbouring measurements are nearly independent (autocorrelation +0.03), so they were resampled one by one.

Verdict: RESOLVED. A is faster than B: the difference is real, as its interval excludes zero and it exceeds the noise floor.

Warnings:
  - the program holds 133 MB of live data, more than the caches of many machines; for data that size, where it lies in memory can shift the result by several points in ways the interval does not cover, and differently in the next process; run the comparison in several processes with the multiproc package
  - in 50% of A/A runs this setup reported a difference between identical code, well above the 10% expected; treat any confidence from it with suspicion

== dirs multi n=16384 prefix: ordered vs map-sets
A: 2.187e+04 ns per operation (median)
B: 3.197e+05 ns per operation (median)
A needs 93.1% less time than B: B takes 14.56 times as long as A.
With 95% confidence the difference lies between 92.3% and 93.9% less time (B takes between 13 and 16.29 times as long as A).
Noise floor: 19%. Identical code measured against itself on this setup can look that different, so smaller differences mean nothing.
Neighbouring measurements are nearly independent (autocorrelation -0.06), so they were resampled one by one.

Verdict: RESOLVED. A is faster than B: the difference is real, as its interval excludes zero and it exceeds the noise floor.

Warnings:
  - the program holds 133 MB of live data, more than the caches of many machines; for data that size, where it lies in memory can shift the result by several points in ways the interval does not cover, and differently in the next process; run the comparison in several processes with the multiproc package
  - in 50% of A/A runs this setup reported a difference between identical code, well above the 10% expected; treat any confidence from it with suspicion

== dirs multi n=16384 churn and build: ordered vs hashed
steady state, per insertion or deletion in a structure of 52542 elements (cycle of 137396 operations, first pass untimed):
  A: 247 ns per operation (median)
  B: 87.44 ns per operation (median)
  A needs 184% more time than B: B takes only 0.35 times as long as A.
  With 95% confidence the difference lies between 180% and 190% more time (B takes between 0.344 and 0.36 times as long as A).
  Noise floor: 0.804%. Identical code measured against itself on this setup can look that different, so smaller differences mean nothing.
  Neighbouring measurements are correlated (autocorrelation +0.49), so they were resampled in blocks of 3.
  
  Verdict: RESOLVED. A is slower than B: the difference is real, as its interval excludes zero and it exceeds the noise floor.
  
  Warnings:
    - the program holds 144 MB of live data, more than the caches of many machines; for data that size, where it lies in memory can shift the result by several points in ways the interval does not cover, and differently in the next process; run the comparison in several processes with the multiproc package

build from empty to 52542 elements, per whole build (188700 operations):
  A: 4.728e+07 ns per operation (median)
  B: 1.699e+07 ns per operation (median)
  A needs 179% more time than B: B takes only 0.36 times as long as A.
  With 95% confidence the difference lies between 177% and 180% more time (B takes between 0.357 and 0.36 times as long as A).
  Noise floor: 0.379%. Identical code measured against itself on this setup can look that different, so smaller differences mean nothing.
  Neighbouring measurements are correlated (autocorrelation +0.31), so they were resampled in blocks of 3.
  
  Verdict: RESOLVED. A is slower than B: the difference is real, as its interval excludes zero and it exceeds the noise floor.
  
  Warnings:
    - the program holds 136 MB of live data, more than the caches of many machines; for data that size, where it lies in memory can shift the result by several points in ways the interval does not cover, and differently in the next process; run the comparison in several processes with the multiproc package

== dirs multi n=16384 churn and build: ordered vs btree-sets
steady state, per insertion or deletion in a structure of 52542 elements (cycle of 137396 operations, first pass untimed):
  A: 277.6 ns per operation (median)
  B: 376.7 ns per operation (median)
  A needs 26.1% less time than B: B takes 1.35 times as long as A.
  With 95% confidence the difference lies between 24.6% and 28.9% less time (B takes between 1.33 and 1.41 times as long as A).
  Noise floor: 1.76%. Identical code measured against itself on this setup can look that different, so smaller differences mean nothing.
  Neighbouring measurements are correlated (autocorrelation +0.45), so they were resampled in blocks of 3.
  
  Verdict: RESOLVED. A is faster than B: the difference is real, as its interval excludes zero and it exceeds the noise floor.
  
  Warnings:
    - the program holds 147 MB of live data, more than the caches of many machines; for data that size, where it lies in memory can shift the result by several points in ways the interval does not cover, and differently in the next process; run the comparison in several processes with the multiproc package

build from empty to 52542 elements, per whole build (188700 operations):
  A: 4.721e+07 ns per operation (median)
  B: 6.677e+07 ns per operation (median)
  A needs 29.2% less time than B: B takes 1.41 times as long as A.
  With 95% confidence the difference lies between 29.1% and 29.5% less time (B takes between 1.41 and 1.42 times as long as A).
  Noise floor: 0.341%. Identical code measured against itself on this setup can look that different, so smaller differences mean nothing.
  Neighbouring measurements are nearly independent (autocorrelation +0.03), so they were resampled one by one.
  
  Verdict: RESOLVED. A is faster than B: the difference is real, as its interval excludes zero and it exceeds the noise floor.
  
  Warnings:
    - the program holds 136 MB of live data, more than the caches of many machines; for data that size, where it lies in memory can shift the result by several points in ways the interval does not cover, and differently in the next process; run the comparison in several processes with the multiproc package
    - in 50% of A/A runs this setup reported a difference between identical code, well above the 10% expected; treat any confidence from it with suspicion

== dirs multi n=16384 churn and build: ordered vs map-sets
steady state, per insertion or deletion in a structure of 52542 elements (cycle of 137396 operations, first pass untimed):
  A: 256.8 ns per operation (median)
  B: 107.2 ns per operation (median)
  A needs 140% more time than B: B takes only 0.42 times as long as A.
  With 95% confidence the difference lies between 137% and 146% more time (B takes between 0.407 and 0.42 times as long as A).
  Noise floor: 2.96%. Identical code measured against itself on this setup can look that different, so smaller differences mean nothing.
  Neighbouring measurements are correlated (autocorrelation +0.41), so they were resampled in blocks of 3.
  
  Verdict: RESOLVED. A is slower than B: the difference is real, as its interval excludes zero and it exceeds the noise floor.
  
  Warnings:
    - the program holds 147 MB of live data, more than the caches of many machines; for data that size, where it lies in memory can shift the result by several points in ways the interval does not cover, and differently in the next process; run the comparison in several processes with the multiproc package

build from empty to 52542 elements, per whole build (188700 operations):
  A: 4.725e+07 ns per operation (median)
  B: 2.02e+07 ns per operation (median)
  A needs 134% more time than B: B takes only 0.43 times as long as A.
  With 95% confidence the difference lies between 134% and 135% more time (B takes between 0.426 and 0.43 times as long as A).
  Noise floor: 0.273%. Identical code measured against itself on this setup can look that different, so smaller differences mean nothing.
  Neighbouring measurements are nearly independent (autocorrelation +0.14), so they were resampled one by one.
  
  Verdict: RESOLVED. A is slower than B: the difference is real, as its interval excludes zero and it exceeds the noise floor.
  
  Warnings:
    - the program holds 136 MB of live data, more than the caches of many machines; for data that size, where it lies in memory can shift the result by several points in ways the interval does not cover, and differently in the next process; run the comparison in several processes with the multiproc package
    - in 50% of A/A runs this setup reported a difference between identical code, well above the 10% expected; treat any confidence from it with suspicion

checksum 69204101433177
== dirs multi n=16384 valuesFor: ordered vs hashed
A: 162.6 ns per operation (median)
B: 46.1 ns per operation (median)
A needs 246% more time than B: B takes only 0.29 times as long as A.
With 95% confidence the difference lies between 242% and 262% more time (B takes between 0.276 and 0.29 times as long as A).
Noise floor: 1.45%. Identical code measured against itself on this setup can look that different, so smaller differences mean nothing.
Neighbouring measurements are nearly independent (autocorrelation -0.68), so they were resampled one by one.

Verdict: RESOLVED. A is slower than B: the difference is real, as its interval excludes zero and it exceeds the noise floor.

Warnings:
  - the program holds 108 MB of live data, more than the caches of many machines; for data that size, where it lies in memory can shift the result by several points in ways the interval does not cover, and differently in the next process; run the comparison in several processes with the multiproc package

== dirs multi n=16384 valuesFor: ordered vs btree-sets
A: 167.8 ns per operation (median)
B: 272.1 ns per operation (median)
A needs 38.1% less time than B: B takes 1.61 times as long as A.
With 95% confidence the difference lies between 37% and 39.8% less time (B takes between 1.59 and 1.66 times as long as A).
Noise floor: 1.77%. Identical code measured against itself on this setup can look that different, so smaller differences mean nothing.
Neighbouring measurements are nearly independent (autocorrelation -0.55), so they were resampled one by one.

Verdict: RESOLVED. A is faster than B: the difference is real, as its interval excludes zero and it exceeds the noise floor.

Warnings:
  - the program holds 108 MB of live data, more than the caches of many machines; for data that size, where it lies in memory can shift the result by several points in ways the interval does not cover, and differently in the next process; run the comparison in several processes with the multiproc package

== dirs multi n=16384 valuesFor: ordered vs map-sets
A: 166.9 ns per operation (median)
B: 101.3 ns per operation (median)
A needs 61.8% more time than B: B takes only 0.62 times as long as A.
With 95% confidence the difference lies between 58.1% and 67.4% more time (B takes between 0.597 and 0.63 times as long as A).
Noise floor: 1.8%. Identical code measured against itself on this setup can look that different, so smaller differences mean nothing.
Neighbouring measurements are nearly independent (autocorrelation -0.19), so they were resampled one by one.

Verdict: RESOLVED. A is slower than B: the difference is real, as its interval excludes zero and it exceeds the noise floor.

Warnings:
  - the program holds 108 MB of live data, more than the caches of many machines; for data that size, where it lies in memory can shift the result by several points in ways the interval does not cover, and differently in the next process; run the comparison in several processes with the multiproc package

== dirs multi n=16384 valuesBetween: ordered vs hashed
A: 4449 ns per operation (median)
B: 3.069e+05 ns per operation (median)
A needs 98.5% less time than B: B takes 68.77 times as long as A.
With 95% confidence the difference lies between 98.5% and 98.6% less time (B takes between 68.4 and 69.07 times as long as A).
Noise floor: 0.878%. Identical code measured against itself on this setup can look that different, so smaller differences mean nothing.
Neighbouring measurements are nearly independent (autocorrelation +0.19), so they were resampled one by one.

Verdict: RESOLVED. A is faster than B: the difference is real, as its interval excludes zero and it exceeds the noise floor.

Warnings:
  - the program holds 108 MB of live data, more than the caches of many machines; for data that size, where it lies in memory can shift the result by several points in ways the interval does not cover, and differently in the next process; run the comparison in several processes with the multiproc package

== dirs multi n=16384 valuesBetween: ordered vs btree-sets
A: 4427 ns per operation (median)
B: 6922 ns per operation (median)
A needs 35.8% less time than B: B takes 1.56 times as long as A.
With 95% confidence the difference lies between 35.3% and 36.6% less time (B takes between 1.54 and 1.58 times as long as A).
Noise floor: 0.526%. Identical code measured against itself on this setup can look that different, so smaller differences mean nothing.
Neighbouring measurements are nearly independent (autocorrelation +0.05), so they were resampled one by one.

Verdict: RESOLVED. A is faster than B: the difference is real, as its interval excludes zero and it exceeds the noise floor.

Warnings:
  - the program holds 133 MB of live data, more than the caches of many machines; for data that size, where it lies in memory can shift the result by several points in ways the interval does not cover, and differently in the next process; run the comparison in several processes with the multiproc package

== dirs multi n=16384 valuesBetween: ordered vs map-sets
A: 4502 ns per operation (median)
B: 2.873e+05 ns per operation (median)
A needs 98.4% less time than B: B takes 63.89 times as long as A.
With 95% confidence the difference lies between 98.4% and 98.4% less time (B takes between 63.1 and 64.30 times as long as A).
Noise floor: 0.815%. Identical code measured against itself on this setup can look that different, so smaller differences mean nothing.
Neighbouring measurements are nearly independent (autocorrelation +0.13), so they were resampled one by one.

Verdict: RESOLVED. A is faster than B: the difference is real, as its interval excludes zero and it exceeds the noise floor.

Warnings:
  - the program holds 133 MB of live data, more than the caches of many machines; for data that size, where it lies in memory can shift the result by several points in ways the interval does not cover, and differently in the next process; run the comparison in several processes with the multiproc package

== dirs multi n=16384 prefix: ordered vs hashed
A: 2.234e+04 ns per operation (median)
B: 3.164e+05 ns per operation (median)
A needs 93% less time than B: B takes 14.33 times as long as A.
With 95% confidence the difference lies between 92.6% and 93.8% less time (B takes between 13.5 and 16.09 times as long as A).
Noise floor: 17.6%. Identical code measured against itself on this setup can look that different, so smaller differences mean nothing.
Neighbouring measurements are nearly independent (autocorrelation -0.05), so they were resampled one by one.

Verdict: RESOLVED. A is faster than B: the difference is real, as its interval excludes zero and it exceeds the noise floor.

Warnings:
  - the program holds 133 MB of live data, more than the caches of many machines; for data that size, where it lies in memory can shift the result by several points in ways the interval does not cover, and differently in the next process; run the comparison in several processes with the multiproc package
  - in 50% of A/A runs this setup reported a difference between identical code, well above the 10% expected; treat any confidence from it with suspicion

== dirs multi n=16384 prefix: ordered vs btree-sets
A: 2.069e+04 ns per operation (median)
B: 3.292e+04 ns per operation (median)
A needs 38.3% less time than B: B takes 1.62 times as long as A.
With 95% confidence the difference lies between 37.9% and 38.9% less time (B takes between 1.61 and 1.64 times as long as A).
Noise floor: 17.1%. Identical code measured against itself on this setup can look that different, so smaller differences mean nothing.
Neighbouring measurements are nearly independent (autocorrelation -0.02), so they were resampled one by one.

Verdict: RESOLVED. A is faster than B: the difference is real, as its interval excludes zero and it exceeds the noise floor.

Warnings:
  - the program holds 133 MB of live data, more than the caches of many machines; for data that size, where it lies in memory can shift the result by several points in ways the interval does not cover, and differently in the next process; run the comparison in several processes with the multiproc package
  - in 50% of A/A runs this setup reported a difference between identical code, well above the 10% expected; treat any confidence from it with suspicion

== dirs multi n=16384 prefix: ordered vs map-sets
A: 2.23e+04 ns per operation (median)
B: 3.192e+05 ns per operation (median)
A needs 93% less time than B: B takes 14.21 times as long as A.
With 95% confidence the difference lies between 92.4% and 93.9% less time (B takes between 13.1 and 16.34 times as long as A).
Noise floor: 21.2%. Identical code measured against itself on this setup can look that different, so smaller differences mean nothing.
Neighbouring measurements are nearly independent (autocorrelation +0.08), so they were resampled one by one.

Verdict: RESOLVED. A is faster than B: the difference is real, as its interval excludes zero and it exceeds the noise floor.

Warnings:
  - the program holds 133 MB of live data, more than the caches of many machines; for data that size, where it lies in memory can shift the result by several points in ways the interval does not cover, and differently in the next process; run the comparison in several processes with the multiproc package
  - in 50% of A/A runs this setup reported a difference between identical code, well above the 10% expected; treat any confidence from it with suspicion

== dirs multi n=16384 churn and build: ordered vs hashed
steady state, per insertion or deletion in a structure of 52542 elements (cycle of 137396 operations, first pass untimed):
  A: 248.6 ns per operation (median)
  B: 89.93 ns per operation (median)
  A needs 181% more time than B: B takes only 0.36 times as long as A.
  With 95% confidence the difference lies between 175% and 184% more time (B takes between 0.352 and 0.36 times as long as A).
  Noise floor: 1.15%. Identical code measured against itself on this setup can look that different, so smaller differences mean nothing.
  Neighbouring measurements are correlated (autocorrelation +0.51), so they were resampled in blocks of 3.
  
  Verdict: RESOLVED. A is slower than B: the difference is real, as its interval excludes zero and it exceeds the noise floor.
  
  Warnings:
    - the program holds 144 MB of live data, more than the caches of many machines; for data that size, where it lies in memory can shift the result by several points in ways the interval does not cover, and differently in the next process; run the comparison in several processes with the multiproc package
    - in 50% of A/A runs this setup reported a difference between identical code, well above the 10% expected; treat any confidence from it with suspicion

build from empty to 52542 elements, per whole build (188700 operations):
  A: 4.735e+07 ns per operation (median)
  B: 1.7e+07 ns per operation (median)
  A needs 179% more time than B: B takes only 0.36 times as long as A.
  With 95% confidence the difference lies between 178% and 179% more time (B takes between 0.358 and 0.36 times as long as A).
  Noise floor: 0.109%. Identical code measured against itself on this setup can look that different, so smaller differences mean nothing.
  Neighbouring measurements are nearly independent (autocorrelation +0.05), so they were resampled one by one.
  
  Verdict: RESOLVED. A is slower than B: the difference is real, as its interval excludes zero and it exceeds the noise floor.
  
  Warnings:
    - the program holds 136 MB of live data, more than the caches of many machines; for data that size, where it lies in memory can shift the result by several points in ways the interval does not cover, and differently in the next process; run the comparison in several processes with the multiproc package

== dirs multi n=16384 churn and build: ordered vs btree-sets
steady state, per insertion or deletion in a structure of 52542 elements (cycle of 137396 operations, first pass untimed):
  A: 274.8 ns per operation (median)
  B: 373.4 ns per operation (median)
  A needs 26.4% less time than B: B takes 1.36 times as long as A.
  With 95% confidence the difference lies between 24% and 27.5% less time (B takes between 1.32 and 1.38 times as long as A).
  Noise floor: 2.7%. Identical code measured against itself on this setup can look that different, so smaller differences mean nothing.
  Neighbouring measurements are correlated (autocorrelation +0.43), so they were resampled in blocks of 3.
  
  Verdict: RESOLVED. A is faster than B: the difference is real, as its interval excludes zero and it exceeds the noise floor.
  
  Warnings:
    - the program holds 147 MB of live data, more than the caches of many machines; for data that size, where it lies in memory can shift the result by several points in ways the interval does not cover, and differently in the next process; run the comparison in several processes with the multiproc package

build from empty to 52542 elements, per whole build (188700 operations):
  A: 4.734e+07 ns per operation (median)
  B: 6.708e+07 ns per operation (median)
  A needs 29.4% less time than B: B takes 1.42 times as long as A.
  With 95% confidence the difference lies between 29.1% and 30.2% less time (B takes between 1.41 and 1.43 times as long as A).
  Noise floor: 0.478%. Identical code measured against itself on this setup can look that different, so smaller differences mean nothing.
  Neighbouring measurements are nearly independent (autocorrelation -0.02), so they were resampled one by one.
  
  Verdict: RESOLVED. A is faster than B: the difference is real, as its interval excludes zero and it exceeds the noise floor.
  
  Warnings:
    - the program holds 136 MB of live data, more than the caches of many machines; for data that size, where it lies in memory can shift the result by several points in ways the interval does not cover, and differently in the next process; run the comparison in several processes with the multiproc package
    - in 50% of A/A runs this setup reported a difference between identical code, well above the 10% expected; treat any confidence from it with suspicion

== dirs multi n=16384 churn and build: ordered vs map-sets
steady state, per insertion or deletion in a structure of 52542 elements (cycle of 137396 operations, first pass untimed):
  A: 257.9 ns per operation (median)
  B: 106.3 ns per operation (median)
  A needs 142% more time than B: B takes only 0.41 times as long as A.
  With 95% confidence the difference lies between 140% and 148% more time (B takes between 0.404 and 0.42 times as long as A).
  Noise floor: 1.91%. Identical code measured against itself on this setup can look that different, so smaller differences mean nothing.
  Neighbouring measurements are correlated (autocorrelation +0.71), so they were resampled in blocks of 3.
  
  Verdict: RESOLVED. A is slower than B: the difference is real, as its interval excludes zero and it exceeds the noise floor.
  
  Warnings:
    - the program holds 147 MB of live data, more than the caches of many machines; for data that size, where it lies in memory can shift the result by several points in ways the interval does not cover, and differently in the next process; run the comparison in several processes with the multiproc package

build from empty to 52542 elements, per whole build (188700 operations):
  A: 4.728e+07 ns per operation (median)
  B: 2.053e+07 ns per operation (median)
  A needs 131% more time than B: B takes only 0.43 times as long as A.
  With 95% confidence the difference lies between 129% and 132% more time (B takes between 0.431 and 0.44 times as long as A).
  Noise floor: 0.249%. Identical code measured against itself on this setup can look that different, so smaller differences mean nothing.
  Neighbouring measurements are nearly independent (autocorrelation -0.04), so they were resampled one by one.
  
  Verdict: RESOLVED. A is slower than B: the difference is real, as its interval excludes zero and it exceeds the noise floor.
  
  Warnings:
    - the program holds 136 MB of live data, more than the caches of many machines; for data that size, where it lies in memory can shift the result by several points in ways the interval does not cover, and differently in the next process; run the comparison in several processes with the multiproc package
    - in 50% of A/A runs this setup reported a difference between identical code, well above the 10% expected; treat any confidence from it with suspicion

checksum 69742068923647
== dirs multi n=16384 valuesFor: ordered vs hashed
A: 161.1 ns per operation (median)
B: 45.7 ns per operation (median)
A needs 250% more time than B: B takes only 0.29 times as long as A.
With 95% confidence the difference lies between 243% and 263% more time (B takes between 0.275 and 0.29 times as long as A).
Noise floor: 2.08%. Identical code measured against itself on this setup can look that different, so smaller differences mean nothing.
Neighbouring measurements are nearly independent (autocorrelation -0.63), so they were resampled one by one.

Verdict: RESOLVED. A is slower than B: the difference is real, as its interval excludes zero and it exceeds the noise floor.

Warnings:
  - the program holds 132 MB of live data, more than the caches of many machines; for data that size, where it lies in memory can shift the result by several points in ways the interval does not cover, and differently in the next process; run the comparison in several processes with the multiproc package

== dirs multi n=16384 valuesFor: ordered vs btree-sets
A: 165.2 ns per operation (median)
B: 269.2 ns per operation (median)
A needs 38.9% less time than B: B takes 1.64 times as long as A.
With 95% confidence the difference lies between 37% and 39.7% less time (B takes between 1.59 and 1.66 times as long as A).
Noise floor: 2.02%. Identical code measured against itself on this setup can look that different, so smaller differences mean nothing.
Neighbouring measurements are nearly independent (autocorrelation -0.36), so they were resampled one by one.

Verdict: RESOLVED. A is faster than B: the difference is real, as its interval excludes zero and it exceeds the noise floor.

Warnings:
  - the program holds 132 MB of live data, more than the caches of many machines; for data that size, where it lies in memory can shift the result by several points in ways the interval does not cover, and differently in the next process; run the comparison in several processes with the multiproc package

== dirs multi n=16384 valuesFor: ordered vs map-sets
A: 166.1 ns per operation (median)
B: 100.7 ns per operation (median)
A needs 63.1% more time than B: B takes only 0.61 times as long as A.
With 95% confidence the difference lies between 60.1% and 69.9% more time (B takes between 0.589 and 0.62 times as long as A).
Noise floor: 3.07%. Identical code measured against itself on this setup can look that different, so smaller differences mean nothing.
Neighbouring measurements are correlated (autocorrelation +0.66), so they were resampled in blocks of 3.

Verdict: RESOLVED. A is slower than B: the difference is real, as its interval excludes zero and it exceeds the noise floor.

Warnings:
  - the program holds 132 MB of live data, more than the caches of many machines; for data that size, where it lies in memory can shift the result by several points in ways the interval does not cover, and differently in the next process; run the comparison in several processes with the multiproc package

== dirs multi n=16384 valuesBetween: ordered vs hashed
A: 4409 ns per operation (median)
B: 3.094e+05 ns per operation (median)
A needs 98.6% less time than B: B takes 69.76 times as long as A.
With 95% confidence the difference lies between 98.6% and 98.6% less time (B takes between 69 and 70.62 times as long as A).
Noise floor: 0.459%. Identical code measured against itself on this setup can look that different, so smaller differences mean nothing.
Neighbouring measurements are nearly independent (autocorrelation +0.03), so they were resampled one by one.

Verdict: RESOLVED. A is faster than B: the difference is real, as its interval excludes zero and it exceeds the noise floor.

Warnings:
  - the program holds 132 MB of live data, more than the caches of many machines; for data that size, where it lies in memory can shift the result by several points in ways the interval does not cover, and differently in the next process; run the comparison in several processes with the multiproc package
  - in 50% of A/A runs this setup reported a difference between identical code, well above the 10% expected; treat any confidence from it with suspicion

== dirs multi n=16384 valuesBetween: ordered vs btree-sets
A: 4407 ns per operation (median)
B: 6866 ns per operation (median)
A needs 35.9% less time than B: B takes 1.56 times as long as A.
With 95% confidence the difference lies between 35.1% and 36.5% less time (B takes between 1.54 and 1.57 times as long as A).
Noise floor: 0.378%. Identical code measured against itself on this setup can look that different, so smaller differences mean nothing.
Neighbouring measurements are nearly independent (autocorrelation -0.06), so they were resampled one by one.

Verdict: RESOLVED. A is faster than B: the difference is real, as its interval excludes zero and it exceeds the noise floor.

Warnings:
  - the program holds 132 MB of live data, more than the caches of many machines; for data that size, where it lies in memory can shift the result by several points in ways the interval does not cover, and differently in the next process; run the comparison in several processes with the multiproc package

== dirs multi n=16384 valuesBetween: ordered vs map-sets
A: 4483 ns per operation (median)
B: 2.86e+05 ns per operation (median)
A needs 98.4% less time than B: B takes 64.24 times as long as A.
With 95% confidence the difference lies between 98.4% and 98.5% less time (B takes between 63 and 64.69 times as long as A).
Noise floor: 0.605%. Identical code measured against itself on this setup can look that different, so smaller differences mean nothing.
Neighbouring measurements are correlated (autocorrelation +0.27), so they were resampled in blocks of 3.

Verdict: RESOLVED. A is faster than B: the difference is real, as its interval excludes zero and it exceeds the noise floor.

Warnings:
  - the program holds 132 MB of live data, more than the caches of many machines; for data that size, where it lies in memory can shift the result by several points in ways the interval does not cover, and differently in the next process; run the comparison in several processes with the multiproc package

== dirs multi n=16384 prefix: ordered vs hashed
A: 2.156e+04 ns per operation (median)
B: 3.177e+05 ns per operation (median)
A needs 93.2% less time than B: B takes 14.64 times as long as A.
With 95% confidence the difference lies between 92.7% and 93.9% less time (B takes between 13.6 and 16.33 times as long as A).
Noise floor: 17.5%. Identical code measured against itself on this setup can look that different, so smaller differences mean nothing.
Neighbouring measurements are nearly independent (autocorrelation +0.02), so they were resampled one by one.

Verdict: RESOLVED. A is faster than B: the difference is real, as its interval excludes zero and it exceeds the noise floor.

Warnings:
  - the program holds 132 MB of live data, more than the caches of many machines; for data that size, where it lies in memory can shift the result by several points in ways the interval does not cover, and differently in the next process; run the comparison in several processes with the multiproc package
  - in 50% of A/A runs this setup reported a difference between identical code, well above the 10% expected; treat any confidence from it with suspicion

== dirs multi n=16384 prefix: ordered vs btree-sets
A: 2.082e+04 ns per operation (median)
B: 3.269e+04 ns per operation (median)
A needs 38.1% less time than B: B takes 1.62 times as long as A.
With 95% confidence the difference lies between 37.5% and 38.5% less time (B takes between 1.6 and 1.63 times as long as A).
Noise floor: 16.8%. Identical code measured against itself on this setup can look that different, so smaller differences mean nothing.
Neighbouring measurements are nearly independent (autocorrelation -0.03), so they were resampled one by one.

Verdict: RESOLVED. A is faster than B: the difference is real, as its interval excludes zero and it exceeds the noise floor.

Warnings:
  - the program holds 132 MB of live data, more than the caches of many machines; for data that size, where it lies in memory can shift the result by several points in ways the interval does not cover, and differently in the next process; run the comparison in several processes with the multiproc package
  - in 50% of A/A runs this setup reported a difference between identical code, well above the 10% expected; treat any confidence from it with suspicion

== dirs multi n=16384 prefix: ordered vs map-sets
A: 2.181e+04 ns per operation (median)
B: 3.173e+05 ns per operation (median)
A needs 93.1% less time than B: B takes 14.47 times as long as A.
With 95% confidence the difference lies between 92.3% and 93.8% less time (B takes between 12.9 and 16.12 times as long as A).
Noise floor: 18.4%. Identical code measured against itself on this setup can look that different, so smaller differences mean nothing.
Neighbouring measurements are nearly independent (autocorrelation -0.03), so they were resampled one by one.

Verdict: RESOLVED. A is faster than B: the difference is real, as its interval excludes zero and it exceeds the noise floor.

Warnings:
  - the program holds 132 MB of live data, more than the caches of many machines; for data that size, where it lies in memory can shift the result by several points in ways the interval does not cover, and differently in the next process; run the comparison in several processes with the multiproc package
  - in 50% of A/A runs this setup reported a difference between identical code, well above the 10% expected; treat any confidence from it with suspicion

== dirs multi n=16384 churn and build: ordered vs hashed
steady state, per insertion or deletion in a structure of 52542 elements (cycle of 137396 operations, first pass untimed):
  A: 249.6 ns per operation (median)
  B: 91.08 ns per operation (median)
  A needs 176% more time than B: B takes only 0.36 times as long as A.
  With 95% confidence the difference lies between 170% and 182% more time (B takes between 0.355 and 0.37 times as long as A).
  Noise floor: 0.756%. Identical code measured against itself on this setup can look that different, so smaller differences mean nothing.
  Neighbouring measurements are correlated (autocorrelation +0.70), so they were resampled in blocks of 3.
  
  Verdict: RESOLVED. A is slower than B: the difference is real, as its interval excludes zero and it exceeds the noise floor.
  
  Warnings:
    - the program holds 146 MB of live data, more than the caches of many machines; for data that size, where it lies in memory can shift the result by several points in ways the interval does not cover, and differently in the next process; run the comparison in several processes with the multiproc package

build from empty to 52542 elements, per whole build (188700 operations):
  A: 4.759e+07 ns per operation (median)
  B: 1.72e+07 ns per operation (median)
  A needs 177% more time than B: B takes only 0.36 times as long as A.
  With 95% confidence the difference lies between 176% and 178% more time (B takes between 0.36 and 0.36 times as long as A).
  Noise floor: 0.499%. Identical code measured against itself on this setup can look that different, so smaller differences mean nothing.
  Neighbouring measurements are nearly independent (autocorrelation -0.09), so they were resampled one by one.
  
  Verdict: RESOLVED. A is slower than B: the difference is real, as its interval excludes zero and it exceeds the noise floor.
  
  Warnings:
    - the program holds 136 MB of live data, more than the caches of many machines; for data that size, where it lies in memory can shift the result by several points in ways the interval does not cover, and differently in the next process; run the comparison in several processes with the multiproc package

== dirs multi n=16384 churn and build: ordered vs btree-sets
steady state, per insertion or deletion in a structure of 52542 elements (cycle of 137396 operations, first pass untimed):
  A: 276 ns per operation (median)
  B: 372.9 ns per operation (median)
  A needs 26.9% less time than B: B takes 1.37 times as long as A.
  With 95% confidence the difference lies between 24.3% and 27.6% less time (B takes between 1.32 and 1.38 times as long as A).
  Noise floor: 2.44%. Identical code measured against itself on this setup can look that different, so smaller differences mean nothing.
  Neighbouring measurements are correlated (autocorrelation +0.59), so they were resampled in blocks of 3.
  
  Verdict: RESOLVED. A is faster than B: the difference is real, as its interval excludes zero and it exceeds the noise floor.
  
  Warnings:
    - the program holds 147 MB of live data, more than the caches of many machines; for data that size, where it lies in memory can shift the result by several points in ways the interval does not cover, and differently in the next process; run the comparison in several processes with the multiproc package
    - candidate A drifted during the run: its measurements were 2.84% lower in the second half than in the first, so the machine did not hold still

build from empty to 52542 elements, per whole build (188700 operations):
  A: 4.763e+07 ns per operation (median)
  B: 6.655e+07 ns per operation (median)
  A needs 28.4% less time than B: B takes 1.40 times as long as A.
  With 95% confidence the difference lies between 28.3% and 28.5% less time (B takes between 1.4 and 1.40 times as long as A).
  Noise floor: 0.106%. Identical code measured against itself on this setup can look that different, so smaller differences mean nothing.
  Neighbouring measurements are nearly independent (autocorrelation -0.05), so they were resampled one by one.
  
  Verdict: RESOLVED. A is faster than B: the difference is real, as its interval excludes zero and it exceeds the noise floor.
  
  Warnings:
    - the program holds 136 MB of live data, more than the caches of many machines; for data that size, where it lies in memory can shift the result by several points in ways the interval does not cover, and differently in the next process; run the comparison in several processes with the multiproc package

== dirs multi n=16384 churn and build: ordered vs map-sets
steady state, per insertion or deletion in a structure of 52542 elements (cycle of 137396 operations, first pass untimed):
  A: 257.7 ns per operation (median)
  B: 106.6 ns per operation (median)
  A needs 143% more time than B: B takes only 0.41 times as long as A.
  With 95% confidence the difference lies between 137% and 148% more time (B takes between 0.404 and 0.42 times as long as A).
  Noise floor: 2.42%. Identical code measured against itself on this setup can look that different, so smaller differences mean nothing.
  Neighbouring measurements are correlated (autocorrelation +0.34), so they were resampled in blocks of 3.
  
  Verdict: RESOLVED. A is slower than B: the difference is real, as its interval excludes zero and it exceeds the noise floor.
  
  Warnings:
    - the program holds 147 MB of live data, more than the caches of many machines; for data that size, where it lies in memory can shift the result by several points in ways the interval does not cover, and differently in the next process; run the comparison in several processes with the multiproc package

build from empty to 52542 elements, per whole build (188700 operations):
  A: 4.759e+07 ns per operation (median)
  B: 2.021e+07 ns per operation (median)
  A needs 136% more time than B: B takes only 0.42 times as long as A.
  With 95% confidence the difference lies between 135% and 136% more time (B takes between 0.423 and 0.43 times as long as A).
  Noise floor: 0.128%. Identical code measured against itself on this setup can look that different, so smaller differences mean nothing.
  Neighbouring measurements are nearly independent (autocorrelation -0.06), so they were resampled one by one.
  
  Verdict: RESOLVED. A is slower than B: the difference is real, as its interval excludes zero and it exceeds the noise floor.
  
  Warnings:
    - the program holds 136 MB of live data, more than the caches of many machines; for data that size, where it lies in memory can shift the result by several points in ways the interval does not cover, and differently in the next process; run the comparison in several processes with the multiproc package

checksum 70623860644114
== dirs multi n=16384 valuesFor: ordered vs hashed
A: 163 ns per operation (median)
B: 45.76 ns per operation (median)
A needs 253% more time than B: B takes only 0.28 times as long as A.
With 95% confidence the difference lies between 246% and 267% more time (B takes between 0.273 and 0.29 times as long as A).
Noise floor: 0.777%. Identical code measured against itself on this setup can look that different, so smaller differences mean nothing.
Neighbouring measurements are nearly independent (autocorrelation -0.54), so they were resampled one by one.

Verdict: RESOLVED. A is slower than B: the difference is real, as its interval excludes zero and it exceeds the noise floor.

Warnings:
  - the program holds 97 MB of live data, more than the caches of many machines; for data that size, where it lies in memory can shift the result by several points in ways the interval does not cover, and differently in the next process; run the comparison in several processes with the multiproc package

== dirs multi n=16384 valuesFor: ordered vs btree-sets
A: 168.7 ns per operation (median)
B: 280.1 ns per operation (median)
A needs 40.4% less time than B: B takes 1.68 times as long as A.
With 95% confidence the difference lies between 37.7% and 41.3% less time (B takes between 1.61 and 1.70 times as long as A).
Noise floor: 2.98%. Identical code measured against itself on this setup can look that different, so smaller differences mean nothing.
Neighbouring measurements are nearly independent (autocorrelation -0.12), so they were resampled one by one.

Verdict: RESOLVED. A is faster than B: the difference is real, as its interval excludes zero and it exceeds the noise floor.

Warnings:
  - the program holds 133 MB of live data, more than the caches of many machines; for data that size, where it lies in memory can shift the result by several points in ways the interval does not cover, and differently in the next process; run the comparison in several processes with the multiproc package

== dirs multi n=16384 valuesFor: ordered vs map-sets
A: 167 ns per operation (median)
B: 101.7 ns per operation (median)
A needs 62.5% more time than B: B takes only 0.62 times as long as A.
With 95% confidence the difference lies between 58.1% and 67.4% more time (B takes between 0.598 and 0.63 times as long as A).
Noise floor: 3.05%. Identical code measured against itself on this setup can look that different, so smaller differences mean nothing.
Neighbouring measurements are correlated (autocorrelation +0.21), so they were resampled in blocks of 3.

Verdict: RESOLVED. A is slower than B: the difference is real, as its interval excludes zero and it exceeds the noise floor.

Warnings:
  - the program holds 133 MB of live data, more than the caches of many machines; for data that size, where it lies in memory can shift the result by several points in ways the interval does not cover, and differently in the next process; run the comparison in several processes with the multiproc package

== dirs multi n=16384 valuesBetween: ordered vs hashed
A: 4387 ns per operation (median)
B: 3.049e+05 ns per operation (median)
A needs 98.6% less time than B: B takes 69.22 times as long as A.
With 95% confidence the difference lies between 98.5% and 98.6% less time (B takes between 68.2 and 69.83 times as long as A).
Noise floor: 0.849%. Identical code measured against itself on this setup can look that different, so smaller differences mean nothing.
Neighbouring measurements are nearly independent (autocorrelation +0.15), so they were resampled one by one.

Verdict: RESOLVED. A is faster than B: the difference is real, as its interval excludes zero and it exceeds the noise floor.

Warnings:
  - the program holds 133 MB of live data, more than the caches of many machines; for data that size, where it lies in memory can shift the result by several points in ways the interval does not cover, and differently in the next process; run the comparison in several processes with the multiproc package

== dirs multi n=16384 valuesBetween: ordered vs btree-sets
A: 4498 ns per operation (median)
B: 7095 ns per operation (median)
A needs 36.8% less time than B: B takes 1.58 times as long as A.
With 95% confidence the difference lies between 35.4% and 38% less time (B takes between 1.55 and 1.61 times as long as A).
Noise floor: 0.98%. Identical code measured against itself on this setup can look that different, so smaller differences mean nothing.
Neighbouring measurements are nearly independent (autocorrelation -0.11), so they were resampled one by one.

Verdict: RESOLVED. A is faster than B: the difference is real, as its interval excludes zero and it exceeds the noise floor.

Warnings:
  - the program holds 133 MB of live data, more than the caches of many machines; for data that size, where it lies in memory can shift the result by several points in ways the interval does not cover, and differently in the next process; run the comparison in several processes with the multiproc package

== dirs multi n=16384 valuesBetween: ordered vs map-sets
A: 4501 ns per operation (median)
B: 2.897e+05 ns per operation (median)
A needs 98.4% less time than B: B takes 63.66 times as long as A.
With 95% confidence the difference lies between 98.4% and 98.5% less time (B takes between 63 and 64.71 times as long as A).
Noise floor: 0.862%. Identical code measured against itself on this setup can look that different, so smaller differences mean nothing.
Neighbouring measurements are nearly independent (autocorrelation +0.08), so they were resampled one by one.

Verdict: RESOLVED. A is faster than B: the difference is real, as its interval excludes zero and it exceeds the noise floor.

Warnings:
  - the program holds 133 MB of live data, more than the caches of many machines; for data that size, where it lies in memory can shift the result by several points in ways the interval does not cover, and differently in the next process; run the comparison in several processes with the multiproc package
  - candidate A drifted during the run: its measurements were 2.27% lower in the second half than in the first, so the machine did not hold still

== dirs multi n=16384 prefix: ordered vs hashed
A: 2.17e+04 ns per operation (median)
B: 3.147e+05 ns per operation (median)
A needs 93.1% less time than B: B takes 14.40 times as long as A.
With 95% confidence the difference lies between 92.6% and 93.8% less time (B takes between 13.4 and 16.26 times as long as A).
Noise floor: 17.5%. Identical code measured against itself on this setup can look that different, so smaller differences mean nothing.
Neighbouring measurements are nearly independent (autocorrelation +0.01), so they were resampled one by one.

Verdict: RESOLVED. A is faster than B: the difference is real, as its interval excludes zero and it exceeds the noise floor.

Warnings:
  - the program holds 133 MB of live data, more than the caches of many machines; for data that size, where it lies in memory can shift the result by several points in ways the interval does not cover, and differently in the next process; run the comparison in several processes with the multiproc package
  - in 50% of A/A runs this setup reported a difference between identical code, well above the 10% expected; treat any confidence from it with suspicion

== dirs multi n=16384 prefix: ordered vs btree-sets
A: 2.001e+04 ns per operation (median)
B: 3.345e+04 ns per operation (median)
A needs 38.8% less time than B: B takes 1.63 times as long as A.
With 95% confidence the difference lies between 38.2% and 39.3% less time (B takes between 1.62 and 1.65 times as long as A).
Noise floor: 15.2%. Identical code measured against itself on this setup can look that different, so smaller differences mean nothing.
Neighbouring measurements are nearly independent (autocorrelation +0.00), so they were resampled one by one.

Verdict: RESOLVED. A is faster than B: the difference is real, as its interval excludes zero and it exceeds the noise floor.

Warnings:
  - the program holds 133 MB of live data, more than the caches of many machines; for data that size, where it lies in memory can shift the result by several points in ways the interval does not cover, and differently in the next process; run the comparison in several processes with the multiproc package
  - in 50% of A/A runs this setup reported a difference between identical code, well above the 10% expected; treat any confidence from it with suspicion

== dirs multi n=16384 prefix: ordered vs map-sets
A: 2.181e+04 ns per operation (median)
B: 3.211e+05 ns per operation (median)
A needs 93.2% less time than B: B takes 14.72 times as long as A.
With 95% confidence the difference lies between 92.3% and 93.9% less time (B takes between 13 and 16.29 times as long as A).
Noise floor: 17.9%. Identical code measured against itself on this setup can look that different, so smaller differences mean nothing.
Neighbouring measurements are nearly independent (autocorrelation -0.03), so they were resampled one by one.

Verdict: RESOLVED. A is faster than B: the difference is real, as its interval excludes zero and it exceeds the noise floor.

Warnings:
  - the program holds 133 MB of live data, more than the caches of many machines; for data that size, where it lies in memory can shift the result by several points in ways the interval does not cover, and differently in the next process; run the comparison in several processes with the multiproc package
  - in 50% of A/A runs this setup reported a difference between identical code, well above the 10% expected; treat any confidence from it with suspicion

== dirs multi n=16384 churn and build: ordered vs hashed
steady state, per insertion or deletion in a structure of 52542 elements (cycle of 137396 operations, first pass untimed):
  A: 246.9 ns per operation (median)
  B: 87.91 ns per operation (median)
  A needs 181% more time than B: B takes only 0.36 times as long as A.
  With 95% confidence the difference lies between 171% and 188% more time (B takes between 0.347 and 0.37 times as long as A).
  Noise floor: 0.669%. Identical code measured against itself on this setup can look that different, so smaller differences mean nothing.
  Neighbouring measurements are correlated (autocorrelation +0.50), so they were resampled in blocks of 3.
  
  Verdict: RESOLVED. A is slower than B: the difference is real, as its interval excludes zero and it exceeds the noise floor.
  
  Warnings:
    - the program holds 144 MB of live data, more than the caches of many machines; for data that size, where it lies in memory can shift the result by several points in ways the interval does not cover, and differently in the next process; run the comparison in several processes with the multiproc package
    - in 50% of A/A runs this setup reported a difference between identical code, well above the 10% expected; treat any confidence from it with suspicion

build from empty to 52542 elements, per whole build (188700 operations):
  A: 4.735e+07 ns per operation (median)
  B: 1.74e+07 ns per operation (median)
  A needs 173% more time than B: B takes only 0.37 times as long as A.
  With 95% confidence the difference lies between 171% and 177% more time (B takes between 0.361 and 0.37 times as long as A).
  Noise floor: 0.323%. Identical code measured against itself on this setup can look that different, so smaller differences mean nothing.
  Neighbouring measurements are nearly independent (autocorrelation -0.01), so they were resampled one by one.
  
  Verdict: RESOLVED. A is slower than B: the difference is real, as its interval excludes zero and it exceeds the noise floor.
  
  Warnings:
    - the program holds 136 MB of live data, more than the caches of many machines; for data that size, where it lies in memory can shift the result by several points in ways the interval does not cover, and differently in the next process; run the comparison in several processes with the multiproc package

== dirs multi n=16384 churn and build: ordered vs btree-sets
steady state, per insertion or deletion in a structure of 52542 elements (cycle of 137396 operations, first pass untimed):
  A: 331.4 ns per operation (median)
  B: 451.2 ns per operation (median)
  A needs 27.2% less time than B: B takes 1.37 times as long as A.
  With 95% confidence the difference lies between 25.8% and 28.7% less time (B takes between 1.35 and 1.40 times as long as A).
  Noise floor: 2.35%. Identical code measured against itself on this setup can look that different, so smaller differences mean nothing.
  Neighbouring measurements are correlated (autocorrelation +0.30), so they were resampled in blocks of 3.
  
  Verdict: RESOLVED. A is faster than B: the difference is real, as its interval excludes zero and it exceeds the noise floor.
  
  Warnings:
    - the program holds 146 MB of live data, more than the caches of many machines; for data that size, where it lies in memory can shift the result by several points in ways the interval does not cover, and differently in the next process; run the comparison in several processes with the multiproc package
    - candidate A drifted during the run: its measurements were 12.5% higher in the second half than in the first, so the machine did not hold still
    - candidate B drifted during the run: its measurements were 14% higher in the second half than in the first, so the machine did not hold still

build from empty to 52542 elements, per whole build (188700 operations):
  A: 4.738e+07 ns per operation (median)
  B: 6.733e+07 ns per operation (median)
  A needs 29.5% less time than B: B takes 1.42 times as long as A.
  With 95% confidence the difference lies between 29.3% and 29.9% less time (B takes between 1.41 and 1.43 times as long as A).
  Noise floor: 0.241%. Identical code measured against itself on this setup can look that different, so smaller differences mean nothing.
  Neighbouring measurements are nearly independent (autocorrelation -0.05), so they were resampled one by one.
  
  Verdict: RESOLVED. A is faster than B: the difference is real, as its interval excludes zero and it exceeds the noise floor.
  
  Warnings:
    - the program holds 136 MB of live data, more than the caches of many machines; for data that size, where it lies in memory can shift the result by several points in ways the interval does not cover, and differently in the next process; run the comparison in several processes with the multiproc package
    - candidate B drifted during the run: its measurements were 0.638% lower in the second half than in the first, so the machine did not hold still
    - the ratio B/A was 0.609% lower in the second half of the run than in the first, so the candidates had not reached a steady state and the difference depends on how long the run was; a common cause is a head start for whichever candidate ran alone last before the comparison or had its data built last, which a longer CollectOptions.WarmupDuration removes

== dirs multi n=16384 churn and build: ordered vs map-sets
steady state, per insertion or deletion in a structure of 52542 elements (cycle of 137396 operations, first pass untimed):
  A: 259.6 ns per operation (median)
  B: 108.8 ns per operation (median)
  A needs 142% more time than B: B takes only 0.41 times as long as A.
  With 95% confidence the difference lies between 134% and 145% more time (B takes between 0.408 and 0.43 times as long as A).
  Noise floor: 2.38%. Identical code measured against itself on this setup can look that different, so smaller differences mean nothing.
  Neighbouring measurements are correlated (autocorrelation +0.48), so they were resampled in blocks of 3.
  
  Verdict: RESOLVED. A is slower than B: the difference is real, as its interval excludes zero and it exceeds the noise floor.
  
  Warnings:
    - the program holds 147 MB of live data, more than the caches of many machines; for data that size, where it lies in memory can shift the result by several points in ways the interval does not cover, and differently in the next process; run the comparison in several processes with the multiproc package

build from empty to 52542 elements, per whole build (188700 operations):
  A: 4.731e+07 ns per operation (median)
  B: 2.052e+07 ns per operation (median)
  A needs 131% more time than B: B takes only 0.43 times as long as A.
  With 95% confidence the difference lies between 130% and 132% more time (B takes between 0.431 and 0.43 times as long as A).
  Noise floor: 0.467%. Identical code measured against itself on this setup can look that different, so smaller differences mean nothing.
  Neighbouring measurements are nearly independent (autocorrelation +0.16), so they were resampled one by one.
  
  Verdict: RESOLVED. A is slower than B: the difference is real, as its interval excludes zero and it exceeds the noise floor.
  
  Warnings:
    - the program holds 136 MB of live data, more than the caches of many machines; for data that size, where it lies in memory can shift the result by several points in ways the interval does not cover, and differently in the next process; run the comparison in several processes with the multiproc package

checksum 69894454434093
== dirs multi n=16384 valuesFor: ordered vs hashed
A: 162.9 ns per operation (median)
B: 45.99 ns per operation (median)
A needs 250% more time than B: B takes only 0.29 times as long as A.
With 95% confidence the difference lies between 243% and 266% more time (B takes between 0.273 and 0.29 times as long as A).
Noise floor: 2.22%. Identical code measured against itself on this setup can look that different, so smaller differences mean nothing.
Neighbouring measurements are nearly independent (autocorrelation -0.63), so they were resampled one by one.

Verdict: RESOLVED. A is slower than B: the difference is real, as its interval excludes zero and it exceeds the noise floor.

Warnings:
  - the program holds 98 MB of live data, more than the caches of many machines; for data that size, where it lies in memory can shift the result by several points in ways the interval does not cover, and differently in the next process; run the comparison in several processes with the multiproc package

== dirs multi n=16384 valuesFor: ordered vs btree-sets
A: 167.3 ns per operation (median)
B: 271.4 ns per operation (median)
A needs 38.7% less time than B: B takes 1.63 times as long as A.
With 95% confidence the difference lies between 37% and 39.4% less time (B takes between 1.59 and 1.65 times as long as A).
Noise floor: 1.95%. Identical code measured against itself on this setup can look that different, so smaller differences mean nothing.
Neighbouring measurements are nearly independent (autocorrelation -0.34), so they were resampled one by one.

Verdict: RESOLVED. A is faster than B: the difference is real, as its interval excludes zero and it exceeds the noise floor.

Warnings:
  - the program holds 98 MB of live data, more than the caches of many machines; for data that size, where it lies in memory can shift the result by several points in ways the interval does not cover, and differently in the next process; run the comparison in several processes with the multiproc package

== dirs multi n=16384 valuesFor: ordered vs map-sets
A: 166.3 ns per operation (median)
B: 100.5 ns per operation (median)
A needs 62.6% more time than B: B takes only 0.62 times as long as A.
With 95% confidence the difference lies between 59.6% and 70.4% more time (B takes between 0.587 and 0.63 times as long as A).
Noise floor: 2.39%. Identical code measured against itself on this setup can look that different, so smaller differences mean nothing.
Neighbouring measurements are nearly independent (autocorrelation -0.28), so they were resampled one by one.

Verdict: RESOLVED. A is slower than B: the difference is real, as its interval excludes zero and it exceeds the noise floor.

Warnings:
  - the program holds 98 MB of live data, more than the caches of many machines; for data that size, where it lies in memory can shift the result by several points in ways the interval does not cover, and differently in the next process; run the comparison in several processes with the multiproc package

== dirs multi n=16384 valuesBetween: ordered vs hashed
A: 4452 ns per operation (median)
B: 3.088e+05 ns per operation (median)
A needs 98.5% less time than B: B takes 68.87 times as long as A.
With 95% confidence the difference lies between 98.5% and 98.6% less time (B takes between 68.5 and 70.07 times as long as A).
Noise floor: 2.31%. Identical code measured against itself on this setup can look that different, so smaller differences mean nothing.
Neighbouring measurements are nearly independent (autocorrelation +0.08), so they were resampled one by one.

Verdict: RESOLVED. A is faster than B: the difference is real, as its interval excludes zero and it exceeds the noise floor.

Warnings:
  - the program holds 98 MB of live data, more than the caches of many machines; for data that size, where it lies in memory can shift the result by several points in ways the interval does not cover, and differently in the next process; run the comparison in several processes with the multiproc package
  - candidate A drifted during the run: its measurements were 3.72% lower in the second half than in the first, so the machine did not hold still

== dirs multi n=16384 valuesBetween: ordered vs btree-sets
A: 4442 ns per operation (median)
B: 6914 ns per operation (median)
A needs 36.5% less time than B: B takes 1.57 times as long as A.
With 95% confidence the difference lies between 35.1% and 37% less time (B takes between 1.54 and 1.59 times as long as A).
Noise floor: 0.554%. Identical code measured against itself on this setup can look that different, so smaller differences mean nothing.
Neighbouring measurements are nearly independent (autocorrelation +0.10), so they were resampled one by one.

Verdict: RESOLVED. A is faster than B: the difference is real, as its interval excludes zero and it exceeds the noise floor.

Warnings:
  - the program holds 134 MB of live data, more than the caches of many machines; for data that size, where it lies in memory can shift the result by several points in ways the interval does not cover, and differently in the next process; run the comparison in several processes with the multiproc package

== dirs multi n=16384 valuesBetween: ordered vs map-sets
A: 4542 ns per operation (median)
B: 2.892e+05 ns per operation (median)
A needs 98.4% less time than B: B takes 63.32 times as long as A.
With 95% confidence the difference lies between 98.4% and 98.4% less time (B takes between 62.7 and 64.42 times as long as A).
Noise floor: 1.75%. Identical code measured against itself on this setup can look that different, so smaller differences mean nothing.
Neighbouring measurements are nearly independent (autocorrelation +0.12), so they were resampled one by one.

Verdict: RESOLVED. A is faster than B: the difference is real, as its interval excludes zero and it exceeds the noise floor.

Warnings:
  - the program holds 134 MB of live data, more than the caches of many machines; for data that size, where it lies in memory can shift the result by several points in ways the interval does not cover, and differently in the next process; run the comparison in several processes with the multiproc package

== dirs multi n=16384 prefix: ordered vs hashed
A: 2.193e+04 ns per operation (median)
B: 3.178e+05 ns per operation (median)
A needs 93.1% less time than B: B takes 14.51 times as long as A.
With 95% confidence the difference lies between 92.7% and 93.9% less time (B takes between 13.7 and 16.31 times as long as A).
Noise floor: 17.8%. Identical code measured against itself on this setup can look that different, so smaller differences mean nothing.
Neighbouring measurements are nearly independent (autocorrelation +0.03), so they were resampled one by one.

Verdict: RESOLVED. A is faster than B: the difference is real, as its interval excludes zero and it exceeds the noise floor.

Warnings:
  - the program holds 134 MB of live data, more than the caches of many machines; for data that size, where it lies in memory can shift the result by several points in ways the interval does not cover, and differently in the next process; run the comparison in several processes with the multiproc package
  - in 50% of A/A runs this setup reported a difference between identical code, well above the 10% expected; treat any confidence from it with suspicion

== dirs multi n=16384 prefix: ordered vs btree-sets
A: 2.01e+04 ns per operation (median)
B: 3.304e+04 ns per operation (median)
A needs 38% less time than B: B takes 1.61 times as long as A.
With 95% confidence the difference lies between 37.6% and 38.3% less time (B takes between 1.6 and 1.62 times as long as A).
Noise floor: 13.3%. Identical code measured against itself on this setup can look that different, so smaller differences mean nothing.
Neighbouring measurements are nearly independent (autocorrelation -0.04), so they were resampled one by one.

Verdict: RESOLVED. A is faster than B: the difference is real, as its interval excludes zero and it exceeds the noise floor.

Warnings:
  - the program holds 134 MB of live data, more than the caches of many machines; for data that size, where it lies in memory can shift the result by several points in ways the interval does not cover, and differently in the next process; run the comparison in several processes with the multiproc package
  - in 50% of A/A runs this setup reported a difference between identical code, well above the 10% expected; treat any confidence from it with suspicion

== dirs multi n=16384 prefix: ordered vs map-sets
A: 2.237e+04 ns per operation (median)
B: 3.215e+05 ns per operation (median)
A needs 93% less time than B: B takes 14.37 times as long as A.
With 95% confidence the difference lies between 92.4% and 93.7% less time (B takes between 13.1 and 15.92 times as long as A).
Noise floor: 18.3%. Identical code measured against itself on this setup can look that different, so smaller differences mean nothing.
Neighbouring measurements are nearly independent (autocorrelation -0.10), so they were resampled one by one.

Verdict: RESOLVED. A is faster than B: the difference is real, as its interval excludes zero and it exceeds the noise floor.

Warnings:
  - the program holds 134 MB of live data, more than the caches of many machines; for data that size, where it lies in memory can shift the result by several points in ways the interval does not cover, and differently in the next process; run the comparison in several processes with the multiproc package
  - in 50% of A/A runs this setup reported a difference between identical code, well above the 10% expected; treat any confidence from it with suspicion

== dirs multi n=16384 churn and build: ordered vs hashed
steady state, per insertion or deletion in a structure of 52542 elements (cycle of 137396 operations, first pass untimed):
  A: 246.4 ns per operation (median)
  B: 86.5 ns per operation (median)
  A needs 188% more time than B: B takes only 0.35 times as long as A.
  With 95% confidence the difference lies between 182% and 192% more time (B takes between 0.342 and 0.35 times as long as A).
  Noise floor: 0.816%. Identical code measured against itself on this setup can look that different, so smaller differences mean nothing.
  Neighbouring measurements are correlated (autocorrelation +0.47), so they were resampled in blocks of 3.
  
  Verdict: RESOLVED. A is slower than B: the difference is real, as its interval excludes zero and it exceeds the noise floor.
  
  Warnings:
    - the program holds 144 MB of live data, more than the caches of many machines; for data that size, where it lies in memory can shift the result by several points in ways the interval does not cover, and differently in the next process; run the comparison in several processes with the multiproc package

build from empty to 52542 elements, per whole build (188700 operations):
  A: 4.747e+07 ns per operation (median)
  B: 1.734e+07 ns per operation (median)
  A needs 175% more time than B: B takes only 0.36 times as long as A.
  With 95% confidence the difference lies between 161% and 178% more time (B takes between 0.359 and 0.38 times as long as A).
  Noise floor: 0.598%. Identical code measured against itself on this setup can look that different, so smaller differences mean nothing.
  Neighbouring measurements are nearly independent (autocorrelation -0.00), so they were resampled one by one.
  
  Verdict: RESOLVED. A is slower than B: the difference is real, as its interval excludes zero and it exceeds the noise floor.
  
  Warnings:
    - the program holds 136 MB of live data, more than the caches of many machines; for data that size, where it lies in memory can shift the result by several points in ways the interval does not cover, and differently in the next process; run the comparison in several processes with the multiproc package
    - candidate B drifted during the run: its measurements were 11.8% higher in the second half than in the first, so the machine did not hold still

== dirs multi n=16384 churn and build: ordered vs btree-sets
steady state, per insertion or deletion in a structure of 52542 elements (cycle of 137396 operations, first pass untimed):
  A: 276.2 ns per operation (median)
  B: 376.1 ns per operation (median)
  A needs 26.9% less time than B: B takes 1.37 times as long as A.
  With 95% confidence the difference lies between 26% and 27.3% less time (B takes between 1.35 and 1.38 times as long as A).
  Noise floor: 0.926%. Identical code measured against itself on this setup can look that different, so smaller differences mean nothing.
  Neighbouring measurements are correlated (autocorrelation +0.61), so they were resampled in blocks of 3.
  
  Verdict: RESOLVED. A is faster than B: the difference is real, as its interval excludes zero and it exceeds the noise floor.
  
  Warnings:
    - the program holds 147 MB of live data, more than the caches of many machines; for data that size, where it lies in memory can shift the result by several points in ways the interval does not cover, and differently in the next process; run the comparison in several processes with the multiproc package

build from empty to 52542 elements, per whole build (188700 operations):
  A: 4.722e+07 ns per operation (median)
  B: 6.699e+07 ns per operation (median)
  A needs 29.4% less time than B: B takes 1.42 times as long as A.
  With 95% confidence the difference lies between 29% and 29.7% less time (B takes between 1.41 and 1.42 times as long as A).
  Noise floor: 0.298%. Identical code measured against itself on this setup can look that different, so smaller differences mean nothing.
  Neighbouring measurements are nearly independent (autocorrelation +0.02), so they were resampled one by one.
  
  Verdict: RESOLVED. A is faster than B: the difference is real, as its interval excludes zero and it exceeds the noise floor.
  
  Warnings:
    - the program holds 136 MB of live data, more than the caches of many machines; for data that size, where it lies in memory can shift the result by several points in ways the interval does not cover, and differently in the next process; run the comparison in several processes with the multiproc package
    - in 50% of A/A runs this setup reported a difference between identical code, well above the 10% expected; treat any confidence from it with suspicion

== dirs multi n=16384 churn and build: ordered vs map-sets
steady state, per insertion or deletion in a structure of 52542 elements (cycle of 137396 operations, first pass untimed):
  A: 259.4 ns per operation (median)
  B: 112.6 ns per operation (median)
  A needs 133% more time than B: B takes only 0.43 times as long as A.
  With 95% confidence the difference lies between 132% and 138% more time (B takes between 0.421 and 0.43 times as long as A).
  Noise floor: 1.61%. Identical code measured against itself on this setup can look that different, so smaller differences mean nothing.
  Neighbouring measurements are correlated (autocorrelation +0.55), so they were resampled in blocks of 3.
  
  Verdict: RESOLVED. A is slower than B: the difference is real, as its interval excludes zero and it exceeds the noise floor.
  
  Warnings:
    - the program holds 147 MB of live data, more than the caches of many machines; for data that size, where it lies in memory can shift the result by several points in ways the interval does not cover, and differently in the next process; run the comparison in several processes with the multiproc package

build from empty to 52542 elements, per whole build (188700 operations):
  A: 4.733e+07 ns per operation (median)
  B: 1.996e+07 ns per operation (median)
  A needs 138% more time than B: B takes only 0.42 times as long as A.
  With 95% confidence the difference lies between 136% and 139% more time (B takes between 0.418 and 0.42 times as long as A).
  Noise floor: 0.293%. Identical code measured against itself on this setup can look that different, so smaller differences mean nothing.
  Neighbouring measurements are nearly independent (autocorrelation +0.00), so they were resampled one by one.
  
  Verdict: RESOLVED. A is slower than B: the difference is real, as its interval excludes zero and it exceeds the noise floor.
  
  Warnings:
    - the program holds 136 MB of live data, more than the caches of many machines; for data that size, where it lies in memory can shift the result by several points in ways the interval does not cover, and differently in the next process; run the comparison in several processes with the multiproc package
    - in 50% of A/A runs this setup reported a difference between identical code, well above the 10% expected; treat any confidence from it with suspicion

checksum 70294960144916
== dirs multi n=16384 valuesFor: ordered vs hashed
A: 165 ns per operation (median)
B: 46.69 ns per operation (median)
A needs 248% more time than B: B takes only 0.29 times as long as A.
With 95% confidence the difference lies between 242% and 270% more time (B takes between 0.27 and 0.29 times as long as A).
Noise floor: 3.31%. Identical code measured against itself on this setup can look that different, so smaller differences mean nothing.
Neighbouring measurements are nearly independent (autocorrelation -0.20), so they were resampled one by one.

Verdict: RESOLVED. A is slower than B: the difference is real, as its interval excludes zero and it exceeds the noise floor.

Warnings:
  - the program holds 102 MB of live data, more than the caches of many machines; for data that size, where it lies in memory can shift the result by several points in ways the interval does not cover, and differently in the next process; run the comparison in several processes with the multiproc package

== dirs multi n=16384 valuesFor: ordered vs btree-sets
A: 170.1 ns per operation (median)
B: 270.3 ns per operation (median)
A needs 37.8% less time than B: B takes 1.61 times as long as A.
With 95% confidence the difference lies between 35.4% and 38.9% less time (B takes between 1.55 and 1.64 times as long as A).
Noise floor: 2.25%. Identical code measured against itself on this setup can look that different, so smaller differences mean nothing.
Neighbouring measurements are nearly independent (autocorrelation +0.14), so they were resampled one by one.

Verdict: RESOLVED. A is faster than B: the difference is real, as its interval excludes zero and it exceeds the noise floor.

Warnings:
  - the program holds 102 MB of live data, more than the caches of many machines; for data that size, where it lies in memory can shift the result by several points in ways the interval does not cover, and differently in the next process; run the comparison in several processes with the multiproc package

== dirs multi n=16384 valuesFor: ordered vs map-sets
A: 171.6 ns per operation (median)
B: 106.7 ns per operation (median)
A needs 60.6% more time than B: B takes only 0.62 times as long as A.
With 95% confidence the difference lies between 54% and 65.2% more time (B takes between 0.605 and 0.65 times as long as A).
Noise floor: 2.71%. Identical code measured against itself on this setup can look that different, so smaller differences mean nothing.
Neighbouring measurements are correlated (autocorrelation +0.50), so they were resampled in blocks of 3.

Verdict: RESOLVED. A is slower than B: the difference is real, as its interval excludes zero and it exceeds the noise floor.

Warnings:
  - the program holds 134 MB of live data, more than the caches of many machines; for data that size, where it lies in memory can shift the result by several points in ways the interval does not cover, and differently in the next process; run the comparison in several processes with the multiproc package
  - candidate B drifted during the run: its measurements were 7.24% lower in the second half than in the first, so the machine did not hold still

== dirs multi n=16384 valuesBetween: ordered vs hashed
A: 4499 ns per operation (median)
B: 3.068e+05 ns per operation (median)
A needs 98.5% less time than B: B takes 68.30 times as long as A.
With 95% confidence the difference lies between 98.5% and 98.6% less time (B takes between 65.9 and 69.00 times as long as A).
Noise floor: 2.59%. Identical code measured against itself on this setup can look that different, so smaller differences mean nothing.
Neighbouring measurements are nearly independent (autocorrelation +0.09), so they were resampled one by one.

Verdict: RESOLVED. A is faster than B: the difference is real, as its interval excludes zero and it exceeds the noise floor.

Warnings:
  - the program holds 134 MB of live data, more than the caches of many machines; for data that size, where it lies in memory can shift the result by several points in ways the interval does not cover, and differently in the next process; run the comparison in several processes with the multiproc package
  - candidate A drifted during the run: its measurements were 4.12% higher in the second half than in the first, so the machine did not hold still
  - the ratio B/A was 6.03% lower in the second half of the run than in the first, so the candidates had not reached a steady state and the difference depends on how long the run was; a common cause is a head start for whichever candidate ran alone last before the comparison or had its data built last, which a longer CollectOptions.WarmupDuration removes

== dirs multi n=16384 valuesBetween: ordered vs btree-sets
A: 4524 ns per operation (median)
B: 7001 ns per operation (median)
A needs 35.7% less time than B: B takes 1.55 times as long as A.
With 95% confidence the difference lies between 34.3% and 36.6% less time (B takes between 1.52 and 1.58 times as long as A).
Noise floor: 2.27%. Identical code measured against itself on this setup can look that different, so smaller differences mean nothing.
Neighbouring measurements are nearly independent (autocorrelation -0.39), so they were resampled one by one.

Verdict: RESOLVED. A is faster than B: the difference is real, as its interval excludes zero and it exceeds the noise floor.

Warnings:
  - the program holds 134 MB of live data, more than the caches of many machines; for data that size, where it lies in memory can shift the result by several points in ways the interval does not cover, and differently in the next process; run the comparison in several processes with the multiproc package
  - in 50% of A/A runs this setup reported a difference between identical code, well above the 10% expected; treat any confidence from it with suspicion

== dirs multi n=16384 valuesBetween: ordered vs map-sets
A: 4595 ns per operation (median)
B: 2.864e+05 ns per operation (median)
A needs 98.4% less time than B: B takes 62.51 times as long as A.
With 95% confidence the difference lies between 98.4% and 98.4% less time (B takes between 61.8 and 63.53 times as long as A).
Noise floor: 1.72%. Identical code measured against itself on this setup can look that different, so smaller differences mean nothing.
Neighbouring measurements are nearly independent (autocorrelation +0.11), so they were resampled one by one.

Verdict: RESOLVED. A is faster than B: the difference is real, as its interval excludes zero and it exceeds the noise floor.

Warnings:
  - the program holds 134 MB of live data, more than the caches of many machines; for data that size, where it lies in memory can shift the result by several points in ways the interval does not cover, and differently in the next process; run the comparison in several processes with the multiproc package

== dirs multi n=16384 prefix: ordered vs hashed
A: 2.198e+04 ns per operation (median)
B: 3.157e+05 ns per operation (median)
A needs 93.1% less time than B: B takes 14.39 times as long as A.
With 95% confidence the difference lies between 92.6% and 93.8% less time (B takes between 13.5 and 16.24 times as long as A).
Noise floor: 17.3%. Identical code measured against itself on this setup can look that different, so smaller differences mean nothing.
Neighbouring measurements are nearly independent (autocorrelation -0.08), so they were resampled one by one.

Verdict: RESOLVED. A is faster than B: the difference is real, as its interval excludes zero and it exceeds the noise floor.

Warnings:
  - the program holds 134 MB of live data, more than the caches of many machines; for data that size, where it lies in memory can shift the result by several points in ways the interval does not cover, and differently in the next process; run the comparison in several processes with the multiproc package
  - in 50% of A/A runs this setup reported a difference between identical code, well above the 10% expected; treat any confidence from it with suspicion

== dirs multi n=16384 prefix: ordered vs btree-sets
A: 2.002e+04 ns per operation (median)
B: 3.309e+04 ns per operation (median)
A needs 38.2% less time than B: B takes 1.62 times as long as A.
With 95% confidence the difference lies between 37.1% and 38.7% less time (B takes between 1.59 and 1.63 times as long as A).
Noise floor: 15.9%. Identical code measured against itself on this setup can look that different, so smaller differences mean nothing.
Neighbouring measurements are nearly independent (autocorrelation -0.04), so they were resampled one by one.

Verdict: RESOLVED. A is faster than B: the difference is real, as its interval excludes zero and it exceeds the noise floor.

Warnings:
  - the program holds 134 MB of live data, more than the caches of many machines; for data that size, where it lies in memory can shift the result by several points in ways the interval does not cover, and differently in the next process; run the comparison in several processes with the multiproc package
  - in 50% of A/A runs this setup reported a difference between identical code, well above the 10% expected; treat any confidence from it with suspicion

== dirs multi n=16384 prefix: ordered vs map-sets
A: 2.188e+04 ns per operation (median)
B: 3.192e+05 ns per operation (median)
A needs 93.1% less time than B: B takes 14.54 times as long as A.
With 95% confidence the difference lies between 92.2% and 93.8% less time (B takes between 12.9 and 16.21 times as long as A).
Noise floor: 21.1%. Identical code measured against itself on this setup can look that different, so smaller differences mean nothing.
Neighbouring measurements are nearly independent (autocorrelation -0.06), so they were resampled one by one.

Verdict: RESOLVED. A is faster than B: the difference is real, as its interval excludes zero and it exceeds the noise floor.

Warnings:
  - the program holds 134 MB of live data, more than the caches of many machines; for data that size, where it lies in memory can shift the result by several points in ways the interval does not cover, and differently in the next process; run the comparison in several processes with the multiproc package
  - in 50% of A/A runs this setup reported a difference between identical code, well above the 10% expected; treat any confidence from it with suspicion

== dirs multi n=16384 churn and build: ordered vs hashed
steady state, per insertion or deletion in a structure of 52542 elements (cycle of 137396 operations, first pass untimed):
  A: 247.1 ns per operation (median)
  B: 88.59 ns per operation (median)
  A needs 181% more time than B: B takes only 0.36 times as long as A.
  With 95% confidence the difference lies between 178% and 186% more time (B takes between 0.35 and 0.36 times as long as A).
  Noise floor: 1.06%. Identical code measured against itself on this setup can look that different, so smaller differences mean nothing.
  Neighbouring measurements are correlated (autocorrelation +0.67), so they were resampled in blocks of 3.
  
  Verdict: RESOLVED. A is slower than B: the difference is real, as its interval excludes zero and it exceeds the noise floor.
  
  Warnings:
    - the program holds 144 MB of live data, more than the caches of many machines; for data that size, where it lies in memory can shift the result by several points in ways the interval does not cover, and differently in the next process; run the comparison in several processes with the multiproc package

build from empty to 52542 elements, per whole build (188700 operations):
  A: 4.741e+07 ns per operation (median)
  B: 1.702e+07 ns per operation (median)
  A needs 178% more time than B: B takes only 0.36 times as long as A.
  With 95% confidence the difference lies between 177% and 179% more time (B takes between 0.358 and 0.36 times as long as A).
  Noise floor: 0.145%. Identical code measured against itself on this setup can look that different, so smaller differences mean nothing.
  Neighbouring measurements are nearly independent (autocorrelation -0.05), so they were resampled one by one.
  
  Verdict: RESOLVED. A is slower than B: the difference is real, as its interval excludes zero and it exceeds the noise floor.
  
  Warnings:
    - the program holds 136 MB of live data, more than the caches of many machines; for data that size, where it lies in memory can shift the result by several points in ways the interval does not cover, and differently in the next process; run the comparison in several processes with the multiproc package

== dirs multi n=16384 churn and build: ordered vs btree-sets
steady state, per insertion or deletion in a structure of 52542 elements (cycle of 137396 operations, first pass untimed):
  A: 273.7 ns per operation (median)
  B: 377.3 ns per operation (median)
  A needs 27.8% less time than B: B takes 1.38 times as long as A.
  With 95% confidence the difference lies between 24.7% and 29% less time (B takes between 1.33 and 1.41 times as long as A).
  Noise floor: 1.9%. Identical code measured against itself on this setup can look that different, so smaller differences mean nothing.
  Neighbouring measurements are correlated (autocorrelation +0.29), so they were resampled in blocks of 3.
  
  Verdict: RESOLVED. A is faster than B: the difference is real, as its interval excludes zero and it exceeds the noise floor.
  
  Warnings:
    - the program holds 147 MB of live data, more than the caches of many machines; for data that size, where it lies in memory can shift the result by several points in ways the interval does not cover, and differently in the next process; run the comparison in several processes with the multiproc package
    - candidate A drifted during the run: its measurements were 2.42% lower in the second half than in the first, so the machine did not hold still

build from empty to 52542 elements, per whole build (188700 operations):
  A: 4.743e+07 ns per operation (median)
  B: 6.673e+07 ns per operation (median)
  A needs 28.9% less time than B: B takes 1.41 times as long as A.
  With 95% confidence the difference lies between 28.6% and 29.1% less time (B takes between 1.4 and 1.41 times as long as A).
  Noise floor: 0.19%. Identical code measured against itself on this setup can look that different, so smaller differences mean nothing.
  Neighbouring measurements are nearly independent (autocorrelation -0.00), so they were resampled one by one.
  
  Verdict: RESOLVED. A is faster than B: the difference is real, as its interval excludes zero and it exceeds the noise floor.
  
  Warnings:
    - the program holds 136 MB of live data, more than the caches of many machines; for data that size, where it lies in memory can shift the result by several points in ways the interval does not cover, and differently in the next process; run the comparison in several processes with the multiproc package
    - the ratio B/A was 0.434% lower in the second half of the run than in the first, so the candidates had not reached a steady state and the difference depends on how long the run was; a common cause is a head start for whichever candidate ran alone last before the comparison or had its data built last, which a longer CollectOptions.WarmupDuration removes
    - in 100% of A/A runs this setup reported a difference between identical code, well above the 10% expected; treat any confidence from it with suspicion

== dirs multi n=16384 churn and build: ordered vs map-sets
steady state, per insertion or deletion in a structure of 52542 elements (cycle of 137396 operations, first pass untimed):
  A: 257.2 ns per operation (median)
  B: 108.9 ns per operation (median)
  A needs 135% more time than B: B takes only 0.42 times as long as A.
  With 95% confidence the difference lies between 132% and 144% more time (B takes between 0.409 and 0.43 times as long as A).
  Noise floor: 3.9%. Identical code measured against itself on this setup can look that different, so smaller differences mean nothing.
  Neighbouring measurements are correlated (autocorrelation +0.39), so they were resampled in blocks of 3.
  
  Verdict: RESOLVED. A is slower than B: the difference is real, as its interval excludes zero and it exceeds the noise floor.
  
  Warnings:
    - the program holds 147 MB of live data, more than the caches of many machines; for data that size, where it lies in memory can shift the result by several points in ways the interval does not cover, and differently in the next process; run the comparison in several processes with the multiproc package

build from empty to 52542 elements, per whole build (188700 operations):
  A: 4.742e+07 ns per operation (median)
  B: 2.025e+07 ns per operation (median)
  A needs 134% more time than B: B takes only 0.43 times as long as A.
  With 95% confidence the difference lies between 134% and 136% more time (B takes between 0.424 and 0.43 times as long as A).
  Noise floor: 0.333%. Identical code measured against itself on this setup can look that different, so smaller differences mean nothing.
  Neighbouring measurements are nearly independent (autocorrelation -0.00), so they were resampled one by one.
  
  Verdict: RESOLVED. A is slower than B: the difference is real, as its interval excludes zero and it exceeds the noise floor.
  
  Warnings:
    - the program holds 136 MB of live data, more than the caches of many machines; for data that size, where it lies in memory can shift the result by several points in ways the interval does not cover, and differently in the next process; run the comparison in several processes with the multiproc package

checksum 70401105654024
== dirs multi n=16384 valuesFor: ordered vs hashed
A: 162.6 ns per operation (median)
B: 45.43 ns per operation (median)
A needs 253% more time than B: B takes only 0.28 times as long as A.
With 95% confidence the difference lies between 246% and 267% more time (B takes between 0.273 and 0.29 times as long as A).
Noise floor: 2.94%. Identical code measured against itself on this setup can look that different, so smaller differences mean nothing.
Neighbouring measurements are nearly independent (autocorrelation -0.63), so they were resampled one by one.

Verdict: RESOLVED. A is slower than B: the difference is real, as its interval excludes zero and it exceeds the noise floor.

Warnings:
  - the program holds 125 MB of live data, more than the caches of many machines; for data that size, where it lies in memory can shift the result by several points in ways the interval does not cover, and differently in the next process; run the comparison in several processes with the multiproc package

== dirs multi n=16384 valuesFor: ordered vs btree-sets
A: 168.4 ns per operation (median)
B: 272.2 ns per operation (median)
A needs 37.3% less time than B: B takes 1.59 times as long as A.
With 95% confidence the difference lies between 35.9% and 39.5% less time (B takes between 1.56 and 1.65 times as long as A).
Noise floor: 0.876%. Identical code measured against itself on this setup can look that different, so smaller differences mean nothing.
Neighbouring measurements are nearly independent (autocorrelation -0.39), so they were resampled one by one.

Verdict: RESOLVED. A is faster than B: the difference is real, as its interval excludes zero and it exceeds the noise floor.

Warnings:
  - the program holds 125 MB of live data, more than the caches of many machines; for data that size, where it lies in memory can shift the result by several points in ways the interval does not cover, and differently in the next process; run the comparison in several processes with the multiproc package
  - candidate B drifted during the run: its measurements were 2.65% higher in the second half than in the first, so the machine did not hold still

== dirs multi n=16384 valuesFor: ordered vs map-sets
A: 164.3 ns per operation (median)
B: 101.6 ns per operation (median)
A needs 61% more time than B: B takes only 0.62 times as long as A.
With 95% confidence the difference lies between 57.8% and 67.4% more time (B takes between 0.597 and 0.63 times as long as A).
Noise floor: 0.949%. Identical code measured against itself on this setup can look that different, so smaller differences mean nothing.
Neighbouring measurements are correlated (autocorrelation +0.24), so they were resampled in blocks of 3.

Verdict: RESOLVED. A is slower than B: the difference is real, as its interval excludes zero and it exceeds the noise floor.

Warnings:
  - the program holds 125 MB of live data, more than the caches of many machines; for data that size, where it lies in memory can shift the result by several points in ways the interval does not cover, and differently in the next process; run the comparison in several processes with the multiproc package

== dirs multi n=16384 valuesBetween: ordered vs hashed
A: 4368 ns per operation (median)
B: 3.062e+05 ns per operation (median)
A needs 98.6% less time than B: B takes 69.69 times as long as A.
With 95% confidence the difference lies between 98.6% and 98.6% less time (B takes between 69.2 and 70.44 times as long as A).
Noise floor: 1.39%. Identical code measured against itself on this setup can look that different, so smaller differences mean nothing.
Neighbouring measurements are nearly independent (autocorrelation -0.00), so they were resampled one by one.

Verdict: RESOLVED. A is faster than B: the difference is real, as its interval excludes zero and it exceeds the noise floor.

Warnings:
  - the program holds 125 MB of live data, more than the caches of many machines; for data that size, where it lies in memory can shift the result by several points in ways the interval does not cover, and differently in the next process; run the comparison in several processes with the multiproc package
  - in 100% of A/A runs this setup reported a difference between identical code, well above the 10% expected; treat any confidence from it with suspicion

== dirs multi n=16384 valuesBetween: ordered vs btree-sets
A: 4464 ns per operation (median)
B: 6999 ns per operation (median)
A needs 36.4% less time than B: B takes 1.57 times as long as A.
With 95% confidence the difference lies between 35.5% and 37.2% less time (B takes between 1.55 and 1.59 times as long as A).
Noise floor: 0.921%. Identical code measured against itself on this setup can look that different, so smaller differences mean nothing.
Neighbouring measurements are nearly independent (autocorrelation -0.05), so they were resampled one by one.

Verdict: RESOLVED. A is faster than B: the difference is real, as its interval excludes zero and it exceeds the noise floor.

Warnings:
  - the program holds 125 MB of live data, more than the caches of many machines; for data that size, where it lies in memory can shift the result by several points in ways the interval does not cover, and differently in the next process; run the comparison in several processes with the multiproc package
  - in 50% of A/A runs this setup reported a difference between identical code, well above the 10% expected; treat any confidence from it with suspicion

== dirs multi n=16384 valuesBetween: ordered vs map-sets
A: 4557 ns per operation (median)
B: 2.871e+05 ns per operation (median)
A needs 98.4% less time than B: B takes 62.86 times as long as A.
With 95% confidence the difference lies between 98.4% and 98.4% less time (B takes between 61.6 and 63.41 times as long as A).
Noise floor: 1.46%. Identical code measured against itself on this setup can look that different, so smaller differences mean nothing.
Neighbouring measurements are correlated (autocorrelation +0.21), so they were resampled in blocks of 3.

Verdict: RESOLVED. A is faster than B: the difference is real, as its interval excludes zero and it exceeds the noise floor.

Warnings:
  - the program holds 125 MB of live data, more than the caches of many machines; for data that size, where it lies in memory can shift the result by several points in ways the interval does not cover, and differently in the next process; run the comparison in several processes with the multiproc package
  - in 50% of A/A runs this setup reported a difference between identical code, well above the 10% expected; treat any confidence from it with suspicion

== dirs multi n=16384 prefix: ordered vs hashed
A: 2.174e+04 ns per operation (median)
B: 3.152e+05 ns per operation (median)
A needs 93.1% less time than B: B takes 14.45 times as long as A.
With 95% confidence the difference lies between 92.5% and 93.8% less time (B takes between 13.3 and 16.07 times as long as A).
Noise floor: 17.5%. Identical code measured against itself on this setup can look that different, so smaller differences mean nothing.
Neighbouring measurements are nearly independent (autocorrelation -0.03), so they were resampled one by one.

Verdict: RESOLVED. A is faster than B: the difference is real, as its interval excludes zero and it exceeds the noise floor.

Warnings:
  - the program holds 125 MB of live data, more than the caches of many machines; for data that size, where it lies in memory can shift the result by several points in ways the interval does not cover, and differently in the next process; run the comparison in several processes with the multiproc package
  - in 50% of A/A runs this setup reported a difference between identical code, well above the 10% expected; treat any confidence from it with suspicion

== dirs multi n=16384 prefix: ordered vs btree-sets
A: 2.08e+04 ns per operation (median)
B: 3.259e+04 ns per operation (median)
A needs 37.8% less time than B: B takes 1.61 times as long as A.
With 95% confidence the difference lies between 37.1% and 38.6% less time (B takes between 1.59 and 1.63 times as long as A).
Noise floor: 18.5%. Identical code measured against itself on this setup can look that different, so smaller differences mean nothing.
Neighbouring measurements are nearly independent (autocorrelation -0.03), so they were resampled one by one.

Verdict: RESOLVED. A is faster than B: the difference is real, as its interval excludes zero and it exceeds the noise floor.

Warnings:
  - the program holds 125 MB of live data, more than the caches of many machines; for data that size, where it lies in memory can shift the result by several points in ways the interval does not cover, and differently in the next process; run the comparison in several processes with the multiproc package
  - in 50% of A/A runs this setup reported a difference between identical code, well above the 10% expected; treat any confidence from it with suspicion

== dirs multi n=16384 prefix: ordered vs map-sets
A: 2.169e+04 ns per operation (median)
B: 3.182e+05 ns per operation (median)
A needs 93.2% less time than B: B takes 14.60 times as long as A.
With 95% confidence the difference lies between 92.2% and 93.9% less time (B takes between 12.9 and 16.30 times as long as A).
Noise floor: 19.1%. Identical code measured against itself on this setup can look that different, so smaller differences mean nothing.
Neighbouring measurements are nearly independent (autocorrelation -0.08), so they were resampled one by one.

Verdict: RESOLVED. A is faster than B: the difference is real, as its interval excludes zero and it exceeds the noise floor.

Warnings:
  - the program holds 125 MB of live data, more than the caches of many machines; for data that size, where it lies in memory can shift the result by several points in ways the interval does not cover, and differently in the next process; run the comparison in several processes with the multiproc package
  - in 50% of A/A runs this setup reported a difference between identical code, well above the 10% expected; treat any confidence from it with suspicion

== dirs multi n=16384 churn and build: ordered vs hashed
steady state, per insertion or deletion in a structure of 52542 elements (cycle of 137396 operations, first pass untimed):
  A: 247.6 ns per operation (median)
  B: 88.24 ns per operation (median)
  A needs 182% more time than B: B takes only 0.36 times as long as A.
  With 95% confidence the difference lies between 177% and 188% more time (B takes between 0.347 and 0.36 times as long as A).
  Noise floor: 1.3%. Identical code measured against itself on this setup can look that different, so smaller differences mean nothing.
  Neighbouring measurements are correlated (autocorrelation +0.50), so they were resampled in blocks of 3.
  
  Verdict: RESOLVED. A is slower than B: the difference is real, as its interval excludes zero and it exceeds the noise floor.
  
  Warnings:
    - the program holds 144 MB of live data, more than the caches of many machines; for data that size, where it lies in memory can shift the result by several points in ways the interval does not cover, and differently in the next process; run the comparison in several processes with the multiproc package

build from empty to 52542 elements, per whole build (188700 operations):
  A: 4.737e+07 ns per operation (median)
  B: 1.684e+07 ns per operation (median)
  A needs 181% more time than B: B takes only 0.36 times as long as A.
  With 95% confidence the difference lies between 180% and 182% more time (B takes between 0.355 and 0.36 times as long as A).
  Noise floor: 0.153%. Identical code measured against itself on this setup can look that different, so smaller differences mean nothing.
  Neighbouring measurements are nearly independent (autocorrelation -0.07), so they were resampled one by one.
  
  Verdict: RESOLVED. A is slower than B: the difference is real, as its interval excludes zero and it exceeds the noise floor.
  
  Warnings:
    - the program holds 136 MB of live data, more than the caches of many machines; for data that size, where it lies in memory can shift the result by several points in ways the interval does not cover, and differently in the next process; run the comparison in several processes with the multiproc package

== dirs multi n=16384 churn and build: ordered vs btree-sets
steady state, per insertion or deletion in a structure of 52542 elements (cycle of 137396 operations, first pass untimed):
  A: 273.1 ns per operation (median)
  B: 380.7 ns per operation (median)
  A needs 28.8% less time than B: B takes 1.40 times as long as A.
  With 95% confidence the difference lies between 25.3% and 29.7% less time (B takes between 1.34 and 1.42 times as long as A).
  Noise floor: 1.57%. Identical code measured against itself on this setup can look that different, so smaller differences mean nothing.
  Neighbouring measurements are correlated (autocorrelation +0.37), so they were resampled in blocks of 3.
  
  Verdict: RESOLVED. A is faster than B: the difference is real, as its interval excludes zero and it exceeds the noise floor.
  
  Warnings:
    - the program holds 147 MB of live data, more than the caches of many machines; for data that size, where it lies in memory can shift the result by several points in ways the interval does not cover, and differently in the next process; run the comparison in several processes with the multiproc package
    - candidate A drifted during the run: its measurements were 2.39% lower in the second half than in the first, so the machine did not hold still

build from empty to 52542 elements, per whole build (188700 operations):
  A: 4.744e+07 ns per operation (median)
  B: 6.673e+07 ns per operation (median)
  A needs 28.9% less time than B: B takes 1.41 times as long as A.
  With 95% confidence the difference lies between 28.6% and 29.1% less time (B takes between 1.4 and 1.41 times as long as A).
  Noise floor: 0.071%. Identical code measured against itself on this setup can look that different, so smaller differences mean nothing.
  Neighbouring measurements are nearly independent (autocorrelation -0.07), so they were resampled one by one.
  
  Verdict: RESOLVED. A is faster than B: the difference is real, as its interval excludes zero and it exceeds the noise floor.
  
  Warnings:
    - the program holds 136 MB of live data, more than the caches of many machines; for data that size, where it lies in memory can shift the result by several points in ways the interval does not cover, and differently in the next process; run the comparison in several processes with the multiproc package

== dirs multi n=16384 churn and build: ordered vs map-sets
steady state, per insertion or deletion in a structure of 52542 elements (cycle of 137396 operations, first pass untimed):
  A: 256.5 ns per operation (median)
  B: 108.3 ns per operation (median)
  A needs 143% more time than B: B takes only 0.41 times as long as A.
  With 95% confidence the difference lies between 135% and 146% more time (B takes between 0.407 and 0.42 times as long as A).
  Noise floor: 1.84%. Identical code measured against itself on this setup can look that different, so smaller differences mean nothing.
  Neighbouring measurements are correlated (autocorrelation +0.53), so they were resampled in blocks of 3.
  
  Verdict: RESOLVED. A is slower than B: the difference is real, as its interval excludes zero and it exceeds the noise floor.
  
  Warnings:
    - the program holds 147 MB of live data, more than the caches of many machines; for data that size, where it lies in memory can shift the result by several points in ways the interval does not cover, and differently in the next process; run the comparison in several processes with the multiproc package

build from empty to 52542 elements, per whole build (188700 operations):
  A: 4.735e+07 ns per operation (median)
  B: 2e+07 ns per operation (median)
  A needs 137% more time than B: B takes only 0.42 times as long as A.
  With 95% confidence the difference lies between 136% and 137% more time (B takes between 0.421 and 0.42 times as long as A).
  Noise floor: 0.391%. Identical code measured against itself on this setup can look that different, so smaller differences mean nothing.
  Neighbouring measurements are nearly independent (autocorrelation -0.07), so they were resampled one by one.
  
  Verdict: RESOLVED. A is slower than B: the difference is real, as its interval excludes zero and it exceeds the noise floor.
  
  Warnings:
    - the program holds 136 MB of live data, more than the caches of many machines; for data that size, where it lies in memory can shift the result by several points in ways the interval does not cover, and differently in the next process; run the comparison in several processes with the multiproc package
    - in 50% of A/A runs this setup reported a difference between identical code, well above the 10% expected; treat any confidence from it with suspicion

checksum 70109209397567
== dirs multi n=16384 valuesFor: ordered vs hashed
A: 168 ns per operation (median)
B: 50.92 ns per operation (median)
A needs 240% more time than B: B takes only 0.29 times as long as A.
With 95% confidence the difference lies between 214% and 260% more time (B takes between 0.278 and 0.32 times as long as A).
Noise floor: 1.31%. Identical code measured against itself on this setup can look that different, so smaller differences mean nothing.
Neighbouring measurements are nearly independent (autocorrelation -0.53), so they were resampled one by one.

Verdict: RESOLVED. A is slower than B: the difference is real, as its interval excludes zero and it exceeds the noise floor.

Warnings:
  - the program holds 97 MB of live data, more than the caches of many machines; for data that size, where it lies in memory can shift the result by several points in ways the interval does not cover, and differently in the next process; run the comparison in several processes with the multiproc package

== dirs multi n=16384 valuesFor: ordered vs btree-sets
A: 168.5 ns per operation (median)
B: 274 ns per operation (median)
A needs 37.6% less time than B: B takes 1.60 times as long as A.
With 95% confidence the difference lies between 36.7% and 39.8% less time (B takes between 1.58 and 1.66 times as long as A).
Noise floor: 2.58%. Identical code measured against itself on this setup can look that different, so smaller differences mean nothing.
Neighbouring measurements are nearly independent (autocorrelation -0.19), so they were resampled one by one.

Verdict: RESOLVED. A is faster than B: the difference is real, as its interval excludes zero and it exceeds the noise floor.

Warnings:
  - the program holds 134 MB of live data, more than the caches of many machines; for data that size, where it lies in memory can shift the result by several points in ways the interval does not cover, and differently in the next process; run the comparison in several processes with the multiproc package

== dirs multi n=16384 valuesFor: ordered vs map-sets
A: 166.5 ns per operation (median)
B: 104.8 ns per operation (median)
A needs 55% more time than B: B takes only 0.65 times as long as A.
With 95% confidence the difference lies between 52.7% and 63.7% more time (B takes between 0.611 and 0.65 times as long as A).
Noise floor: 2.27%. Identical code measured against itself on this setup can look that different, so smaller differences mean nothing.
Neighbouring measurements are nearly independent (autocorrelation +0.07), so they were resampled one by one.

Verdict: RESOLVED. A is slower than B: the difference is real, as its interval excludes zero and it exceeds the noise floor.

Warnings:
  - the program holds 134 MB of live data, more than the caches of many machines; for data that size, where it lies in memory can shift the result by several points in ways the interval does not cover, and differently in the next process; run the comparison in several processes with the multiproc package

== dirs multi n=16384 valuesBetween: ordered vs hashed
A: 4445 ns per operation (median)
B: 3.065e+05 ns per operation (median)
A needs 98.6% less time than B: B takes 69.09 times as long as A.
With 95% confidence the difference lies between 98.5% and 98.6% less time (B takes between 68.2 and 69.85 times as long as A).
Noise floor: 0.495%. Identical code measured against itself on this setup can look that different, so smaller differences mean nothing.
Neighbouring measurements are nearly independent (autocorrelation +0.03), so they were resampled one by one.

Verdict: RESOLVED. A is faster than B: the difference is real, as its interval excludes zero and it exceeds the noise floor.

Warnings:
  - the program holds 134 MB of live data, more than the caches of many machines; for data that size, where it lies in memory can shift the result by several points in ways the interval does not cover, and differently in the next process; run the comparison in several processes with the multiproc package

== dirs multi n=16384 valuesBetween: ordered vs btree-sets
A: 4453 ns per operation (median)
B: 6991 ns per operation (median)
A needs 36.8% less time than B: B takes 1.58 times as long as A.
With 95% confidence the difference lies between 35.5% and 37.6% less time (B takes between 1.55 and 1.60 times as long as A).
Noise floor: 0.672%. Identical code measured against itself on this setup can look that different, so smaller differences mean nothing.
Neighbouring measurements are correlated (autocorrelation +0.34), so they were resampled in blocks of 3.

Verdict: RESOLVED. A is faster than B: the difference is real, as its interval excludes zero and it exceeds the noise floor.

Warnings:
  - the program holds 134 MB of live data, more than the caches of many machines; for data that size, where it lies in memory can shift the result by several points in ways the interval does not cover, and differently in the next process; run the comparison in several processes with the multiproc package

== dirs multi n=16384 valuesBetween: ordered vs map-sets
A: 4619 ns per operation (median)
B: 2.928e+05 ns per operation (median)
A needs 98.4% less time than B: B takes 62.75 times as long as A.
With 95% confidence the difference lies between 98.4% and 98.4% less time (B takes between 61.8 and 64.32 times as long as A).
Noise floor: 0.733%. Identical code measured against itself on this setup can look that different, so smaller differences mean nothing.
Neighbouring measurements are correlated (autocorrelation +0.20), so they were resampled in blocks of 3.

Verdict: RESOLVED. A is faster than B: the difference is real, as its interval excludes zero and it exceeds the noise floor.

Warnings:
  - the program holds 134 MB of live data, more than the caches of many machines; for data that size, where it lies in memory can shift the result by several points in ways the interval does not cover, and differently in the next process; run the comparison in several processes with the multiproc package
  - candidate A drifted during the run: its measurements were 12.2% higher in the second half than in the first, so the machine did not hold still
  - candidate B drifted during the run: its measurements were 4.79% higher in the second half than in the first, so the machine did not hold still
  - the ratio B/A was 5.01% lower in the second half of the run than in the first, so the candidates had not reached a steady state and the difference depends on how long the run was; a common cause is a head start for whichever candidate ran alone last before the comparison or had its data built last, which a longer CollectOptions.WarmupDuration removes

== dirs multi n=16384 prefix: ordered vs hashed
A: 2.164e+04 ns per operation (median)
B: 3.153e+05 ns per operation (median)
A needs 93.1% less time than B: B takes 14.56 times as long as A.
With 95% confidence the difference lies between 92.6% and 93.8% less time (B takes between 13.5 and 16.04 times as long as A).
Noise floor: 17%. Identical code measured against itself on this setup can look that different, so smaller differences mean nothing.
Neighbouring measurements are nearly independent (autocorrelation -0.07), so they were resampled one by one.

Verdict: RESOLVED. A is faster than B: the difference is real, as its interval excludes zero and it exceeds the noise floor.

Warnings:
  - the program holds 134 MB of live data, more than the caches of many machines; for data that size, where it lies in memory can shift the result by several points in ways the interval does not cover, and differently in the next process; run the comparison in several processes with the multiproc package
  - in 50% of A/A runs this setup reported a difference between identical code, well above the 10% expected; treat any confidence from it with suspicion

== dirs multi n=16384 prefix: ordered vs btree-sets
A: 2.081e+04 ns per operation (median)
B: 3.27e+04 ns per operation (median)
A needs 38% less time than B: B takes 1.61 times as long as A.
With 95% confidence the difference lies between 37.7% and 38.6% less time (B takes between 1.6 and 1.63 times as long as A).
Noise floor: 16.7%. Identical code measured against itself on this setup can look that different, so smaller differences mean nothing.
Neighbouring measurements are nearly independent (autocorrelation -0.01), so they were resampled one by one.

Verdict: RESOLVED. A is faster than B: the difference is real, as its interval excludes zero and it exceeds the noise floor.

Warnings:
  - the program holds 134 MB of live data, more than the caches of many machines; for data that size, where it lies in memory can shift the result by several points in ways the interval does not cover, and differently in the next process; run the comparison in several processes with the multiproc package
  - in 50% of A/A runs this setup reported a difference between identical code, well above the 10% expected; treat any confidence from it with suspicion

== dirs multi n=16384 prefix: ordered vs map-sets
A: 2.253e+04 ns per operation (median)
B: 3.231e+05 ns per operation (median)
A needs 93.3% less time than B: B takes 14.97 times as long as A.
With 95% confidence the difference lies between 92.4% and 93.9% less time (B takes between 13.1 and 16.45 times as long as A).
Noise floor: 16.8%. Identical code measured against itself on this setup can look that different, so smaller differences mean nothing.
Neighbouring measurements are nearly independent (autocorrelation -0.10), so they were resampled one by one.

Verdict: RESOLVED. A is faster than B: the difference is real, as its interval excludes zero and it exceeds the noise floor.

Warnings:
  - the program holds 134 MB of live data, more than the caches of many machines; for data that size, where it lies in memory can shift the result by several points in ways the interval does not cover, and differently in the next process; run the comparison in several processes with the multiproc package
  - in 50% of A/A runs this setup reported a difference between identical code, well above the 10% expected; treat any confidence from it with suspicion

== dirs multi n=16384 churn and build: ordered vs hashed
steady state, per insertion or deletion in a structure of 52542 elements (cycle of 137396 operations, first pass untimed):
  A: 300.2 ns per operation (median)
  B: 121.8 ns per operation (median)
  A needs 153% more time than B: B takes only 0.40 times as long as A.
  With 95% confidence the difference lies between 142% and 161% more time (B takes between 0.383 and 0.41 times as long as A).
  Noise floor: 1.06%. Identical code measured against itself on this setup can look that different, so smaller differences mean nothing.
  Neighbouring measurements are correlated (autocorrelation +0.57), so they were resampled in blocks of 3.
  
  Verdict: RESOLVED. A is slower than B: the difference is real, as its interval excludes zero and it exceeds the noise floor.
  
  Warnings:
    - the program holds 144 MB of live data, more than the caches of many machines; for data that size, where it lies in memory can shift the result by several points in ways the interval does not cover, and differently in the next process; run the comparison in several processes with the multiproc package

build from empty to 52542 elements, per whole build (188700 operations):
  A: 4.728e+07 ns per operation (median)
  B: 1.699e+07 ns per operation (median)
  A needs 178% more time than B: B takes only 0.36 times as long as A.
  With 95% confidence the difference lies between 176% and 179% more time (B takes between 0.358 and 0.36 times as long as A).
  Noise floor: 0.403%. Identical code measured against itself on this setup can look that different, so smaller differences mean nothing.
  Neighbouring measurements are nearly independent (autocorrelation -0.04), so they were resampled one by one.
  
  Verdict: RESOLVED. A is slower than B: the difference is real, as its interval excludes zero and it exceeds the noise floor.
  
  Warnings:
    - the program holds 136 MB of live data, more than the caches of many machines; for data that size, where it lies in memory can shift the result by several points in ways the interval does not cover, and differently in the next process; run the comparison in several processes with the multiproc package
    - in 50% of A/A runs this setup reported a difference between identical code, well above the 10% expected; treat any confidence from it with suspicion

== dirs multi n=16384 churn and build: ordered vs btree-sets
steady state, per insertion or deletion in a structure of 52542 elements (cycle of 137396 operations, first pass untimed):
  A: 312.4 ns per operation (median)
  B: 427.4 ns per operation (median)
  A needs 26.5% less time than B: B takes 1.36 times as long as A.
  With 95% confidence the difference lies between 23.9% and 28% less time (B takes between 1.31 and 1.39 times as long as A).
  Noise floor: 2.34%. Identical code measured against itself on this setup can look that different, so smaller differences mean nothing.
  Neighbouring measurements are correlated (autocorrelation +0.37), so they were resampled in blocks of 3.
  
  Verdict: RESOLVED. A is faster than B: the difference is real, as its interval excludes zero and it exceeds the noise floor.
  
  Warnings:
    - the program holds 147 MB of live data, more than the caches of many machines; for data that size, where it lies in memory can shift the result by several points in ways the interval does not cover, and differently in the next process; run the comparison in several processes with the multiproc package

build from empty to 52542 elements, per whole build (188700 operations):
  A: 4.738e+07 ns per operation (median)
  B: 6.702e+07 ns per operation (median)
  A needs 29.3% less time than B: B takes 1.41 times as long as A.
  With 95% confidence the difference lies between 29.1% and 29.4% less time (B takes between 1.41 and 1.42 times as long as A).
  Noise floor: 0.159%. Identical code measured against itself on this setup can look that different, so smaller differences mean nothing.
  Neighbouring measurements are nearly independent (autocorrelation +0.10), so they were resampled one by one.
  
  Verdict: RESOLVED. A is faster than B: the difference is real, as its interval excludes zero and it exceeds the noise floor.
  
  Warnings:
    - the program holds 136 MB of live data, more than the caches of many machines; for data that size, where it lies in memory can shift the result by several points in ways the interval does not cover, and differently in the next process; run the comparison in several processes with the multiproc package

== dirs multi n=16384 churn and build: ordered vs map-sets
steady state, per insertion or deletion in a structure of 52542 elements (cycle of 137396 operations, first pass untimed):
  A: 262.9 ns per operation (median)
  B: 114 ns per operation (median)
  A needs 132% more time than B: B takes only 0.43 times as long as A.
  With 95% confidence the difference lies between 129% and 135% more time (B takes between 0.426 and 0.44 times as long as A).
  Noise floor: 1.37%. Identical code measured against itself on this setup can look that different, so smaller differences mean nothing.
  Neighbouring measurements are correlated (autocorrelation +0.67), so they were resampled in blocks of 3.
  
  Verdict: RESOLVED. A is slower than B: the difference is real, as its interval excludes zero and it exceeds the noise floor.
  
  Warnings:
    - the program holds 147 MB of live data, more than the caches of many machines; for data that size, where it lies in memory can shift the result by several points in ways the interval does not cover, and differently in the next process; run the comparison in several processes with the multiproc package

build from empty to 52542 elements, per whole build (188700 operations):
  A: 4.729e+07 ns per operation (median)
  B: 2.03e+07 ns per operation (median)
  A needs 133% more time than B: B takes only 0.43 times as long as A.
  With 95% confidence the difference lies between 132% and 134% more time (B takes between 0.428 and 0.43 times as long as A).
  Noise floor: 0.697%. Identical code measured against itself on this setup can look that different, so smaller differences mean nothing.
  Neighbouring measurements are nearly independent (autocorrelation -0.06), so they were resampled one by one.
  
  Verdict: RESOLVED. A is slower than B: the difference is real, as its interval excludes zero and it exceeds the noise floor.
  
  Warnings:
    - the program holds 136 MB of live data, more than the caches of many machines; for data that size, where it lies in memory can shift the result by several points in ways the interval does not cover, and differently in the next process; run the comparison in several processes with the multiproc package

checksum 70441053056602
