== street multi n=212449 valuesFor: ordered vs btree-sets
A: 302 ns per operation (median)
B: 668.8 ns per operation (median)
A needs 54.7% less time than B: B takes 2.21 times as long as A.
With 95% confidence the difference lies between 53.2% and 57.2% less time (B takes between 2.14 and 2.34 times as long as A).
Noise floor: 2.17%. Identical code measured against itself on this setup can look that different, so smaller differences mean nothing.
Neighbouring measurements are nearly independent (autocorrelation -0.54), so they were resampled one by one.

Verdict: RESOLVED. A is faster than B: the difference is real, as its interval excludes zero and it exceeds the noise floor.

Warnings:
  - the program holds 370 MB of live data, more than the caches of many machines; for data that size, where it lies in memory can shift the result by several points in ways the interval does not cover, and differently in the next process; run the comparison in several processes with the multiproc package

== street multi n=212449 valuesFor: ordered vs ordered-lpage
A: 256.8 ns per operation (median)
B: 255 ns per operation (median)
A needs 0.14% less time than B: B takes 1.00 times as long as A.
With 95% confidence the difference lies between 6.88% more time and 3.22% less time (B takes between 0.936 and 1.03 times as long as A).
Noise floor: 1.66%. Identical code measured against itself on this setup can look that different, so smaller differences mean nothing.
Neighbouring measurements are nearly independent (autocorrelation -0.38), so they were resampled one by one.

Verdict: NOT RESOLVED. This run did not establish which candidate is faster. That is not the same as "equally fast": the warnings below say what is missing.

Warnings:
  - the difference of 0.14% does not clear the 1.66% noise floor, which is what this setup reports between two runs of identical code
  - the interval [-6.88%, 3.22%] includes zero, so a difference in either direction is consistent with these measurements
  - the program holds 370 MB of live data, more than the caches of many machines; for data that size, where it lies in memory can shift the result by several points in ways the interval does not cover, and differently in the next process; run the comparison in several processes with the multiproc package

== street multi n=212449 valuesFor: ordered vs ordered-lpage-mv
A: 265.5 ns per operation (median)
B: 298 ns per operation (median)
A needs 12.6% less time than B: B takes 1.14 times as long as A.
With 95% confidence the difference lies between 7.65% and 14.1% less time (B takes between 1.08 and 1.16 times as long as A).
Noise floor: 3.23%. Identical code measured against itself on this setup can look that different, so smaller differences mean nothing.
Neighbouring measurements are nearly independent (autocorrelation -0.52), so they were resampled one by one.

Verdict: RESOLVED. A is faster than B: the difference is real, as its interval excludes zero and it exceeds the noise floor.

Warnings:
  - the program holds 370 MB of live data, more than the caches of many machines; for data that size, where it lies in memory can shift the result by several points in ways the interval does not cover, and differently in the next process; run the comparison in several processes with the multiproc package

== street multi n=212449 valuesFor: ordered vs ordered-lpage-mvzc
A: 258.2 ns per operation (median)
B: 271.4 ns per operation (median)
A needs 5.9% less time than B: B takes 1.06 times as long as A.
With 95% confidence the difference lies between 1.58% and 7.57% less time (B takes between 1.02 and 1.08 times as long as A).
Noise floor: 2.65%. Identical code measured against itself on this setup can look that different, so smaller differences mean nothing.
Neighbouring measurements are nearly independent (autocorrelation -0.53), so they were resampled one by one.

Verdict: RESOLVED. A is faster than B: the difference is real, as its interval excludes zero and it exceeds the noise floor.

Warnings:
  - the program holds 370 MB of live data, more than the caches of many machines; for data that size, where it lies in memory can shift the result by several points in ways the interval does not cover, and differently in the next process; run the comparison in several processes with the multiproc package

== street multi n=212449 valuesBetween: ordered vs btree-sets
A: 6782 ns per operation (median)
B: 1.974e+04 ns per operation (median)
A needs 65.3% less time than B: B takes 2.88 times as long as A.
With 95% confidence the difference lies between 64.3% and 66% less time (B takes between 2.8 and 2.94 times as long as A).
Noise floor: 1.9%. Identical code measured against itself on this setup can look that different, so smaller differences mean nothing.
Neighbouring measurements are nearly independent (autocorrelation +0.16), so they were resampled one by one.

Verdict: RESOLVED. A is faster than B: the difference is real, as its interval excludes zero and it exceeds the noise floor.

Warnings:
  - the program holds 370 MB of live data, more than the caches of many machines; for data that size, where it lies in memory can shift the result by several points in ways the interval does not cover, and differently in the next process; run the comparison in several processes with the multiproc package
  - candidate B drifted during the run: its measurements were 4.94% higher in the second half than in the first, so the machine did not hold still

== street multi n=212449 valuesBetween: ordered vs ordered-lpage
A: 6308 ns per operation (median)
B: 6143 ns per operation (median)
A needs 0.876% more time than B: B takes only 0.99 times as long as A.
With 95% confidence the difference lies between 5.14% more time and 3.02% less time (B takes between 0.951 and 1.03 times as long as A).
Noise floor: 0.81%. Identical code measured against itself on this setup can look that different, so smaller differences mean nothing.
Neighbouring measurements are nearly independent (autocorrelation -0.25), so they were resampled one by one.

Verdict: NOT RESOLVED. This run did not establish which candidate is faster. That is not the same as "equally fast": the warnings below say what is missing.

Warnings:
  - the interval [-5.14%, 3.02%] includes zero, so a difference in either direction is consistent with these measurements
  - the program holds 370 MB of live data, more than the caches of many machines; for data that size, where it lies in memory can shift the result by several points in ways the interval does not cover, and differently in the next process; run the comparison in several processes with the multiproc package

== street multi n=212449 valuesBetween: ordered vs ordered-lpage-mv
A: 6986 ns per operation (median)
B: 4293 ns per operation (median)
A needs 59.7% more time than B: B takes only 0.63 times as long as A.
With 95% confidence the difference lies between 55.5% and 65.2% more time (B takes between 0.605 and 0.64 times as long as A).
Noise floor: 2.24%. Identical code measured against itself on this setup can look that different, so smaller differences mean nothing.
Neighbouring measurements are nearly independent (autocorrelation -0.02), so they were resampled one by one.

Verdict: RESOLVED. A is slower than B: the difference is real, as its interval excludes zero and it exceeds the noise floor.

Warnings:
  - the program holds 367 MB of live data, more than the caches of many machines; for data that size, where it lies in memory can shift the result by several points in ways the interval does not cover, and differently in the next process; run the comparison in several processes with the multiproc package
  - candidate A drifted during the run: its measurements were 18.6% lower in the second half than in the first, so the machine did not hold still
  - candidate B drifted during the run: its measurements were 19.6% lower in the second half than in the first, so the machine did not hold still
  - in 50% of A/A runs this setup reported a difference between identical code, well above the 10% expected; treat any confidence from it with suspicion

== street multi n=212449 valuesBetween: ordered vs ordered-lpage-mvzc
A: 5787 ns per operation (median)
B: 3112 ns per operation (median)
A needs 84.6% more time than B: B takes only 0.54 times as long as A.
With 95% confidence the difference lies between 80.9% and 90.4% more time (B takes between 0.525 and 0.55 times as long as A).
Noise floor: 2.74%. Identical code measured against itself on this setup can look that different, so smaller differences mean nothing.
Neighbouring measurements are nearly independent (autocorrelation +0.07), so they were resampled one by one.

Verdict: RESOLVED. A is slower than B: the difference is real, as its interval excludes zero and it exceeds the noise floor.

Warnings:
  - the program holds 367 MB of live data, more than the caches of many machines; for data that size, where it lies in memory can shift the result by several points in ways the interval does not cover, and differently in the next process; run the comparison in several processes with the multiproc package

== street multi n=212449 prefix: ordered vs btree-sets
A: 2.457e+04 ns per operation (median)
B: 7.374e+04 ns per operation (median)
A needs 66.7% less time than B: B takes 3.00 times as long as A.
With 95% confidence the difference lies between 63.7% and 69.6% less time (B takes between 2.76 and 3.29 times as long as A).
Noise floor: 2.66%. Identical code measured against itself on this setup can look that different, so smaller differences mean nothing.
Neighbouring measurements are nearly independent (autocorrelation -0.17), so they were resampled one by one.

Verdict: RESOLVED. A is faster than B: the difference is real, as its interval excludes zero and it exceeds the noise floor.

Warnings:
  - the program holds 367 MB of live data, more than the caches of many machines; for data that size, where it lies in memory can shift the result by several points in ways the interval does not cover, and differently in the next process; run the comparison in several processes with the multiproc package
  - in 50% of A/A runs this setup reported a difference between identical code, well above the 10% expected; treat any confidence from it with suspicion

== street multi n=212449 prefix: ordered vs ordered-lpage
A: 2.248e+04 ns per operation (median)
B: 2.254e+04 ns per operation (median)
A needs 3.52% less time than B: B takes 1.04 times as long as A.
With 95% confidence the difference lies between 5.18% more time and 4.85% less time (B takes between 0.951 and 1.05 times as long as A).
Noise floor: 4.44%. Identical code measured against itself on this setup can look that different, so smaller differences mean nothing.
Neighbouring measurements are nearly independent (autocorrelation -0.16), so they were resampled one by one.

Verdict: NOT RESOLVED. This run did not establish which candidate is faster. That is not the same as "equally fast": the warnings below say what is missing.

Warnings:
  - the difference of 3.52% does not clear the 4.44% noise floor, which is what this setup reports between two runs of identical code
  - the interval [-5.18%, 4.85%] includes zero, so a difference in either direction is consistent with these measurements
  - the program holds 367 MB of live data, more than the caches of many machines; for data that size, where it lies in memory can shift the result by several points in ways the interval does not cover, and differently in the next process; run the comparison in several processes with the multiproc package
  - in 50% of A/A runs this setup reported a difference between identical code, well above the 10% expected; treat any confidence from it with suspicion

== street multi n=212449 prefix: ordered vs ordered-lpage-mv
A: 2.148e+04 ns per operation (median)
B: 1.227e+04 ns per operation (median)
A needs 70.6% more time than B: B takes only 0.59 times as long as A.
With 95% confidence the difference lies between 67.9% and 76.7% more time (B takes between 0.566 and 0.60 times as long as A).
Noise floor: 5.95%. Identical code measured against itself on this setup can look that different, so smaller differences mean nothing.
Neighbouring measurements are nearly independent (autocorrelation -0.21), so they were resampled one by one.

Verdict: RESOLVED. A is slower than B: the difference is real, as its interval excludes zero and it exceeds the noise floor.

Warnings:
  - the program holds 369 MB of live data, more than the caches of many machines; for data that size, where it lies in memory can shift the result by several points in ways the interval does not cover, and differently in the next process; run the comparison in several processes with the multiproc package
  - candidate B drifted during the run: its measurements were 7.76% lower in the second half than in the first, so the machine did not hold still
  - in 50% of A/A runs this setup reported a difference between identical code, well above the 10% expected; treat any confidence from it with suspicion

== street multi n=212449 prefix: ordered vs ordered-lpage-mvzc
A: 2.021e+04 ns per operation (median)
B: 9516 ns per operation (median)
A needs 113% more time than B: B takes only 0.47 times as long as A.
With 95% confidence the difference lies between 108% and 123% more time (B takes between 0.448 and 0.48 times as long as A).
Noise floor: 8.36%. Identical code measured against itself on this setup can look that different, so smaller differences mean nothing.
Neighbouring measurements are nearly independent (autocorrelation -0.08), so they were resampled one by one.

Verdict: RESOLVED. A is slower than B: the difference is real, as its interval excludes zero and it exceeds the noise floor.

Warnings:
  - the program holds 369 MB of live data, more than the caches of many machines; for data that size, where it lies in memory can shift the result by several points in ways the interval does not cover, and differently in the next process; run the comparison in several processes with the multiproc package
  - in 50% of A/A runs this setup reported a difference between identical code, well above the 10% expected; treat any confidence from it with suspicion

== street multi n=212449 churn and build: ordered vs btree-sets
steady state, per insertion or deletion in a structure of 578999 elements (cycle of 1512160 operations, first pass untimed):
  A: 629.8 ns per operation (median)
  B: 852.6 ns per operation (median)
  A needs 25.6% less time than B: B takes 1.34 times as long as A.
  With 95% confidence the difference lies between 21.1% and 29.6% less time (B takes between 1.27 and 1.42 times as long as A).
  Noise floor: 4.95%. Identical code measured against itself on this setup can look that different, so smaller differences mean nothing.
  Neighbouring measurements are nearly independent (autocorrelation -0.62), so they were resampled one by one.
  
  Verdict: RESOLVED. A is faster than B: the difference is real, as its interval excludes zero and it exceeds the noise floor.
  
  Warnings:
    - the program holds 533 MB of live data, more than the caches of many machines; for data that size, where it lies in memory can shift the result by several points in ways the interval does not cover, and differently in the next process; run the comparison in several processes with the multiproc package

== street multi n=212449 churn and build: ordered vs ordered-lpage
steady state, per insertion or deletion in a structure of 578999 elements (cycle of 1512160 operations, first pass untimed):
  A: 578.4 ns per operation (median)
  B: 478.2 ns per operation (median)
  A needs 23% more time than B: B takes only 0.81 times as long as A.
  With 95% confidence the difference lies between 25.6% more time and 16.2% less time (B takes between 0.796 and 1.19 times as long as A).
  Noise floor: 16.5%. Identical code measured against itself on this setup can look that different, so smaller differences mean nothing.
  Neighbouring measurements are nearly independent (autocorrelation -0.93), so they were resampled one by one.
  
  Verdict: NOT RESOLVED. This run did not establish which candidate is faster. That is not the same as "equally fast": the warnings below say what is missing.
  
  Warnings:
    - the interval [-25.63%, 16.19%] includes zero, so a difference in either direction is consistent with these measurements
    - the program holds 443 MB of live data, more than the caches of many machines; for data that size, where it lies in memory can shift the result by several points in ways the interval does not cover, and differently in the next process; run the comparison in several processes with the multiproc package

== street multi n=212449 churn and build: ordered vs ordered-lpage-mv
steady state, per insertion or deletion in a structure of 578999 elements (cycle of 1512160 operations, first pass untimed):
  A: 662.6 ns per operation (median)
  B: 723.9 ns per operation (median)
  A needs 8.71% more time than B: B takes only 0.92 times as long as A.
  With 95% confidence the difference lies between 12.9% more time and 23.5% less time (B takes between 0.886 and 1.31 times as long as A).
  Noise floor: 15.3%. Identical code measured against itself on this setup can look that different, so smaller differences mean nothing.
  Neighbouring measurements are nearly independent (autocorrelation -0.70), so they were resampled one by one.
  
  Verdict: NOT RESOLVED. This run did not establish which candidate is faster. That is not the same as "equally fast": the warnings below say what is missing.
  
  Warnings:
    - the difference of -8.71% does not clear the 15.29% noise floor, which is what this setup reports between two runs of identical code
    - the interval [-12.92%, 23.50%] includes zero, so a difference in either direction is consistent with these measurements
    - the program holds 479 MB of live data, more than the caches of many machines; for data that size, where it lies in memory can shift the result by several points in ways the interval does not cover, and differently in the next process; run the comparison in several processes with the multiproc package

== street multi n=212449 churn and build: ordered vs ordered-lpage-mvzc
steady state, per insertion or deletion in a structure of 578999 elements (cycle of 1512160 operations, first pass untimed):
  A: 586 ns per operation (median)
  B: 687.8 ns per operation (median)
  A needs 8.7% less time than B: B takes 1.10 times as long as A.
  With 95% confidence the difference lies between 5.69% and 34.3% less time (B takes between 1.06 and 1.52 times as long as A).
  Noise floor: 15.9%. Identical code measured against itself on this setup can look that different, so smaller differences mean nothing.
  Neighbouring measurements are nearly independent (autocorrelation -0.93), so they were resampled one by one.
  
  Verdict: NOT RESOLVED. This run did not establish which candidate is faster. That is not the same as "equally fast": the warnings below say what is missing.
  
  Warnings:
    - the difference of 8.70% does not clear the 15.90% noise floor, which is what this setup reports between two runs of identical code
    - the program holds 483 MB of live data, more than the caches of many machines; for data that size, where it lies in memory can shift the result by several points in ways the interval does not cover, and differently in the next process; run the comparison in several processes with the multiproc package

checksum 11523070943989841179
== street multi n=212449 valuesFor: ordered vs btree-sets
A: 305.2 ns per operation (median)
B: 683.3 ns per operation (median)
A needs 56% less time than B: B takes 2.27 times as long as A.
With 95% confidence the difference lies between 53.9% and 57.8% less time (B takes between 2.17 and 2.37 times as long as A).
Noise floor: 2.04%. Identical code measured against itself on this setup can look that different, so smaller differences mean nothing.
Neighbouring measurements are nearly independent (autocorrelation -0.34), so they were resampled one by one.

Verdict: RESOLVED. A is faster than B: the difference is real, as its interval excludes zero and it exceeds the noise floor.

Warnings:
  - the program holds 364 MB of live data, more than the caches of many machines; for data that size, where it lies in memory can shift the result by several points in ways the interval does not cover, and differently in the next process; run the comparison in several processes with the multiproc package

== street multi n=212449 valuesFor: ordered vs ordered-lpage
A: 263.3 ns per operation (median)
B: 264.4 ns per operation (median)
A needs 2.78% less time than B: B takes 1.03 times as long as A.
With 95% confidence the difference lies between 2.78% more time and 5.36% less time (B takes between 0.973 and 1.06 times as long as A).
Noise floor: 0.532%. Identical code measured against itself on this setup can look that different, so smaller differences mean nothing.
Neighbouring measurements are nearly independent (autocorrelation -0.51), so they were resampled one by one.

Verdict: NOT RESOLVED. This run did not establish which candidate is faster. That is not the same as "equally fast": the warnings below say what is missing.

Warnings:
  - the interval [-2.78%, 5.36%] includes zero, so a difference in either direction is consistent with these measurements
  - the program holds 364 MB of live data, more than the caches of many machines; for data that size, where it lies in memory can shift the result by several points in ways the interval does not cover, and differently in the next process; run the comparison in several processes with the multiproc package

== street multi n=212449 valuesFor: ordered vs ordered-lpage-mv
A: 263.6 ns per operation (median)
B: 299.2 ns per operation (median)
A needs 13.1% less time than B: B takes 1.15 times as long as A.
With 95% confidence the difference lies between 8.32% and 14.7% less time (B takes between 1.09 and 1.17 times as long as A).
Noise floor: 2.04%. Identical code measured against itself on this setup can look that different, so smaller differences mean nothing.
Neighbouring measurements are nearly independent (autocorrelation -0.55), so they were resampled one by one.

Verdict: RESOLVED. A is faster than B: the difference is real, as its interval excludes zero and it exceeds the noise floor.

Warnings:
  - the program holds 364 MB of live data, more than the caches of many machines; for data that size, where it lies in memory can shift the result by several points in ways the interval does not cover, and differently in the next process; run the comparison in several processes with the multiproc package

== street multi n=212449 valuesFor: ordered vs ordered-lpage-mvzc
A: 259.5 ns per operation (median)
B: 270.5 ns per operation (median)
A needs 3.29% less time than B: B takes 1.03 times as long as A.
With 95% confidence the difference lies between 0.488% and 7.92% less time (B takes between 1 and 1.09 times as long as A).
Noise floor: 2.02%. Identical code measured against itself on this setup can look that different, so smaller differences mean nothing.
Neighbouring measurements are nearly independent (autocorrelation -0.56), so they were resampled one by one.

Verdict: RESOLVED. A is faster than B: the difference is real, as its interval excludes zero and it exceeds the noise floor.

Warnings:
  - the program holds 364 MB of live data, more than the caches of many machines; for data that size, where it lies in memory can shift the result by several points in ways the interval does not cover, and differently in the next process; run the comparison in several processes with the multiproc package

== street multi n=212449 valuesBetween: ordered vs btree-sets
A: 6755 ns per operation (median)
B: 1.999e+04 ns per operation (median)
A needs 65.9% less time than B: B takes 2.93 times as long as A.
With 95% confidence the difference lies between 65.6% and 66.5% less time (B takes between 2.91 and 2.99 times as long as A).
Noise floor: 1.01%. Identical code measured against itself on this setup can look that different, so smaller differences mean nothing.
Neighbouring measurements are nearly independent (autocorrelation -0.07), so they were resampled one by one.

Verdict: RESOLVED. A is faster than B: the difference is real, as its interval excludes zero and it exceeds the noise floor.

Warnings:
  - the program holds 364 MB of live data, more than the caches of many machines; for data that size, where it lies in memory can shift the result by several points in ways the interval does not cover, and differently in the next process; run the comparison in several processes with the multiproc package

== street multi n=212449 valuesBetween: ordered vs ordered-lpage
A: 6203 ns per operation (median)
B: 6113 ns per operation (median)
A needs 0.376% less time than B: B takes 1.00 times as long as A.
With 95% confidence the difference lies between 6.56% more time and 3.72% less time (B takes between 0.938 and 1.04 times as long as A).
Noise floor: 1.46%. Identical code measured against itself on this setup can look that different, so smaller differences mean nothing.
Neighbouring measurements are nearly independent (autocorrelation +0.06), so they were resampled one by one.

Verdict: NOT RESOLVED. This run did not establish which candidate is faster. That is not the same as "equally fast": the warnings below say what is missing.

Warnings:
  - the difference of 0.38% does not clear the 1.46% noise floor, which is what this setup reports between two runs of identical code
  - the interval [-6.56%, 3.72%] includes zero, so a difference in either direction is consistent with these measurements
  - the program holds 364 MB of live data, more than the caches of many machines; for data that size, where it lies in memory can shift the result by several points in ways the interval does not cover, and differently in the next process; run the comparison in several processes with the multiproc package

== street multi n=212449 valuesBetween: ordered vs ordered-lpage-mv
A: 5980 ns per operation (median)
B: 3888 ns per operation (median)
A needs 51.1% more time than B: B takes only 0.66 times as long as A.
With 95% confidence the difference lies between 47.3% and 55.8% more time (B takes between 0.642 and 0.68 times as long as A).
Noise floor: 1.69%. Identical code measured against itself on this setup can look that different, so smaller differences mean nothing.
Neighbouring measurements are correlated (autocorrelation +0.20), so they were resampled in blocks of 3.

Verdict: RESOLVED. A is slower than B: the difference is real, as its interval excludes zero and it exceeds the noise floor.

Warnings:
  - the program holds 364 MB of live data, more than the caches of many machines; for data that size, where it lies in memory can shift the result by several points in ways the interval does not cover, and differently in the next process; run the comparison in several processes with the multiproc package

== street multi n=212449 valuesBetween: ordered vs ordered-lpage-mvzc
A: 5706 ns per operation (median)
B: 3032 ns per operation (median)
A needs 85.2% more time than B: B takes only 0.54 times as long as A.
With 95% confidence the difference lies between 81.7% and 91.6% more time (B takes between 0.522 and 0.55 times as long as A).
Noise floor: 2.03%. Identical code measured against itself on this setup can look that different, so smaller differences mean nothing.
Neighbouring measurements are nearly independent (autocorrelation -0.14), so they were resampled one by one.

Verdict: RESOLVED. A is slower than B: the difference is real, as its interval excludes zero and it exceeds the noise floor.

Warnings:
  - the program holds 364 MB of live data, more than the caches of many machines; for data that size, where it lies in memory can shift the result by several points in ways the interval does not cover, and differently in the next process; run the comparison in several processes with the multiproc package

== street multi n=212449 prefix: ordered vs btree-sets
A: 2.341e+04 ns per operation (median)
B: 7.46e+04 ns per operation (median)
A needs 68.3% less time than B: B takes 3.15 times as long as A.
With 95% confidence the difference lies between 64.9% and 70.7% less time (B takes between 2.85 and 3.42 times as long as A).
Noise floor: 1.93%. Identical code measured against itself on this setup can look that different, so smaller differences mean nothing.
Neighbouring measurements are nearly independent (autocorrelation -0.14), so they were resampled one by one.

Verdict: RESOLVED. A is faster than B: the difference is real, as its interval excludes zero and it exceeds the noise floor.

Warnings:
  - the program holds 364 MB of live data, more than the caches of many machines; for data that size, where it lies in memory can shift the result by several points in ways the interval does not cover, and differently in the next process; run the comparison in several processes with the multiproc package

== street multi n=212449 prefix: ordered vs ordered-lpage
A: 2.258e+04 ns per operation (median)
B: 2.245e+04 ns per operation (median)
A needs 2.84% less time than B: B takes 1.03 times as long as A.
With 95% confidence the difference lies between 4.99% more time and 6.06% less time (B takes between 0.952 and 1.06 times as long as A).
Noise floor: 6.7%. Identical code measured against itself on this setup can look that different, so smaller differences mean nothing.
Neighbouring measurements are nearly independent (autocorrelation -0.06), so they were resampled one by one.

Verdict: NOT RESOLVED. This run did not establish which candidate is faster. That is not the same as "equally fast": the warnings below say what is missing.

Warnings:
  - the difference of 2.84% does not clear the 6.70% noise floor, which is what this setup reports between two runs of identical code
  - the interval [-4.99%, 6.06%] includes zero, so a difference in either direction is consistent with these measurements
  - the program holds 364 MB of live data, more than the caches of many machines; for data that size, where it lies in memory can shift the result by several points in ways the interval does not cover, and differently in the next process; run the comparison in several processes with the multiproc package
  - in 50% of A/A runs this setup reported a difference between identical code, well above the 10% expected; treat any confidence from it with suspicion

== street multi n=212449 prefix: ordered vs ordered-lpage-mv
A: 2.188e+04 ns per operation (median)
B: 1.304e+04 ns per operation (median)
A needs 69.9% more time than B: B takes only 0.59 times as long as A.
With 95% confidence the difference lies between 62.9% and 75.2% more time (B takes between 0.571 and 0.61 times as long as A).
Noise floor: 4.45%. Identical code measured against itself on this setup can look that different, so smaller differences mean nothing.
Neighbouring measurements are nearly independent (autocorrelation -0.20), so they were resampled one by one.

Verdict: RESOLVED. A is slower than B: the difference is real, as its interval excludes zero and it exceeds the noise floor.

Warnings:
  - the program holds 368 MB of live data, more than the caches of many machines; for data that size, where it lies in memory can shift the result by several points in ways the interval does not cover, and differently in the next process; run the comparison in several processes with the multiproc package
  - candidate A drifted during the run: its measurements were 16% lower in the second half than in the first, so the machine did not hold still
  - candidate B drifted during the run: its measurements were 21.2% lower in the second half than in the first, so the machine did not hold still
  - in 50% of A/A runs this setup reported a difference between identical code, well above the 10% expected; treat any confidence from it with suspicion

== street multi n=212449 prefix: ordered vs ordered-lpage-mvzc
A: 2.026e+04 ns per operation (median)
B: 9358 ns per operation (median)
A needs 114% more time than B: B takes only 0.47 times as long as A.
With 95% confidence the difference lies between 111% and 119% more time (B takes between 0.458 and 0.47 times as long as A).
Noise floor: 8.52%. Identical code measured against itself on this setup can look that different, so smaller differences mean nothing.
Neighbouring measurements are nearly independent (autocorrelation -0.05), so they were resampled one by one.

Verdict: RESOLVED. A is slower than B: the difference is real, as its interval excludes zero and it exceeds the noise floor.

Warnings:
  - the program holds 368 MB of live data, more than the caches of many machines; for data that size, where it lies in memory can shift the result by several points in ways the interval does not cover, and differently in the next process; run the comparison in several processes with the multiproc package
  - in 50% of A/A runs this setup reported a difference between identical code, well above the 10% expected; treat any confidence from it with suspicion

== street multi n=212449 churn and build: ordered vs btree-sets
steady state, per insertion or deletion in a structure of 578999 elements (cycle of 1512160 operations, first pass untimed):
  A: 659.9 ns per operation (median)
  B: 873.3 ns per operation (median)
  A needs 25.2% less time than B: B takes 1.34 times as long as A.
  With 95% confidence the difference lies between 22.9% and 29.5% less time (B takes between 1.3 and 1.42 times as long as A).
  Noise floor: 3.83%. Identical code measured against itself on this setup can look that different, so smaller differences mean nothing.
  Neighbouring measurements are nearly independent (autocorrelation -0.59), so they were resampled one by one.
  
  Verdict: RESOLVED. A is faster than B: the difference is real, as its interval excludes zero and it exceeds the noise floor.
  
  Warnings:
    - the program holds 532 MB of live data, more than the caches of many machines; for data that size, where it lies in memory can shift the result by several points in ways the interval does not cover, and differently in the next process; run the comparison in several processes with the multiproc package

== street multi n=212449 churn and build: ordered vs ordered-lpage
steady state, per insertion or deletion in a structure of 578999 elements (cycle of 1512160 operations, first pass untimed):
  A: 553.4 ns per operation (median)
  B: 474.7 ns per operation (median)
  A needs 21.4% more time than B: B takes only 0.82 times as long as A.
  With 95% confidence the difference lies between 26.5% more time and 15.7% less time (B takes between 0.791 and 1.19 times as long as A).
  Noise floor: 19.1%. Identical code measured against itself on this setup can look that different, so smaller differences mean nothing.
  Neighbouring measurements are nearly independent (autocorrelation -0.91), so they were resampled one by one.
  
  Verdict: NOT RESOLVED. This run did not establish which candidate is faster. That is not the same as "equally fast": the warnings below say what is missing.
  
  Warnings:
    - the interval [-26.46%, 15.73%] includes zero, so a difference in either direction is consistent with these measurements
    - the program holds 489 MB of live data, more than the caches of many machines; for data that size, where it lies in memory can shift the result by several points in ways the interval does not cover, and differently in the next process; run the comparison in several processes with the multiproc package

== street multi n=212449 churn and build: ordered vs ordered-lpage-mv
steady state, per insertion or deletion in a structure of 578999 elements (cycle of 1512160 operations, first pass untimed):
  A: 569.7 ns per operation (median)
  B: 587.9 ns per operation (median)
  A needs 2.47% more time than B: B takes only 0.98 times as long as A.
  With 95% confidence the difference lies between 4.98% more time and 29% less time (B takes between 0.953 and 1.41 times as long as A).
  Noise floor: 14.7%. Identical code measured against itself on this setup can look that different, so smaller differences mean nothing.
  Neighbouring measurements are nearly independent (autocorrelation -0.64), so they were resampled one by one.
  
  Verdict: NOT RESOLVED. This run did not establish which candidate is faster. That is not the same as "equally fast": the warnings below say what is missing.
  
  Warnings:
    - the difference of -2.47% does not clear the 14.73% noise floor, which is what this setup reports between two runs of identical code
    - the interval [-4.98%, 28.99%] includes zero, so a difference in either direction is consistent with these measurements
    - the program holds 457 MB of live data, more than the caches of many machines; for data that size, where it lies in memory can shift the result by several points in ways the interval does not cover, and differently in the next process; run the comparison in several processes with the multiproc package

== street multi n=212449 churn and build: ordered vs ordered-lpage-mvzc
steady state, per insertion or deletion in a structure of 578999 elements (cycle of 1512160 operations, first pass untimed):
  A: 586.7 ns per operation (median)
  B: 677.5 ns per operation (median)
  A needs 10.3% less time than B: B takes 1.11 times as long as A.
  With 95% confidence the difference lies between 6.37% and 34.7% less time (B takes between 1.07 and 1.53 times as long as A).
  Noise floor: 14.8%. Identical code measured against itself on this setup can look that different, so smaller differences mean nothing.
  Neighbouring measurements are nearly independent (autocorrelation -0.88), so they were resampled one by one.
  
  Verdict: NOT RESOLVED. This run did not establish which candidate is faster. That is not the same as "equally fast": the warnings below say what is missing.
  
  Warnings:
    - the difference of 10.28% does not clear the 14.84% noise floor, which is what this setup reports between two runs of identical code
    - the program holds 482 MB of live data, more than the caches of many machines; for data that size, where it lies in memory can shift the result by several points in ways the interval does not cover, and differently in the next process; run the comparison in several processes with the multiproc package

checksum 5193669228961763539
== street multi n=212449 valuesFor: ordered vs btree-sets
A: 312.9 ns per operation (median)
B: 671.7 ns per operation (median)
A needs 54.3% less time than B: B takes 2.19 times as long as A.
With 95% confidence the difference lies between 51.9% and 55.3% less time (B takes between 2.08 and 2.24 times as long as A).
Noise floor: 3.62%. Identical code measured against itself on this setup can look that different, so smaller differences mean nothing.
Neighbouring measurements are nearly independent (autocorrelation +0.09), so they were resampled one by one.

Verdict: RESOLVED. A is faster than B: the difference is real, as its interval excludes zero and it exceeds the noise floor.

Warnings:
  - the program holds 373 MB of live data, more than the caches of many machines; for data that size, where it lies in memory can shift the result by several points in ways the interval does not cover, and differently in the next process; run the comparison in several processes with the multiproc package

== street multi n=212449 valuesFor: ordered vs ordered-lpage
A: 257.3 ns per operation (median)
B: 257.4 ns per operation (median)
A needs 0.892% more time than B: B takes only 0.99 times as long as A.
With 95% confidence the difference lies between 3.58% more time and 2.35% less time (B takes between 0.965 and 1.02 times as long as A).
Noise floor: 0.922%. Identical code measured against itself on this setup can look that different, so smaller differences mean nothing.
Neighbouring measurements are correlated (autocorrelation +0.20), so they were resampled in blocks of 3.

Verdict: NOT RESOLVED. This run did not establish which candidate is faster. That is not the same as "equally fast": the warnings below say what is missing.

Warnings:
  - the difference of -0.89% does not clear the 0.92% noise floor, which is what this setup reports between two runs of identical code
  - the interval [-3.58%, 2.35%] includes zero, so a difference in either direction is consistent with these measurements
  - the program holds 373 MB of live data, more than the caches of many machines; for data that size, where it lies in memory can shift the result by several points in ways the interval does not cover, and differently in the next process; run the comparison in several processes with the multiproc package

== street multi n=212449 valuesFor: ordered vs ordered-lpage-mv
A: 270 ns per operation (median)
B: 301.9 ns per operation (median)
A needs 9.78% less time than B: B takes 1.11 times as long as A.
With 95% confidence the difference lies between 6.92% and 14.5% less time (B takes between 1.07 and 1.17 times as long as A).
Noise floor: 0.878%. Identical code measured against itself on this setup can look that different, so smaller differences mean nothing.
Neighbouring measurements are nearly independent (autocorrelation +0.16), so they were resampled one by one.

Verdict: RESOLVED. A is faster than B: the difference is real, as its interval excludes zero and it exceeds the noise floor.

Warnings:
  - the program holds 373 MB of live data, more than the caches of many machines; for data that size, where it lies in memory can shift the result by several points in ways the interval does not cover, and differently in the next process; run the comparison in several processes with the multiproc package

== street multi n=212449 valuesFor: ordered vs ordered-lpage-mvzc
A: 261.3 ns per operation (median)
B: 270.1 ns per operation (median)
A needs 3.36% less time than B: B takes 1.03 times as long as A.
With 95% confidence the difference lies between 0.674% more time and 6.61% less time (B takes between 0.993 and 1.07 times as long as A).
Noise floor: 0.65%. Identical code measured against itself on this setup can look that different, so smaller differences mean nothing.
Neighbouring measurements are nearly independent (autocorrelation -0.30), so they were resampled one by one.

Verdict: NOT RESOLVED. This run did not establish which candidate is faster. That is not the same as "equally fast": the warnings below say what is missing.

Warnings:
  - the interval [-0.67%, 6.61%] includes zero, so a difference in either direction is consistent with these measurements
  - the program holds 373 MB of live data, more than the caches of many machines; for data that size, where it lies in memory can shift the result by several points in ways the interval does not cover, and differently in the next process; run the comparison in several processes with the multiproc package

== street multi n=212449 valuesBetween: ordered vs btree-sets
A: 6889 ns per operation (median)
B: 2.007e+04 ns per operation (median)
A needs 65.5% less time than B: B takes 2.90 times as long as A.
With 95% confidence the difference lies between 65% and 66.9% less time (B takes between 2.86 and 3.02 times as long as A).
Noise floor: 1.05%. Identical code measured against itself on this setup can look that different, so smaller differences mean nothing.
Neighbouring measurements are nearly independent (autocorrelation +0.03), so they were resampled one by one.

Verdict: RESOLVED. A is faster than B: the difference is real, as its interval excludes zero and it exceeds the noise floor.

Warnings:
  - the program holds 373 MB of live data, more than the caches of many machines; for data that size, where it lies in memory can shift the result by several points in ways the interval does not cover, and differently in the next process; run the comparison in several processes with the multiproc package
  - candidate B drifted during the run: its measurements were 3.73% lower in the second half than in the first, so the machine did not hold still

== street multi n=212449 valuesBetween: ordered vs ordered-lpage
A: 6077 ns per operation (median)
B: 6149 ns per operation (median)
A needs 0.623% less time than B: B takes 1.01 times as long as A.
With 95% confidence the difference lies between 1.11% more time and 2.94% less time (B takes between 0.989 and 1.03 times as long as A).
Noise floor: 1.6%. Identical code measured against itself on this setup can look that different, so smaller differences mean nothing.
Neighbouring measurements are nearly independent (autocorrelation +0.13), so they were resampled one by one.

Verdict: NOT RESOLVED. This run did not establish which candidate is faster. That is not the same as "equally fast": the warnings below say what is missing.

Warnings:
  - the difference of 0.62% does not clear the 1.60% noise floor, which is what this setup reports between two runs of identical code
  - the interval [-1.11%, 2.94%] includes zero, so a difference in either direction is consistent with these measurements
  - the program holds 373 MB of live data, more than the caches of many machines; for data that size, where it lies in memory can shift the result by several points in ways the interval does not cover, and differently in the next process; run the comparison in several processes with the multiproc package

== street multi n=212449 valuesBetween: ordered vs ordered-lpage-mv
A: 6173 ns per operation (median)
B: 3959 ns per operation (median)
A needs 54.4% more time than B: B takes only 0.65 times as long as A.
With 95% confidence the difference lies between 50.9% and 59.9% more time (B takes between 0.625 and 0.66 times as long as A).
Noise floor: 0.866%. Identical code measured against itself on this setup can look that different, so smaller differences mean nothing.
Neighbouring measurements are nearly independent (autocorrelation +0.01), so they were resampled one by one.

Verdict: RESOLVED. A is slower than B: the difference is real, as its interval excludes zero and it exceeds the noise floor.

Warnings:
  - the program holds 373 MB of live data, more than the caches of many machines; for data that size, where it lies in memory can shift the result by several points in ways the interval does not cover, and differently in the next process; run the comparison in several processes with the multiproc package

== street multi n=212449 valuesBetween: ordered vs ordered-lpage-mvzc
A: 5784 ns per operation (median)
B: 3044 ns per operation (median)
A needs 88.5% more time than B: B takes only 0.53 times as long as A.
With 95% confidence the difference lies between 83.4% and 94.1% more time (B takes between 0.515 and 0.55 times as long as A).
Noise floor: 1.74%. Identical code measured against itself on this setup can look that different, so smaller differences mean nothing.
Neighbouring measurements are nearly independent (autocorrelation -0.06), so they were resampled one by one.

Verdict: RESOLVED. A is slower than B: the difference is real, as its interval excludes zero and it exceeds the noise floor.

Warnings:
  - the program holds 373 MB of live data, more than the caches of many machines; for data that size, where it lies in memory can shift the result by several points in ways the interval does not cover, and differently in the next process; run the comparison in several processes with the multiproc package

== street multi n=212449 prefix: ordered vs btree-sets
A: 2.331e+04 ns per operation (median)
B: 7.571e+04 ns per operation (median)
A needs 68.5% less time than B: B takes 3.18 times as long as A.
With 95% confidence the difference lies between 65.9% and 70.9% less time (B takes between 2.93 and 3.44 times as long as A).
Noise floor: 1.22%. Identical code measured against itself on this setup can look that different, so smaller differences mean nothing.
Neighbouring measurements are nearly independent (autocorrelation -0.13), so they were resampled one by one.

Verdict: RESOLVED. A is faster than B: the difference is real, as its interval excludes zero and it exceeds the noise floor.

Warnings:
  - the program holds 373 MB of live data, more than the caches of many machines; for data that size, where it lies in memory can shift the result by several points in ways the interval does not cover, and differently in the next process; run the comparison in several processes with the multiproc package

== street multi n=212449 prefix: ordered vs ordered-lpage
A: 2.36e+04 ns per operation (median)
B: 2.445e+04 ns per operation (median)
A needs 5.24% less time than B: B takes 1.06 times as long as A.
With 95% confidence the difference lies between 5.22% more time and 7.4% less time (B takes between 0.95 and 1.08 times as long as A).
Noise floor: 5.74%. Identical code measured against itself on this setup can look that different, so smaller differences mean nothing.
Neighbouring measurements are nearly independent (autocorrelation -0.17), so they were resampled one by one.

Verdict: NOT RESOLVED. This run did not establish which candidate is faster. That is not the same as "equally fast": the warnings below say what is missing.

Warnings:
  - the difference of 5.24% does not clear the 5.74% noise floor, which is what this setup reports between two runs of identical code
  - the interval [-5.22%, 7.40%] includes zero, so a difference in either direction is consistent with these measurements
  - the program holds 373 MB of live data, more than the caches of many machines; for data that size, where it lies in memory can shift the result by several points in ways the interval does not cover, and differently in the next process; run the comparison in several processes with the multiproc package
  - candidate B drifted during the run: its measurements were 9.52% higher in the second half than in the first, so the machine did not hold still
  - in 50% of A/A runs this setup reported a difference between identical code, well above the 10% expected; treat any confidence from it with suspicion

== street multi n=212449 prefix: ordered vs ordered-lpage-mv
A: 2.094e+04 ns per operation (median)
B: 1.196e+04 ns per operation (median)
A needs 70.9% more time than B: B takes only 0.59 times as long as A.
With 95% confidence the difference lies between 66.7% and 78.6% more time (B takes between 0.56 and 0.60 times as long as A).
Noise floor: 6.08%. Identical code measured against itself on this setup can look that different, so smaller differences mean nothing.
Neighbouring measurements are nearly independent (autocorrelation -0.16), so they were resampled one by one.

Verdict: RESOLVED. A is slower than B: the difference is real, as its interval excludes zero and it exceeds the noise floor.

Warnings:
  - the program holds 368 MB of live data, more than the caches of many machines; for data that size, where it lies in memory can shift the result by several points in ways the interval does not cover, and differently in the next process; run the comparison in several processes with the multiproc package

== street multi n=212449 prefix: ordered vs ordered-lpage-mvzc
A: 2.033e+04 ns per operation (median)
B: 9485 ns per operation (median)
A needs 114% more time than B: B takes only 0.47 times as long as A.
With 95% confidence the difference lies between 109% and 121% more time (B takes between 0.453 and 0.48 times as long as A).
Noise floor: 9.58%. Identical code measured against itself on this setup can look that different, so smaller differences mean nothing.
Neighbouring measurements are nearly independent (autocorrelation -0.06), so they were resampled one by one.

Verdict: RESOLVED. A is slower than B: the difference is real, as its interval excludes zero and it exceeds the noise floor.

Warnings:
  - the program holds 368 MB of live data, more than the caches of many machines; for data that size, where it lies in memory can shift the result by several points in ways the interval does not cover, and differently in the next process; run the comparison in several processes with the multiproc package
  - candidate B drifted during the run: its measurements were 10.3% higher in the second half than in the first, so the machine did not hold still
  - in 50% of A/A runs this setup reported a difference between identical code, well above the 10% expected; treat any confidence from it with suspicion

== street multi n=212449 churn and build: ordered vs btree-sets
steady state, per insertion or deletion in a structure of 578999 elements (cycle of 1512160 operations, first pass untimed):
  A: 642.5 ns per operation (median)
  B: 893.3 ns per operation (median)
  A needs 28% less time than B: B takes 1.39 times as long as A.
  With 95% confidence the difference lies between 25.5% and 30.7% less time (B takes between 1.34 and 1.44 times as long as A).
  Noise floor: 3.66%. Identical code measured against itself on this setup can look that different, so smaller differences mean nothing.
  Neighbouring measurements are correlated (autocorrelation +0.70), so they were resampled in blocks of 3.
  
  Verdict: RESOLVED. A is faster than B: the difference is real, as its interval excludes zero and it exceeds the noise floor.
  
  Warnings:
    - the program holds 532 MB of live data, more than the caches of many machines; for data that size, where it lies in memory can shift the result by several points in ways the interval does not cover, and differently in the next process; run the comparison in several processes with the multiproc package

== street multi n=212449 churn and build: ordered vs ordered-lpage
steady state, per insertion or deletion in a structure of 578999 elements (cycle of 1512160 operations, first pass untimed):
  A: 565 ns per operation (median)
  B: 482.2 ns per operation (median)
  A needs 24% more time than B: B takes only 0.81 times as long as A.
  With 95% confidence the difference lies between 27.2% more time and 17.9% less time (B takes between 0.786 and 1.22 times as long as A).
  Noise floor: 16.7%. Identical code measured against itself on this setup can look that different, so smaller differences mean nothing.
  Neighbouring measurements are nearly independent (autocorrelation -0.66), so they were resampled one by one.
  
  Verdict: NOT RESOLVED. This run did not establish which candidate is faster. That is not the same as "equally fast": the warnings below say what is missing.
  
  Warnings:
    - the interval [-27.22%, 17.93%] includes zero, so a difference in either direction is consistent with these measurements
    - the program holds 497 MB of live data, more than the caches of many machines; for data that size, where it lies in memory can shift the result by several points in ways the interval does not cover, and differently in the next process; run the comparison in several processes with the multiproc package

== street multi n=212449 churn and build: ordered vs ordered-lpage-mv
steady state, per insertion or deletion in a structure of 578999 elements (cycle of 1512160 operations, first pass untimed):
  A: 597.4 ns per operation (median)
  B: 594 ns per operation (median)
  A needs 4.46% more time than B: B takes only 0.96 times as long as A.
  With 95% confidence the difference lies between 7.47% more time and 29% less time (B takes between 0.931 and 1.41 times as long as A).
  Noise floor: 15%. Identical code measured against itself on this setup can look that different, so smaller differences mean nothing.
  Neighbouring measurements are nearly independent (autocorrelation -0.93), so they were resampled one by one.
  
  Verdict: NOT RESOLVED. This run did not establish which candidate is faster. That is not the same as "equally fast": the warnings below say what is missing.
  
  Warnings:
    - the difference of -4.46% does not clear the 15.04% noise floor, which is what this setup reports between two runs of identical code
    - the interval [-7.47%, 28.95%] includes zero, so a difference in either direction is consistent with these measurements
    - the program holds 458 MB of live data, more than the caches of many machines; for data that size, where it lies in memory can shift the result by several points in ways the interval does not cover, and differently in the next process; run the comparison in several processes with the multiproc package

== street multi n=212449 churn and build: ordered vs ordered-lpage-mvzc
steady state, per insertion or deletion in a structure of 578999 elements (cycle of 1512160 operations, first pass untimed):
  A: 595 ns per operation (median)
  B: 699.5 ns per operation (median)
  A needs 13.1% less time than B: B takes 1.15 times as long as A.
  With 95% confidence the difference lies between 9.55% and 37.3% less time (B takes between 1.11 and 1.59 times as long as A).
  Noise floor: 15.8%. Identical code measured against itself on this setup can look that different, so smaller differences mean nothing.
  Neighbouring measurements are nearly independent (autocorrelation -0.93), so they were resampled one by one.
  
  Verdict: NOT RESOLVED. This run did not establish which candidate is faster. That is not the same as "equally fast": the warnings below say what is missing.
  
  Warnings:
    - the difference of 13.13% does not clear the 15.81% noise floor, which is what this setup reports between two runs of identical code
    - the program holds 485 MB of live data, more than the caches of many machines; for data that size, where it lies in memory can shift the result by several points in ways the interval does not cover, and differently in the next process; run the comparison in several processes with the multiproc package

checksum 13667373187309921069
== street multi n=212449 valuesFor: ordered vs btree-sets
A: 310 ns per operation (median)
B: 661.2 ns per operation (median)
A needs 53.7% less time than B: B takes 2.16 times as long as A.
With 95% confidence the difference lies between 50.4% and 55.1% less time (B takes between 2.02 and 2.23 times as long as A).
Noise floor: 1.18%. Identical code measured against itself on this setup can look that different, so smaller differences mean nothing.
Neighbouring measurements are nearly independent (autocorrelation -0.49), so they were resampled one by one.

Verdict: RESOLVED. A is faster than B: the difference is real, as its interval excludes zero and it exceeds the noise floor.

Warnings:
  - the program holds 372 MB of live data, more than the caches of many machines; for data that size, where it lies in memory can shift the result by several points in ways the interval does not cover, and differently in the next process; run the comparison in several processes with the multiproc package

== street multi n=212449 valuesFor: ordered vs ordered-lpage
A: 259.1 ns per operation (median)
B: 254.8 ns per operation (median)
A needs 1.1% more time than B: B takes only 0.99 times as long as A.
With 95% confidence the difference lies between 4.41% more time and 1.36% less time (B takes between 0.958 and 1.01 times as long as A).
Noise floor: 2.17%. Identical code measured against itself on this setup can look that different, so smaller differences mean nothing.
Neighbouring measurements are nearly independent (autocorrelation -0.23), so they were resampled one by one.

Verdict: NOT RESOLVED. This run did not establish which candidate is faster. That is not the same as "equally fast": the warnings below say what is missing.

Warnings:
  - the difference of -1.10% does not clear the 2.17% noise floor, which is what this setup reports between two runs of identical code
  - the interval [-4.41%, 1.36%] includes zero, so a difference in either direction is consistent with these measurements
  - the program holds 372 MB of live data, more than the caches of many machines; for data that size, where it lies in memory can shift the result by several points in ways the interval does not cover, and differently in the next process; run the comparison in several processes with the multiproc package

== street multi n=212449 valuesFor: ordered vs ordered-lpage-mv
A: 326.5 ns per operation (median)
B: 348.6 ns per operation (median)
A needs 7.18% less time than B: B takes 1.08 times as long as A.
With 95% confidence the difference lies between 1.53% and 9.21% less time (B takes between 1.02 and 1.10 times as long as A).
Noise floor: 1.4%. Identical code measured against itself on this setup can look that different, so smaller differences mean nothing.
Neighbouring measurements are nearly independent (autocorrelation +0.14), so they were resampled one by one.

Verdict: RESOLVED. A is faster than B: the difference is real, as its interval excludes zero and it exceeds the noise floor.

Warnings:
  - the program holds 372 MB of live data, more than the caches of many machines; for data that size, where it lies in memory can shift the result by several points in ways the interval does not cover, and differently in the next process; run the comparison in several processes with the multiproc package

== street multi n=212449 valuesFor: ordered vs ordered-lpage-mvzc
A: 266.4 ns per operation (median)
B: 276 ns per operation (median)
A needs 3.2% less time than B: B takes 1.03 times as long as A.
With 95% confidence the difference lies between 0.224% more time and 6.11% less time (B takes between 0.998 and 1.07 times as long as A).
Noise floor: 2.36%. Identical code measured against itself on this setup can look that different, so smaller differences mean nothing.
Neighbouring measurements are nearly independent (autocorrelation -0.48), so they were resampled one by one.

Verdict: NOT RESOLVED. This run did not establish which candidate is faster. That is not the same as "equally fast": the warnings below say what is missing.

Warnings:
  - the interval [-0.22%, 6.11%] includes zero, so a difference in either direction is consistent with these measurements
  - the program holds 372 MB of live data, more than the caches of many machines; for data that size, where it lies in memory can shift the result by several points in ways the interval does not cover, and differently in the next process; run the comparison in several processes with the multiproc package

== street multi n=212449 valuesBetween: ordered vs btree-sets
A: 7241 ns per operation (median)
B: 2.035e+04 ns per operation (median)
A needs 64.8% less time than B: B takes 2.84 times as long as A.
With 95% confidence the difference lies between 64.3% and 65.3% less time (B takes between 2.8 and 2.88 times as long as A).
Noise floor: 2.45%. Identical code measured against itself on this setup can look that different, so smaller differences mean nothing.
Neighbouring measurements are nearly independent (autocorrelation -0.03), so they were resampled one by one.

Verdict: RESOLVED. A is faster than B: the difference is real, as its interval excludes zero and it exceeds the noise floor.

Warnings:
  - the program holds 372 MB of live data, more than the caches of many machines; for data that size, where it lies in memory can shift the result by several points in ways the interval does not cover, and differently in the next process; run the comparison in several processes with the multiproc package

== street multi n=212449 valuesBetween: ordered vs ordered-lpage
A: 6253 ns per operation (median)
B: 6119 ns per operation (median)
A needs 0.818% more time than B: B takes only 0.99 times as long as A.
With 95% confidence the difference lies between 5.44% more time and 0.742% less time (B takes between 0.948 and 1.01 times as long as A).
Noise floor: 2.24%. Identical code measured against itself on this setup can look that different, so smaller differences mean nothing.
Neighbouring measurements are nearly independent (autocorrelation -0.04), so they were resampled one by one.

Verdict: NOT RESOLVED. This run did not establish which candidate is faster. That is not the same as "equally fast": the warnings below say what is missing.

Warnings:
  - the difference of -0.82% does not clear the 2.24% noise floor, which is what this setup reports between two runs of identical code
  - the interval [-5.44%, 0.74%] includes zero, so a difference in either direction is consistent with these measurements
  - the program holds 372 MB of live data, more than the caches of many machines; for data that size, where it lies in memory can shift the result by several points in ways the interval does not cover, and differently in the next process; run the comparison in several processes with the multiproc package
  - in 50% of A/A runs this setup reported a difference between identical code, well above the 10% expected; treat any confidence from it with suspicion

== street multi n=212449 valuesBetween: ordered vs ordered-lpage-mv
A: 6136 ns per operation (median)
B: 3846 ns per operation (median)
A needs 58.4% more time than B: B takes only 0.63 times as long as A.
With 95% confidence the difference lies between 55.6% and 62.9% more time (B takes between 0.614 and 0.64 times as long as A).
Noise floor: 1.73%. Identical code measured against itself on this setup can look that different, so smaller differences mean nothing.
Neighbouring measurements are nearly independent (autocorrelation -0.05), so they were resampled one by one.

Verdict: RESOLVED. A is slower than B: the difference is real, as its interval excludes zero and it exceeds the noise floor.

Warnings:
  - the program holds 372 MB of live data, more than the caches of many machines; for data that size, where it lies in memory can shift the result by several points in ways the interval does not cover, and differently in the next process; run the comparison in several processes with the multiproc package

== street multi n=212449 valuesBetween: ordered vs ordered-lpage-mvzc
A: 5932 ns per operation (median)
B: 3145 ns per operation (median)
A needs 89.5% more time than B: B takes only 0.53 times as long as A.
With 95% confidence the difference lies between 84% and 95% more time (B takes between 0.513 and 0.54 times as long as A).
Noise floor: 3.48%. Identical code measured against itself on this setup can look that different, so smaller differences mean nothing.
Neighbouring measurements are nearly independent (autocorrelation -0.10), so they were resampled one by one.

Verdict: RESOLVED. A is slower than B: the difference is real, as its interval excludes zero and it exceeds the noise floor.

Warnings:
  - the program holds 372 MB of live data, more than the caches of many machines; for data that size, where it lies in memory can shift the result by several points in ways the interval does not cover, and differently in the next process; run the comparison in several processes with the multiproc package

== street multi n=212449 prefix: ordered vs btree-sets
A: 2.384e+04 ns per operation (median)
B: 7.317e+04 ns per operation (median)
A needs 67.6% less time than B: B takes 3.09 times as long as A.
With 95% confidence the difference lies between 64.2% and 69.9% less time (B takes between 2.8 and 3.32 times as long as A).
Noise floor: 2.62%. Identical code measured against itself on this setup can look that different, so smaller differences mean nothing.
Neighbouring measurements are nearly independent (autocorrelation -0.11), so they were resampled one by one.

Verdict: RESOLVED. A is faster than B: the difference is real, as its interval excludes zero and it exceeds the noise floor.

Warnings:
  - the program holds 372 MB of live data, more than the caches of many machines; for data that size, where it lies in memory can shift the result by several points in ways the interval does not cover, and differently in the next process; run the comparison in several processes with the multiproc package

== street multi n=212449 prefix: ordered vs ordered-lpage
A: 2.705e+04 ns per operation (median)
B: 2.521e+04 ns per operation (median)
A needs 6.12% more time than B: B takes only 0.94 times as long as A.
With 95% confidence the difference lies between 12.6% more time and 4.68% less time (B takes between 0.888 and 1.05 times as long as A).
Noise floor: 4.99%. Identical code measured against itself on this setup can look that different, so smaller differences mean nothing.
Neighbouring measurements are nearly independent (autocorrelation -0.15), so they were resampled one by one.

Verdict: NOT RESOLVED. This run did not establish which candidate is faster. That is not the same as "equally fast": the warnings below say what is missing.

Warnings:
  - the interval [-12.58%, 4.68%] includes zero, so a difference in either direction is consistent with these measurements
  - the program holds 372 MB of live data, more than the caches of many machines; for data that size, where it lies in memory can shift the result by several points in ways the interval does not cover, and differently in the next process; run the comparison in several processes with the multiproc package
  - in 50% of A/A runs this setup reported a difference between identical code, well above the 10% expected; treat any confidence from it with suspicion

== street multi n=212449 prefix: ordered vs ordered-lpage-mv
A: 2.389e+04 ns per operation (median)
B: 1.304e+04 ns per operation (median)
A needs 78.5% more time than B: B takes only 0.56 times as long as A.
With 95% confidence the difference lies between 73.8% and 85.6% more time (B takes between 0.539 and 0.58 times as long as A).
Noise floor: 6.32%. Identical code measured against itself on this setup can look that different, so smaller differences mean nothing.
Neighbouring measurements are nearly independent (autocorrelation +0.10), so they were resampled one by one.

Verdict: RESOLVED. A is slower than B: the difference is real, as its interval excludes zero and it exceeds the noise floor.

Warnings:
  - the program holds 366 MB of live data, more than the caches of many machines; for data that size, where it lies in memory can shift the result by several points in ways the interval does not cover, and differently in the next process; run the comparison in several processes with the multiproc package

== street multi n=212449 prefix: ordered vs ordered-lpage-mvzc
A: 2.085e+04 ns per operation (median)
B: 9405 ns per operation (median)
A needs 120% more time than B: B takes only 0.45 times as long as A.
With 95% confidence the difference lies between 115% and 125% more time (B takes between 0.444 and 0.46 times as long as A).
Noise floor: 8.33%. Identical code measured against itself on this setup can look that different, so smaller differences mean nothing.
Neighbouring measurements are nearly independent (autocorrelation -0.12), so they were resampled one by one.

Verdict: RESOLVED. A is slower than B: the difference is real, as its interval excludes zero and it exceeds the noise floor.

Warnings:
  - the program holds 366 MB of live data, more than the caches of many machines; for data that size, where it lies in memory can shift the result by several points in ways the interval does not cover, and differently in the next process; run the comparison in several processes with the multiproc package
  - in 50% of A/A runs this setup reported a difference between identical code, well above the 10% expected; treat any confidence from it with suspicion

== street multi n=212449 churn and build: ordered vs btree-sets
steady state, per insertion or deletion in a structure of 578999 elements (cycle of 1512160 operations, first pass untimed):
  A: 699.3 ns per operation (median)
  B: 976.4 ns per operation (median)
  A needs 28% less time than B: B takes 1.39 times as long as A.
  With 95% confidence the difference lies between 24.5% and 30.4% less time (B takes between 1.32 and 1.44 times as long as A).
  Noise floor: 2.18%. Identical code measured against itself on this setup can look that different, so smaller differences mean nothing.
  Neighbouring measurements are nearly independent (autocorrelation -0.11), so they were resampled one by one.
  
  Verdict: RESOLVED. A is faster than B: the difference is real, as its interval excludes zero and it exceeds the noise floor.
  
  Warnings:
    - the program holds 532 MB of live data, more than the caches of many machines; for data that size, where it lies in memory can shift the result by several points in ways the interval does not cover, and differently in the next process; run the comparison in several processes with the multiproc package

== street multi n=212449 churn and build: ordered vs ordered-lpage
steady state, per insertion or deletion in a structure of 578999 elements (cycle of 1512160 operations, first pass untimed):
  A: 655.9 ns per operation (median)
  B: 613.5 ns per operation (median)
  A needs 22.5% more time than B: B takes only 0.82 times as long as A.
  With 95% confidence the difference lies between 30% more time and 18.7% less time (B takes between 0.769 and 1.23 times as long as A).
  Noise floor: 15.8%. Identical code measured against itself on this setup can look that different, so smaller differences mean nothing.
  Neighbouring measurements are nearly independent (autocorrelation -0.87), so they were resampled one by one.
  
  Verdict: NOT RESOLVED. This run did not establish which candidate is faster. That is not the same as "equally fast": the warnings below say what is missing.
  
  Warnings:
    - the interval [-30.01%, 18.72%] includes zero, so a difference in either direction is consistent with these measurements
    - the program holds 495 MB of live data, more than the caches of many machines; for data that size, where it lies in memory can shift the result by several points in ways the interval does not cover, and differently in the next process; run the comparison in several processes with the multiproc package

== street multi n=212449 churn and build: ordered vs ordered-lpage-mv
steady state, per insertion or deletion in a structure of 578999 elements (cycle of 1512160 operations, first pass untimed):
  A: 586.5 ns per operation (median)
  B: 602.4 ns per operation (median)
  A needs 0.2% less time than B: B takes 1.00 times as long as A.
  With 95% confidence the difference lies between 5.26% more time and 28.7% less time (B takes between 0.95 and 1.40 times as long as A).
  Noise floor: 15.4%. Identical code measured against itself on this setup can look that different, so smaller differences mean nothing.
  Neighbouring measurements are nearly independent (autocorrelation -0.52), so they were resampled one by one.
  
  Verdict: NOT RESOLVED. This run did not establish which candidate is faster. That is not the same as "equally fast": the warnings below say what is missing.
  
  Warnings:
    - the difference of 0.20% does not clear the 15.40% noise floor, which is what this setup reports between two runs of identical code
    - the interval [-5.26%, 28.65%] includes zero, so a difference in either direction is consistent with these measurements
    - the program holds 457 MB of live data, more than the caches of many machines; for data that size, where it lies in memory can shift the result by several points in ways the interval does not cover, and differently in the next process; run the comparison in several processes with the multiproc package

== street multi n=212449 churn and build: ordered vs ordered-lpage-mvzc
steady state, per insertion or deletion in a structure of 578999 elements (cycle of 1512160 operations, first pass untimed):
  A: 644.5 ns per operation (median)
  B: 800.1 ns per operation (median)
  A needs 7.36% less time than B: B takes 1.08 times as long as A.
  With 95% confidence the difference lies between 4.17% and 33.3% less time (B takes between 1.04 and 1.50 times as long as A).
  Noise floor: 15.7%. Identical code measured against itself on this setup can look that different, so smaller differences mean nothing.
  Neighbouring measurements are nearly independent (autocorrelation -0.88), so they were resampled one by one.
  
  Verdict: NOT RESOLVED. This run did not establish which candidate is faster. That is not the same as "equally fast": the warnings below say what is missing.
  
  Warnings:
    - the difference of 7.36% does not clear the 15.66% noise floor, which is what this setup reports between two runs of identical code
    - the program holds 484 MB of live data, more than the caches of many machines; for data that size, where it lies in memory can shift the result by several points in ways the interval does not cover, and differently in the next process; run the comparison in several processes with the multiproc package

checksum 8650529623206565678
== street multi n=212449 valuesFor: ordered vs btree-sets
A: 312.2 ns per operation (median)
B: 679 ns per operation (median)
A needs 54.2% less time than B: B takes 2.18 times as long as A.
With 95% confidence the difference lies between 52.1% and 55.7% less time (B takes between 2.09 and 2.26 times as long as A).
Noise floor: 2.62%. Identical code measured against itself on this setup can look that different, so smaller differences mean nothing.
Neighbouring measurements are nearly independent (autocorrelation -0.51), so they were resampled one by one.

Verdict: RESOLVED. A is faster than B: the difference is real, as its interval excludes zero and it exceeds the noise floor.

Warnings:
  - the program holds 331 MB of live data, more than the caches of many machines; for data that size, where it lies in memory can shift the result by several points in ways the interval does not cover, and differently in the next process; run the comparison in several processes with the multiproc package

== street multi n=212449 valuesFor: ordered vs ordered-lpage
A: 262.8 ns per operation (median)
B: 262.4 ns per operation (median)
A needs 0.885% less time than B: B takes 1.01 times as long as A.
With 95% confidence the difference lies between 3.26% more time and 2.39% less time (B takes between 0.968 and 1.02 times as long as A).
Noise floor: 2.1%. Identical code measured against itself on this setup can look that different, so smaller differences mean nothing.
Neighbouring measurements are nearly independent (autocorrelation -0.03), so they were resampled one by one.

Verdict: NOT RESOLVED. This run did not establish which candidate is faster. That is not the same as "equally fast": the warnings below say what is missing.

Warnings:
  - the difference of 0.89% does not clear the 2.10% noise floor, which is what this setup reports between two runs of identical code
  - the interval [-3.26%, 2.39%] includes zero, so a difference in either direction is consistent with these measurements
  - the program holds 331 MB of live data, more than the caches of many machines; for data that size, where it lies in memory can shift the result by several points in ways the interval does not cover, and differently in the next process; run the comparison in several processes with the multiproc package

== street multi n=212449 valuesFor: ordered vs ordered-lpage-mv
A: 280 ns per operation (median)
B: 309.5 ns per operation (median)
A needs 12% less time than B: B takes 1.14 times as long as A.
With 95% confidence the difference lies between 6.18% and 13.7% less time (B takes between 1.07 and 1.16 times as long as A).
Noise floor: 1.54%. Identical code measured against itself on this setup can look that different, so smaller differences mean nothing.
Neighbouring measurements are nearly independent (autocorrelation -0.35), so they were resampled one by one.

Verdict: RESOLVED. A is faster than B: the difference is real, as its interval excludes zero and it exceeds the noise floor.

Warnings:
  - the program holds 331 MB of live data, more than the caches of many machines; for data that size, where it lies in memory can shift the result by several points in ways the interval does not cover, and differently in the next process; run the comparison in several processes with the multiproc package

== street multi n=212449 valuesFor: ordered vs ordered-lpage-mvzc
A: 261.4 ns per operation (median)
B: 274.6 ns per operation (median)
A needs 5.69% less time than B: B takes 1.06 times as long as A.
With 95% confidence the difference lies between 3% and 6.84% less time (B takes between 1.03 and 1.07 times as long as A).
Noise floor: 1.4%. Identical code measured against itself on this setup can look that different, so smaller differences mean nothing.
Neighbouring measurements are correlated (autocorrelation +0.51), so they were resampled in blocks of 3.

Verdict: RESOLVED. A is faster than B: the difference is real, as its interval excludes zero and it exceeds the noise floor.

Warnings:
  - the program holds 366 MB of live data, more than the caches of many machines; for data that size, where it lies in memory can shift the result by several points in ways the interval does not cover, and differently in the next process; run the comparison in several processes with the multiproc package

== street multi n=212449 valuesBetween: ordered vs btree-sets
A: 7867 ns per operation (median)
B: 2.147e+04 ns per operation (median)
A needs 63.5% less time than B: B takes 2.74 times as long as A.
With 95% confidence the difference lies between 62.8% and 64.4% less time (B takes between 2.69 and 2.81 times as long as A).
Noise floor: 0.759%. Identical code measured against itself on this setup can look that different, so smaller differences mean nothing.
Neighbouring measurements are nearly independent (autocorrelation +0.05), so they were resampled one by one.

Verdict: RESOLVED. A is faster than B: the difference is real, as its interval excludes zero and it exceeds the noise floor.

Warnings:
  - the program holds 366 MB of live data, more than the caches of many machines; for data that size, where it lies in memory can shift the result by several points in ways the interval does not cover, and differently in the next process; run the comparison in several processes with the multiproc package
  - candidate A drifted during the run: its measurements were 6.4% lower in the second half than in the first, so the machine did not hold still
  - candidate B drifted during the run: its measurements were 3.87% lower in the second half than in the first, so the machine did not hold still

== street multi n=212449 valuesBetween: ordered vs ordered-lpage
A: 6591 ns per operation (median)
B: 6573 ns per operation (median)
A needs 2.09% more time than B: B takes only 0.98 times as long as A.
With 95% confidence the difference lies between 4.54% more time and 3.14% less time (B takes between 0.957 and 1.03 times as long as A).
Noise floor: 2.99%. Identical code measured against itself on this setup can look that different, so smaller differences mean nothing.
Neighbouring measurements are nearly independent (autocorrelation -0.22), so they were resampled one by one.

Verdict: NOT RESOLVED. This run did not establish which candidate is faster. That is not the same as "equally fast": the warnings below say what is missing.

Warnings:
  - the difference of -2.09% does not clear the 2.99% noise floor, which is what this setup reports between two runs of identical code
  - the interval [-4.54%, 3.14%] includes zero, so a difference in either direction is consistent with these measurements
  - the program holds 366 MB of live data, more than the caches of many machines; for data that size, where it lies in memory can shift the result by several points in ways the interval does not cover, and differently in the next process; run the comparison in several processes with the multiproc package

== street multi n=212449 valuesBetween: ordered vs ordered-lpage-mv
A: 5960 ns per operation (median)
B: 3703 ns per operation (median)
A needs 61% more time than B: B takes only 0.62 times as long as A.
With 95% confidence the difference lies between 55.4% and 65.4% more time (B takes between 0.605 and 0.64 times as long as A).
Noise floor: 1.57%. Identical code measured against itself on this setup can look that different, so smaller differences mean nothing.
Neighbouring measurements are nearly independent (autocorrelation -0.03), so they were resampled one by one.

Verdict: RESOLVED. A is slower than B: the difference is real, as its interval excludes zero and it exceeds the noise floor.

Warnings:
  - the program holds 366 MB of live data, more than the caches of many machines; for data that size, where it lies in memory can shift the result by several points in ways the interval does not cover, and differently in the next process; run the comparison in several processes with the multiproc package
  - in 50% of A/A runs this setup reported a difference between identical code, well above the 10% expected; treat any confidence from it with suspicion

== street multi n=212449 valuesBetween: ordered vs ordered-lpage-mvzc
A: 5936 ns per operation (median)
B: 3224 ns per operation (median)
A needs 85.7% more time than B: B takes only 0.54 times as long as A.
With 95% confidence the difference lies between 80.5% and 95.2% more time (B takes between 0.512 and 0.55 times as long as A).
Noise floor: 2%. Identical code measured against itself on this setup can look that different, so smaller differences mean nothing.
Neighbouring measurements are correlated (autocorrelation +0.33), so they were resampled in blocks of 3.

Verdict: RESOLVED. A is slower than B: the difference is real, as its interval excludes zero and it exceeds the noise floor.

Warnings:
  - the program holds 366 MB of live data, more than the caches of many machines; for data that size, where it lies in memory can shift the result by several points in ways the interval does not cover, and differently in the next process; run the comparison in several processes with the multiproc package

== street multi n=212449 prefix: ordered vs btree-sets
A: 2.4e+04 ns per operation (median)
B: 7.613e+04 ns per operation (median)
A needs 68.7% less time than B: B takes 3.19 times as long as A.
With 95% confidence the difference lies between 65% and 71.1% less time (B takes between 2.86 and 3.46 times as long as A).
Noise floor: 2.9%. Identical code measured against itself on this setup can look that different, so smaller differences mean nothing.
Neighbouring measurements are nearly independent (autocorrelation -0.10), so they were resampled one by one.

Verdict: RESOLVED. A is faster than B: the difference is real, as its interval excludes zero and it exceeds the noise floor.

Warnings:
  - the program holds 366 MB of live data, more than the caches of many machines; for data that size, where it lies in memory can shift the result by several points in ways the interval does not cover, and differently in the next process; run the comparison in several processes with the multiproc package

== street multi n=212449 prefix: ordered vs ordered-lpage
A: 2.296e+04 ns per operation (median)
B: 2.228e+04 ns per operation (median)
A needs 1.54% less time than B: B takes 1.02 times as long as A.
With 95% confidence the difference lies between 5.81% more time and 3.96% less time (B takes between 0.945 and 1.04 times as long as A).
Noise floor: 4.1%. Identical code measured against itself on this setup can look that different, so smaller differences mean nothing.
Neighbouring measurements are nearly independent (autocorrelation -0.13), so they were resampled one by one.

Verdict: NOT RESOLVED. This run did not establish which candidate is faster. That is not the same as "equally fast": the warnings below say what is missing.

Warnings:
  - the difference of 1.54% does not clear the 4.10% noise floor, which is what this setup reports between two runs of identical code
  - the interval [-5.81%, 3.96%] includes zero, so a difference in either direction is consistent with these measurements
  - the program holds 366 MB of live data, more than the caches of many machines; for data that size, where it lies in memory can shift the result by several points in ways the interval does not cover, and differently in the next process; run the comparison in several processes with the multiproc package

== street multi n=212449 prefix: ordered vs ordered-lpage-mv
A: 2.141e+04 ns per operation (median)
B: 1.227e+04 ns per operation (median)
A needs 74.5% more time than B: B takes only 0.57 times as long as A.
With 95% confidence the difference lies between 68.4% and 81.1% more time (B takes between 0.552 and 0.59 times as long as A).
Noise floor: 5.81%. Identical code measured against itself on this setup can look that different, so smaller differences mean nothing.
Neighbouring measurements are nearly independent (autocorrelation +0.06), so they were resampled one by one.

Verdict: RESOLVED. A is slower than B: the difference is real, as its interval excludes zero and it exceeds the noise floor.

Warnings:
  - the program holds 368 MB of live data, more than the caches of many machines; for data that size, where it lies in memory can shift the result by several points in ways the interval does not cover, and differently in the next process; run the comparison in several processes with the multiproc package
  - candidate B drifted during the run: its measurements were 8.55% lower in the second half than in the first, so the machine did not hold still
  - in 50% of A/A runs this setup reported a difference between identical code, well above the 10% expected; treat any confidence from it with suspicion

== street multi n=212449 prefix: ordered vs ordered-lpage-mvzc
A: 2.064e+04 ns per operation (median)
B: 9592 ns per operation (median)
A needs 113% more time than B: B takes only 0.47 times as long as A.
With 95% confidence the difference lies between 107% and 119% more time (B takes between 0.456 and 0.48 times as long as A).
Noise floor: 8.75%. Identical code measured against itself on this setup can look that different, so smaller differences mean nothing.
Neighbouring measurements are nearly independent (autocorrelation -0.02), so they were resampled one by one.

Verdict: RESOLVED. A is slower than B: the difference is real, as its interval excludes zero and it exceeds the noise floor.

Warnings:
  - the program holds 368 MB of live data, more than the caches of many machines; for data that size, where it lies in memory can shift the result by several points in ways the interval does not cover, and differently in the next process; run the comparison in several processes with the multiproc package
  - in 50% of A/A runs this setup reported a difference between identical code, well above the 10% expected; treat any confidence from it with suspicion

== street multi n=212449 churn and build: ordered vs btree-sets
steady state, per insertion or deletion in a structure of 578999 elements (cycle of 1512160 operations, first pass untimed):
  A: 649.2 ns per operation (median)
  B: 886.2 ns per operation (median)
  A needs 29% less time than B: B takes 1.41 times as long as A.
  With 95% confidence the difference lies between 23.8% and 30.9% less time (B takes between 1.31 and 1.45 times as long as A).
  Noise floor: 4.28%. Identical code measured against itself on this setup can look that different, so smaller differences mean nothing.
  Neighbouring measurements are nearly independent (autocorrelation +0.13), so they were resampled one by one.
  
  Verdict: RESOLVED. A is faster than B: the difference is real, as its interval excludes zero and it exceeds the noise floor.
  
  Warnings:
    - the program holds 531 MB of live data, more than the caches of many machines; for data that size, where it lies in memory can shift the result by several points in ways the interval does not cover, and differently in the next process; run the comparison in several processes with the multiproc package

== street multi n=212449 churn and build: ordered vs ordered-lpage
steady state, per insertion or deletion in a structure of 578999 elements (cycle of 1512160 operations, first pass untimed):
  A: 583.6 ns per operation (median)
  B: 492.3 ns per operation (median)
  A needs 26.1% more time than B: B takes only 0.79 times as long as A.
  With 95% confidence the difference lies between 28.5% more time and 16.6% less time (B takes between 0.778 and 1.20 times as long as A).
  Noise floor: 17.1%. Identical code measured against itself on this setup can look that different, so smaller differences mean nothing.
  Neighbouring measurements are nearly independent (autocorrelation -0.83), so they were resampled one by one.
  
  Verdict: NOT RESOLVED. This run did not establish which candidate is faster. That is not the same as "equally fast": the warnings below say what is missing.
  
  Warnings:
    - the interval [-28.48%, 16.57%] includes zero, so a difference in either direction is consistent with these measurements
    - the program holds 495 MB of live data, more than the caches of many machines; for data that size, where it lies in memory can shift the result by several points in ways the interval does not cover, and differently in the next process; run the comparison in several processes with the multiproc package

== street multi n=212449 churn and build: ordered vs ordered-lpage-mv
steady state, per insertion or deletion in a structure of 578999 elements (cycle of 1512160 operations, first pass untimed):
  A: 595.6 ns per operation (median)
  B: 636.2 ns per operation (median)
  A needs 0.78% more time than B: B takes only 0.99 times as long as A.
  With 95% confidence the difference lies between 5.82% more time and 28.9% less time (B takes between 0.945 and 1.41 times as long as A).
  Noise floor: 15.6%. Identical code measured against itself on this setup can look that different, so smaller differences mean nothing.
  Neighbouring measurements are nearly independent (autocorrelation -0.83), so they were resampled one by one.
  
  Verdict: NOT RESOLVED. This run did not establish which candidate is faster. That is not the same as "equally fast": the warnings below say what is missing.
  
  Warnings:
    - the difference of -0.78% does not clear the 15.64% noise floor, which is what this setup reports between two runs of identical code
    - the interval [-5.82%, 28.86%] includes zero, so a difference in either direction is consistent with these measurements
    - the program holds 458 MB of live data, more than the caches of many machines; for data that size, where it lies in memory can shift the result by several points in ways the interval does not cover, and differently in the next process; run the comparison in several processes with the multiproc package

== street multi n=212449 churn and build: ordered vs ordered-lpage-mvzc
steady state, per insertion or deletion in a structure of 578999 elements (cycle of 1512160 operations, first pass untimed):
  A: 637.9 ns per operation (median)
  B: 742.8 ns per operation (median)
  A needs 13.8% less time than B: B takes 1.16 times as long as A.
  With 95% confidence the difference lies between 6.39% and 35.8% less time (B takes between 1.07 and 1.56 times as long as A).
  Noise floor: 14.4%. Identical code measured against itself on this setup can look that different, so smaller differences mean nothing.
  Neighbouring measurements are nearly independent (autocorrelation -0.72), so they were resampled one by one.
  
  Verdict: NOT RESOLVED. This run did not establish which candidate is faster. That is not the same as "equally fast": the warnings below say what is missing.
  
  Warnings:
    - the difference of 13.83% does not clear the 14.35% noise floor, which is what this setup reports between two runs of identical code
    - the program holds 484 MB of live data, more than the caches of many machines; for data that size, where it lies in memory can shift the result by several points in ways the interval does not cover, and differently in the next process; run the comparison in several processes with the multiproc package

checksum 9670647907666818714
== street multi n=212449 valuesFor: ordered vs btree-sets
A: 313.4 ns per operation (median)
B: 682.3 ns per operation (median)
A needs 54.4% less time than B: B takes 2.19 times as long as A.
With 95% confidence the difference lies between 52% and 56.1% less time (B takes between 2.08 and 2.28 times as long as A).
Noise floor: 2.6%. Identical code measured against itself on this setup can look that different, so smaller differences mean nothing.
Neighbouring measurements are nearly independent (autocorrelation -0.14), so they were resampled one by one.

Verdict: RESOLVED. A is faster than B: the difference is real, as its interval excludes zero and it exceeds the noise floor.

Warnings:
  - the program holds 364 MB of live data, more than the caches of many machines; for data that size, where it lies in memory can shift the result by several points in ways the interval does not cover, and differently in the next process; run the comparison in several processes with the multiproc package

== street multi n=212449 valuesFor: ordered vs ordered-lpage
A: 257.2 ns per operation (median)
B: 258.9 ns per operation (median)
A needs 0.812% less time than B: B takes 1.01 times as long as A.
With 95% confidence the difference lies between 1.56% more time and 2.8% less time (B takes between 0.985 and 1.03 times as long as A).
Noise floor: 0.524%. Identical code measured against itself on this setup can look that different, so smaller differences mean nothing.
Neighbouring measurements are correlated (autocorrelation +0.31), so they were resampled in blocks of 3.

Verdict: NOT RESOLVED. This run did not establish which candidate is faster. That is not the same as "equally fast": the warnings below say what is missing.

Warnings:
  - the interval [-1.56%, 2.80%] includes zero, so a difference in either direction is consistent with these measurements
  - the program holds 364 MB of live data, more than the caches of many machines; for data that size, where it lies in memory can shift the result by several points in ways the interval does not cover, and differently in the next process; run the comparison in several processes with the multiproc package
  - candidate A drifted during the run: its measurements were 3.63% lower in the second half than in the first, so the machine did not hold still
  - candidate B drifted during the run: its measurements were 2.89% lower in the second half than in the first, so the machine did not hold still

== street multi n=212449 valuesFor: ordered vs ordered-lpage-mv
A: 270 ns per operation (median)
B: 297.4 ns per operation (median)
A needs 9.37% less time than B: B takes 1.10 times as long as A.
With 95% confidence the difference lies between 6.96% and 11.3% less time (B takes between 1.07 and 1.13 times as long as A).
Noise floor: 2.43%. Identical code measured against itself on this setup can look that different, so smaller differences mean nothing.
Neighbouring measurements are nearly independent (autocorrelation -0.30), so they were resampled one by one.

Verdict: RESOLVED. A is faster than B: the difference is real, as its interval excludes zero and it exceeds the noise floor.

Warnings:
  - the program holds 364 MB of live data, more than the caches of many machines; for data that size, where it lies in memory can shift the result by several points in ways the interval does not cover, and differently in the next process; run the comparison in several processes with the multiproc package

== street multi n=212449 valuesFor: ordered vs ordered-lpage-mvzc
A: 268.3 ns per operation (median)
B: 278 ns per operation (median)
A needs 4.43% less time than B: B takes 1.05 times as long as A.
With 95% confidence the difference lies between 0.519% and 6.39% less time (B takes between 1.01 and 1.07 times as long as A).
Noise floor: 2.74%. Identical code measured against itself on this setup can look that different, so smaller differences mean nothing.
Neighbouring measurements are correlated (autocorrelation +0.66), so they were resampled in blocks of 3.

Verdict: RESOLVED. A is faster than B: the difference is real, as its interval excludes zero and it exceeds the noise floor.

Warnings:
  - the program holds 364 MB of live data, more than the caches of many machines; for data that size, where it lies in memory can shift the result by several points in ways the interval does not cover, and differently in the next process; run the comparison in several processes with the multiproc package

== street multi n=212449 valuesBetween: ordered vs btree-sets
A: 6923 ns per operation (median)
B: 1.994e+04 ns per operation (median)
A needs 65.6% less time than B: B takes 2.90 times as long as A.
With 95% confidence the difference lies between 64.7% and 66.3% less time (B takes between 2.83 and 2.97 times as long as A).
Noise floor: 2.44%. Identical code measured against itself on this setup can look that different, so smaller differences mean nothing.
Neighbouring measurements are nearly independent (autocorrelation +0.01), so they were resampled one by one.

Verdict: RESOLVED. A is faster than B: the difference is real, as its interval excludes zero and it exceeds the noise floor.

Warnings:
  - the program holds 364 MB of live data, more than the caches of many machines; for data that size, where it lies in memory can shift the result by several points in ways the interval does not cover, and differently in the next process; run the comparison in several processes with the multiproc package

== street multi n=212449 valuesBetween: ordered vs ordered-lpage
A: 6273 ns per operation (median)
B: 6236 ns per operation (median)
A needs 2.18% less time than B: B takes 1.02 times as long as A.
With 95% confidence the difference lies between 4.63% more time and 3.87% less time (B takes between 0.956 and 1.04 times as long as A).
Noise floor: 2.34%. Identical code measured against itself on this setup can look that different, so smaller differences mean nothing.
Neighbouring measurements are nearly independent (autocorrelation -0.09), so they were resampled one by one.

Verdict: NOT RESOLVED. This run did not establish which candidate is faster. That is not the same as "equally fast": the warnings below say what is missing.

Warnings:
  - the difference of 2.18% does not clear the 2.34% noise floor, which is what this setup reports between two runs of identical code
  - the interval [-4.63%, 3.87%] includes zero, so a difference in either direction is consistent with these measurements
  - the program holds 364 MB of live data, more than the caches of many machines; for data that size, where it lies in memory can shift the result by several points in ways the interval does not cover, and differently in the next process; run the comparison in several processes with the multiproc package

== street multi n=212449 valuesBetween: ordered vs ordered-lpage-mv
A: 6094 ns per operation (median)
B: 3873 ns per operation (median)
A needs 55.4% more time than B: B takes only 0.64 times as long as A.
With 95% confidence the difference lies between 52.2% and 60.8% more time (B takes between 0.622 and 0.66 times as long as A).
Noise floor: 1.42%. Identical code measured against itself on this setup can look that different, so smaller differences mean nothing.
Neighbouring measurements are nearly independent (autocorrelation +0.04), so they were resampled one by one.

Verdict: RESOLVED. A is slower than B: the difference is real, as its interval excludes zero and it exceeds the noise floor.

Warnings:
  - the program holds 364 MB of live data, more than the caches of many machines; for data that size, where it lies in memory can shift the result by several points in ways the interval does not cover, and differently in the next process; run the comparison in several processes with the multiproc package

== street multi n=212449 valuesBetween: ordered vs ordered-lpage-mvzc
A: 5903 ns per operation (median)
B: 3173 ns per operation (median)
A needs 87.5% more time than B: B takes only 0.53 times as long as A.
With 95% confidence the difference lies between 82.1% and 89% more time (B takes between 0.529 and 0.55 times as long as A).
Noise floor: 2.36%. Identical code measured against itself on this setup can look that different, so smaller differences mean nothing.
Neighbouring measurements are nearly independent (autocorrelation -0.11), so they were resampled one by one.

Verdict: RESOLVED. A is slower than B: the difference is real, as its interval excludes zero and it exceeds the noise floor.

Warnings:
  - the program holds 364 MB of live data, more than the caches of many machines; for data that size, where it lies in memory can shift the result by several points in ways the interval does not cover, and differently in the next process; run the comparison in several processes with the multiproc package

== street multi n=212449 prefix: ordered vs btree-sets
A: 2.494e+04 ns per operation (median)
B: 7.36e+04 ns per operation (median)
A needs 66.8% less time than B: B takes 3.01 times as long as A.
With 95% confidence the difference lies between 63.9% and 69.6% less time (B takes between 2.77 and 3.29 times as long as A).
Noise floor: 2.29%. Identical code measured against itself on this setup can look that different, so smaller differences mean nothing.
Neighbouring measurements are nearly independent (autocorrelation -0.18), so they were resampled one by one.

Verdict: RESOLVED. A is faster than B: the difference is real, as its interval excludes zero and it exceeds the noise floor.

Warnings:
  - the program holds 364 MB of live data, more than the caches of many machines; for data that size, where it lies in memory can shift the result by several points in ways the interval does not cover, and differently in the next process; run the comparison in several processes with the multiproc package

== street multi n=212449 prefix: ordered vs ordered-lpage
A: 2.292e+04 ns per operation (median)
B: 2.283e+04 ns per operation (median)
A needs 2.85% less time than B: B takes 1.03 times as long as A.
With 95% confidence the difference lies between 5.5% more time and 6.02% less time (B takes between 0.948 and 1.06 times as long as A).
Noise floor: 8.27%. Identical code measured against itself on this setup can look that different, so smaller differences mean nothing.
Neighbouring measurements are nearly independent (autocorrelation -0.12), so they were resampled one by one.

Verdict: NOT RESOLVED. This run did not establish which candidate is faster. That is not the same as "equally fast": the warnings below say what is missing.

Warnings:
  - the difference of 2.85% does not clear the 8.27% noise floor, which is what this setup reports between two runs of identical code
  - the interval [-5.50%, 6.02%] includes zero, so a difference in either direction is consistent with these measurements
  - the program holds 364 MB of live data, more than the caches of many machines; for data that size, where it lies in memory can shift the result by several points in ways the interval does not cover, and differently in the next process; run the comparison in several processes with the multiproc package
  - in 50% of A/A runs this setup reported a difference between identical code, well above the 10% expected; treat any confidence from it with suspicion

== street multi n=212449 prefix: ordered vs ordered-lpage-mv
A: 2.147e+04 ns per operation (median)
B: 1.207e+04 ns per operation (median)
A needs 73.1% more time than B: B takes only 0.58 times as long as A.
With 95% confidence the difference lies between 66% and 80.3% more time (B takes between 0.555 and 0.60 times as long as A).
Noise floor: 5.32%. Identical code measured against itself on this setup can look that different, so smaller differences mean nothing.
Neighbouring measurements are nearly independent (autocorrelation -0.17), so they were resampled one by one.

Verdict: RESOLVED. A is slower than B: the difference is real, as its interval excludes zero and it exceeds the noise floor.

Warnings:
  - the program holds 368 MB of live data, more than the caches of many machines; for data that size, where it lies in memory can shift the result by several points in ways the interval does not cover, and differently in the next process; run the comparison in several processes with the multiproc package

== street multi n=212449 prefix: ordered vs ordered-lpage-mvzc
A: 2.06e+04 ns per operation (median)
B: 9605 ns per operation (median)
A needs 116% more time than B: B takes only 0.46 times as long as A.
With 95% confidence the difference lies between 110% and 120% more time (B takes between 0.454 and 0.48 times as long as A).
Noise floor: 8.17%. Identical code measured against itself on this setup can look that different, so smaller differences mean nothing.
Neighbouring measurements are nearly independent (autocorrelation +0.01), so they were resampled one by one.

Verdict: RESOLVED. A is slower than B: the difference is real, as its interval excludes zero and it exceeds the noise floor.

Warnings:
  - the program holds 368 MB of live data, more than the caches of many machines; for data that size, where it lies in memory can shift the result by several points in ways the interval does not cover, and differently in the next process; run the comparison in several processes with the multiproc package
  - in 50% of A/A runs this setup reported a difference between identical code, well above the 10% expected; treat any confidence from it with suspicion

== street multi n=212449 churn and build: ordered vs btree-sets
steady state, per insertion or deletion in a structure of 578999 elements (cycle of 1512160 operations, first pass untimed):
  A: 665 ns per operation (median)
  B: 916.6 ns per operation (median)
  A needs 25.3% less time than B: B takes 1.34 times as long as A.
  With 95% confidence the difference lies between 23.7% and 31.9% less time (B takes between 1.31 and 1.47 times as long as A).
  Noise floor: 2.24%. Identical code measured against itself on this setup can look that different, so smaller differences mean nothing.
  Neighbouring measurements are nearly independent (autocorrelation +0.02), so they were resampled one by one.
  
  Verdict: RESOLVED. A is faster than B: the difference is real, as its interval excludes zero and it exceeds the noise floor.
  
  Warnings:
    - the program holds 532 MB of live data, more than the caches of many machines; for data that size, where it lies in memory can shift the result by several points in ways the interval does not cover, and differently in the next process; run the comparison in several processes with the multiproc package

== street multi n=212449 churn and build: ordered vs ordered-lpage
steady state, per insertion or deletion in a structure of 578999 elements (cycle of 1512160 operations, first pass untimed):
  A: 620.4 ns per operation (median)
  B: 607.1 ns per operation (median)
  A needs 20.6% more time than B: B takes only 0.83 times as long as A.
  With 95% confidence the difference lies between 27.6% more time and 16.3% less time (B takes between 0.784 and 1.19 times as long as A).
  Noise floor: 16.9%. Identical code measured against itself on this setup can look that different, so smaller differences mean nothing.
  Neighbouring measurements are nearly independent (autocorrelation -0.57), so they were resampled one by one.
  
  Verdict: NOT RESOLVED. This run did not establish which candidate is faster. That is not the same as "equally fast": the warnings below say what is missing.
  
  Warnings:
    - the interval [-27.62%, 16.29%] includes zero, so a difference in either direction is consistent with these measurements
    - the program holds 493 MB of live data, more than the caches of many machines; for data that size, where it lies in memory can shift the result by several points in ways the interval does not cover, and differently in the next process; run the comparison in several processes with the multiproc package

== street multi n=212449 churn and build: ordered vs ordered-lpage-mv
steady state, per insertion or deletion in a structure of 578999 elements (cycle of 1512160 operations, first pass untimed):
  A: 597.9 ns per operation (median)
  B: 612.5 ns per operation (median)
  A needs 0.123% less time than B: B takes 1.00 times as long as A.
  With 95% confidence the difference lies between 6.45% more time and 28.9% less time (B takes between 0.939 and 1.41 times as long as A).
  Noise floor: 16.1%. Identical code measured against itself on this setup can look that different, so smaller differences mean nothing.
  Neighbouring measurements are nearly independent (autocorrelation -0.73), so they were resampled one by one.
  
  Verdict: NOT RESOLVED. This run did not establish which candidate is faster. That is not the same as "equally fast": the warnings below say what is missing.
  
  Warnings:
    - the difference of 0.12% does not clear the 16.08% noise floor, which is what this setup reports between two runs of identical code
    - the interval [-6.45%, 28.85%] includes zero, so a difference in either direction is consistent with these measurements
    - the program holds 480 MB of live data, more than the caches of many machines; for data that size, where it lies in memory can shift the result by several points in ways the interval does not cover, and differently in the next process; run the comparison in several processes with the multiproc package

== street multi n=212449 churn and build: ordered vs ordered-lpage-mvzc
steady state, per insertion or deletion in a structure of 578999 elements (cycle of 1512160 operations, first pass untimed):
  A: 602.9 ns per operation (median)
  B: 687.5 ns per operation (median)
  A needs 10.6% less time than B: B takes 1.12 times as long as A.
  With 95% confidence the difference lies between 6.3% and 34.3% less time (B takes between 1.07 and 1.52 times as long as A).
  Noise floor: 15.6%. Identical code measured against itself on this setup can look that different, so smaller differences mean nothing.
  Neighbouring measurements are nearly independent (autocorrelation -0.23), so they were resampled one by one.
  
  Verdict: NOT RESOLVED. This run did not establish which candidate is faster. That is not the same as "equally fast": the warnings below say what is missing.
  
  Warnings:
    - the difference of 10.62% does not clear the 15.61% noise floor, which is what this setup reports between two runs of identical code
    - the program holds 483 MB of live data, more than the caches of many machines; for data that size, where it lies in memory can shift the result by several points in ways the interval does not cover, and differently in the next process; run the comparison in several processes with the multiproc package

checksum 5883777376061242202
== street multi n=212449 valuesFor: ordered vs btree-sets
A: 320 ns per operation (median)
B: 694 ns per operation (median)
A needs 54.3% less time than B: B takes 2.19 times as long as A.
With 95% confidence the difference lies between 52.7% and 56.3% less time (B takes between 2.11 and 2.29 times as long as A).
Noise floor: 1.03%. Identical code measured against itself on this setup can look that different, so smaller differences mean nothing.
Neighbouring measurements are nearly independent (autocorrelation -0.25), so they were resampled one by one.

Verdict: RESOLVED. A is faster than B: the difference is real, as its interval excludes zero and it exceeds the noise floor.

Warnings:
  - the program holds 385 MB of live data, more than the caches of many machines; for data that size, where it lies in memory can shift the result by several points in ways the interval does not cover, and differently in the next process; run the comparison in several processes with the multiproc package

== street multi n=212449 valuesFor: ordered vs ordered-lpage
A: 260.7 ns per operation (median)
B: 262.7 ns per operation (median)
A needs 1.1% less time than B: B takes 1.01 times as long as A.
With 95% confidence the difference lies between 1.78% more time and 4.31% less time (B takes between 0.983 and 1.05 times as long as A).
Noise floor: 2.28%. Identical code measured against itself on this setup can look that different, so smaller differences mean nothing.
Neighbouring measurements are nearly independent (autocorrelation -0.08), so they were resampled one by one.

Verdict: NOT RESOLVED. This run did not establish which candidate is faster. That is not the same as "equally fast": the warnings below say what is missing.

Warnings:
  - the difference of 1.10% does not clear the 2.28% noise floor, which is what this setup reports between two runs of identical code
  - the interval [-1.78%, 4.31%] includes zero, so a difference in either direction is consistent with these measurements
  - the program holds 385 MB of live data, more than the caches of many machines; for data that size, where it lies in memory can shift the result by several points in ways the interval does not cover, and differently in the next process; run the comparison in several processes with the multiproc package

== street multi n=212449 valuesFor: ordered vs ordered-lpage-mv
A: 270.8 ns per operation (median)
B: 304.2 ns per operation (median)
A needs 10.6% less time than B: B takes 1.12 times as long as A.
With 95% confidence the difference lies between 6.99% and 15.1% less time (B takes between 1.08 and 1.18 times as long as A).
Noise floor: 3.14%. Identical code measured against itself on this setup can look that different, so smaller differences mean nothing.
Neighbouring measurements are nearly independent (autocorrelation -0.41), so they were resampled one by one.

Verdict: RESOLVED. A is faster than B: the difference is real, as its interval excludes zero and it exceeds the noise floor.

Warnings:
  - the program holds 385 MB of live data, more than the caches of many machines; for data that size, where it lies in memory can shift the result by several points in ways the interval does not cover, and differently in the next process; run the comparison in several processes with the multiproc package

== street multi n=212449 valuesFor: ordered vs ordered-lpage-mvzc
A: 263.1 ns per operation (median)
B: 276.4 ns per operation (median)
A needs 4.02% less time than B: B takes 1.04 times as long as A.
With 95% confidence the difference lies between 0.396% and 7.4% less time (B takes between 1 and 1.08 times as long as A).
Noise floor: 0.592%. Identical code measured against itself on this setup can look that different, so smaller differences mean nothing.
Neighbouring measurements are nearly independent (autocorrelation -0.19), so they were resampled one by one.

Verdict: RESOLVED. A is faster than B: the difference is real, as its interval excludes zero and it exceeds the noise floor.

Warnings:
  - the program holds 385 MB of live data, more than the caches of many machines; for data that size, where it lies in memory can shift the result by several points in ways the interval does not cover, and differently in the next process; run the comparison in several processes with the multiproc package
  - candidate A drifted during the run: its measurements were 3.69% higher in the second half than in the first, so the machine did not hold still

== street multi n=212449 valuesBetween: ordered vs btree-sets
A: 6872 ns per operation (median)
B: 2.047e+04 ns per operation (median)
A needs 66.6% less time than B: B takes 3.00 times as long as A.
With 95% confidence the difference lies between 65.8% and 67.9% less time (B takes between 2.92 and 3.12 times as long as A).
Noise floor: 1.82%. Identical code measured against itself on this setup can look that different, so smaller differences mean nothing.
Neighbouring measurements are nearly independent (autocorrelation +0.18), so they were resampled one by one.

Verdict: RESOLVED. A is faster than B: the difference is real, as its interval excludes zero and it exceeds the noise floor.

Warnings:
  - the program holds 385 MB of live data, more than the caches of many machines; for data that size, where it lies in memory can shift the result by several points in ways the interval does not cover, and differently in the next process; run the comparison in several processes with the multiproc package

== street multi n=212449 valuesBetween: ordered vs ordered-lpage
A: 6137 ns per operation (median)
B: 6181 ns per operation (median)
A needs 0.391% less time than B: B takes 1.00 times as long as A.
With 95% confidence the difference lies between 2.88% more time and 5.05% less time (B takes between 0.972 and 1.05 times as long as A).
Noise floor: 2.02%. Identical code measured against itself on this setup can look that different, so smaller differences mean nothing.
Neighbouring measurements are nearly independent (autocorrelation +0.08), so they were resampled one by one.

Verdict: NOT RESOLVED. This run did not establish which candidate is faster. That is not the same as "equally fast": the warnings below say what is missing.

Warnings:
  - the difference of 0.39% does not clear the 2.02% noise floor, which is what this setup reports between two runs of identical code
  - the interval [-2.88%, 5.05%] includes zero, so a difference in either direction is consistent with these measurements
  - the program holds 385 MB of live data, more than the caches of many machines; for data that size, where it lies in memory can shift the result by several points in ways the interval does not cover, and differently in the next process; run the comparison in several processes with the multiproc package

== street multi n=212449 valuesBetween: ordered vs ordered-lpage-mv
A: 5923 ns per operation (median)
B: 3935 ns per operation (median)
A needs 50.4% more time than B: B takes only 0.66 times as long as A.
With 95% confidence the difference lies between 47% and 54.6% more time (B takes between 0.647 and 0.68 times as long as A).
Noise floor: 2.5%. Identical code measured against itself on this setup can look that different, so smaller differences mean nothing.
Neighbouring measurements are nearly independent (autocorrelation +0.08), so they were resampled one by one.

Verdict: RESOLVED. A is slower than B: the difference is real, as its interval excludes zero and it exceeds the noise floor.

Warnings:
  - the program holds 385 MB of live data, more than the caches of many machines; for data that size, where it lies in memory can shift the result by several points in ways the interval does not cover, and differently in the next process; run the comparison in several processes with the multiproc package

== street multi n=212449 valuesBetween: ordered vs ordered-lpage-mvzc
A: 5763 ns per operation (median)
B: 3067 ns per operation (median)
A needs 89.8% more time than B: B takes only 0.53 times as long as A.
With 95% confidence the difference lies between 87.1% and 92.9% more time (B takes between 0.518 and 0.53 times as long as A).
Noise floor: 0.472%. Identical code measured against itself on this setup can look that different, so smaller differences mean nothing.
Neighbouring measurements are nearly independent (autocorrelation -0.02), so they were resampled one by one.

Verdict: RESOLVED. A is slower than B: the difference is real, as its interval excludes zero and it exceeds the noise floor.

Warnings:
  - the program holds 385 MB of live data, more than the caches of many machines; for data that size, where it lies in memory can shift the result by several points in ways the interval does not cover, and differently in the next process; run the comparison in several processes with the multiproc package
  - candidate B drifted during the run: its measurements were 4.42% higher in the second half than in the first, so the machine did not hold still

== street multi n=212449 prefix: ordered vs btree-sets
A: 2.527e+04 ns per operation (median)
B: 7.637e+04 ns per operation (median)
A needs 66.9% less time than B: B takes 3.03 times as long as A.
With 95% confidence the difference lies between 64.6% and 69.9% less time (B takes between 2.83 and 3.32 times as long as A).
Noise floor: 2.44%. Identical code measured against itself on this setup can look that different, so smaller differences mean nothing.
Neighbouring measurements are nearly independent (autocorrelation -0.20), so they were resampled one by one.

Verdict: RESOLVED. A is faster than B: the difference is real, as its interval excludes zero and it exceeds the noise floor.

Warnings:
  - the program holds 385 MB of live data, more than the caches of many machines; for data that size, where it lies in memory can shift the result by several points in ways the interval does not cover, and differently in the next process; run the comparison in several processes with the multiproc package

== street multi n=212449 prefix: ordered vs ordered-lpage
A: 2.366e+04 ns per operation (median)
B: 2.374e+04 ns per operation (median)
A needs 1.82% less time than B: B takes 1.02 times as long as A.
With 95% confidence the difference lies between 4.81% more time and 5.68% less time (B takes between 0.954 and 1.06 times as long as A).
Noise floor: 5.92%. Identical code measured against itself on this setup can look that different, so smaller differences mean nothing.
Neighbouring measurements are nearly independent (autocorrelation -0.09), so they were resampled one by one.

Verdict: NOT RESOLVED. This run did not establish which candidate is faster. That is not the same as "equally fast": the warnings below say what is missing.

Warnings:
  - the difference of 1.82% does not clear the 5.92% noise floor, which is what this setup reports between two runs of identical code
  - the interval [-4.81%, 5.68%] includes zero, so a difference in either direction is consistent with these measurements
  - the program holds 385 MB of live data, more than the caches of many machines; for data that size, where it lies in memory can shift the result by several points in ways the interval does not cover, and differently in the next process; run the comparison in several processes with the multiproc package

== street multi n=212449 prefix: ordered vs ordered-lpage-mv
A: 2.312e+04 ns per operation (median)
B: 1.337e+04 ns per operation (median)
A needs 73.9% more time than B: B takes only 0.58 times as long as A.
With 95% confidence the difference lies between 66.6% and 78.2% more time (B takes between 0.561 and 0.60 times as long as A).
Noise floor: 4.23%. Identical code measured against itself on this setup can look that different, so smaller differences mean nothing.
Neighbouring measurements are nearly independent (autocorrelation -0.09), so they were resampled one by one.

Verdict: RESOLVED. A is slower than B: the difference is real, as its interval excludes zero and it exceeds the noise floor.

Warnings:
  - the program holds 367 MB of live data, more than the caches of many machines; for data that size, where it lies in memory can shift the result by several points in ways the interval does not cover, and differently in the next process; run the comparison in several processes with the multiproc package

== street multi n=212449 prefix: ordered vs ordered-lpage-mvzc
A: 2.071e+04 ns per operation (median)
B: 9388 ns per operation (median)
A needs 118% more time than B: B takes only 0.46 times as long as A.
With 95% confidence the difference lies between 115% and 121% more time (B takes between 0.453 and 0.47 times as long as A).
Noise floor: 9.2%. Identical code measured against itself on this setup can look that different, so smaller differences mean nothing.
Neighbouring measurements are nearly independent (autocorrelation -0.09), so they were resampled one by one.

Verdict: RESOLVED. A is slower than B: the difference is real, as its interval excludes zero and it exceeds the noise floor.

Warnings:
  - the program holds 367 MB of live data, more than the caches of many machines; for data that size, where it lies in memory can shift the result by several points in ways the interval does not cover, and differently in the next process; run the comparison in several processes with the multiproc package
  - in 50% of A/A runs this setup reported a difference between identical code, well above the 10% expected; treat any confidence from it with suspicion

== street multi n=212449 churn and build: ordered vs btree-sets
steady state, per insertion or deletion in a structure of 578999 elements (cycle of 1512160 operations, first pass untimed):
  A: 635.9 ns per operation (median)
  B: 861.5 ns per operation (median)
  A needs 25.2% less time than B: B takes 1.34 times as long as A.
  With 95% confidence the difference lies between 21.8% and 29.8% less time (B takes between 1.28 and 1.42 times as long as A).
  Noise floor: 3.66%. Identical code measured against itself on this setup can look that different, so smaller differences mean nothing.
  Neighbouring measurements are nearly independent (autocorrelation -0.10), so they were resampled one by one.
  
  Verdict: RESOLVED. A is faster than B: the difference is real, as its interval excludes zero and it exceeds the noise floor.
  
  Warnings:
    - the program holds 537 MB of live data, more than the caches of many machines; for data that size, where it lies in memory can shift the result by several points in ways the interval does not cover, and differently in the next process; run the comparison in several processes with the multiproc package

== street multi n=212449 churn and build: ordered vs ordered-lpage
steady state, per insertion or deletion in a structure of 578999 elements (cycle of 1512160 operations, first pass untimed):
  A: 568.9 ns per operation (median)
  B: 520.9 ns per operation (median)
  A needs 17% more time than B: B takes only 0.85 times as long as A.
  With 95% confidence the difference lies between 24.7% more time and 16.9% less time (B takes between 0.802 and 1.20 times as long as A).
  Noise floor: 17.7%. Identical code measured against itself on this setup can look that different, so smaller differences mean nothing.
  Neighbouring measurements are nearly independent (autocorrelation -0.81), so they were resampled one by one.
  
  Verdict: NOT RESOLVED. This run did not establish which candidate is faster. That is not the same as "equally fast": the warnings below say what is missing.
  
  Warnings:
    - the difference of -17.01% does not clear the 17.74% noise floor, which is what this setup reports between two runs of identical code
    - the interval [-24.75%, 16.90%] includes zero, so a difference in either direction is consistent with these measurements
    - the program holds 445 MB of live data, more than the caches of many machines; for data that size, where it lies in memory can shift the result by several points in ways the interval does not cover, and differently in the next process; run the comparison in several processes with the multiproc package

== street multi n=212449 churn and build: ordered vs ordered-lpage-mv
steady state, per insertion or deletion in a structure of 578999 elements (cycle of 1512160 operations, first pass untimed):
  A: 683.7 ns per operation (median)
  B: 765.1 ns per operation (median)
  A needs 0.106% less time than B: B takes 1.00 times as long as A.
  With 95% confidence the difference lies between 8.6% more time and 24.3% less time (B takes between 0.921 and 1.32 times as long as A).
  Noise floor: 15.6%. Identical code measured against itself on this setup can look that different, so smaller differences mean nothing.
  Neighbouring measurements are nearly independent (autocorrelation -0.65), so they were resampled one by one.
  
  Verdict: NOT RESOLVED. This run did not establish which candidate is faster. That is not the same as "equally fast": the warnings below say what is missing.
  
  Warnings:
    - the difference of 0.11% does not clear the 15.55% noise floor, which is what this setup reports between two runs of identical code
    - the interval [-8.60%, 24.31%] includes zero, so a difference in either direction is consistent with these measurements
    - the program holds 480 MB of live data, more than the caches of many machines; for data that size, where it lies in memory can shift the result by several points in ways the interval does not cover, and differently in the next process; run the comparison in several processes with the multiproc package

== street multi n=212449 churn and build: ordered vs ordered-lpage-mvzc
steady state, per insertion or deletion in a structure of 578999 elements (cycle of 1512160 operations, first pass untimed):
  A: 602.8 ns per operation (median)
  B: 706.8 ns per operation (median)
  A needs 11.2% less time than B: B takes 1.13 times as long as A.
  With 95% confidence the difference lies between 5.22% and 34.6% less time (B takes between 1.06 and 1.53 times as long as A).
  Noise floor: 14.9%. Identical code measured against itself on this setup can look that different, so smaller differences mean nothing.
  Neighbouring measurements are nearly independent (autocorrelation -0.82), so they were resampled one by one.
  
  Verdict: NOT RESOLVED. This run did not establish which candidate is faster. That is not the same as "equally fast": the warnings below say what is missing.
  
  Warnings:
    - the difference of 11.23% does not clear the 14.94% noise floor, which is what this setup reports between two runs of identical code
    - the program holds 483 MB of live data, more than the caches of many machines; for data that size, where it lies in memory can shift the result by several points in ways the interval does not cover, and differently in the next process; run the comparison in several processes with the multiproc package

checksum 17824609540150652583
== street multi n=212449 valuesFor: ordered vs btree-sets
A: 302.5 ns per operation (median)
B: 672.5 ns per operation (median)
A needs 55.1% less time than B: B takes 2.23 times as long as A.
With 95% confidence the difference lies between 52.6% and 56.6% less time (B takes between 2.11 and 2.31 times as long as A).
Noise floor: 2.89%. Identical code measured against itself on this setup can look that different, so smaller differences mean nothing.
Neighbouring measurements are nearly independent (autocorrelation +0.17), so they were resampled one by one.

Verdict: RESOLVED. A is faster than B: the difference is real, as its interval excludes zero and it exceeds the noise floor.

Warnings:
  - the program holds 340 MB of live data, more than the caches of many machines; for data that size, where it lies in memory can shift the result by several points in ways the interval does not cover, and differently in the next process; run the comparison in several processes with the multiproc package

== street multi n=212449 valuesFor: ordered vs ordered-lpage
A: 259 ns per operation (median)
B: 257.1 ns per operation (median)
A needs 1.21% more time than B: B takes only 0.99 times as long as A.
With 95% confidence the difference lies between 4.98% more time and 1.14% less time (B takes between 0.953 and 1.01 times as long as A).
Noise floor: 0.537%. Identical code measured against itself on this setup can look that different, so smaller differences mean nothing.
Neighbouring measurements are nearly independent (autocorrelation -0.31), so they were resampled one by one.

Verdict: NOT RESOLVED. This run did not establish which candidate is faster. That is not the same as "equally fast": the warnings below say what is missing.

Warnings:
  - the interval [-4.98%, 1.14%] includes zero, so a difference in either direction is consistent with these measurements
  - the program holds 340 MB of live data, more than the caches of many machines; for data that size, where it lies in memory can shift the result by several points in ways the interval does not cover, and differently in the next process; run the comparison in several processes with the multiproc package

== street multi n=212449 valuesFor: ordered vs ordered-lpage-mv
A: 268.3 ns per operation (median)
B: 307.1 ns per operation (median)
A needs 13.7% less time than B: B takes 1.16 times as long as A.
With 95% confidence the difference lies between 9.09% and 15% less time (B takes between 1.1 and 1.18 times as long as A).
Noise floor: 2.89%. Identical code measured against itself on this setup can look that different, so smaller differences mean nothing.
Neighbouring measurements are correlated (autocorrelation +0.36), so they were resampled in blocks of 3.

Verdict: RESOLVED. A is faster than B: the difference is real, as its interval excludes zero and it exceeds the noise floor.

Warnings:
  - the program holds 340 MB of live data, more than the caches of many machines; for data that size, where it lies in memory can shift the result by several points in ways the interval does not cover, and differently in the next process; run the comparison in several processes with the multiproc package

== street multi n=212449 valuesFor: ordered vs ordered-lpage-mvzc
A: 263.1 ns per operation (median)
B: 273.2 ns per operation (median)
A needs 3.28% less time than B: B takes 1.03 times as long as A.
With 95% confidence the difference lies between 0.528% and 6.54% less time (B takes between 1.01 and 1.07 times as long as A).
Noise floor: 2.05%. Identical code measured against itself on this setup can look that different, so smaller differences mean nothing.
Neighbouring measurements are nearly independent (autocorrelation -0.30), so they were resampled one by one.

Verdict: RESOLVED. A is faster than B: the difference is real, as its interval excludes zero and it exceeds the noise floor.

Warnings:
  - the program holds 340 MB of live data, more than the caches of many machines; for data that size, where it lies in memory can shift the result by several points in ways the interval does not cover, and differently in the next process; run the comparison in several processes with the multiproc package

== street multi n=212449 valuesBetween: ordered vs btree-sets
A: 6849 ns per operation (median)
B: 2.006e+04 ns per operation (median)
A needs 66.1% less time than B: B takes 2.95 times as long as A.
With 95% confidence the difference lies between 64.7% and 66.9% less time (B takes between 2.83 and 3.02 times as long as A).
Noise floor: 2.26%. Identical code measured against itself on this setup can look that different, so smaller differences mean nothing.
Neighbouring measurements are nearly independent (autocorrelation +0.10), so they were resampled one by one.

Verdict: RESOLVED. A is faster than B: the difference is real, as its interval excludes zero and it exceeds the noise floor.

Warnings:
  - the program holds 340 MB of live data, more than the caches of many machines; for data that size, where it lies in memory can shift the result by several points in ways the interval does not cover, and differently in the next process; run the comparison in several processes with the multiproc package

== street multi n=212449 valuesBetween: ordered vs ordered-lpage
A: 6052 ns per operation (median)
B: 5921 ns per operation (median)
A needs 2.59% more time than B: B takes only 0.97 times as long as A.
With 95% confidence the difference lies between 0.75% and 4.5% more time (B takes between 0.957 and 0.99 times as long as A).
Noise floor: 1.67%. Identical code measured against itself on this setup can look that different, so smaller differences mean nothing.
Neighbouring measurements are nearly independent (autocorrelation +0.11), so they were resampled one by one.

Verdict: RESOLVED. A is slower than B: the difference is real, as its interval excludes zero and it exceeds the noise floor.

Warnings:
  - the program holds 340 MB of live data, more than the caches of many machines; for data that size, where it lies in memory can shift the result by several points in ways the interval does not cover, and differently in the next process; run the comparison in several processes with the multiproc package

== street multi n=212449 valuesBetween: ordered vs ordered-lpage-mv
A: 5996 ns per operation (median)
B: 3821 ns per operation (median)
A needs 58.4% more time than B: B takes only 0.63 times as long as A.
With 95% confidence the difference lies between 51.9% and 63.1% more time (B takes between 0.613 and 0.66 times as long as A).
Noise floor: 1.75%. Identical code measured against itself on this setup can look that different, so smaller differences mean nothing.
Neighbouring measurements are nearly independent (autocorrelation +0.02), so they were resampled one by one.

Verdict: RESOLVED. A is slower than B: the difference is real, as its interval excludes zero and it exceeds the noise floor.

Warnings:
  - the program holds 367 MB of live data, more than the caches of many machines; for data that size, where it lies in memory can shift the result by several points in ways the interval does not cover, and differently in the next process; run the comparison in several processes with the multiproc package
  - in 50% of A/A runs this setup reported a difference between identical code, well above the 10% expected; treat any confidence from it with suspicion

== street multi n=212449 valuesBetween: ordered vs ordered-lpage-mvzc
A: 5878 ns per operation (median)
B: 3116 ns per operation (median)
A needs 88.7% more time than B: B takes only 0.53 times as long as A.
With 95% confidence the difference lies between 82.3% and 92.9% more time (B takes between 0.518 and 0.55 times as long as A).
Noise floor: 1.42%. Identical code measured against itself on this setup can look that different, so smaller differences mean nothing.
Neighbouring measurements are correlated (autocorrelation +0.33), so they were resampled in blocks of 3.

Verdict: RESOLVED. A is slower than B: the difference is real, as its interval excludes zero and it exceeds the noise floor.

Warnings:
  - the program holds 367 MB of live data, more than the caches of many machines; for data that size, where it lies in memory can shift the result by several points in ways the interval does not cover, and differently in the next process; run the comparison in several processes with the multiproc package

== street multi n=212449 prefix: ordered vs btree-sets
A: 2.532e+04 ns per operation (median)
B: 7.359e+04 ns per operation (median)
A needs 68.6% less time than B: B takes 3.19 times as long as A.
With 95% confidence the difference lies between 64.3% and 69.5% less time (B takes between 2.8 and 3.28 times as long as A).
Noise floor: 2.91%. Identical code measured against itself on this setup can look that different, so smaller differences mean nothing.
Neighbouring measurements are nearly independent (autocorrelation -0.16), so they were resampled one by one.

Verdict: RESOLVED. A is faster than B: the difference is real, as its interval excludes zero and it exceeds the noise floor.

Warnings:
  - the program holds 367 MB of live data, more than the caches of many machines; for data that size, where it lies in memory can shift the result by several points in ways the interval does not cover, and differently in the next process; run the comparison in several processes with the multiproc package

== street multi n=212449 prefix: ordered vs ordered-lpage
A: 2.242e+04 ns per operation (median)
B: 2.258e+04 ns per operation (median)
A needs 2.4% more time than B: B takes only 0.98 times as long as A.
With 95% confidence the difference lies between 6.85% more time and 3.29% less time (B takes between 0.936 and 1.03 times as long as A).
Noise floor: 6.58%. Identical code measured against itself on this setup can look that different, so smaller differences mean nothing.
Neighbouring measurements are nearly independent (autocorrelation -0.11), so they were resampled one by one.

Verdict: NOT RESOLVED. This run did not establish which candidate is faster. That is not the same as "equally fast": the warnings below say what is missing.

Warnings:
  - the difference of -2.40% does not clear the 6.58% noise floor, which is what this setup reports between two runs of identical code
  - the interval [-6.85%, 3.29%] includes zero, so a difference in either direction is consistent with these measurements
  - the program holds 367 MB of live data, more than the caches of many machines; for data that size, where it lies in memory can shift the result by several points in ways the interval does not cover, and differently in the next process; run the comparison in several processes with the multiproc package
  - in 50% of A/A runs this setup reported a difference between identical code, well above the 10% expected; treat any confidence from it with suspicion

== street multi n=212449 prefix: ordered vs ordered-lpage-mv
A: 2.153e+04 ns per operation (median)
B: 1.192e+04 ns per operation (median)
A needs 73.5% more time than B: B takes only 0.58 times as long as A.
With 95% confidence the difference lies between 69.5% and 81.1% more time (B takes between 0.552 and 0.59 times as long as A).
Noise floor: 5.96%. Identical code measured against itself on this setup can look that different, so smaller differences mean nothing.
Neighbouring measurements are nearly independent (autocorrelation -0.07), so they were resampled one by one.

Verdict: RESOLVED. A is slower than B: the difference is real, as its interval excludes zero and it exceeds the noise floor.

Warnings:
  - the program holds 367 MB of live data, more than the caches of many machines; for data that size, where it lies in memory can shift the result by several points in ways the interval does not cover, and differently in the next process; run the comparison in several processes with the multiproc package
  - in 50% of A/A runs this setup reported a difference between identical code, well above the 10% expected; treat any confidence from it with suspicion

== street multi n=212449 prefix: ordered vs ordered-lpage-mvzc
A: 2.045e+04 ns per operation (median)
B: 9430 ns per operation (median)
A needs 118% more time than B: B takes only 0.46 times as long as A.
With 95% confidence the difference lies between 115% and 123% more time (B takes between 0.448 and 0.46 times as long as A).
Noise floor: 7.47%. Identical code measured against itself on this setup can look that different, so smaller differences mean nothing.
Neighbouring measurements are nearly independent (autocorrelation -0.10), so they were resampled one by one.

Verdict: RESOLVED. A is slower than B: the difference is real, as its interval excludes zero and it exceeds the noise floor.

Warnings:
  - the program holds 367 MB of live data, more than the caches of many machines; for data that size, where it lies in memory can shift the result by several points in ways the interval does not cover, and differently in the next process; run the comparison in several processes with the multiproc package
  - in 50% of A/A runs this setup reported a difference between identical code, well above the 10% expected; treat any confidence from it with suspicion

== street multi n=212449 churn and build: ordered vs btree-sets
steady state, per insertion or deletion in a structure of 578999 elements (cycle of 1512160 operations, first pass untimed):
  A: 652.2 ns per operation (median)
  B: 888.7 ns per operation (median)
  A needs 27.2% less time than B: B takes 1.37 times as long as A.
  With 95% confidence the difference lies between 24.6% and 31.3% less time (B takes between 1.33 and 1.45 times as long as A).
  Noise floor: 3.08%. Identical code measured against itself on this setup can look that different, so smaller differences mean nothing.
  Neighbouring measurements are nearly independent (autocorrelation -0.02), so they were resampled one by one.
  
  Verdict: RESOLVED. A is faster than B: the difference is real, as its interval excludes zero and it exceeds the noise floor.
  
  Warnings:
    - the program holds 538 MB of live data, more than the caches of many machines; for data that size, where it lies in memory can shift the result by several points in ways the interval does not cover, and differently in the next process; run the comparison in several processes with the multiproc package

== street multi n=212449 churn and build: ordered vs ordered-lpage
steady state, per insertion or deletion in a structure of 578999 elements (cycle of 1512160 operations, first pass untimed):
  A: 568.2 ns per operation (median)
  B: 485.7 ns per operation (median)
  A needs 23.8% more time than B: B takes only 0.81 times as long as A.
  With 95% confidence the difference lies between 26.3% more time and 17.2% less time (B takes between 0.792 and 1.21 times as long as A).
  Noise floor: 17.4%. Identical code measured against itself on this setup can look that different, so smaller differences mean nothing.
  Neighbouring measurements are nearly independent (autocorrelation -0.84), so they were resampled one by one.
  
  Verdict: NOT RESOLVED. This run did not establish which candidate is faster. That is not the same as "equally fast": the warnings below say what is missing.
  
  Warnings:
    - the interval [-26.34%, 17.25%] includes zero, so a difference in either direction is consistent with these measurements
    - the program holds 493 MB of live data, more than the caches of many machines; for data that size, where it lies in memory can shift the result by several points in ways the interval does not cover, and differently in the next process; run the comparison in several processes with the multiproc package

== street multi n=212449 churn and build: ordered vs ordered-lpage-mv
steady state, per insertion or deletion in a structure of 578999 elements (cycle of 1512160 operations, first pass untimed):
  A: 609.8 ns per operation (median)
  B: 624.8 ns per operation (median)
  A needs 1.12% more time than B: B takes only 0.99 times as long as A.
  With 95% confidence the difference lies between 6.87% more time and 28.9% less time (B takes between 0.936 and 1.41 times as long as A).
  Noise floor: 14.2%. Identical code measured against itself on this setup can look that different, so smaller differences mean nothing.
  Neighbouring measurements are nearly independent (autocorrelation -0.84), so they were resampled one by one.
  
  Verdict: NOT RESOLVED. This run did not establish which candidate is faster. That is not the same as "equally fast": the warnings below say what is missing.
  
  Warnings:
    - the difference of -1.12% does not clear the 14.20% noise floor, which is what this setup reports between two runs of identical code
    - the interval [-6.87%, 28.85%] includes zero, so a difference in either direction is consistent with these measurements
    - the program holds 478 MB of live data, more than the caches of many machines; for data that size, where it lies in memory can shift the result by several points in ways the interval does not cover, and differently in the next process; run the comparison in several processes with the multiproc package

== street multi n=212449 churn and build: ordered vs ordered-lpage-mvzc
steady state, per insertion or deletion in a structure of 578999 elements (cycle of 1512160 operations, first pass untimed):
  A: 599.8 ns per operation (median)
  B: 701.7 ns per operation (median)
  A needs 8.99% less time than B: B takes 1.10 times as long as A.
  With 95% confidence the difference lies between 6.39% and 36% less time (B takes between 1.07 and 1.56 times as long as A).
  Noise floor: 15.7%. Identical code measured against itself on this setup can look that different, so smaller differences mean nothing.
  Neighbouring measurements are nearly independent (autocorrelation -0.85), so they were resampled one by one.
  
  Verdict: NOT RESOLVED. This run did not establish which candidate is faster. That is not the same as "equally fast": the warnings below say what is missing.
  
  Warnings:
    - the difference of 8.99% does not clear the 15.70% noise floor, which is what this setup reports between two runs of identical code
    - the program holds 484 MB of live data, more than the caches of many machines; for data that size, where it lies in memory can shift the result by several points in ways the interval does not cover, and differently in the next process; run the comparison in several processes with the multiproc package

checksum 16443997800806138868
== street multi n=212449 valuesFor: ordered vs btree-sets
A: 316.1 ns per operation (median)
B: 674.6 ns per operation (median)
A needs 52.4% less time than B: B takes 2.10 times as long as A.
With 95% confidence the difference lies between 51.2% and 54.8% less time (B takes between 2.05 and 2.21 times as long as A).
Noise floor: 3.43%. Identical code measured against itself on this setup can look that different, so smaller differences mean nothing.
Neighbouring measurements are nearly independent (autocorrelation -0.22), so they were resampled one by one.

Verdict: RESOLVED. A is faster than B: the difference is real, as its interval excludes zero and it exceeds the noise floor.

Warnings:
  - the program holds 372 MB of live data, more than the caches of many machines; for data that size, where it lies in memory can shift the result by several points in ways the interval does not cover, and differently in the next process; run the comparison in several processes with the multiproc package

== street multi n=212449 valuesFor: ordered vs ordered-lpage
A: 258.7 ns per operation (median)
B: 254 ns per operation (median)
A needs 0.381% more time than B: B takes only 1.00 times as long as A.
With 95% confidence the difference lies between 5.12% more time and 0.961% less time (B takes between 0.951 and 1.01 times as long as A).
Noise floor: 1.11%. Identical code measured against itself on this setup can look that different, so smaller differences mean nothing.
Neighbouring measurements are nearly independent (autocorrelation -0.28), so they were resampled one by one.

Verdict: NOT RESOLVED. This run did not establish which candidate is faster. That is not the same as "equally fast": the warnings below say what is missing.

Warnings:
  - the difference of -0.38% does not clear the 1.11% noise floor, which is what this setup reports between two runs of identical code
  - the interval [-5.12%, 0.96%] includes zero, so a difference in either direction is consistent with these measurements
  - the program holds 372 MB of live data, more than the caches of many machines; for data that size, where it lies in memory can shift the result by several points in ways the interval does not cover, and differently in the next process; run the comparison in several processes with the multiproc package

== street multi n=212449 valuesFor: ordered vs ordered-lpage-mv
A: 279.6 ns per operation (median)
B: 306.2 ns per operation (median)
A needs 9.64% less time than B: B takes 1.11 times as long as A.
With 95% confidence the difference lies between 4.4% and 11.1% less time (B takes between 1.05 and 1.12 times as long as A).
Noise floor: 1.99%. Identical code measured against itself on this setup can look that different, so smaller differences mean nothing.
Neighbouring measurements are nearly independent (autocorrelation -0.26), so they were resampled one by one.

Verdict: RESOLVED. A is faster than B: the difference is real, as its interval excludes zero and it exceeds the noise floor.

Warnings:
  - the program holds 372 MB of live data, more than the caches of many machines; for data that size, where it lies in memory can shift the result by several points in ways the interval does not cover, and differently in the next process; run the comparison in several processes with the multiproc package

== street multi n=212449 valuesFor: ordered vs ordered-lpage-mvzc
A: 266 ns per operation (median)
B: 275.7 ns per operation (median)
A needs 5.21% less time than B: B takes 1.06 times as long as A.
With 95% confidence the difference lies between 0.64% and 6.39% less time (B takes between 1.01 and 1.07 times as long as A).
Noise floor: 0.802%. Identical code measured against itself on this setup can look that different, so smaller differences mean nothing.
Neighbouring measurements are nearly independent (autocorrelation -0.15), so they were resampled one by one.

Verdict: RESOLVED. A is faster than B: the difference is real, as its interval excludes zero and it exceeds the noise floor.

Warnings:
  - the program holds 372 MB of live data, more than the caches of many machines; for data that size, where it lies in memory can shift the result by several points in ways the interval does not cover, and differently in the next process; run the comparison in several processes with the multiproc package

== street multi n=212449 valuesBetween: ordered vs btree-sets
A: 6998 ns per operation (median)
B: 2.026e+04 ns per operation (median)
A needs 65.5% less time than B: B takes 2.90 times as long as A.
With 95% confidence the difference lies between 64.5% and 66.7% less time (B takes between 2.81 and 3.00 times as long as A).
Noise floor: 1.8%. Identical code measured against itself on this setup can look that different, so smaller differences mean nothing.
Neighbouring measurements are nearly independent (autocorrelation -0.05), so they were resampled one by one.

Verdict: RESOLVED. A is faster than B: the difference is real, as its interval excludes zero and it exceeds the noise floor.

Warnings:
  - the program holds 372 MB of live data, more than the caches of many machines; for data that size, where it lies in memory can shift the result by several points in ways the interval does not cover, and differently in the next process; run the comparison in several processes with the multiproc package
  - candidate B drifted during the run: its measurements were 1.83% lower in the second half than in the first, so the machine did not hold still

== street multi n=212449 valuesBetween: ordered vs ordered-lpage
A: 6232 ns per operation (median)
B: 6108 ns per operation (median)
A needs 0.172% less time than B: B takes 1.00 times as long as A.
With 95% confidence the difference lies between 4.73% more time and 0.822% less time (B takes between 0.955 and 1.01 times as long as A).
Noise floor: 0.895%. Identical code measured against itself on this setup can look that different, so smaller differences mean nothing.
Neighbouring measurements are correlated (autocorrelation +0.31), so they were resampled in blocks of 3.

Verdict: NOT RESOLVED. This run did not establish which candidate is faster. That is not the same as "equally fast": the warnings below say what is missing.

Warnings:
  - the difference of 0.17% does not clear the 0.90% noise floor, which is what this setup reports between two runs of identical code
  - the interval [-4.73%, 0.82%] includes zero, so a difference in either direction is consistent with these measurements
  - the program holds 372 MB of live data, more than the caches of many machines; for data that size, where it lies in memory can shift the result by several points in ways the interval does not cover, and differently in the next process; run the comparison in several processes with the multiproc package

== street multi n=212449 valuesBetween: ordered vs ordered-lpage-mv
A: 6102 ns per operation (median)
B: 3948 ns per operation (median)
A needs 57.6% more time than B: B takes only 0.63 times as long as A.
With 95% confidence the difference lies between 51.4% and 64.1% more time (B takes between 0.609 and 0.66 times as long as A).
Noise floor: 1.01%. Identical code measured against itself on this setup can look that different, so smaller differences mean nothing.
Neighbouring measurements are nearly independent (autocorrelation -0.15), so they were resampled one by one.

Verdict: RESOLVED. A is slower than B: the difference is real, as its interval excludes zero and it exceeds the noise floor.

Warnings:
  - the program holds 372 MB of live data, more than the caches of many machines; for data that size, where it lies in memory can shift the result by several points in ways the interval does not cover, and differently in the next process; run the comparison in several processes with the multiproc package

== street multi n=212449 valuesBetween: ordered vs ordered-lpage-mvzc
A: 5920 ns per operation (median)
B: 3084 ns per operation (median)
A needs 91.9% more time than B: B takes only 0.52 times as long as A.
With 95% confidence the difference lies between 89.2% and 97.4% more time (B takes between 0.507 and 0.53 times as long as A).
Noise floor: 1.52%. Identical code measured against itself on this setup can look that different, so smaller differences mean nothing.
Neighbouring measurements are nearly independent (autocorrelation -0.02), so they were resampled one by one.

Verdict: RESOLVED. A is slower than B: the difference is real, as its interval excludes zero and it exceeds the noise floor.

Warnings:
  - the program holds 372 MB of live data, more than the caches of many machines; for data that size, where it lies in memory can shift the result by several points in ways the interval does not cover, and differently in the next process; run the comparison in several processes with the multiproc package

== street multi n=212449 prefix: ordered vs btree-sets
A: 2.409e+04 ns per operation (median)
B: 7.593e+04 ns per operation (median)
A needs 65.6% less time than B: B takes 2.91 times as long as A.
With 95% confidence the difference lies between 64.7% and 70.3% less time (B takes between 2.83 and 3.37 times as long as A).
Noise floor: 3.46%. Identical code measured against itself on this setup can look that different, so smaller differences mean nothing.
Neighbouring measurements are nearly independent (autocorrelation -0.15), so they were resampled one by one.

Verdict: RESOLVED. A is faster than B: the difference is real, as its interval excludes zero and it exceeds the noise floor.

Warnings:
  - the program holds 372 MB of live data, more than the caches of many machines; for data that size, where it lies in memory can shift the result by several points in ways the interval does not cover, and differently in the next process; run the comparison in several processes with the multiproc package

== street multi n=212449 prefix: ordered vs ordered-lpage
A: 2.346e+04 ns per operation (median)
B: 2.289e+04 ns per operation (median)
A needs 1.91% less time than B: B takes 1.02 times as long as A.
With 95% confidence the difference lies between 5.38% more time and 4.47% less time (B takes between 0.949 and 1.05 times as long as A).
Noise floor: 4.17%. Identical code measured against itself on this setup can look that different, so smaller differences mean nothing.
Neighbouring measurements are nearly independent (autocorrelation -0.13), so they were resampled one by one.

Verdict: NOT RESOLVED. This run did not establish which candidate is faster. That is not the same as "equally fast": the warnings below say what is missing.

Warnings:
  - the difference of 1.91% does not clear the 4.17% noise floor, which is what this setup reports between two runs of identical code
  - the interval [-5.38%, 4.47%] includes zero, so a difference in either direction is consistent with these measurements
  - the program holds 372 MB of live data, more than the caches of many machines; for data that size, where it lies in memory can shift the result by several points in ways the interval does not cover, and differently in the next process; run the comparison in several processes with the multiproc package
  - in 50% of A/A runs this setup reported a difference between identical code, well above the 10% expected; treat any confidence from it with suspicion

== street multi n=212449 prefix: ordered vs ordered-lpage-mv
A: 2.11e+04 ns per operation (median)
B: 1.211e+04 ns per operation (median)
A needs 72% more time than B: B takes only 0.58 times as long as A.
With 95% confidence the difference lies between 67.4% and 79.3% more time (B takes between 0.558 and 0.60 times as long as A).
Noise floor: 6.25%. Identical code measured against itself on this setup can look that different, so smaller differences mean nothing.
Neighbouring measurements are nearly independent (autocorrelation -0.13), so they were resampled one by one.

Verdict: RESOLVED. A is slower than B: the difference is real, as its interval excludes zero and it exceeds the noise floor.

Warnings:
  - the program holds 367 MB of live data, more than the caches of many machines; for data that size, where it lies in memory can shift the result by several points in ways the interval does not cover, and differently in the next process; run the comparison in several processes with the multiproc package

== street multi n=212449 prefix: ordered vs ordered-lpage-mvzc
A: 2.044e+04 ns per operation (median)
B: 9430 ns per operation (median)
A needs 120% more time than B: B takes only 0.46 times as long as A.
With 95% confidence the difference lies between 114% and 126% more time (B takes between 0.443 and 0.47 times as long as A).
Noise floor: 8.5%. Identical code measured against itself on this setup can look that different, so smaller differences mean nothing.
Neighbouring measurements are nearly independent (autocorrelation -0.09), so they were resampled one by one.

Verdict: RESOLVED. A is slower than B: the difference is real, as its interval excludes zero and it exceeds the noise floor.

Warnings:
  - the program holds 367 MB of live data, more than the caches of many machines; for data that size, where it lies in memory can shift the result by several points in ways the interval does not cover, and differently in the next process; run the comparison in several processes with the multiproc package
  - in 50% of A/A runs this setup reported a difference between identical code, well above the 10% expected; treat any confidence from it with suspicion

== street multi n=212449 churn and build: ordered vs btree-sets
steady state, per insertion or deletion in a structure of 578999 elements (cycle of 1512160 operations, first pass untimed):
  A: 719.6 ns per operation (median)
  B: 978.3 ns per operation (median)
  A needs 27.5% less time than B: B takes 1.38 times as long as A.
  With 95% confidence the difference lies between 22.8% and 30.4% less time (B takes between 1.29 and 1.44 times as long as A).
  Noise floor: 2.47%. Identical code measured against itself on this setup can look that different, so smaller differences mean nothing.
  Neighbouring measurements are nearly independent (autocorrelation -0.01), so they were resampled one by one.
  
  Verdict: RESOLVED. A is faster than B: the difference is real, as its interval excludes zero and it exceeds the noise floor.
  
  Warnings:
    - the program holds 531 MB of live data, more than the caches of many machines; for data that size, where it lies in memory can shift the result by several points in ways the interval does not cover, and differently in the next process; run the comparison in several processes with the multiproc package
    - candidate A drifted during the run: its measurements were 7.86% lower in the second half than in the first, so the machine did not hold still
    - candidate B drifted during the run: its measurements were 6.54% lower in the second half than in the first, so the machine did not hold still

== street multi n=212449 churn and build: ordered vs ordered-lpage
steady state, per insertion or deletion in a structure of 578999 elements (cycle of 1512160 operations, first pass untimed):
  A: 585.8 ns per operation (median)
  B: 561.3 ns per operation (median)
  A needs 19.5% more time than B: B takes only 0.84 times as long as A.
  With 95% confidence the difference lies between 26.8% more time and 17.9% less time (B takes between 0.789 and 1.22 times as long as A).
  Noise floor: 19.6%. Identical code measured against itself on this setup can look that different, so smaller differences mean nothing.
  Neighbouring measurements are nearly independent (autocorrelation -0.86), so they were resampled one by one.
  
  Verdict: NOT RESOLVED. This run did not establish which candidate is faster. That is not the same as "equally fast": the warnings below say what is missing.
  
  Warnings:
    - the difference of -19.47% does not clear the 19.59% noise floor, which is what this setup reports between two runs of identical code
    - the interval [-26.82%, 17.91%] includes zero, so a difference in either direction is consistent with these measurements
    - the program holds 493 MB of live data, more than the caches of many machines; for data that size, where it lies in memory can shift the result by several points in ways the interval does not cover, and differently in the next process; run the comparison in several processes with the multiproc package

== street multi n=212449 churn and build: ordered vs ordered-lpage-mv
steady state, per insertion or deletion in a structure of 578999 elements (cycle of 1512160 operations, first pass untimed):
  A: 593.9 ns per operation (median)
  B: 619.9 ns per operation (median)
  A needs 1.48% less time than B: B takes 1.02 times as long as A.
  With 95% confidence the difference lies between 6.56% more time and 27.5% less time (B takes between 0.938 and 1.38 times as long as A).
  Noise floor: 16.1%. Identical code measured against itself on this setup can look that different, so smaller differences mean nothing.
  Neighbouring measurements are nearly independent (autocorrelation -0.86), so they were resampled one by one.
  
  Verdict: NOT RESOLVED. This run did not establish which candidate is faster. That is not the same as "equally fast": the warnings below say what is missing.
  
  Warnings:
    - the difference of 1.48% does not clear the 16.08% noise floor, which is what this setup reports between two runs of identical code
    - the interval [-6.56%, 27.48%] includes zero, so a difference in either direction is consistent with these measurements
    - the program holds 477 MB of live data, more than the caches of many machines; for data that size, where it lies in memory can shift the result by several points in ways the interval does not cover, and differently in the next process; run the comparison in several processes with the multiproc package

== street multi n=212449 churn and build: ordered vs ordered-lpage-mvzc
steady state, per insertion or deletion in a structure of 578999 elements (cycle of 1512160 operations, first pass untimed):
  A: 630.3 ns per operation (median)
  B: 729.9 ns per operation (median)
  A needs 12% less time than B: B takes 1.14 times as long as A.
  With 95% confidence the difference lies between 7.39% and 34% less time (B takes between 1.08 and 1.51 times as long as A).
  Noise floor: 15.6%. Identical code measured against itself on this setup can look that different, so smaller differences mean nothing.
  Neighbouring measurements are nearly independent (autocorrelation -0.87), so they were resampled one by one.
  
  Verdict: NOT RESOLVED. This run did not establish which candidate is faster. That is not the same as "equally fast": the warnings below say what is missing.
  
  Warnings:
    - the difference of 11.98% does not clear the 15.59% noise floor, which is what this setup reports between two runs of identical code
    - the program holds 484 MB of live data, more than the caches of many machines; for data that size, where it lies in memory can shift the result by several points in ways the interval does not cover, and differently in the next process; run the comparison in several processes with the multiproc package

checksum 6180254393554197850
== street multi n=212449 valuesFor: ordered vs btree-sets
A: 304.2 ns per operation (median)
B: 671.5 ns per operation (median)
A needs 55% less time than B: B takes 2.22 times as long as A.
With 95% confidence the difference lies between 53.3% and 56.2% less time (B takes between 2.14 and 2.28 times as long as A).
Noise floor: 3.03%. Identical code measured against itself on this setup can look that different, so smaller differences mean nothing.
Neighbouring measurements are correlated (autocorrelation +0.73), so they were resampled in blocks of 3.

Verdict: RESOLVED. A is faster than B: the difference is real, as its interval excludes zero and it exceeds the noise floor.

Warnings:
  - the program holds 331 MB of live data, more than the caches of many machines; for data that size, where it lies in memory can shift the result by several points in ways the interval does not cover, and differently in the next process; run the comparison in several processes with the multiproc package

== street multi n=212449 valuesFor: ordered vs ordered-lpage
A: 258 ns per operation (median)
B: 257.3 ns per operation (median)
A needs 0.334% more time than B: B takes only 1.00 times as long as A.
With 95% confidence the difference lies between 3.16% more time and 2.51% less time (B takes between 0.969 and 1.03 times as long as A).
Noise floor: 3.28%. Identical code measured against itself on this setup can look that different, so smaller differences mean nothing.
Neighbouring measurements are nearly independent (autocorrelation +0.10), so they were resampled one by one.

Verdict: NOT RESOLVED. This run did not establish which candidate is faster. That is not the same as "equally fast": the warnings below say what is missing.

Warnings:
  - the difference of -0.33% does not clear the 3.28% noise floor, which is what this setup reports between two runs of identical code
  - the interval [-3.16%, 2.51%] includes zero, so a difference in either direction is consistent with these measurements
  - the program holds 331 MB of live data, more than the caches of many machines; for data that size, where it lies in memory can shift the result by several points in ways the interval does not cover, and differently in the next process; run the comparison in several processes with the multiproc package

== street multi n=212449 valuesFor: ordered vs ordered-lpage-mv
A: 270.3 ns per operation (median)
B: 308.3 ns per operation (median)
A needs 13% less time than B: B takes 1.15 times as long as A.
With 95% confidence the difference lies between 9.68% and 14.5% less time (B takes between 1.11 and 1.17 times as long as A).
Noise floor: 1.38%. Identical code measured against itself on this setup can look that different, so smaller differences mean nothing.
Neighbouring measurements are correlated (autocorrelation +0.47), so they were resampled in blocks of 3.

Verdict: RESOLVED. A is faster than B: the difference is real, as its interval excludes zero and it exceeds the noise floor.

Warnings:
  - the program holds 331 MB of live data, more than the caches of many machines; for data that size, where it lies in memory can shift the result by several points in ways the interval does not cover, and differently in the next process; run the comparison in several processes with the multiproc package

== street multi n=212449 valuesFor: ordered vs ordered-lpage-mvzc
A: 258.6 ns per operation (median)
B: 270.3 ns per operation (median)
A needs 3.41% less time than B: B takes 1.04 times as long as A.
With 95% confidence the difference lies between 1.54% and 6.77% less time (B takes between 1.02 and 1.07 times as long as A).
Noise floor: 2.86%. Identical code measured against itself on this setup can look that different, so smaller differences mean nothing.
Neighbouring measurements are nearly independent (autocorrelation -0.15), so they were resampled one by one.

Verdict: RESOLVED. A is faster than B: the difference is real, as its interval excludes zero and it exceeds the noise floor.

Warnings:
  - the program holds 331 MB of live data, more than the caches of many machines; for data that size, where it lies in memory can shift the result by several points in ways the interval does not cover, and differently in the next process; run the comparison in several processes with the multiproc package

== street multi n=212449 valuesBetween: ordered vs btree-sets
A: 6823 ns per operation (median)
B: 2.003e+04 ns per operation (median)
A needs 65.8% less time than B: B takes 2.92 times as long as A.
With 95% confidence the difference lies between 65% and 67% less time (B takes between 2.86 and 3.03 times as long as A).
Noise floor: 3.27%. Identical code measured against itself on this setup can look that different, so smaller differences mean nothing.
Neighbouring measurements are nearly independent (autocorrelation -0.04), so they were resampled one by one.

Verdict: RESOLVED. A is faster than B: the difference is real, as its interval excludes zero and it exceeds the noise floor.

Warnings:
  - the program holds 331 MB of live data, more than the caches of many machines; for data that size, where it lies in memory can shift the result by several points in ways the interval does not cover, and differently in the next process; run the comparison in several processes with the multiproc package
  - in 50% of A/A runs this setup reported a difference between identical code, well above the 10% expected; treat any confidence from it with suspicion

== street multi n=212449 valuesBetween: ordered vs ordered-lpage
A: 6032 ns per operation (median)
B: 6158 ns per operation (median)
A needs 0.472% less time than B: B takes 1.00 times as long as A.
With 95% confidence the difference lies between 1.07% more time and 2.31% less time (B takes between 0.989 and 1.02 times as long as A).
Noise floor: 1.07%. Identical code measured against itself on this setup can look that different, so smaller differences mean nothing.
Neighbouring measurements are correlated (autocorrelation +0.56), so they were resampled in blocks of 3.

Verdict: NOT RESOLVED. This run did not establish which candidate is faster. That is not the same as "equally fast": the warnings below say what is missing.

Warnings:
  - the difference of 0.47% does not clear the 1.07% noise floor, which is what this setup reports between two runs of identical code
  - the interval [-1.07%, 2.31%] includes zero, so a difference in either direction is consistent with these measurements
  - the program holds 365 MB of live data, more than the caches of many machines; for data that size, where it lies in memory can shift the result by several points in ways the interval does not cover, and differently in the next process; run the comparison in several processes with the multiproc package
  - candidate B drifted during the run: its measurements were 3.74% lower in the second half than in the first, so the machine did not hold still

== street multi n=212449 valuesBetween: ordered vs ordered-lpage-mv
A: 6018 ns per operation (median)
B: 3899 ns per operation (median)
A needs 55.1% more time than B: B takes only 0.64 times as long as A.
With 95% confidence the difference lies between 52.5% and 58.8% more time (B takes between 0.63 and 0.66 times as long as A).
Noise floor: 3.57%. Identical code measured against itself on this setup can look that different, so smaller differences mean nothing.
Neighbouring measurements are nearly independent (autocorrelation -0.05), so they were resampled one by one.

Verdict: RESOLVED. A is slower than B: the difference is real, as its interval excludes zero and it exceeds the noise floor.

Warnings:
  - the program holds 365 MB of live data, more than the caches of many machines; for data that size, where it lies in memory can shift the result by several points in ways the interval does not cover, and differently in the next process; run the comparison in several processes with the multiproc package

== street multi n=212449 valuesBetween: ordered vs ordered-lpage-mvzc
A: 5808 ns per operation (median)
B: 3113 ns per operation (median)
A needs 89.8% more time than B: B takes only 0.53 times as long as A.
With 95% confidence the difference lies between 83% and 93.8% more time (B takes between 0.516 and 0.55 times as long as A).
Noise floor: 1.22%. Identical code measured against itself on this setup can look that different, so smaller differences mean nothing.
Neighbouring measurements are nearly independent (autocorrelation -0.04), so they were resampled one by one.

Verdict: RESOLVED. A is slower than B: the difference is real, as its interval excludes zero and it exceeds the noise floor.

Warnings:
  - the program holds 365 MB of live data, more than the caches of many machines; for data that size, where it lies in memory can shift the result by several points in ways the interval does not cover, and differently in the next process; run the comparison in several processes with the multiproc package

== street multi n=212449 prefix: ordered vs btree-sets
A: 2.339e+04 ns per operation (median)
B: 7.404e+04 ns per operation (median)
A needs 67.8% less time than B: B takes 3.10 times as long as A.
With 95% confidence the difference lies between 64.5% and 70% less time (B takes between 2.81 and 3.33 times as long as A).
Noise floor: 3.04%. Identical code measured against itself on this setup can look that different, so smaller differences mean nothing.
Neighbouring measurements are nearly independent (autocorrelation -0.08), so they were resampled one by one.

Verdict: RESOLVED. A is faster than B: the difference is real, as its interval excludes zero and it exceeds the noise floor.

Warnings:
  - the program holds 365 MB of live data, more than the caches of many machines; for data that size, where it lies in memory can shift the result by several points in ways the interval does not cover, and differently in the next process; run the comparison in several processes with the multiproc package
  - in 50% of A/A runs this setup reported a difference between identical code, well above the 10% expected; treat any confidence from it with suspicion

== street multi n=212449 prefix: ordered vs ordered-lpage
A: 2.252e+04 ns per operation (median)
B: 2.244e+04 ns per operation (median)
A needs 1.2% more time than B: B takes only 0.99 times as long as A.
With 95% confidence the difference lies between 4.57% more time and 4.37% less time (B takes between 0.956 and 1.05 times as long as A).
Noise floor: 5.49%. Identical code measured against itself on this setup can look that different, so smaller differences mean nothing.
Neighbouring measurements are nearly independent (autocorrelation -0.09), so they were resampled one by one.

Verdict: NOT RESOLVED. This run did not establish which candidate is faster. That is not the same as "equally fast": the warnings below say what is missing.

Warnings:
  - the difference of -1.20% does not clear the 5.49% noise floor, which is what this setup reports between two runs of identical code
  - the interval [-4.57%, 4.37%] includes zero, so a difference in either direction is consistent with these measurements
  - the program holds 365 MB of live data, more than the caches of many machines; for data that size, where it lies in memory can shift the result by several points in ways the interval does not cover, and differently in the next process; run the comparison in several processes with the multiproc package
  - in 50% of A/A runs this setup reported a difference between identical code, well above the 10% expected; treat any confidence from it with suspicion

== street multi n=212449 prefix: ordered vs ordered-lpage-mv
A: 2.187e+04 ns per operation (median)
B: 1.241e+04 ns per operation (median)
A needs 73.6% more time than B: B takes only 0.58 times as long as A.
With 95% confidence the difference lies between 69.4% and 86% more time (B takes between 0.538 and 0.59 times as long as A).
Noise floor: 5.91%. Identical code measured against itself on this setup can look that different, so smaller differences mean nothing.
Neighbouring measurements are nearly independent (autocorrelation +0.14), so they were resampled one by one.

Verdict: RESOLVED. A is slower than B: the difference is real, as its interval excludes zero and it exceeds the noise floor.

Warnings:
  - the program holds 368 MB of live data, more than the caches of many machines; for data that size, where it lies in memory can shift the result by several points in ways the interval does not cover, and differently in the next process; run the comparison in several processes with the multiproc package
  - in 50% of A/A runs this setup reported a difference between identical code, well above the 10% expected; treat any confidence from it with suspicion

== street multi n=212449 prefix: ordered vs ordered-lpage-mvzc
A: 2.054e+04 ns per operation (median)
B: 9534 ns per operation (median)
A needs 115% more time than B: B takes only 0.47 times as long as A.
With 95% confidence the difference lies between 110% and 118% more time (B takes between 0.459 and 0.48 times as long as A).
Noise floor: 9.13%. Identical code measured against itself on this setup can look that different, so smaller differences mean nothing.
Neighbouring measurements are nearly independent (autocorrelation -0.07), so they were resampled one by one.

Verdict: RESOLVED. A is slower than B: the difference is real, as its interval excludes zero and it exceeds the noise floor.

Warnings:
  - the program holds 368 MB of live data, more than the caches of many machines; for data that size, where it lies in memory can shift the result by several points in ways the interval does not cover, and differently in the next process; run the comparison in several processes with the multiproc package
  - in 50% of A/A runs this setup reported a difference between identical code, well above the 10% expected; treat any confidence from it with suspicion

== street multi n=212449 churn and build: ordered vs btree-sets
steady state, per insertion or deletion in a structure of 578999 elements (cycle of 1512160 operations, first pass untimed):
  A: 649.1 ns per operation (median)
  B: 898 ns per operation (median)
  A needs 27.7% less time than B: B takes 1.38 times as long as A.
  With 95% confidence the difference lies between 24.2% and 31.1% less time (B takes between 1.32 and 1.45 times as long as A).
  Noise floor: 5.75%. Identical code measured against itself on this setup can look that different, so smaller differences mean nothing.
  Neighbouring measurements are correlated (autocorrelation +0.43), so they were resampled in blocks of 3.
  
  Verdict: RESOLVED. A is faster than B: the difference is real, as its interval excludes zero and it exceeds the noise floor.
  
  Warnings:
    - the program holds 531 MB of live data, more than the caches of many machines; for data that size, where it lies in memory can shift the result by several points in ways the interval does not cover, and differently in the next process; run the comparison in several processes with the multiproc package

== street multi n=212449 churn and build: ordered vs ordered-lpage
steady state, per insertion or deletion in a structure of 578999 elements (cycle of 1512160 operations, first pass untimed):
  A: 572.7 ns per operation (median)
  B: 505.7 ns per operation (median)
  A needs 22.6% more time than B: B takes only 0.82 times as long as A.
  With 95% confidence the difference lies between 26.4% more time and 17.7% less time (B takes between 0.791 and 1.22 times as long as A).
  Noise floor: 14.4%. Identical code measured against itself on this setup can look that different, so smaller differences mean nothing.
  Neighbouring measurements are nearly independent (autocorrelation -0.77), so they were resampled one by one.
  
  Verdict: NOT RESOLVED. This run did not establish which candidate is faster. That is not the same as "equally fast": the warnings below say what is missing.
  
  Warnings:
    - the interval [-26.36%, 17.74%] includes zero, so a difference in either direction is consistent with these measurements
    - the program holds 495 MB of live data, more than the caches of many machines; for data that size, where it lies in memory can shift the result by several points in ways the interval does not cover, and differently in the next process; run the comparison in several processes with the multiproc package

== street multi n=212449 churn and build: ordered vs ordered-lpage-mv
steady state, per insertion or deletion in a structure of 578999 elements (cycle of 1512160 operations, first pass untimed):
  A: 597.5 ns per operation (median)
  B: 693.1 ns per operation (median)
  A needs 10.5% less time than B: B takes 1.12 times as long as A.
  With 95% confidence the difference lies between 6.62% more time and 28% less time (B takes between 0.938 and 1.39 times as long as A).
  Noise floor: 16.6%. Identical code measured against itself on this setup can look that different, so smaller differences mean nothing.
  Neighbouring measurements are nearly independent (autocorrelation -0.85), so they were resampled one by one.
  
  Verdict: NOT RESOLVED. This run did not establish which candidate is faster. That is not the same as "equally fast": the warnings below say what is missing.
  
  Warnings:
    - the difference of 10.48% does not clear the 16.57% noise floor, which is what this setup reports between two runs of identical code
    - the interval [-6.62%, 27.98%] includes zero, so a difference in either direction is consistent with these measurements
    - the program holds 458 MB of live data, more than the caches of many machines; for data that size, where it lies in memory can shift the result by several points in ways the interval does not cover, and differently in the next process; run the comparison in several processes with the multiproc package

== street multi n=212449 churn and build: ordered vs ordered-lpage-mvzc
steady state, per insertion or deletion in a structure of 578999 elements (cycle of 1512160 operations, first pass untimed):
  A: 663.2 ns per operation (median)
  B: 759.9 ns per operation (median)
  A needs 6.89% less time than B: B takes 1.07 times as long as A.
  With 95% confidence the difference lies between 0.0498% and 34.8% less time (B takes between 1 and 1.53 times as long as A).
  Noise floor: 13.3%. Identical code measured against itself on this setup can look that different, so smaller differences mean nothing.
  Neighbouring measurements are nearly independent (autocorrelation -0.74), so they were resampled one by one.
  
  Verdict: NOT RESOLVED. This run did not establish which candidate is faster. That is not the same as "equally fast": the warnings below say what is missing.
  
  Warnings:
    - the difference of 6.89% does not clear the 13.32% noise floor, which is what this setup reports between two runs of identical code
    - the program holds 483 MB of live data, more than the caches of many machines; for data that size, where it lies in memory can shift the result by several points in ways the interval does not cover, and differently in the next process; run the comparison in several processes with the multiproc package

checksum 15570361288178059515
== street multi n=212449 valuesFor: ordered vs btree-sets
A: 371.8 ns per operation (median)
B: 800.1 ns per operation (median)
A needs 52.8% less time than B: B takes 2.12 times as long as A.
With 95% confidence the difference lies between 51.2% and 55.5% less time (B takes between 2.05 and 2.25 times as long as A).
Noise floor: 2.21%. Identical code measured against itself on this setup can look that different, so smaller differences mean nothing.
Neighbouring measurements are nearly independent (autocorrelation -0.35), so they were resampled one by one.

Verdict: RESOLVED. A is faster than B: the difference is real, as its interval excludes zero and it exceeds the noise floor.

Warnings:
  - the program holds 315 MB of live data, more than the caches of many machines; for data that size, where it lies in memory can shift the result by several points in ways the interval does not cover, and differently in the next process; run the comparison in several processes with the multiproc package
  - candidate A drifted during the run: its measurements were 8.01% lower in the second half than in the first, so the machine did not hold still
  - candidate B drifted during the run: its measurements were 4.81% lower in the second half than in the first, so the machine did not hold still

== street multi n=212449 valuesFor: ordered vs ordered-lpage
A: 329.1 ns per operation (median)
B: 323.2 ns per operation (median)
A needs 0.529% more time than B: B takes only 0.99 times as long as A.
With 95% confidence the difference lies between 3.37% more time and 1.81% less time (B takes between 0.967 and 1.02 times as long as A).
Noise floor: 1.52%. Identical code measured against itself on this setup can look that different, so smaller differences mean nothing.
Neighbouring measurements are nearly independent (autocorrelation -0.10), so they were resampled one by one.

Verdict: NOT RESOLVED. This run did not establish which candidate is faster. That is not the same as "equally fast": the warnings below say what is missing.

Warnings:
  - the difference of -0.53% does not clear the 1.52% noise floor, which is what this setup reports between two runs of identical code
  - the interval [-3.37%, 1.81%] includes zero, so a difference in either direction is consistent with these measurements
  - the program holds 315 MB of live data, more than the caches of many machines; for data that size, where it lies in memory can shift the result by several points in ways the interval does not cover, and differently in the next process; run the comparison in several processes with the multiproc package

== street multi n=212449 valuesFor: ordered vs ordered-lpage-mv
A: 312.9 ns per operation (median)
B: 334 ns per operation (median)
A needs 7.51% less time than B: B takes 1.08 times as long as A.
With 95% confidence the difference lies between 2.44% and 11.5% less time (B takes between 1.02 and 1.13 times as long as A).
Noise floor: 2.26%. Identical code measured against itself on this setup can look that different, so smaller differences mean nothing.
Neighbouring measurements are nearly independent (autocorrelation -0.13), so they were resampled one by one.

Verdict: RESOLVED. A is faster than B: the difference is real, as its interval excludes zero and it exceeds the noise floor.

Warnings:
  - the program holds 364 MB of live data, more than the caches of many machines; for data that size, where it lies in memory can shift the result by several points in ways the interval does not cover, and differently in the next process; run the comparison in several processes with the multiproc package

== street multi n=212449 valuesFor: ordered vs ordered-lpage-mvzc
A: 327.4 ns per operation (median)
B: 323 ns per operation (median)
A needs 0.371% more time than B: B takes only 1.00 times as long as A.
With 95% confidence the difference lies between 6.12% more time and 2.47% less time (B takes between 0.942 and 1.03 times as long as A).
Noise floor: 1.34%. Identical code measured against itself on this setup can look that different, so smaller differences mean nothing.
Neighbouring measurements are nearly independent (autocorrelation -0.24), so they were resampled one by one.

Verdict: NOT RESOLVED. This run did not establish which candidate is faster. That is not the same as "equally fast": the warnings below say what is missing.

Warnings:
  - the difference of -0.37% does not clear the 1.34% noise floor, which is what this setup reports between two runs of identical code
  - the interval [-6.12%, 2.47%] includes zero, so a difference in either direction is consistent with these measurements
  - the program holds 364 MB of live data, more than the caches of many machines; for data that size, where it lies in memory can shift the result by several points in ways the interval does not cover, and differently in the next process; run the comparison in several processes with the multiproc package

== street multi n=212449 valuesBetween: ordered vs btree-sets
A: 8233 ns per operation (median)
B: 2.308e+04 ns per operation (median)
A needs 63.8% less time than B: B takes 2.76 times as long as A.
With 95% confidence the difference lies between 62.2% and 64.5% less time (B takes between 2.64 and 2.81 times as long as A).
Noise floor: 1.3%. Identical code measured against itself on this setup can look that different, so smaller differences mean nothing.
Neighbouring measurements are nearly independent (autocorrelation +0.06), so they were resampled one by one.

Verdict: RESOLVED. A is faster than B: the difference is real, as its interval excludes zero and it exceeds the noise floor.

Warnings:
  - the program holds 364 MB of live data, more than the caches of many machines; for data that size, where it lies in memory can shift the result by several points in ways the interval does not cover, and differently in the next process; run the comparison in several processes with the multiproc package
  - candidate B drifted during the run: its measurements were 7.05% lower in the second half than in the first, so the machine did not hold still
  - the ratio B/A was 6.32% lower in the second half of the run than in the first, so the candidates had not reached a steady state and the difference depends on how long the run was; a common cause is a head start for whichever candidate ran alone last before the comparison or had its data built last, which a longer CollectOptions.WarmupDuration removes

== street multi n=212449 valuesBetween: ordered vs ordered-lpage
A: 7041 ns per operation (median)
B: 7097 ns per operation (median)
A needs 0.0975% more time than B: B takes only 1.00 times as long as A.
With 95% confidence the difference lies between 3.59% more time and 2.55% less time (B takes between 0.965 and 1.03 times as long as A).
Noise floor: 3.17%. Identical code measured against itself on this setup can look that different, so smaller differences mean nothing.
Neighbouring measurements are nearly independent (autocorrelation +0.15), so they were resampled one by one.

Verdict: NOT RESOLVED. This run did not establish which candidate is faster. That is not the same as "equally fast": the warnings below say what is missing.

Warnings:
  - the difference of -0.10% does not clear the 3.17% noise floor, which is what this setup reports between two runs of identical code
  - the interval [-3.59%, 2.55%] includes zero, so a difference in either direction is consistent with these measurements
  - the program holds 364 MB of live data, more than the caches of many machines; for data that size, where it lies in memory can shift the result by several points in ways the interval does not cover, and differently in the next process; run the comparison in several processes with the multiproc package
  - in 50% of A/A runs this setup reported a difference between identical code, well above the 10% expected; treat any confidence from it with suspicion

== street multi n=212449 valuesBetween: ordered vs ordered-lpage-mv
A: 7062 ns per operation (median)
B: 4069 ns per operation (median)
A needs 71.9% more time than B: B takes only 0.58 times as long as A.
With 95% confidence the difference lies between 65.3% and 75.7% more time (B takes between 0.569 and 0.60 times as long as A).
Noise floor: 0.662%. Identical code measured against itself on this setup can look that different, so smaller differences mean nothing.
Neighbouring measurements are nearly independent (autocorrelation -0.07), so they were resampled one by one.

Verdict: RESOLVED. A is slower than B: the difference is real, as its interval excludes zero and it exceeds the noise floor.

Warnings:
  - the program holds 364 MB of live data, more than the caches of many machines; for data that size, where it lies in memory can shift the result by several points in ways the interval does not cover, and differently in the next process; run the comparison in several processes with the multiproc package

== street multi n=212449 valuesBetween: ordered vs ordered-lpage-mvzc
A: 6999 ns per operation (median)
B: 3503 ns per operation (median)
A needs 97.2% more time than B: B takes only 0.51 times as long as A.
With 95% confidence the difference lies between 91.4% and 102% more time (B takes between 0.494 and 0.52 times as long as A).
Noise floor: 1.9%. Identical code measured against itself on this setup can look that different, so smaller differences mean nothing.
Neighbouring measurements are nearly independent (autocorrelation +0.06), so they were resampled one by one.

Verdict: RESOLVED. A is slower than B: the difference is real, as its interval excludes zero and it exceeds the noise floor.

Warnings:
  - the program holds 364 MB of live data, more than the caches of many machines; for data that size, where it lies in memory can shift the result by several points in ways the interval does not cover, and differently in the next process; run the comparison in several processes with the multiproc package

== street multi n=212449 prefix: ordered vs btree-sets
A: 2.845e+04 ns per operation (median)
B: 8.825e+04 ns per operation (median)
A needs 67.9% less time than B: B takes 3.12 times as long as A.
With 95% confidence the difference lies between 66.4% and 70.2% less time (B takes between 2.97 and 3.36 times as long as A).
Noise floor: 2.32%. Identical code measured against itself on this setup can look that different, so smaller differences mean nothing.
Neighbouring measurements are nearly independent (autocorrelation -0.10), so they were resampled one by one.

Verdict: RESOLVED. A is faster than B: the difference is real, as its interval excludes zero and it exceeds the noise floor.

Warnings:
  - the program holds 364 MB of live data, more than the caches of many machines; for data that size, where it lies in memory can shift the result by several points in ways the interval does not cover, and differently in the next process; run the comparison in several processes with the multiproc package

== street multi n=212449 prefix: ordered vs ordered-lpage
A: 2.791e+04 ns per operation (median)
B: 2.845e+04 ns per operation (median)
A needs 1.46% less time than B: B takes 1.01 times as long as A.
With 95% confidence the difference lies between 14.5% more time and 9.45% less time (B takes between 0.873 and 1.10 times as long as A).
Noise floor: 2.9%. Identical code measured against itself on this setup can look that different, so smaller differences mean nothing.
Neighbouring measurements are nearly independent (autocorrelation -0.31), so they were resampled one by one.

Verdict: NOT RESOLVED. This run did not establish which candidate is faster. That is not the same as "equally fast": the warnings below say what is missing.

Warnings:
  - the difference of 1.46% does not clear the 2.90% noise floor, which is what this setup reports between two runs of identical code
  - the interval [-14.52%, 9.45%] includes zero, so a difference in either direction is consistent with these measurements
  - the program holds 364 MB of live data, more than the caches of many machines; for data that size, where it lies in memory can shift the result by several points in ways the interval does not cover, and differently in the next process; run the comparison in several processes with the multiproc package

== street multi n=212449 prefix: ordered vs ordered-lpage-mv
A: 2.752e+04 ns per operation (median)
B: 1.417e+04 ns per operation (median)
A needs 88.3% more time than B: B takes only 0.53 times as long as A.
With 95% confidence the difference lies between 72.1% and 113% more time (B takes between 0.47 and 0.58 times as long as A).
Noise floor: 4.28%. Identical code measured against itself on this setup can look that different, so smaller differences mean nothing.
Neighbouring measurements are nearly independent (autocorrelation -0.16), so they were resampled one by one.

Verdict: RESOLVED. A is slower than B: the difference is real, as its interval excludes zero and it exceeds the noise floor.

Warnings:
  - the program holds 367 MB of live data, more than the caches of many machines; for data that size, where it lies in memory can shift the result by several points in ways the interval does not cover, and differently in the next process; run the comparison in several processes with the multiproc package

== street multi n=212449 prefix: ordered vs ordered-lpage-mvzc
A: 2.632e+04 ns per operation (median)
B: 1.193e+04 ns per operation (median)
A needs 132% more time than B: B takes only 0.43 times as long as A.
With 95% confidence the difference lies between 112% and 149% more time (B takes between 0.401 and 0.47 times as long as A).
Noise floor: 3.69%. Identical code measured against itself on this setup can look that different, so smaller differences mean nothing.
Neighbouring measurements are nearly independent (autocorrelation -0.18), so they were resampled one by one.

Verdict: RESOLVED. A is slower than B: the difference is real, as its interval excludes zero and it exceeds the noise floor.

Warnings:
  - the program holds 367 MB of live data, more than the caches of many machines; for data that size, where it lies in memory can shift the result by several points in ways the interval does not cover, and differently in the next process; run the comparison in several processes with the multiproc package

== street multi n=212449 churn and build: ordered vs btree-sets
steady state, per insertion or deletion in a structure of 578999 elements (cycle of 1512160 operations, first pass untimed):
  A: 783.6 ns per operation (median)
  B: 1125 ns per operation (median)
  A needs 29.8% less time than B: B takes 1.43 times as long as A.
  With 95% confidence the difference lies between 27.5% and 32.7% less time (B takes between 1.38 and 1.49 times as long as A).
  Noise floor: 0.903%. Identical code measured against itself on this setup can look that different, so smaller differences mean nothing.
  Neighbouring measurements are nearly independent (autocorrelation +0.11), so they were resampled one by one.
  
  Verdict: RESOLVED. A is faster than B: the difference is real, as its interval excludes zero and it exceeds the noise floor.
  
  Warnings:
    - the program holds 531 MB of live data, more than the caches of many machines; for data that size, where it lies in memory can shift the result by several points in ways the interval does not cover, and differently in the next process; run the comparison in several processes with the multiproc package
    - candidate A drifted during the run: its measurements were 5.52% lower in the second half than in the first, so the machine did not hold still
    - candidate B drifted during the run: its measurements were 5.39% lower in the second half than in the first, so the machine did not hold still

== street multi n=212449 churn and build: ordered vs ordered-lpage
steady state, per insertion or deletion in a structure of 578999 elements (cycle of 1512160 operations, first pass untimed):
  A: 678.7 ns per operation (median)
  B: 593.7 ns per operation (median)
  A needs 23.8% more time than B: B takes only 0.81 times as long as A.
  With 95% confidence the difference lies between 32.5% more time and 17.3% less time (B takes between 0.755 and 1.21 times as long as A).
  Noise floor: 16.8%. Identical code measured against itself on this setup can look that different, so smaller differences mean nothing.
  Neighbouring measurements are nearly independent (autocorrelation -0.76), so they were resampled one by one.
  
  Verdict: NOT RESOLVED. This run did not establish which candidate is faster. That is not the same as "equally fast": the warnings below say what is missing.
  
  Warnings:
    - the interval [-32.53%, 17.33%] includes zero, so a difference in either direction is consistent with these measurements
    - the program holds 494 MB of live data, more than the caches of many machines; for data that size, where it lies in memory can shift the result by several points in ways the interval does not cover, and differently in the next process; run the comparison in several processes with the multiproc package

== street multi n=212449 churn and build: ordered vs ordered-lpage-mv
steady state, per insertion or deletion in a structure of 578999 elements (cycle of 1512160 operations, first pass untimed):
  A: 703.1 ns per operation (median)
  B: 732 ns per operation (median)
  A needs 2.33% more time than B: B takes only 0.98 times as long as A.
  With 95% confidence the difference lies between 8.89% more time and 28.9% less time (B takes between 0.918 and 1.41 times as long as A).
  Noise floor: 15.7%. Identical code measured against itself on this setup can look that different, so smaller differences mean nothing.
  Neighbouring measurements are nearly independent (autocorrelation -0.55), so they were resampled one by one.
  
  Verdict: NOT RESOLVED. This run did not establish which candidate is faster. That is not the same as "equally fast": the warnings below say what is missing.
  
  Warnings:
    - the difference of -2.33% does not clear the 15.72% noise floor, which is what this setup reports between two runs of identical code
    - the interval [-8.89%, 28.93%] includes zero, so a difference in either direction is consistent with these measurements
    - the program holds 457 MB of live data, more than the caches of many machines; for data that size, where it lies in memory can shift the result by several points in ways the interval does not cover, and differently in the next process; run the comparison in several processes with the multiproc package

== street multi n=212449 churn and build: ordered vs ordered-lpage-mvzc
steady state, per insertion or deletion in a structure of 578999 elements (cycle of 1512160 operations, first pass untimed):
  A: 769.9 ns per operation (median)
  B: 859.4 ns per operation (median)
  A needs 5.99% less time than B: B takes 1.06 times as long as A.
  With 95% confidence the difference lies between 0.157% more time and 31.4% less time (B takes between 0.998 and 1.46 times as long as A).
  Noise floor: 13.9%. Identical code measured against itself on this setup can look that different, so smaller differences mean nothing.
  Neighbouring measurements are nearly independent (autocorrelation -0.79), so they were resampled one by one.
  
  Verdict: NOT RESOLVED. This run did not establish which candidate is faster. That is not the same as "equally fast": the warnings below say what is missing.
  
  Warnings:
    - the difference of 5.99% does not clear the 13.89% noise floor, which is what this setup reports between two runs of identical code
    - the interval [-0.16%, 31.41%] includes zero, so a difference in either direction is consistent with these measurements
    - the program holds 484 MB of live data, more than the caches of many machines; for data that size, where it lies in memory can shift the result by several points in ways the interval does not cover, and differently in the next process; run the comparison in several processes with the multiproc package

checksum 151713999339901
== street multi n=212449 valuesFor: ordered vs btree-sets
A: 370.6 ns per operation (median)
B: 800.5 ns per operation (median)
A needs 54.3% less time than B: B takes 2.19 times as long as A.
With 95% confidence the difference lies between 51.7% and 57.2% less time (B takes between 2.07 and 2.33 times as long as A).
Noise floor: 2.4%. Identical code measured against itself on this setup can look that different, so smaller differences mean nothing.
Neighbouring measurements are nearly independent (autocorrelation +0.10), so they were resampled one by one.

Verdict: RESOLVED. A is faster than B: the difference is real, as its interval excludes zero and it exceeds the noise floor.

Warnings:
  - the program holds 353 MB of live data, more than the caches of many machines; for data that size, where it lies in memory can shift the result by several points in ways the interval does not cover, and differently in the next process; run the comparison in several processes with the multiproc package

== street multi n=212449 valuesFor: ordered vs ordered-lpage
A: 320.6 ns per operation (median)
B: 322.3 ns per operation (median)
A needs 3.46% less time than B: B takes 1.04 times as long as A.
With 95% confidence the difference lies between 1.17% more time and 4.85% less time (B takes between 0.988 and 1.05 times as long as A).
Noise floor: 0.954%. Identical code measured against itself on this setup can look that different, so smaller differences mean nothing.
Neighbouring measurements are nearly independent (autocorrelation +0.13), so they were resampled one by one.

Verdict: NOT RESOLVED. This run did not establish which candidate is faster. That is not the same as "equally fast": the warnings below say what is missing.

Warnings:
  - the interval [-1.17%, 4.85%] includes zero, so a difference in either direction is consistent with these measurements
  - the program holds 353 MB of live data, more than the caches of many machines; for data that size, where it lies in memory can shift the result by several points in ways the interval does not cover, and differently in the next process; run the comparison in several processes with the multiproc package

== street multi n=212449 valuesFor: ordered vs ordered-lpage-mv
A: 317.6 ns per operation (median)
B: 344.7 ns per operation (median)
A needs 7.55% less time than B: B takes 1.08 times as long as A.
With 95% confidence the difference lies between 4.66% and 10.2% less time (B takes between 1.05 and 1.11 times as long as A).
Noise floor: 2.72%. Identical code measured against itself on this setup can look that different, so smaller differences mean nothing.
Neighbouring measurements are nearly independent (autocorrelation +0.15), so they were resampled one by one.

Verdict: RESOLVED. A is faster than B: the difference is real, as its interval excludes zero and it exceeds the noise floor.

Warnings:
  - the program holds 353 MB of live data, more than the caches of many machines; for data that size, where it lies in memory can shift the result by several points in ways the interval does not cover, and differently in the next process; run the comparison in several processes with the multiproc package
  - candidate A drifted during the run: its measurements were 3.82% lower in the second half than in the first, so the machine did not hold still
  - candidate B drifted during the run: its measurements were 4.25% lower in the second half than in the first, so the machine did not hold still

== street multi n=212449 valuesFor: ordered vs ordered-lpage-mvzc
A: 299.8 ns per operation (median)
B: 310.4 ns per operation (median)
A needs 3.48% less time than B: B takes 1.04 times as long as A.
With 95% confidence the difference lies between 2.2% more time and 5.87% less time (B takes between 0.979 and 1.06 times as long as A).
Noise floor: 1.6%. Identical code measured against itself on this setup can look that different, so smaller differences mean nothing.
Neighbouring measurements are correlated (autocorrelation +0.28), so they were resampled in blocks of 3.

Verdict: NOT RESOLVED. This run did not establish which candidate is faster. That is not the same as "equally fast": the warnings below say what is missing.

Warnings:
  - the interval [-2.20%, 5.87%] includes zero, so a difference in either direction is consistent with these measurements
  - the program holds 353 MB of live data, more than the caches of many machines; for data that size, where it lies in memory can shift the result by several points in ways the interval does not cover, and differently in the next process; run the comparison in several processes with the multiproc package

== street multi n=212449 valuesBetween: ordered vs btree-sets
A: 7763 ns per operation (median)
B: 2.138e+04 ns per operation (median)
A needs 63.5% less time than B: B takes 2.74 times as long as A.
With 95% confidence the difference lies between 62.8% and 65.7% less time (B takes between 2.69 and 2.91 times as long as A).
Noise floor: 2.32%. Identical code measured against itself on this setup can look that different, so smaller differences mean nothing.
Neighbouring measurements are nearly independent (autocorrelation +0.02), so they were resampled one by one.

Verdict: RESOLVED. A is faster than B: the difference is real, as its interval excludes zero and it exceeds the noise floor.

Warnings:
  - the program holds 353 MB of live data, more than the caches of many machines; for data that size, where it lies in memory can shift the result by several points in ways the interval does not cover, and differently in the next process; run the comparison in several processes with the multiproc package
  - in 50% of A/A runs this setup reported a difference between identical code, well above the 10% expected; treat any confidence from it with suspicion

== street multi n=212449 valuesBetween: ordered vs ordered-lpage
A: 7218 ns per operation (median)
B: 7257 ns per operation (median)
A needs 2.5% less time than B: B takes 1.03 times as long as A.
With 95% confidence the difference lies between 1.68% more time and 5.26% less time (B takes between 0.984 and 1.06 times as long as A).
Noise floor: 1.48%. Identical code measured against itself on this setup can look that different, so smaller differences mean nothing.
Neighbouring measurements are nearly independent (autocorrelation -0.21), so they were resampled one by one.

Verdict: NOT RESOLVED. This run did not establish which candidate is faster. That is not the same as "equally fast": the warnings below say what is missing.

Warnings:
  - the interval [-1.68%, 5.26%] includes zero, so a difference in either direction is consistent with these measurements
  - the program holds 353 MB of live data, more than the caches of many machines; for data that size, where it lies in memory can shift the result by several points in ways the interval does not cover, and differently in the next process; run the comparison in several processes with the multiproc package
  - in 50% of A/A runs this setup reported a difference between identical code, well above the 10% expected; treat any confidence from it with suspicion

== street multi n=212449 valuesBetween: ordered vs ordered-lpage-mv
A: 6832 ns per operation (median)
B: 4152 ns per operation (median)
A needs 65.6% more time than B: B takes only 0.60 times as long as A.
With 95% confidence the difference lies between 60.8% and 72.2% more time (B takes between 0.581 and 0.62 times as long as A).
Noise floor: 1.1%. Identical code measured against itself on this setup can look that different, so smaller differences mean nothing.
Neighbouring measurements are nearly independent (autocorrelation +0.00), so they were resampled one by one.

Verdict: RESOLVED. A is slower than B: the difference is real, as its interval excludes zero and it exceeds the noise floor.

Warnings:
  - the program holds 368 MB of live data, more than the caches of many machines; for data that size, where it lies in memory can shift the result by several points in ways the interval does not cover, and differently in the next process; run the comparison in several processes with the multiproc package

== street multi n=212449 valuesBetween: ordered vs ordered-lpage-mvzc
A: 7148 ns per operation (median)
B: 3572 ns per operation (median)
A needs 104% more time than B: B takes only 0.49 times as long as A.
With 95% confidence the difference lies between 93.9% and 107% more time (B takes between 0.484 and 0.52 times as long as A).
Noise floor: 1.89%. Identical code measured against itself on this setup can look that different, so smaller differences mean nothing.
Neighbouring measurements are nearly independent (autocorrelation +0.16), so they were resampled one by one.

Verdict: RESOLVED. A is slower than B: the difference is real, as its interval excludes zero and it exceeds the noise floor.

Warnings:
  - the program holds 368 MB of live data, more than the caches of many machines; for data that size, where it lies in memory can shift the result by several points in ways the interval does not cover, and differently in the next process; run the comparison in several processes with the multiproc package

== street multi n=212449 prefix: ordered vs btree-sets
A: 2.605e+04 ns per operation (median)
B: 8.183e+04 ns per operation (median)
A needs 66.5% less time than B: B takes 2.98 times as long as A.
With 95% confidence the difference lies between 65.2% and 70.6% less time (B takes between 2.87 and 3.41 times as long as A).
Noise floor: 3.45%. Identical code measured against itself on this setup can look that different, so smaller differences mean nothing.
Neighbouring measurements are nearly independent (autocorrelation -0.03), so they were resampled one by one.

Verdict: RESOLVED. A is faster than B: the difference is real, as its interval excludes zero and it exceeds the noise floor.

Warnings:
  - the program holds 368 MB of live data, more than the caches of many machines; for data that size, where it lies in memory can shift the result by several points in ways the interval does not cover, and differently in the next process; run the comparison in several processes with the multiproc package

== street multi n=212449 prefix: ordered vs ordered-lpage
A: 2.786e+04 ns per operation (median)
B: 2.682e+04 ns per operation (median)
A needs 3.58% less time than B: B takes 1.04 times as long as A.
With 95% confidence the difference lies between 11% more time and 14.6% less time (B takes between 0.901 and 1.17 times as long as A).
Noise floor: 4.34%. Identical code measured against itself on this setup can look that different, so smaller differences mean nothing.
Neighbouring measurements are nearly independent (autocorrelation -0.29), so they were resampled one by one.

Verdict: NOT RESOLVED. This run did not establish which candidate is faster. That is not the same as "equally fast": the warnings below say what is missing.

Warnings:
  - the difference of 3.58% does not clear the 4.34% noise floor, which is what this setup reports between two runs of identical code
  - the interval [-10.96%, 14.58%] includes zero, so a difference in either direction is consistent with these measurements
  - the program holds 368 MB of live data, more than the caches of many machines; for data that size, where it lies in memory can shift the result by several points in ways the interval does not cover, and differently in the next process; run the comparison in several processes with the multiproc package

== street multi n=212449 prefix: ordered vs ordered-lpage-mv
A: 2.557e+04 ns per operation (median)
B: 1.424e+04 ns per operation (median)
A needs 80.8% more time than B: B takes only 0.55 times as long as A.
With 95% confidence the difference lies between 67.4% and 99.8% more time (B takes between 0.501 and 0.60 times as long as A).
Noise floor: 3.65%. Identical code measured against itself on this setup can look that different, so smaller differences mean nothing.
Neighbouring measurements are nearly independent (autocorrelation -0.10), so they were resampled one by one.

Verdict: RESOLVED. A is slower than B: the difference is real, as its interval excludes zero and it exceeds the noise floor.

Warnings:
  - the program holds 367 MB of live data, more than the caches of many machines; for data that size, where it lies in memory can shift the result by several points in ways the interval does not cover, and differently in the next process; run the comparison in several processes with the multiproc package

== street multi n=212449 prefix: ordered vs ordered-lpage-mvzc
A: 2.495e+04 ns per operation (median)
B: 1.051e+04 ns per operation (median)
A needs 118% more time than B: B takes only 0.46 times as long as A.
With 95% confidence the difference lies between 108% and 140% more time (B takes between 0.417 and 0.48 times as long as A).
Noise floor: 5.79%. Identical code measured against itself on this setup can look that different, so smaller differences mean nothing.
Neighbouring measurements are nearly independent (autocorrelation -0.15), so they were resampled one by one.

Verdict: RESOLVED. A is slower than B: the difference is real, as its interval excludes zero and it exceeds the noise floor.

Warnings:
  - the program holds 367 MB of live data, more than the caches of many machines; for data that size, where it lies in memory can shift the result by several points in ways the interval does not cover, and differently in the next process; run the comparison in several processes with the multiproc package

== street multi n=212449 churn and build: ordered vs btree-sets
steady state, per insertion or deletion in a structure of 578999 elements (cycle of 1512160 operations, first pass untimed):
  A: 831.8 ns per operation (median)
  B: 1137 ns per operation (median)
  A needs 26.8% less time than B: B takes 1.37 times as long as A.
  With 95% confidence the difference lies between 25.7% and 27.8% less time (B takes between 1.35 and 1.39 times as long as A).
  Noise floor: 2.22%. Identical code measured against itself on this setup can look that different, so smaller differences mean nothing.
  Neighbouring measurements are correlated (autocorrelation +0.63), so they were resampled in blocks of 3.
  
  Verdict: RESOLVED. A is faster than B: the difference is real, as its interval excludes zero and it exceeds the noise floor.
  
  Warnings:
    - the program holds 538 MB of live data, more than the caches of many machines; for data that size, where it lies in memory can shift the result by several points in ways the interval does not cover, and differently in the next process; run the comparison in several processes with the multiproc package
    - in 50% of A/A runs this setup reported a difference between identical code, well above the 10% expected; treat any confidence from it with suspicion

== street multi n=212449 churn and build: ordered vs ordered-lpage
steady state, per insertion or deletion in a structure of 578999 elements (cycle of 1512160 operations, first pass untimed):
  A: 738.9 ns per operation (median)
  B: 693.5 ns per operation (median)
  A needs 9.59% more time than B: B takes only 0.91 times as long as A.
  With 95% confidence the difference lies between 26.8% more time and 17% less time (B takes between 0.789 and 1.20 times as long as A).
  Noise floor: 14.4%. Identical code measured against itself on this setup can look that different, so smaller differences mean nothing.
  Neighbouring measurements are nearly independent (autocorrelation -0.75), so they were resampled one by one.
  
  Verdict: NOT RESOLVED. This run did not establish which candidate is faster. That is not the same as "equally fast": the warnings below say what is missing.
  
  Warnings:
    - the difference of -9.59% does not clear the 14.41% noise floor, which is what this setup reports between two runs of identical code
    - the interval [-26.81%, 16.98%] includes zero, so a difference in either direction is consistent with these measurements
    - the program holds 439 MB of live data, more than the caches of many machines; for data that size, where it lies in memory can shift the result by several points in ways the interval does not cover, and differently in the next process; run the comparison in several processes with the multiproc package

== street multi n=212449 churn and build: ordered vs ordered-lpage-mv
steady state, per insertion or deletion in a structure of 578999 elements (cycle of 1512160 operations, first pass untimed):
  A: 714.5 ns per operation (median)
  B: 772 ns per operation (median)
  A needs 4.62% less time than B: B takes 1.05 times as long as A.
  With 95% confidence the difference lies between 7.4% more time and 26.8% less time (B takes between 0.931 and 1.37 times as long as A).
  Noise floor: 13.2%. Identical code measured against itself on this setup can look that different, so smaller differences mean nothing.
  Neighbouring measurements are nearly independent (autocorrelation -0.69), so they were resampled one by one.
  
  Verdict: NOT RESOLVED. This run did not establish which candidate is faster. That is not the same as "equally fast": the warnings below say what is missing.
  
  Warnings:
    - the difference of 4.62% does not clear the 13.25% noise floor, which is what this setup reports between two runs of identical code
    - the interval [-7.40%, 26.82%] includes zero, so a difference in either direction is consistent with these measurements
    - the program holds 476 MB of live data, more than the caches of many machines; for data that size, where it lies in memory can shift the result by several points in ways the interval does not cover, and differently in the next process; run the comparison in several processes with the multiproc package

== street multi n=212449 churn and build: ordered vs ordered-lpage-mvzc
steady state, per insertion or deletion in a structure of 578999 elements (cycle of 1512160 operations, first pass untimed):
  A: 777.1 ns per operation (median)
  B: 929.1 ns per operation (median)
  A needs 4.93% less time than B: B takes 1.05 times as long as A.
  With 95% confidence the difference lies between 1.44% more time and 30.3% less time (B takes between 0.986 and 1.43 times as long as A).
  Noise floor: 12.3%. Identical code measured against itself on this setup can look that different, so smaller differences mean nothing.
  Neighbouring measurements are nearly independent (autocorrelation -0.50), so they were resampled one by one.
  
  Verdict: NOT RESOLVED. This run did not establish which candidate is faster. That is not the same as "equally fast": the warnings below say what is missing.
  
  Warnings:
    - the difference of 4.93% does not clear the 12.29% noise floor, which is what this setup reports between two runs of identical code
    - the interval [-1.44%, 30.26%] includes zero, so a difference in either direction is consistent with these measurements
    - the program holds 482 MB of live data, more than the caches of many machines; for data that size, where it lies in memory can shift the result by several points in ways the interval does not cover, and differently in the next process; run the comparison in several processes with the multiproc package

checksum 18417915578213007555
== street multi n=212449 valuesFor: ordered vs btree-sets
A: 369.1 ns per operation (median)
B: 820.4 ns per operation (median)
A needs 54.8% less time than B: B takes 2.21 times as long as A.
With 95% confidence the difference lies between 53% and 56.9% less time (B takes between 2.13 and 2.32 times as long as A).
Noise floor: 2.46%. Identical code measured against itself on this setup can look that different, so smaller differences mean nothing.
Neighbouring measurements are nearly independent (autocorrelation +0.14), so they were resampled one by one.

Verdict: RESOLVED. A is faster than B: the difference is real, as its interval excludes zero and it exceeds the noise floor.

Warnings:
  - the program holds 326 MB of live data, more than the caches of many machines; for data that size, where it lies in memory can shift the result by several points in ways the interval does not cover, and differently in the next process; run the comparison in several processes with the multiproc package

== street multi n=212449 valuesFor: ordered vs ordered-lpage
A: 367.1 ns per operation (median)
B: 361.8 ns per operation (median)
A needs 0.0402% less time than B: B takes 1.00 times as long as A.
With 95% confidence the difference lies between 5.89% more time and 4.28% less time (B takes between 0.944 and 1.04 times as long as A).
Noise floor: 1.65%. Identical code measured against itself on this setup can look that different, so smaller differences mean nothing.
Neighbouring measurements are nearly independent (autocorrelation +0.12), so they were resampled one by one.

Verdict: NOT RESOLVED. This run did not establish which candidate is faster. That is not the same as "equally fast": the warnings below say what is missing.

Warnings:
  - the difference of 0.04% does not clear the 1.65% noise floor, which is what this setup reports between two runs of identical code
  - the interval [-5.89%, 4.28%] includes zero, so a difference in either direction is consistent with these measurements
  - the program holds 326 MB of live data, more than the caches of many machines; for data that size, where it lies in memory can shift the result by several points in ways the interval does not cover, and differently in the next process; run the comparison in several processes with the multiproc package

== street multi n=212449 valuesFor: ordered vs ordered-lpage-mv
A: 312.9 ns per operation (median)
B: 337 ns per operation (median)
A needs 7.04% less time than B: B takes 1.08 times as long as A.
With 95% confidence the difference lies between 2.41% and 9.78% less time (B takes between 1.02 and 1.11 times as long as A).
Noise floor: 2.93%. Identical code measured against itself on this setup can look that different, so smaller differences mean nothing.
Neighbouring measurements are nearly independent (autocorrelation -0.07), so they were resampled one by one.

Verdict: RESOLVED. A is faster than B: the difference is real, as its interval excludes zero and it exceeds the noise floor.

Warnings:
  - the program holds 326 MB of live data, more than the caches of many machines; for data that size, where it lies in memory can shift the result by several points in ways the interval does not cover, and differently in the next process; run the comparison in several processes with the multiproc package
  - candidate A drifted during the run: its measurements were 6.26% lower in the second half than in the first, so the machine did not hold still
  - candidate B drifted during the run: its measurements were 3.92% lower in the second half than in the first, so the machine did not hold still

== street multi n=212449 valuesFor: ordered vs ordered-lpage-mvzc
A: 305.3 ns per operation (median)
B: 317.6 ns per operation (median)
A needs 0.702% less time than B: B takes 1.01 times as long as A.
With 95% confidence the difference lies between 0.567% more time and 5.52% less time (B takes between 0.994 and 1.06 times as long as A).
Noise floor: 2.75%. Identical code measured against itself on this setup can look that different, so smaller differences mean nothing.
Neighbouring measurements are nearly independent (autocorrelation +0.17), so they were resampled one by one.

Verdict: NOT RESOLVED. This run did not establish which candidate is faster. That is not the same as "equally fast": the warnings below say what is missing.

Warnings:
  - the difference of 0.70% does not clear the 2.75% noise floor, which is what this setup reports between two runs of identical code
  - the interval [-0.57%, 5.52%] includes zero, so a difference in either direction is consistent with these measurements
  - the program holds 326 MB of live data, more than the caches of many machines; for data that size, where it lies in memory can shift the result by several points in ways the interval does not cover, and differently in the next process; run the comparison in several processes with the multiproc package
  - candidate A drifted during the run: its measurements were 6.66% higher in the second half than in the first, so the machine did not hold still
  - candidate B drifted during the run: its measurements were 9.55% higher in the second half than in the first, so the machine did not hold still

== street multi n=212449 valuesBetween: ordered vs btree-sets
A: 7644 ns per operation (median)
B: 2.133e+04 ns per operation (median)
A needs 64.2% less time than B: B takes 2.79 times as long as A.
With 95% confidence the difference lies between 63.5% and 65.2% less time (B takes between 2.74 and 2.87 times as long as A).
Noise floor: 2.47%. Identical code measured against itself on this setup can look that different, so smaller differences mean nothing.
Neighbouring measurements are nearly independent (autocorrelation +0.20), so they were resampled one by one.

Verdict: RESOLVED. A is faster than B: the difference is real, as its interval excludes zero and it exceeds the noise floor.

Warnings:
  - the program holds 326 MB of live data, more than the caches of many machines; for data that size, where it lies in memory can shift the result by several points in ways the interval does not cover, and differently in the next process; run the comparison in several processes with the multiproc package

== street multi n=212449 valuesBetween: ordered vs ordered-lpage
A: 7191 ns per operation (median)
B: 7174 ns per operation (median)
A needs 1.55% more time than B: B takes only 0.98 times as long as A.
With 95% confidence the difference lies between 4.35% more time and 0.604% less time (B takes between 0.958 and 1.01 times as long as A).
Noise floor: 1.92%. Identical code measured against itself on this setup can look that different, so smaller differences mean nothing.
Neighbouring measurements are nearly independent (autocorrelation -0.24), so they were resampled one by one.

Verdict: NOT RESOLVED. This run did not establish which candidate is faster. That is not the same as "equally fast": the warnings below say what is missing.

Warnings:
  - the difference of -1.55% does not clear the 1.92% noise floor, which is what this setup reports between two runs of identical code
  - the interval [-4.35%, 0.60%] includes zero, so a difference in either direction is consistent with these measurements
  - the program holds 326 MB of live data, more than the caches of many machines; for data that size, where it lies in memory can shift the result by several points in ways the interval does not cover, and differently in the next process; run the comparison in several processes with the multiproc package
  - candidate A drifted during the run: its measurements were 4.7% lower in the second half than in the first, so the machine did not hold still
  - candidate B drifted during the run: its measurements were 3.97% lower in the second half than in the first, so the machine did not hold still

== street multi n=212449 valuesBetween: ordered vs ordered-lpage-mv
A: 7232 ns per operation (median)
B: 4303 ns per operation (median)
A needs 68.6% more time than B: B takes only 0.59 times as long as A.
With 95% confidence the difference lies between 62.8% and 74.2% more time (B takes between 0.574 and 0.61 times as long as A).
Noise floor: 1.76%. Identical code measured against itself on this setup can look that different, so smaller differences mean nothing.
Neighbouring measurements are nearly independent (autocorrelation +0.10), so they were resampled one by one.

Verdict: RESOLVED. A is slower than B: the difference is real, as its interval excludes zero and it exceeds the noise floor.

Warnings:
  - the program holds 368 MB of live data, more than the caches of many machines; for data that size, where it lies in memory can shift the result by several points in ways the interval does not cover, and differently in the next process; run the comparison in several processes with the multiproc package
  - 5.3% of bootstrap replicates tied, so the measurement is coarse relative to the question; lower CollectOptions.MaxQuantizationError to lengthen the batches

== street multi n=212449 valuesBetween: ordered vs ordered-lpage-mvzc
A: 6858 ns per operation (median)
B: 3502 ns per operation (median)
A needs 95.9% more time than B: B takes only 0.51 times as long as A.
With 95% confidence the difference lies between 90.5% and 103% more time (B takes between 0.492 and 0.52 times as long as A).
Noise floor: 1.47%. Identical code measured against itself on this setup can look that different, so smaller differences mean nothing.
Neighbouring measurements are nearly independent (autocorrelation -0.01), so they were resampled one by one.

Verdict: RESOLVED. A is slower than B: the difference is real, as its interval excludes zero and it exceeds the noise floor.

Warnings:
  - the program holds 368 MB of live data, more than the caches of many machines; for data that size, where it lies in memory can shift the result by several points in ways the interval does not cover, and differently in the next process; run the comparison in several processes with the multiproc package

== street multi n=212449 prefix: ordered vs btree-sets
A: 2.611e+04 ns per operation (median)
B: 8.382e+04 ns per operation (median)
A needs 67.7% less time than B: B takes 3.10 times as long as A.
With 95% confidence the difference lies between 66% and 70.7% less time (B takes between 2.94 and 3.41 times as long as A).
Noise floor: 3.04%. Identical code measured against itself on this setup can look that different, so smaller differences mean nothing.
Neighbouring measurements are nearly independent (autocorrelation -0.09), so they were resampled one by one.

Verdict: RESOLVED. A is faster than B: the difference is real, as its interval excludes zero and it exceeds the noise floor.

Warnings:
  - the program holds 368 MB of live data, more than the caches of many machines; for data that size, where it lies in memory can shift the result by several points in ways the interval does not cover, and differently in the next process; run the comparison in several processes with the multiproc package

== street multi n=212449 prefix: ordered vs ordered-lpage
A: 2.788e+04 ns per operation (median)
B: 2.73e+04 ns per operation (median)
A needs 7.34% less time than B: B takes 1.08 times as long as A.
With 95% confidence the difference lies between 15.6% more time and 12.7% less time (B takes between 0.865 and 1.15 times as long as A).
Noise floor: 6.13%. Identical code measured against itself on this setup can look that different, so smaller differences mean nothing.
Neighbouring measurements are nearly independent (autocorrelation -0.36), so they were resampled one by one.

Verdict: NOT RESOLVED. This run did not establish which candidate is faster. That is not the same as "equally fast": the warnings below say what is missing.

Warnings:
  - the interval [-15.62%, 12.70%] includes zero, so a difference in either direction is consistent with these measurements
  - the program holds 368 MB of live data, more than the caches of many machines; for data that size, where it lies in memory can shift the result by several points in ways the interval does not cover, and differently in the next process; run the comparison in several processes with the multiproc package

== street multi n=212449 prefix: ordered vs ordered-lpage-mv
A: 2.597e+04 ns per operation (median)
B: 1.384e+04 ns per operation (median)
A needs 74% more time than B: B takes only 0.57 times as long as A.
With 95% confidence the difference lies between 68.4% and 99.1% more time (B takes between 0.502 and 0.59 times as long as A).
Noise floor: 6.39%. Identical code measured against itself on this setup can look that different, so smaller differences mean nothing.
Neighbouring measurements are nearly independent (autocorrelation -0.03), so they were resampled one by one.

Verdict: RESOLVED. A is slower than B: the difference is real, as its interval excludes zero and it exceeds the noise floor.

Warnings:
  - the program holds 368 MB of live data, more than the caches of many machines; for data that size, where it lies in memory can shift the result by several points in ways the interval does not cover, and differently in the next process; run the comparison in several processes with the multiproc package
  - in 50% of A/A runs this setup reported a difference between identical code, well above the 10% expected; treat any confidence from it with suspicion

== street multi n=212449 prefix: ordered vs ordered-lpage-mvzc
A: 2.437e+04 ns per operation (median)
B: 1.036e+04 ns per operation (median)
A needs 113% more time than B: B takes only 0.47 times as long as A.
With 95% confidence the difference lies between 109% and 141% more time (B takes between 0.416 and 0.48 times as long as A).
Noise floor: 3.81%. Identical code measured against itself on this setup can look that different, so smaller differences mean nothing.
Neighbouring measurements are nearly independent (autocorrelation -0.23), so they were resampled one by one.

Verdict: RESOLVED. A is slower than B: the difference is real, as its interval excludes zero and it exceeds the noise floor.

Warnings:
  - the program holds 368 MB of live data, more than the caches of many machines; for data that size, where it lies in memory can shift the result by several points in ways the interval does not cover, and differently in the next process; run the comparison in several processes with the multiproc package

== street multi n=212449 churn and build: ordered vs btree-sets
steady state, per insertion or deletion in a structure of 578999 elements (cycle of 1512160 operations, first pass untimed):
  A: 821.6 ns per operation (median)
  B: 1153 ns per operation (median)
  A needs 28% less time than B: B takes 1.39 times as long as A.
  With 95% confidence the difference lies between 25.7% and 31.3% less time (B takes between 1.35 and 1.45 times as long as A).
  Noise floor: 1.09%. Identical code measured against itself on this setup can look that different, so smaller differences mean nothing.
  Neighbouring measurements are correlated (autocorrelation +0.45), so they were resampled in blocks of 3.
  
  Verdict: RESOLVED. A is faster than B: the difference is real, as its interval excludes zero and it exceeds the noise floor.
  
  Warnings:
    - the program holds 532 MB of live data, more than the caches of many machines; for data that size, where it lies in memory can shift the result by several points in ways the interval does not cover, and differently in the next process; run the comparison in several processes with the multiproc package

== street multi n=212449 churn and build: ordered vs ordered-lpage
steady state, per insertion or deletion in a structure of 578999 elements (cycle of 1512160 operations, first pass untimed):
  A: 669.5 ns per operation (median)
  B: 636.8 ns per operation (median)
  A needs 15.7% more time than B: B takes only 0.86 times as long as A.
  With 95% confidence the difference lies between 31.4% more time and 19.8% less time (B takes between 0.761 and 1.25 times as long as A).
  Noise floor: 16%. Identical code measured against itself on this setup can look that different, so smaller differences mean nothing.
  Neighbouring measurements are nearly independent (autocorrelation -0.79), so they were resampled one by one.
  
  Verdict: NOT RESOLVED. This run did not establish which candidate is faster. That is not the same as "equally fast": the warnings below say what is missing.
  
  Warnings:
    - the difference of -15.73% does not clear the 15.97% noise floor, which is what this setup reports between two runs of identical code
    - the interval [-31.41%, 19.81%] includes zero, so a difference in either direction is consistent with these measurements
    - the program holds 494 MB of live data, more than the caches of many machines; for data that size, where it lies in memory can shift the result by several points in ways the interval does not cover, and differently in the next process; run the comparison in several processes with the multiproc package

== street multi n=212449 churn and build: ordered vs ordered-lpage-mv
steady state, per insertion or deletion in a structure of 578999 elements (cycle of 1512160 operations, first pass untimed):
  A: 726 ns per operation (median)
  B: 750.1 ns per operation (median)
  A needs 0.937% more time than B: B takes only 0.99 times as long as A.
  With 95% confidence the difference lies between 13.1% more time and 26.9% less time (B takes between 0.884 and 1.37 times as long as A).
  Noise floor: 15.3%. Identical code measured against itself on this setup can look that different, so smaller differences mean nothing.
  Neighbouring measurements are nearly independent (autocorrelation -0.79), so they were resampled one by one.
  
  Verdict: NOT RESOLVED. This run did not establish which candidate is faster. That is not the same as "equally fast": the warnings below say what is missing.
  
  Warnings:
    - the difference of -0.94% does not clear the 15.29% noise floor, which is what this setup reports between two runs of identical code
    - the interval [-13.12%, 26.93%] includes zero, so a difference in either direction is consistent with these measurements
    - the program holds 455 MB of live data, more than the caches of many machines; for data that size, where it lies in memory can shift the result by several points in ways the interval does not cover, and differently in the next process; run the comparison in several processes with the multiproc package

== street multi n=212449 churn and build: ordered vs ordered-lpage-mvzc
steady state, per insertion or deletion in a structure of 578999 elements (cycle of 1512160 operations, first pass untimed):
  A: 716 ns per operation (median)
  B: 817.1 ns per operation (median)
  A needs 9.38% less time than B: B takes 1.10 times as long as A.
  With 95% confidence the difference lies between 0.153% and 33.9% less time (B takes between 1 and 1.51 times as long as A).
  Noise floor: 11.3%. Identical code measured against itself on this setup can look that different, so smaller differences mean nothing.
  Neighbouring measurements are nearly independent (autocorrelation -0.55), so they were resampled one by one.
  
  Verdict: NOT RESOLVED. This run did not establish which candidate is faster. That is not the same as "equally fast": the warnings below say what is missing.
  
  Warnings:
    - the difference of 9.38% does not clear the 11.31% noise floor, which is what this setup reports between two runs of identical code
    - the program holds 482 MB of live data, more than the caches of many machines; for data that size, where it lies in memory can shift the result by several points in ways the interval does not cover, and differently in the next process; run the comparison in several processes with the multiproc package

checksum 14011358145756992655
== street multi n=212449 valuesFor: ordered vs btree-sets
A: 360.2 ns per operation (median)
B: 784.5 ns per operation (median)
A needs 55.2% less time than B: B takes 2.23 times as long as A.
With 95% confidence the difference lies between 52% and 55.9% less time (B takes between 2.08 and 2.27 times as long as A).
Noise floor: 4.64%. Identical code measured against itself on this setup can look that different, so smaller differences mean nothing.
Neighbouring measurements are nearly independent (autocorrelation +0.18), so they were resampled one by one.

Verdict: RESOLVED. A is faster than B: the difference is real, as its interval excludes zero and it exceeds the noise floor.

Warnings:
  - the program holds 338 MB of live data, more than the caches of many machines; for data that size, where it lies in memory can shift the result by several points in ways the interval does not cover, and differently in the next process; run the comparison in several processes with the multiproc package
  - candidate B drifted during the run: its measurements were 5.14% higher in the second half than in the first, so the machine did not hold still

== street multi n=212449 valuesFor: ordered vs ordered-lpage
A: 307.8 ns per operation (median)
B: 313.8 ns per operation (median)
A needs 2.62% less time than B: B takes 1.03 times as long as A.
With 95% confidence the difference lies between 0.373% more time and 3.76% less time (B takes between 0.996 and 1.04 times as long as A).
Noise floor: 0.539%. Identical code measured against itself on this setup can look that different, so smaller differences mean nothing.
Neighbouring measurements are correlated (autocorrelation +0.42), so they were resampled in blocks of 3.

Verdict: NOT RESOLVED. This run did not establish which candidate is faster. That is not the same as "equally fast": the warnings below say what is missing.

Warnings:
  - the interval [-0.37%, 3.76%] includes zero, so a difference in either direction is consistent with these measurements
  - the program holds 338 MB of live data, more than the caches of many machines; for data that size, where it lies in memory can shift the result by several points in ways the interval does not cover, and differently in the next process; run the comparison in several processes with the multiproc package
  - candidate A drifted during the run: its measurements were 2.21% lower in the second half than in the first, so the machine did not hold still
  - candidate B drifted during the run: its measurements were 7.24% lower in the second half than in the first, so the machine did not hold still

== street multi n=212449 valuesFor: ordered vs ordered-lpage-mv
A: 324.3 ns per operation (median)
B: 367 ns per operation (median)
A needs 10.8% less time than B: B takes 1.12 times as long as A.
With 95% confidence the difference lies between 4.6% and 14.6% less time (B takes between 1.05 and 1.17 times as long as A).
Noise floor: 3.4%. Identical code measured against itself on this setup can look that different, so smaller differences mean nothing.
Neighbouring measurements are nearly independent (autocorrelation -0.06), so they were resampled one by one.

Verdict: RESOLVED. A is faster than B: the difference is real, as its interval excludes zero and it exceeds the noise floor.

Warnings:
  - the program holds 338 MB of live data, more than the caches of many machines; for data that size, where it lies in memory can shift the result by several points in ways the interval does not cover, and differently in the next process; run the comparison in several processes with the multiproc package

== street multi n=212449 valuesFor: ordered vs ordered-lpage-mvzc
A: 314.4 ns per operation (median)
B: 314.1 ns per operation (median)
A needs 0.818% less time than B: B takes 1.01 times as long as A.
With 95% confidence the difference lies between 2.28% more time and 5.66% less time (B takes between 0.978 and 1.06 times as long as A).
Noise floor: 2.98%. Identical code measured against itself on this setup can look that different, so smaller differences mean nothing.
Neighbouring measurements are nearly independent (autocorrelation -0.01), so they were resampled one by one.

Verdict: NOT RESOLVED. This run did not establish which candidate is faster. That is not the same as "equally fast": the warnings below say what is missing.

Warnings:
  - the difference of 0.82% does not clear the 2.98% noise floor, which is what this setup reports between two runs of identical code
  - the interval [-2.28%, 5.66%] includes zero, so a difference in either direction is consistent with these measurements
  - the program holds 338 MB of live data, more than the caches of many machines; for data that size, where it lies in memory can shift the result by several points in ways the interval does not cover, and differently in the next process; run the comparison in several processes with the multiproc package
  - candidate A drifted during the run: its measurements were 6.85% lower in the second half than in the first, so the machine did not hold still
  - candidate B drifted during the run: its measurements were 7.05% lower in the second half than in the first, so the machine did not hold still

== street multi n=212449 valuesBetween: ordered vs btree-sets
A: 7802 ns per operation (median)
B: 2.197e+04 ns per operation (median)
A needs 64.5% less time than B: B takes 2.81 times as long as A.
With 95% confidence the difference lies between 63% and 65.3% less time (B takes between 2.7 and 2.88 times as long as A).
Noise floor: 2.33%. Identical code measured against itself on this setup can look that different, so smaller differences mean nothing.
Neighbouring measurements are nearly independent (autocorrelation +0.13), so they were resampled one by one.

Verdict: RESOLVED. A is faster than B: the difference is real, as its interval excludes zero and it exceeds the noise floor.

Warnings:
  - the program holds 338 MB of live data, more than the caches of many machines; for data that size, where it lies in memory can shift the result by several points in ways the interval does not cover, and differently in the next process; run the comparison in several processes with the multiproc package

== street multi n=212449 valuesBetween: ordered vs ordered-lpage
A: 7429 ns per operation (median)
B: 7309 ns per operation (median)
A needs 0.0155% less time than B: B takes 1.00 times as long as A.
With 95% confidence the difference lies between 3.18% more time and 1.56% less time (B takes between 0.969 and 1.02 times as long as A).
Noise floor: 4.33%. Identical code measured against itself on this setup can look that different, so smaller differences mean nothing.
Neighbouring measurements are nearly independent (autocorrelation -0.16), so they were resampled one by one.

Verdict: NOT RESOLVED. This run did not establish which candidate is faster. That is not the same as "equally fast": the warnings below say what is missing.

Warnings:
  - the difference of 0.02% does not clear the 4.33% noise floor, which is what this setup reports between two runs of identical code
  - the interval [-3.18%, 1.56%] includes zero, so a difference in either direction is consistent with these measurements
  - the program holds 338 MB of live data, more than the caches of many machines; for data that size, where it lies in memory can shift the result by several points in ways the interval does not cover, and differently in the next process; run the comparison in several processes with the multiproc package

== street multi n=212449 valuesBetween: ordered vs ordered-lpage-mv
A: 6908 ns per operation (median)
B: 4015 ns per operation (median)
A needs 68.7% more time than B: B takes only 0.59 times as long as A.
With 95% confidence the difference lies between 66.3% and 73.8% more time (B takes between 0.575 and 0.60 times as long as A).
Noise floor: 0.883%. Identical code measured against itself on this setup can look that different, so smaller differences mean nothing.
Neighbouring measurements are nearly independent (autocorrelation +0.16), so they were resampled one by one.

Verdict: RESOLVED. A is slower than B: the difference is real, as its interval excludes zero and it exceeds the noise floor.

Warnings:
  - the program holds 366 MB of live data, more than the caches of many machines; for data that size, where it lies in memory can shift the result by several points in ways the interval does not cover, and differently in the next process; run the comparison in several processes with the multiproc package

== street multi n=212449 valuesBetween: ordered vs ordered-lpage-mvzc
A: 6946 ns per operation (median)
B: 3470 ns per operation (median)
A needs 100% more time than B: B takes only 0.50 times as long as A.
With 95% confidence the difference lies between 94.3% and 107% more time (B takes between 0.483 and 0.51 times as long as A).
Noise floor: 2.34%. Identical code measured against itself on this setup can look that different, so smaller differences mean nothing.
Neighbouring measurements are nearly independent (autocorrelation -0.02), so they were resampled one by one.

Verdict: RESOLVED. A is slower than B: the difference is real, as its interval excludes zero and it exceeds the noise floor.

Warnings:
  - the program holds 366 MB of live data, more than the caches of many machines; for data that size, where it lies in memory can shift the result by several points in ways the interval does not cover, and differently in the next process; run the comparison in several processes with the multiproc package

== street multi n=212449 prefix: ordered vs btree-sets
A: 2.643e+04 ns per operation (median)
B: 8.591e+04 ns per operation (median)
A needs 69.5% less time than B: B takes 3.28 times as long as A.
With 95% confidence the difference lies between 66.6% and 71.4% less time (B takes between 2.99 and 3.50 times as long as A).
Noise floor: 3.27%. Identical code measured against itself on this setup can look that different, so smaller differences mean nothing.
Neighbouring measurements are nearly independent (autocorrelation -0.12), so they were resampled one by one.

Verdict: RESOLVED. A is faster than B: the difference is real, as its interval excludes zero and it exceeds the noise floor.

Warnings:
  - the program holds 366 MB of live data, more than the caches of many machines; for data that size, where it lies in memory can shift the result by several points in ways the interval does not cover, and differently in the next process; run the comparison in several processes with the multiproc package

== street multi n=212449 prefix: ordered vs ordered-lpage
A: 2.74e+04 ns per operation (median)
B: 2.822e+04 ns per operation (median)
A needs 7.09% less time than B: B takes 1.08 times as long as A.
With 95% confidence the difference lies between 15% more time and 12.3% less time (B takes between 0.869 and 1.14 times as long as A).
Noise floor: 7.19%. Identical code measured against itself on this setup can look that different, so smaller differences mean nothing.
Neighbouring measurements are nearly independent (autocorrelation -0.33), so they were resampled one by one.

Verdict: NOT RESOLVED. This run did not establish which candidate is faster. That is not the same as "equally fast": the warnings below say what is missing.

Warnings:
  - the difference of 7.09% does not clear the 7.19% noise floor, which is what this setup reports between two runs of identical code
  - the interval [-15.02%, 12.32%] includes zero, so a difference in either direction is consistent with these measurements
  - the program holds 366 MB of live data, more than the caches of many machines; for data that size, where it lies in memory can shift the result by several points in ways the interval does not cover, and differently in the next process; run the comparison in several processes with the multiproc package

== street multi n=212449 prefix: ordered vs ordered-lpage-mv
A: 2.511e+04 ns per operation (median)
B: 1.398e+04 ns per operation (median)
A needs 84.8% more time than B: B takes only 0.54 times as long as A.
With 95% confidence the difference lies between 65.1% and 98.3% more time (B takes between 0.504 and 0.61 times as long as A).
Noise floor: 7.36%. Identical code measured against itself on this setup can look that different, so smaller differences mean nothing.
Neighbouring measurements are nearly independent (autocorrelation +0.01), so they were resampled one by one.

Verdict: RESOLVED. A is slower than B: the difference is real, as its interval excludes zero and it exceeds the noise floor.

Warnings:
  - the program holds 367 MB of live data, more than the caches of many machines; for data that size, where it lies in memory can shift the result by several points in ways the interval does not cover, and differently in the next process; run the comparison in several processes with the multiproc package

== street multi n=212449 prefix: ordered vs ordered-lpage-mvzc
A: 2.406e+04 ns per operation (median)
B: 1.114e+04 ns per operation (median)
A needs 126% more time than B: B takes only 0.44 times as long as A.
With 95% confidence the difference lies between 116% and 144% more time (B takes between 0.41 and 0.46 times as long as A).
Noise floor: 6.28%. Identical code measured against itself on this setup can look that different, so smaller differences mean nothing.
Neighbouring measurements are nearly independent (autocorrelation -0.14), so they were resampled one by one.

Verdict: RESOLVED. A is slower than B: the difference is real, as its interval excludes zero and it exceeds the noise floor.

Warnings:
  - the program holds 367 MB of live data, more than the caches of many machines; for data that size, where it lies in memory can shift the result by several points in ways the interval does not cover, and differently in the next process; run the comparison in several processes with the multiproc package

== street multi n=212449 churn and build: ordered vs btree-sets
steady state, per insertion or deletion in a structure of 578999 elements (cycle of 1512160 operations, first pass untimed):
  A: 816.2 ns per operation (median)
  B: 1140 ns per operation (median)
  A needs 29.2% less time than B: B takes 1.41 times as long as A.
  With 95% confidence the difference lies between 27.3% and 31.2% less time (B takes between 1.38 and 1.45 times as long as A).
  Noise floor: 2.96%. Identical code measured against itself on this setup can look that different, so smaller differences mean nothing.
  Neighbouring measurements are nearly independent (autocorrelation +0.12), so they were resampled one by one.
  
  Verdict: RESOLVED. A is faster than B: the difference is real, as its interval excludes zero and it exceeds the noise floor.
  
  Warnings:
    - the program holds 534 MB of live data, more than the caches of many machines; for data that size, where it lies in memory can shift the result by several points in ways the interval does not cover, and differently in the next process; run the comparison in several processes with the multiproc package
    - in 50% of A/A runs this setup reported a difference between identical code, well above the 10% expected; treat any confidence from it with suspicion

== street multi n=212449 churn and build: ordered vs ordered-lpage
steady state, per insertion or deletion in a structure of 578999 elements (cycle of 1512160 operations, first pass untimed):
  A: 967.3 ns per operation (median)
  B: 922.4 ns per operation (median)
  A needs 7.24% more time than B: B takes only 0.93 times as long as A.
  With 95% confidence the difference lies between 20.4% more time and 11.6% less time (B takes between 0.83 and 1.13 times as long as A).
  Noise floor: 15.7%. Identical code measured against itself on this setup can look that different, so smaller differences mean nothing.
  Neighbouring measurements are nearly independent (autocorrelation -0.80), so they were resampled one by one.
  
  Verdict: NOT RESOLVED. This run did not establish which candidate is faster. That is not the same as "equally fast": the warnings below say what is missing.
  
  Warnings:
    - the difference of -7.24% does not clear the 15.72% noise floor, which is what this setup reports between two runs of identical code
    - the interval [-20.42%, 11.57%] includes zero, so a difference in either direction is consistent with these measurements
    - the program holds 496 MB of live data, more than the caches of many machines; for data that size, where it lies in memory can shift the result by several points in ways the interval does not cover, and differently in the next process; run the comparison in several processes with the multiproc package
    - candidate A drifted during the run: its measurements were 28.7% lower in the second half than in the first, so the machine did not hold still
    - candidate B drifted during the run: its measurements were 30.3% lower in the second half than in the first, so the machine did not hold still

== street multi n=212449 churn and build: ordered vs ordered-lpage-mv
steady state, per insertion or deletion in a structure of 578999 elements (cycle of 1512160 operations, first pass untimed):
  A: 718.2 ns per operation (median)
  B: 736.8 ns per operation (median)
  A needs 4.21% more time than B: B takes only 0.96 times as long as A.
  With 95% confidence the difference lies between 11.5% more time and 27% less time (B takes between 0.897 and 1.37 times as long as A).
  Noise floor: 12.8%. Identical code measured against itself on this setup can look that different, so smaller differences mean nothing.
  Neighbouring measurements are nearly independent (autocorrelation -0.67), so they were resampled one by one.
  
  Verdict: NOT RESOLVED. This run did not establish which candidate is faster. That is not the same as "equally fast": the warnings below say what is missing.
  
  Warnings:
    - the difference of -4.21% does not clear the 12.83% noise floor, which is what this setup reports between two runs of identical code
    - the interval [-11.46%, 27.02%] includes zero, so a difference in either direction is consistent with these measurements
    - the program holds 476 MB of live data, more than the caches of many machines; for data that size, where it lies in memory can shift the result by several points in ways the interval does not cover, and differently in the next process; run the comparison in several processes with the multiproc package

== street multi n=212449 churn and build: ordered vs ordered-lpage-mvzc
steady state, per insertion or deletion in a structure of 578999 elements (cycle of 1512160 operations, first pass untimed):
  A: 753.8 ns per operation (median)
  B: 889.1 ns per operation (median)
  A needs 10.2% less time than B: B takes 1.11 times as long as A.
  With 95% confidence the difference lies between 1.48% and 31.7% less time (B takes between 1.01 and 1.46 times as long as A).
  Noise floor: 9.6%. Identical code measured against itself on this setup can look that different, so smaller differences mean nothing.
  Neighbouring measurements are nearly independent (autocorrelation -0.73), so they were resampled one by one.
  
  Verdict: RESOLVED. A is faster than B: the difference is real, as its interval excludes zero and it exceeds the noise floor.
  
  Warnings:
    - the program holds 483 MB of live data, more than the caches of many machines; for data that size, where it lies in memory can shift the result by several points in ways the interval does not cover, and differently in the next process; run the comparison in several processes with the multiproc package

checksum 8624059174808147443
== street multi n=212449 valuesFor: ordered vs btree-sets
A: 357.4 ns per operation (median)
B: 769.1 ns per operation (median)
A needs 53.1% less time than B: B takes 2.13 times as long as A.
With 95% confidence the difference lies between 52% and 57.3% less time (B takes between 2.08 and 2.34 times as long as A).
Noise floor: 1.68%. Identical code measured against itself on this setup can look that different, so smaller differences mean nothing.
Neighbouring measurements are correlated (autocorrelation +0.31), so they were resampled in blocks of 3.

Verdict: RESOLVED. A is faster than B: the difference is real, as its interval excludes zero and it exceeds the noise floor.

Warnings:
  - the program holds 339 MB of live data, more than the caches of many machines; for data that size, where it lies in memory can shift the result by several points in ways the interval does not cover, and differently in the next process; run the comparison in several processes with the multiproc package

== street multi n=212449 valuesFor: ordered vs ordered-lpage
A: 306.3 ns per operation (median)
B: 307.1 ns per operation (median)
A needs 0.413% less time than B: B takes 1.00 times as long as A.
With 95% confidence the difference lies between 2.14% more time and 3.19% less time (B takes between 0.979 and 1.03 times as long as A).
Noise floor: 1.17%. Identical code measured against itself on this setup can look that different, so smaller differences mean nothing.
Neighbouring measurements are nearly independent (autocorrelation +0.11), so they were resampled one by one.

Verdict: NOT RESOLVED. This run did not establish which candidate is faster. That is not the same as "equally fast": the warnings below say what is missing.

Warnings:
  - the difference of 0.41% does not clear the 1.17% noise floor, which is what this setup reports between two runs of identical code
  - the interval [-2.14%, 3.19%] includes zero, so a difference in either direction is consistent with these measurements
  - the program holds 339 MB of live data, more than the caches of many machines; for data that size, where it lies in memory can shift the result by several points in ways the interval does not cover, and differently in the next process; run the comparison in several processes with the multiproc package
  - candidate A drifted during the run: its measurements were 6.11% lower in the second half than in the first, so the machine did not hold still
  - candidate B drifted during the run: its measurements were 7.44% lower in the second half than in the first, so the machine did not hold still

== street multi n=212449 valuesFor: ordered vs ordered-lpage-mv
A: 352.5 ns per operation (median)
B: 380.1 ns per operation (median)
A needs 8.47% less time than B: B takes 1.09 times as long as A.
With 95% confidence the difference lies between 4.93% and 10.7% less time (B takes between 1.05 and 1.12 times as long as A).
Noise floor: 3.96%. Identical code measured against itself on this setup can look that different, so smaller differences mean nothing.
Neighbouring measurements are correlated (autocorrelation +0.42), so they were resampled in blocks of 3.

Verdict: RESOLVED. A is faster than B: the difference is real, as its interval excludes zero and it exceeds the noise floor.

Warnings:
  - the program holds 339 MB of live data, more than the caches of many machines; for data that size, where it lies in memory can shift the result by several points in ways the interval does not cover, and differently in the next process; run the comparison in several processes with the multiproc package
  - candidate A drifted during the run: its measurements were 8.69% lower in the second half than in the first, so the machine did not hold still
  - candidate B drifted during the run: its measurements were 7.47% lower in the second half than in the first, so the machine did not hold still

== street multi n=212449 valuesFor: ordered vs ordered-lpage-mvzc
A: 325.1 ns per operation (median)
B: 340.2 ns per operation (median)
A needs 3.14% less time than B: B takes 1.03 times as long as A.
With 95% confidence the difference lies between 1.37% and 8.31% less time (B takes between 1.01 and 1.09 times as long as A).
Noise floor: 2.95%. Identical code measured against itself on this setup can look that different, so smaller differences mean nothing.
Neighbouring measurements are nearly independent (autocorrelation +0.19), so they were resampled one by one.

Verdict: RESOLVED. A is faster than B: the difference is real, as its interval excludes zero and it exceeds the noise floor.

Warnings:
  - the program holds 339 MB of live data, more than the caches of many machines; for data that size, where it lies in memory can shift the result by several points in ways the interval does not cover, and differently in the next process; run the comparison in several processes with the multiproc package
  - in 50% of A/A runs this setup reported a difference between identical code, well above the 10% expected; treat any confidence from it with suspicion

== street multi n=212449 valuesBetween: ordered vs btree-sets
A: 7729 ns per operation (median)
B: 2.19e+04 ns per operation (median)
A needs 65.3% less time than B: B takes 2.88 times as long as A.
With 95% confidence the difference lies between 62.8% and 65.6% less time (B takes between 2.69 and 2.91 times as long as A).
Noise floor: 1.48%. Identical code measured against itself on this setup can look that different, so smaller differences mean nothing.
Neighbouring measurements are nearly independent (autocorrelation +0.10), so they were resampled one by one.

Verdict: RESOLVED. A is faster than B: the difference is real, as its interval excludes zero and it exceeds the noise floor.

Warnings:
  - the program holds 339 MB of live data, more than the caches of many machines; for data that size, where it lies in memory can shift the result by several points in ways the interval does not cover, and differently in the next process; run the comparison in several processes with the multiproc package

== street multi n=212449 valuesBetween: ordered vs ordered-lpage
A: 7138 ns per operation (median)
B: 7188 ns per operation (median)
A needs 1.49% less time than B: B takes 1.02 times as long as A.
With 95% confidence the difference lies between 0.959% more time and 3.09% less time (B takes between 0.991 and 1.03 times as long as A).
Noise floor: 1.83%. Identical code measured against itself on this setup can look that different, so smaller differences mean nothing.
Neighbouring measurements are correlated (autocorrelation +0.30), so they were resampled in blocks of 3.

Verdict: NOT RESOLVED. This run did not establish which candidate is faster. That is not the same as "equally fast": the warnings below say what is missing.

Warnings:
  - the difference of 1.49% does not clear the 1.83% noise floor, which is what this setup reports between two runs of identical code
  - the interval [-0.96%, 3.09%] includes zero, so a difference in either direction is consistent with these measurements
  - the program holds 366 MB of live data, more than the caches of many machines; for data that size, where it lies in memory can shift the result by several points in ways the interval does not cover, and differently in the next process; run the comparison in several processes with the multiproc package

== street multi n=212449 valuesBetween: ordered vs ordered-lpage-mv
A: 6953 ns per operation (median)
B: 4184 ns per operation (median)
A needs 65.9% more time than B: B takes only 0.60 times as long as A.
With 95% confidence the difference lies between 62.8% and 71.1% more time (B takes between 0.584 and 0.61 times as long as A).
Noise floor: 1.28%. Identical code measured against itself on this setup can look that different, so smaller differences mean nothing.
Neighbouring measurements are nearly independent (autocorrelation +0.01), so they were resampled one by one.

Verdict: RESOLVED. A is slower than B: the difference is real, as its interval excludes zero and it exceeds the noise floor.

Warnings:
  - the program holds 366 MB of live data, more than the caches of many machines; for data that size, where it lies in memory can shift the result by several points in ways the interval does not cover, and differently in the next process; run the comparison in several processes with the multiproc package
  - in 50% of A/A runs this setup reported a difference between identical code, well above the 10% expected; treat any confidence from it with suspicion

== street multi n=212449 valuesBetween: ordered vs ordered-lpage-mvzc
A: 6787 ns per operation (median)
B: 3550 ns per operation (median)
A needs 92.4% more time than B: B takes only 0.52 times as long as A.
With 95% confidence the difference lies between 83.5% and 102% more time (B takes between 0.495 and 0.55 times as long as A).
Noise floor: 1.5%. Identical code measured against itself on this setup can look that different, so smaller differences mean nothing.
Neighbouring measurements are nearly independent (autocorrelation -0.07), so they were resampled one by one.

Verdict: RESOLVED. A is slower than B: the difference is real, as its interval excludes zero and it exceeds the noise floor.

Warnings:
  - the program holds 366 MB of live data, more than the caches of many machines; for data that size, where it lies in memory can shift the result by several points in ways the interval does not cover, and differently in the next process; run the comparison in several processes with the multiproc package

== street multi n=212449 prefix: ordered vs btree-sets
A: 2.61e+04 ns per operation (median)
B: 8.514e+04 ns per operation (median)
A needs 68% less time than B: B takes 3.12 times as long as A.
With 95% confidence the difference lies between 65.8% and 71.2% less time (B takes between 2.92 and 3.47 times as long as A).
Noise floor: 3.19%. Identical code measured against itself on this setup can look that different, so smaller differences mean nothing.
Neighbouring measurements are nearly independent (autocorrelation -0.13), so they were resampled one by one.

Verdict: RESOLVED. A is faster than B: the difference is real, as its interval excludes zero and it exceeds the noise floor.

Warnings:
  - the program holds 366 MB of live data, more than the caches of many machines; for data that size, where it lies in memory can shift the result by several points in ways the interval does not cover, and differently in the next process; run the comparison in several processes with the multiproc package

== street multi n=212449 prefix: ordered vs ordered-lpage
A: 2.644e+04 ns per operation (median)
B: 2.802e+04 ns per operation (median)
A needs 8.18% less time than B: B takes 1.09 times as long as A.
With 95% confidence the difference lies between 12.6% more time and 12.2% less time (B takes between 0.888 and 1.14 times as long as A).
Noise floor: 2.54%. Identical code measured against itself on this setup can look that different, so smaller differences mean nothing.
Neighbouring measurements are nearly independent (autocorrelation -0.28), so they were resampled one by one.

Verdict: NOT RESOLVED. This run did not establish which candidate is faster. That is not the same as "equally fast": the warnings below say what is missing.

Warnings:
  - the interval [-12.62%, 12.21%] includes zero, so a difference in either direction is consistent with these measurements
  - the program holds 366 MB of live data, more than the caches of many machines; for data that size, where it lies in memory can shift the result by several points in ways the interval does not cover, and differently in the next process; run the comparison in several processes with the multiproc package

== street multi n=212449 prefix: ordered vs ordered-lpage-mv
A: 2.531e+04 ns per operation (median)
B: 1.41e+04 ns per operation (median)
A needs 84.9% more time than B: B takes only 0.54 times as long as A.
With 95% confidence the difference lies between 67.3% and 99.8% more time (B takes between 0.5 and 0.60 times as long as A).
Noise floor: 3.43%. Identical code measured against itself on this setup can look that different, so smaller differences mean nothing.
Neighbouring measurements are nearly independent (autocorrelation -0.00), so they were resampled one by one.

Verdict: RESOLVED. A is slower than B: the difference is real, as its interval excludes zero and it exceeds the noise floor.

Warnings:
  - the program holds 368 MB of live data, more than the caches of many machines; for data that size, where it lies in memory can shift the result by several points in ways the interval does not cover, and differently in the next process; run the comparison in several processes with the multiproc package

== street multi n=212449 prefix: ordered vs ordered-lpage-mvzc
A: 2.423e+04 ns per operation (median)
B: 1.13e+04 ns per operation (median)
A needs 130% more time than B: B takes only 0.44 times as long as A.
With 95% confidence the difference lies between 107% and 140% more time (B takes between 0.417 and 0.48 times as long as A).
Noise floor: 4.08%. Identical code measured against itself on this setup can look that different, so smaller differences mean nothing.
Neighbouring measurements are nearly independent (autocorrelation -0.18), so they were resampled one by one.

Verdict: RESOLVED. A is slower than B: the difference is real, as its interval excludes zero and it exceeds the noise floor.

Warnings:
  - the program holds 368 MB of live data, more than the caches of many machines; for data that size, where it lies in memory can shift the result by several points in ways the interval does not cover, and differently in the next process; run the comparison in several processes with the multiproc package

== street multi n=212449 churn and build: ordered vs btree-sets
steady state, per insertion or deletion in a structure of 578999 elements (cycle of 1512160 operations, first pass untimed):
  A: 729.3 ns per operation (median)
  B: 1038 ns per operation (median)
  A needs 30.2% less time than B: B takes 1.43 times as long as A.
  With 95% confidence the difference lies between 27.5% and 33.1% less time (B takes between 1.38 and 1.49 times as long as A).
  Noise floor: 1.62%. Identical code measured against itself on this setup can look that different, so smaller differences mean nothing.
  Neighbouring measurements are correlated (autocorrelation +0.46), so they were resampled in blocks of 3.
  
  Verdict: RESOLVED. A is faster than B: the difference is real, as its interval excludes zero and it exceeds the noise floor.
  
  Warnings:
    - the program holds 531 MB of live data, more than the caches of many machines; for data that size, where it lies in memory can shift the result by several points in ways the interval does not cover, and differently in the next process; run the comparison in several processes with the multiproc package

== street multi n=212449 churn and build: ordered vs ordered-lpage
steady state, per insertion or deletion in a structure of 578999 elements (cycle of 1512160 operations, first pass untimed):
  A: 739.2 ns per operation (median)
  B: 666.3 ns per operation (median)
  A needs 16% more time than B: B takes only 0.86 times as long as A.
  With 95% confidence the difference lies between 24.5% more time and 17.3% less time (B takes between 0.803 and 1.21 times as long as A).
  Noise floor: 14.9%. Identical code measured against itself on this setup can look that different, so smaller differences mean nothing.
  Neighbouring measurements are nearly independent (autocorrelation -0.68), so they were resampled one by one.
  
  Verdict: NOT RESOLVED. This run did not establish which candidate is faster. That is not the same as "equally fast": the warnings below say what is missing.
  
  Warnings:
    - the interval [-24.54%, 17.28%] includes zero, so a difference in either direction is consistent with these measurements
    - the program holds 493 MB of live data, more than the caches of many machines; for data that size, where it lies in memory can shift the result by several points in ways the interval does not cover, and differently in the next process; run the comparison in several processes with the multiproc package

== street multi n=212449 churn and build: ordered vs ordered-lpage-mv
steady state, per insertion or deletion in a structure of 578999 elements (cycle of 1512160 operations, first pass untimed):
  A: 686.8 ns per operation (median)
  B: 700.8 ns per operation (median)
  A needs 5.46% more time than B: B takes only 0.95 times as long as A.
  With 95% confidence the difference lies between 9.33% more time and 26% less time (B takes between 0.915 and 1.35 times as long as A).
  Noise floor: 16.5%. Identical code measured against itself on this setup can look that different, so smaller differences mean nothing.
  Neighbouring measurements are nearly independent (autocorrelation -0.79), so they were resampled one by one.
  
  Verdict: NOT RESOLVED. This run did not establish which candidate is faster. That is not the same as "equally fast": the warnings below say what is missing.
  
  Warnings:
    - the difference of -5.46% does not clear the 16.51% noise floor, which is what this setup reports between two runs of identical code
    - the interval [-9.33%, 26.04%] includes zero, so a difference in either direction is consistent with these measurements
    - the program holds 477 MB of live data, more than the caches of many machines; for data that size, where it lies in memory can shift the result by several points in ways the interval does not cover, and differently in the next process; run the comparison in several processes with the multiproc package

== street multi n=212449 churn and build: ordered vs ordered-lpage-mvzc
steady state, per insertion or deletion in a structure of 578999 elements (cycle of 1512160 operations, first pass untimed):
  A: 688.7 ns per operation (median)
  B: 871.2 ns per operation (median)
  A needs 12.2% less time than B: B takes 1.14 times as long as A.
  With 95% confidence the difference lies between 2.05% and 34.6% less time (B takes between 1.02 and 1.53 times as long as A).
  Noise floor: 12.8%. Identical code measured against itself on this setup can look that different, so smaller differences mean nothing.
  Neighbouring measurements are nearly independent (autocorrelation -0.29), so they were resampled one by one.
  
  Verdict: NOT RESOLVED. This run did not establish which candidate is faster. That is not the same as "equally fast": the warnings below say what is missing.
  
  Warnings:
    - the difference of 12.15% does not clear the 12.82% noise floor, which is what this setup reports between two runs of identical code
    - the program holds 484 MB of live data, more than the caches of many machines; for data that size, where it lies in memory can shift the result by several points in ways the interval does not cover, and differently in the next process; run the comparison in several processes with the multiproc package

checksum 17687268796741996298
== street multi n=212449 valuesFor: ordered vs btree-sets
A: 373.1 ns per operation (median)
B: 821.1 ns per operation (median)
A needs 54.8% less time than B: B takes 2.21 times as long as A.
With 95% confidence the difference lies between 52.3% and 57.2% less time (B takes between 2.1 and 2.34 times as long as A).
Noise floor: 4.24%. Identical code measured against itself on this setup can look that different, so smaller differences mean nothing.
Neighbouring measurements are nearly independent (autocorrelation -0.30), so they were resampled one by one.

Verdict: RESOLVED. A is faster than B: the difference is real, as its interval excludes zero and it exceeds the noise floor.

Warnings:
  - the program holds 323 MB of live data, more than the caches of many machines; for data that size, where it lies in memory can shift the result by several points in ways the interval does not cover, and differently in the next process; run the comparison in several processes with the multiproc package

== street multi n=212449 valuesFor: ordered vs ordered-lpage
A: 363.1 ns per operation (median)
B: 370.8 ns per operation (median)
A needs 0.208% more time than B: B takes only 1.00 times as long as A.
With 95% confidence the difference lies between 3.31% more time and 5.74% less time (B takes between 0.968 and 1.06 times as long as A).
Noise floor: 3.14%. Identical code measured against itself on this setup can look that different, so smaller differences mean nothing.
Neighbouring measurements are nearly independent (autocorrelation -0.04), so they were resampled one by one.

Verdict: NOT RESOLVED. This run did not establish which candidate is faster. That is not the same as "equally fast": the warnings below say what is missing.

Warnings:
  - the difference of -0.21% does not clear the 3.14% noise floor, which is what this setup reports between two runs of identical code
  - the interval [-3.31%, 5.74%] includes zero, so a difference in either direction is consistent with these measurements
  - the program holds 323 MB of live data, more than the caches of many machines; for data that size, where it lies in memory can shift the result by several points in ways the interval does not cover, and differently in the next process; run the comparison in several processes with the multiproc package

== street multi n=212449 valuesFor: ordered vs ordered-lpage-mv
A: 314.5 ns per operation (median)
B: 342.7 ns per operation (median)
A needs 7.56% less time than B: B takes 1.08 times as long as A.
With 95% confidence the difference lies between 3.86% and 12.8% less time (B takes between 1.04 and 1.15 times as long as A).
Noise floor: 4.36%. Identical code measured against itself on this setup can look that different, so smaller differences mean nothing.
Neighbouring measurements are correlated (autocorrelation +0.30), so they were resampled in blocks of 3.

Verdict: RESOLVED. A is faster than B: the difference is real, as its interval excludes zero and it exceeds the noise floor.

Warnings:
  - the program holds 364 MB of live data, more than the caches of many machines; for data that size, where it lies in memory can shift the result by several points in ways the interval does not cover, and differently in the next process; run the comparison in several processes with the multiproc package

== street multi n=212449 valuesFor: ordered vs ordered-lpage-mvzc
A: 328.5 ns per operation (median)
B: 341.6 ns per operation (median)
A needs 5.15% less time than B: B takes 1.05 times as long as A.
With 95% confidence the difference lies between 0.28% more time and 5.9% less time (B takes between 0.997 and 1.06 times as long as A).
Noise floor: 2.5%. Identical code measured against itself on this setup can look that different, so smaller differences mean nothing.
Neighbouring measurements are correlated (autocorrelation +0.31), so they were resampled in blocks of 3.

Verdict: NOT RESOLVED. This run did not establish which candidate is faster. That is not the same as "equally fast": the warnings below say what is missing.

Warnings:
  - the interval [-0.28%, 5.90%] includes zero, so a difference in either direction is consistent with these measurements
  - the program holds 364 MB of live data, more than the caches of many machines; for data that size, where it lies in memory can shift the result by several points in ways the interval does not cover, and differently in the next process; run the comparison in several processes with the multiproc package

== street multi n=212449 valuesBetween: ordered vs btree-sets
A: 7860 ns per operation (median)
B: 2.206e+04 ns per operation (median)
A needs 64.8% less time than B: B takes 2.84 times as long as A.
With 95% confidence the difference lies between 64% and 65.7% less time (B takes between 2.78 and 2.92 times as long as A).
Noise floor: 1.22%. Identical code measured against itself on this setup can look that different, so smaller differences mean nothing.
Neighbouring measurements are nearly independent (autocorrelation +0.06), so they were resampled one by one.

Verdict: RESOLVED. A is faster than B: the difference is real, as its interval excludes zero and it exceeds the noise floor.

Warnings:
  - the program holds 364 MB of live data, more than the caches of many machines; for data that size, where it lies in memory can shift the result by several points in ways the interval does not cover, and differently in the next process; run the comparison in several processes with the multiproc package

== street multi n=212449 valuesBetween: ordered vs ordered-lpage
A: 7360 ns per operation (median)
B: 7261 ns per operation (median)
A needs 1.36% more time than B: B takes only 0.99 times as long as A.
With 95% confidence the difference lies between 3.42% more time and 1.91% less time (B takes between 0.967 and 1.02 times as long as A).
Noise floor: 2.11%. Identical code measured against itself on this setup can look that different, so smaller differences mean nothing.
Neighbouring measurements are nearly independent (autocorrelation +0.09), so they were resampled one by one.

Verdict: NOT RESOLVED. This run did not establish which candidate is faster. That is not the same as "equally fast": the warnings below say what is missing.

Warnings:
  - the difference of -1.36% does not clear the 2.11% noise floor, which is what this setup reports between two runs of identical code
  - the interval [-3.42%, 1.91%] includes zero, so a difference in either direction is consistent with these measurements
  - the program holds 364 MB of live data, more than the caches of many machines; for data that size, where it lies in memory can shift the result by several points in ways the interval does not cover, and differently in the next process; run the comparison in several processes with the multiproc package

== street multi n=212449 valuesBetween: ordered vs ordered-lpage-mv
A: 7001 ns per operation (median)
B: 4009 ns per operation (median)
A needs 73.7% more time than B: B takes only 0.58 times as long as A.
With 95% confidence the difference lies between 70.1% and 76.3% more time (B takes between 0.567 and 0.59 times as long as A).
Noise floor: 1.41%. Identical code measured against itself on this setup can look that different, so smaller differences mean nothing.
Neighbouring measurements are nearly independent (autocorrelation -0.18), so they were resampled one by one.

Verdict: RESOLVED. A is slower than B: the difference is real, as its interval excludes zero and it exceeds the noise floor.

Warnings:
  - the program holds 364 MB of live data, more than the caches of many machines; for data that size, where it lies in memory can shift the result by several points in ways the interval does not cover, and differently in the next process; run the comparison in several processes with the multiproc package

== street multi n=212449 valuesBetween: ordered vs ordered-lpage-mvzc
A: 6864 ns per operation (median)
B: 3529 ns per operation (median)
A needs 94.6% more time than B: B takes only 0.51 times as long as A.
With 95% confidence the difference lies between 88.9% and 103% more time (B takes between 0.493 and 0.53 times as long as A).
Noise floor: 1.83%. Identical code measured against itself on this setup can look that different, so smaller differences mean nothing.
Neighbouring measurements are nearly independent (autocorrelation -0.04), so they were resampled one by one.

Verdict: RESOLVED. A is slower than B: the difference is real, as its interval excludes zero and it exceeds the noise floor.

Warnings:
  - the program holds 364 MB of live data, more than the caches of many machines; for data that size, where it lies in memory can shift the result by several points in ways the interval does not cover, and differently in the next process; run the comparison in several processes with the multiproc package

== street multi n=212449 prefix: ordered vs btree-sets
A: 2.601e+04 ns per operation (median)
B: 8.46e+04 ns per operation (median)
A needs 68% less time than B: B takes 3.13 times as long as A.
With 95% confidence the difference lies between 66.1% and 71.5% less time (B takes between 2.95 and 3.51 times as long as A).
Noise floor: 3.04%. Identical code measured against itself on this setup can look that different, so smaller differences mean nothing.
Neighbouring measurements are nearly independent (autocorrelation -0.07), so they were resampled one by one.

Verdict: RESOLVED. A is faster than B: the difference is real, as its interval excludes zero and it exceeds the noise floor.

Warnings:
  - the program holds 364 MB of live data, more than the caches of many machines; for data that size, where it lies in memory can shift the result by several points in ways the interval does not cover, and differently in the next process; run the comparison in several processes with the multiproc package

== street multi n=212449 prefix: ordered vs ordered-lpage
A: 2.84e+04 ns per operation (median)
B: 2.817e+04 ns per operation (median)
A needs 2.57% less time than B: B takes 1.03 times as long as A.
With 95% confidence the difference lies between 14% more time and 11.5% less time (B takes between 0.877 and 1.13 times as long as A).
Noise floor: 3.08%. Identical code measured against itself on this setup can look that different, so smaller differences mean nothing.
Neighbouring measurements are nearly independent (autocorrelation -0.35), so they were resampled one by one.

Verdict: NOT RESOLVED. This run did not establish which candidate is faster. That is not the same as "equally fast": the warnings below say what is missing.

Warnings:
  - the difference of 2.57% does not clear the 3.08% noise floor, which is what this setup reports between two runs of identical code
  - the interval [-13.99%, 11.47%] includes zero, so a difference in either direction is consistent with these measurements
  - the program holds 364 MB of live data, more than the caches of many machines; for data that size, where it lies in memory can shift the result by several points in ways the interval does not cover, and differently in the next process; run the comparison in several processes with the multiproc package

== street multi n=212449 prefix: ordered vs ordered-lpage-mv
A: 2.671e+04 ns per operation (median)
B: 1.417e+04 ns per operation (median)
A needs 82.8% more time than B: B takes only 0.55 times as long as A.
With 95% confidence the difference lies between 70% and 104% more time (B takes between 0.49 and 0.59 times as long as A).
Noise floor: 5.1%. Identical code measured against itself on this setup can look that different, so smaller differences mean nothing.
Neighbouring measurements are nearly independent (autocorrelation -0.22), so they were resampled one by one.

Verdict: RESOLVED. A is slower than B: the difference is real, as its interval excludes zero and it exceeds the noise floor.

Warnings:
  - the program holds 366 MB of live data, more than the caches of many machines; for data that size, where it lies in memory can shift the result by several points in ways the interval does not cover, and differently in the next process; run the comparison in several processes with the multiproc package

== street multi n=212449 prefix: ordered vs ordered-lpage-mvzc
A: 2.477e+04 ns per operation (median)
B: 1.055e+04 ns per operation (median)
A needs 120% more time than B: B takes only 0.45 times as long as A.
With 95% confidence the difference lies between 104% and 141% more time (B takes between 0.414 and 0.49 times as long as A).
Noise floor: 4.83%. Identical code measured against itself on this setup can look that different, so smaller differences mean nothing.
Neighbouring measurements are nearly independent (autocorrelation -0.24), so they were resampled one by one.

Verdict: RESOLVED. A is slower than B: the difference is real, as its interval excludes zero and it exceeds the noise floor.

Warnings:
  - the program holds 366 MB of live data, more than the caches of many machines; for data that size, where it lies in memory can shift the result by several points in ways the interval does not cover, and differently in the next process; run the comparison in several processes with the multiproc package

== street multi n=212449 churn and build: ordered vs btree-sets
steady state, per insertion or deletion in a structure of 578999 elements (cycle of 1512160 operations, first pass untimed):
  A: 782.1 ns per operation (median)
  B: 1070 ns per operation (median)
  A needs 27.2% less time than B: B takes 1.37 times as long as A.
  With 95% confidence the difference lies between 26.1% and 29.1% less time (B takes between 1.35 and 1.41 times as long as A).
  Noise floor: 2.62%. Identical code measured against itself on this setup can look that different, so smaller differences mean nothing.
  Neighbouring measurements are correlated (autocorrelation +0.24), so they were resampled in blocks of 3.
  
  Verdict: RESOLVED. A is faster than B: the difference is real, as its interval excludes zero and it exceeds the noise floor.
  
  Warnings:
    - the program holds 533 MB of live data, more than the caches of many machines; for data that size, where it lies in memory can shift the result by several points in ways the interval does not cover, and differently in the next process; run the comparison in several processes with the multiproc package

== street multi n=212449 churn and build: ordered vs ordered-lpage
steady state, per insertion or deletion in a structure of 578999 elements (cycle of 1512160 operations, first pass untimed):
  A: 758.1 ns per operation (median)
  B: 740.1 ns per operation (median)
  A needs 4.26% more time than B: B takes only 0.96 times as long as A.
  With 95% confidence the difference lies between 25.8% more time and 12.9% less time (B takes between 0.795 and 1.15 times as long as A).
  Noise floor: 13.8%. Identical code measured against itself on this setup can look that different, so smaller differences mean nothing.
  Neighbouring measurements are nearly independent (autocorrelation -0.81), so they were resampled one by one.
  
  Verdict: NOT RESOLVED. This run did not establish which candidate is faster. That is not the same as "equally fast": the warnings below say what is missing.
  
  Warnings:
    - the difference of -4.26% does not clear the 13.76% noise floor, which is what this setup reports between two runs of identical code
    - the interval [-25.77%, 12.95%] includes zero, so a difference in either direction is consistent with these measurements
    - the program holds 493 MB of live data, more than the caches of many machines; for data that size, where it lies in memory can shift the result by several points in ways the interval does not cover, and differently in the next process; run the comparison in several processes with the multiproc package

== street multi n=212449 churn and build: ordered vs ordered-lpage-mv
steady state, per insertion or deletion in a structure of 578999 elements (cycle of 1512160 operations, first pass untimed):
  A: 633 ns per operation (median)
  B: 643.3 ns per operation (median)
  A needs 1.12% less time than B: B takes 1.01 times as long as A.
  With 95% confidence the difference lies between 8.34% more time and 26.8% less time (B takes between 0.923 and 1.37 times as long as A).
  Noise floor: 14.7%. Identical code measured against itself on this setup can look that different, so smaller differences mean nothing.
  Neighbouring measurements are nearly independent (autocorrelation -0.60), so they were resampled one by one.
  
  Verdict: NOT RESOLVED. This run did not establish which candidate is faster. That is not the same as "equally fast": the warnings below say what is missing.
  
  Warnings:
    - the difference of 1.12% does not clear the 14.72% noise floor, which is what this setup reports between two runs of identical code
    - the interval [-8.34%, 26.77%] includes zero, so a difference in either direction is consistent with these measurements
    - the program holds 473 MB of live data, more than the caches of many machines; for data that size, where it lies in memory can shift the result by several points in ways the interval does not cover, and differently in the next process; run the comparison in several processes with the multiproc package

== street multi n=212449 churn and build: ordered vs ordered-lpage-mvzc
steady state, per insertion or deletion in a structure of 578999 elements (cycle of 1512160 operations, first pass untimed):
  A: 621.4 ns per operation (median)
  B: 703.2 ns per operation (median)
  A needs 9.42% less time than B: B takes 1.10 times as long as A.
  With 95% confidence the difference lies between 5.61% and 34.3% less time (B takes between 1.06 and 1.52 times as long as A).
  Noise floor: 15.8%. Identical code measured against itself on this setup can look that different, so smaller differences mean nothing.
  Neighbouring measurements are nearly independent (autocorrelation -0.87), so they were resampled one by one.
  
  Verdict: NOT RESOLVED. This run did not establish which candidate is faster. That is not the same as "equally fast": the warnings below say what is missing.
  
  Warnings:
    - the difference of 9.42% does not clear the 15.80% noise floor, which is what this setup reports between two runs of identical code
    - the program holds 483 MB of live data, more than the caches of many machines; for data that size, where it lies in memory can shift the result by several points in ways the interval does not cover, and differently in the next process; run the comparison in several processes with the multiproc package

checksum 9685787584642653876
== street multi n=212449 valuesFor: ordered vs btree-sets
A: 326.6 ns per operation (median)
B: 705.3 ns per operation (median)
A needs 53.3% less time than B: B takes 2.14 times as long as A.
With 95% confidence the difference lies between 51% and 55.3% less time (B takes between 2.04 and 2.24 times as long as A).
Noise floor: 2.21%. Identical code measured against itself on this setup can look that different, so smaller differences mean nothing.
Neighbouring measurements are nearly independent (autocorrelation +0.06), so they were resampled one by one.

Verdict: RESOLVED. A is faster than B: the difference is real, as its interval excludes zero and it exceeds the noise floor.

Warnings:
  - the program holds 356 MB of live data, more than the caches of many machines; for data that size, where it lies in memory can shift the result by several points in ways the interval does not cover, and differently in the next process; run the comparison in several processes with the multiproc package
  - candidate A drifted during the run: its measurements were 4.09% lower in the second half than in the first, so the machine did not hold still
  - candidate B drifted during the run: its measurements were 4.15% lower in the second half than in the first, so the machine did not hold still

== street multi n=212449 valuesFor: ordered vs ordered-lpage
A: 307.6 ns per operation (median)
B: 348.6 ns per operation (median)
A needs 10% less time than B: B takes 1.11 times as long as A.
With 95% confidence the difference lies between 7.12% and 13.4% less time (B takes between 1.08 and 1.15 times as long as A).
Noise floor: 3.45%. Identical code measured against itself on this setup can look that different, so smaller differences mean nothing.
Neighbouring measurements are correlated (autocorrelation +0.69), so they were resampled in blocks of 3.

Verdict: RESOLVED. A is faster than B: the difference is real, as its interval excludes zero and it exceeds the noise floor.

Warnings:
  - the program holds 356 MB of live data, more than the caches of many machines; for data that size, where it lies in memory can shift the result by several points in ways the interval does not cover, and differently in the next process; run the comparison in several processes with the multiproc package
  - candidate A drifted during the run: its measurements were 13.4% higher in the second half than in the first, so the machine did not hold still
  - candidate B drifted during the run: its measurements were 10.5% higher in the second half than in the first, so the machine did not hold still

== street multi n=212449 valuesFor: ordered vs ordered-lpage-mv
A: 299.8 ns per operation (median)
B: 326.6 ns per operation (median)
A needs 8.51% less time than B: B takes 1.09 times as long as A.
With 95% confidence the difference lies between 6.75% and 10.4% less time (B takes between 1.07 and 1.12 times as long as A).
Noise floor: 1.1%. Identical code measured against itself on this setup can look that different, so smaller differences mean nothing.
Neighbouring measurements are correlated (autocorrelation +0.52), so they were resampled in blocks of 3.

Verdict: RESOLVED. A is faster than B: the difference is real, as its interval excludes zero and it exceeds the noise floor.

Warnings:
  - the program holds 356 MB of live data, more than the caches of many machines; for data that size, where it lies in memory can shift the result by several points in ways the interval does not cover, and differently in the next process; run the comparison in several processes with the multiproc package
  - candidate A drifted during the run: its measurements were 3.59% lower in the second half than in the first, so the machine did not hold still
  - candidate B drifted during the run: its measurements were 4.2% lower in the second half than in the first, so the machine did not hold still

== street multi n=212449 valuesFor: ordered vs ordered-lpage-mvzc
A: 282.2 ns per operation (median)
B: 285.9 ns per operation (median)
A needs 1.7% less time than B: B takes 1.02 times as long as A.
With 95% confidence the difference lies between 2.38% more time and 4.48% less time (B takes between 0.977 and 1.05 times as long as A).
Noise floor: 0.92%. Identical code measured against itself on this setup can look that different, so smaller differences mean nothing.
Neighbouring measurements are nearly independent (autocorrelation -0.32), so they were resampled one by one.

Verdict: NOT RESOLVED. This run did not establish which candidate is faster. That is not the same as "equally fast": the warnings below say what is missing.

Warnings:
  - the interval [-2.38%, 4.48%] includes zero, so a difference in either direction is consistent with these measurements
  - the program holds 356 MB of live data, more than the caches of many machines; for data that size, where it lies in memory can shift the result by several points in ways the interval does not cover, and differently in the next process; run the comparison in several processes with the multiproc package

== street multi n=212449 valuesBetween: ordered vs btree-sets
A: 7202 ns per operation (median)
B: 2.102e+04 ns per operation (median)
A needs 65.4% less time than B: B takes 2.89 times as long as A.
With 95% confidence the difference lies between 64.8% and 66.8% less time (B takes between 2.84 and 3.02 times as long as A).
Noise floor: 2.6%. Identical code measured against itself on this setup can look that different, so smaller differences mean nothing.
Neighbouring measurements are nearly independent (autocorrelation +0.02), so they were resampled one by one.

Verdict: RESOLVED. A is faster than B: the difference is real, as its interval excludes zero and it exceeds the noise floor.

Warnings:
  - the program holds 356 MB of live data, more than the caches of many machines; for data that size, where it lies in memory can shift the result by several points in ways the interval does not cover, and differently in the next process; run the comparison in several processes with the multiproc package

== street multi n=212449 valuesBetween: ordered vs ordered-lpage
A: 6465 ns per operation (median)
B: 6373 ns per operation (median)
A needs 2.34% more time than B: B takes only 0.98 times as long as A.
With 95% confidence the difference lies between 5.41% more time and 0.35% less time (B takes between 0.949 and 1.00 times as long as A).
Noise floor: 2.58%. Identical code measured against itself on this setup can look that different, so smaller differences mean nothing.
Neighbouring measurements are nearly independent (autocorrelation -0.28), so they were resampled one by one.

Verdict: NOT RESOLVED. This run did not establish which candidate is faster. That is not the same as "equally fast": the warnings below say what is missing.

Warnings:
  - the difference of -2.34% does not clear the 2.58% noise floor, which is what this setup reports between two runs of identical code
  - the interval [-5.41%, 0.35%] includes zero, so a difference in either direction is consistent with these measurements
  - the program holds 356 MB of live data, more than the caches of many machines; for data that size, where it lies in memory can shift the result by several points in ways the interval does not cover, and differently in the next process; run the comparison in several processes with the multiproc package

== street multi n=212449 valuesBetween: ordered vs ordered-lpage-mv
A: 6366 ns per operation (median)
B: 3970 ns per operation (median)
A needs 59.3% more time than B: B takes only 0.63 times as long as A.
With 95% confidence the difference lies between 55.1% and 63% more time (B takes between 0.614 and 0.64 times as long as A).
Noise floor: 1.85%. Identical code measured against itself on this setup can look that different, so smaller differences mean nothing.
Neighbouring measurements are nearly independent (autocorrelation +0.13), so they were resampled one by one.

Verdict: RESOLVED. A is slower than B: the difference is real, as its interval excludes zero and it exceeds the noise floor.

Warnings:
  - the program holds 356 MB of live data, more than the caches of many machines; for data that size, where it lies in memory can shift the result by several points in ways the interval does not cover, and differently in the next process; run the comparison in several processes with the multiproc package

== street multi n=212449 valuesBetween: ordered vs ordered-lpage-mvzc
A: 6130 ns per operation (median)
B: 3190 ns per operation (median)
A needs 93.9% more time than B: B takes only 0.52 times as long as A.
With 95% confidence the difference lies between 83.5% and 105% more time (B takes between 0.488 and 0.54 times as long as A).
Noise floor: 2.92%. Identical code measured against itself on this setup can look that different, so smaller differences mean nothing.
Neighbouring measurements are nearly independent (autocorrelation -0.06), so they were resampled one by one.

Verdict: RESOLVED. A is slower than B: the difference is real, as its interval excludes zero and it exceeds the noise floor.

Warnings:
  - the program holds 366 MB of live data, more than the caches of many machines; for data that size, where it lies in memory can shift the result by several points in ways the interval does not cover, and differently in the next process; run the comparison in several processes with the multiproc package

== street multi n=212449 prefix: ordered vs btree-sets
A: 2.439e+04 ns per operation (median)
B: 7.706e+04 ns per operation (median)
A needs 69.7% less time than B: B takes 3.30 times as long as A.
With 95% confidence the difference lies between 65.3% and 71.3% less time (B takes between 2.88 and 3.49 times as long as A).
Noise floor: 3.63%. Identical code measured against itself on this setup can look that different, so smaller differences mean nothing.
Neighbouring measurements are nearly independent (autocorrelation -0.13), so they were resampled one by one.

Verdict: RESOLVED. A is faster than B: the difference is real, as its interval excludes zero and it exceeds the noise floor.

Warnings:
  - the program holds 366 MB of live data, more than the caches of many machines; for data that size, where it lies in memory can shift the result by several points in ways the interval does not cover, and differently in the next process; run the comparison in several processes with the multiproc package

== street multi n=212449 prefix: ordered vs ordered-lpage
A: 2.413e+04 ns per operation (median)
B: 2.402e+04 ns per operation (median)
A needs 1.9% less time than B: B takes 1.02 times as long as A.
With 95% confidence the difference lies between 8.51% more time and 5.55% less time (B takes between 0.922 and 1.06 times as long as A).
Noise floor: 4.49%. Identical code measured against itself on this setup can look that different, so smaller differences mean nothing.
Neighbouring measurements are nearly independent (autocorrelation -0.19), so they were resampled one by one.

Verdict: NOT RESOLVED. This run did not establish which candidate is faster. That is not the same as "equally fast": the warnings below say what is missing.

Warnings:
  - the difference of 1.90% does not clear the 4.49% noise floor, which is what this setup reports between two runs of identical code
  - the interval [-8.51%, 5.55%] includes zero, so a difference in either direction is consistent with these measurements
  - the program holds 366 MB of live data, more than the caches of many machines; for data that size, where it lies in memory can shift the result by several points in ways the interval does not cover, and differently in the next process; run the comparison in several processes with the multiproc package

== street multi n=212449 prefix: ordered vs ordered-lpage-mv
A: 2.354e+04 ns per operation (median)
B: 1.202e+04 ns per operation (median)
A needs 78.6% more time than B: B takes only 0.56 times as long as A.
With 95% confidence the difference lies between 71.2% and 88.1% more time (B takes between 0.532 and 0.58 times as long as A).
Noise floor: 5.99%. Identical code measured against itself on this setup can look that different, so smaller differences mean nothing.
Neighbouring measurements are nearly independent (autocorrelation -0.12), so they were resampled one by one.

Verdict: RESOLVED. A is slower than B: the difference is real, as its interval excludes zero and it exceeds the noise floor.

Warnings:
  - the program holds 368 MB of live data, more than the caches of many machines; for data that size, where it lies in memory can shift the result by several points in ways the interval does not cover, and differently in the next process; run the comparison in several processes with the multiproc package

== street multi n=212449 prefix: ordered vs ordered-lpage-mvzc
A: 2.123e+04 ns per operation (median)
B: 9458 ns per operation (median)
A needs 123% more time than B: B takes only 0.45 times as long as A.
With 95% confidence the difference lies between 116% and 131% more time (B takes between 0.434 and 0.46 times as long as A).
Noise floor: 7.06%. Identical code measured against itself on this setup can look that different, so smaller differences mean nothing.
Neighbouring measurements are nearly independent (autocorrelation -0.19), so they were resampled one by one.

Verdict: RESOLVED. A is slower than B: the difference is real, as its interval excludes zero and it exceeds the noise floor.

Warnings:
  - the program holds 368 MB of live data, more than the caches of many machines; for data that size, where it lies in memory can shift the result by several points in ways the interval does not cover, and differently in the next process; run the comparison in several processes with the multiproc package
  - in 50% of A/A runs this setup reported a difference between identical code, well above the 10% expected; treat any confidence from it with suspicion

== street multi n=212449 churn and build: ordered vs btree-sets
steady state, per insertion or deletion in a structure of 578999 elements (cycle of 1512160 operations, first pass untimed):
  A: 683.2 ns per operation (median)
  B: 908.7 ns per operation (median)
  A needs 29% less time than B: B takes 1.41 times as long as A.
  With 95% confidence the difference lies between 24.2% and 30.6% less time (B takes between 1.32 and 1.44 times as long as A).
  Noise floor: 3.75%. Identical code measured against itself on this setup can look that different, so smaller differences mean nothing.
  Neighbouring measurements are nearly independent (autocorrelation -0.36), so they were resampled one by one.
  
  Verdict: RESOLVED. A is faster than B: the difference is real, as its interval excludes zero and it exceeds the noise floor.
  
  Warnings:
    - the program holds 536 MB of live data, more than the caches of many machines; for data that size, where it lies in memory can shift the result by several points in ways the interval does not cover, and differently in the next process; run the comparison in several processes with the multiproc package
    - candidate A drifted during the run: its measurements were 8.03% higher in the second half than in the first, so the machine did not hold still
    - candidate B drifted during the run: its measurements were 9.36% higher in the second half than in the first, so the machine did not hold still

== street multi n=212449 churn and build: ordered vs ordered-lpage
steady state, per insertion or deletion in a structure of 578999 elements (cycle of 1512160 operations, first pass untimed):
  A: 558.5 ns per operation (median)
  B: 485.8 ns per operation (median)
  A needs 19.3% more time than B: B takes only 0.84 times as long as A.
  With 95% confidence the difference lies between 24% more time and 18.5% less time (B takes between 0.806 and 1.23 times as long as A).
  Noise floor: 20.2%. Identical code measured against itself on this setup can look that different, so smaller differences mean nothing.
  Neighbouring measurements are nearly independent (autocorrelation -0.91), so they were resampled one by one.
  
  Verdict: NOT RESOLVED. This run did not establish which candidate is faster. That is not the same as "equally fast": the warnings below say what is missing.
  
  Warnings:
    - the difference of -19.26% does not clear the 20.25% noise floor, which is what this setup reports between two runs of identical code
    - the interval [-24.00%, 18.45%] includes zero, so a difference in either direction is consistent with these measurements
    - the program holds 466 MB of live data, more than the caches of many machines; for data that size, where it lies in memory can shift the result by several points in ways the interval does not cover, and differently in the next process; run the comparison in several processes with the multiproc package

== street multi n=212449 churn and build: ordered vs ordered-lpage-mv
steady state, per insertion or deletion in a structure of 578999 elements (cycle of 1512160 operations, first pass untimed):
  A: 595.6 ns per operation (median)
  B: 590.8 ns per operation (median)
  A needs 2.67% more time than B: B takes only 0.97 times as long as A.
  With 95% confidence the difference lies between 6.02% more time and 27.9% less time (B takes between 0.943 and 1.39 times as long as A).
  Noise floor: 15.7%. Identical code measured against itself on this setup can look that different, so smaller differences mean nothing.
  Neighbouring measurements are nearly independent (autocorrelation -0.60), so they were resampled one by one.
  
  Verdict: NOT RESOLVED. This run did not establish which candidate is faster. That is not the same as "equally fast": the warnings below say what is missing.
  
  Warnings:
    - the difference of -2.67% does not clear the 15.65% noise floor, which is what this setup reports between two runs of identical code
    - the interval [-6.02%, 27.89%] includes zero, so a difference in either direction is consistent with these measurements
    - the program holds 476 MB of live data, more than the caches of many machines; for data that size, where it lies in memory can shift the result by several points in ways the interval does not cover, and differently in the next process; run the comparison in several processes with the multiproc package

== street multi n=212449 churn and build: ordered vs ordered-lpage-mvzc
steady state, per insertion or deletion in a structure of 578999 elements (cycle of 1512160 operations, first pass untimed):
  A: 602.6 ns per operation (median)
  B: 685 ns per operation (median)
  A needs 12% less time than B: B takes 1.14 times as long as A.
  With 95% confidence the difference lies between 6.33% and 34.3% less time (B takes between 1.07 and 1.52 times as long as A).
  Noise floor: 14%. Identical code measured against itself on this setup can look that different, so smaller differences mean nothing.
  Neighbouring measurements are nearly independent (autocorrelation -0.69), so they were resampled one by one.
  
  Verdict: NOT RESOLVED. This run did not establish which candidate is faster. That is not the same as "equally fast": the warnings below say what is missing.
  
  Warnings:
    - the difference of 12.03% does not clear the 13.99% noise floor, which is what this setup reports between two runs of identical code
    - the program holds 483 MB of live data, more than the caches of many machines; for data that size, where it lies in memory can shift the result by several points in ways the interval does not cover, and differently in the next process; run the comparison in several processes with the multiproc package

checksum 17894320302588994872
== street multi n=212449 valuesFor: ordered vs btree-sets
A: 305.5 ns per operation (median)
B: 664.7 ns per operation (median)
A needs 53.6% less time than B: B takes 2.15 times as long as A.
With 95% confidence the difference lies between 52.6% and 56.4% less time (B takes between 2.11 and 2.29 times as long as A).
Noise floor: 2.52%. Identical code measured against itself on this setup can look that different, so smaller differences mean nothing.
Neighbouring measurements are nearly independent (autocorrelation +0.01), so they were resampled one by one.

Verdict: RESOLVED. A is faster than B: the difference is real, as its interval excludes zero and it exceeds the noise floor.

Warnings:
  - the program holds 365 MB of live data, more than the caches of many machines; for data that size, where it lies in memory can shift the result by several points in ways the interval does not cover, and differently in the next process; run the comparison in several processes with the multiproc package

== street multi n=212449 valuesFor: ordered vs ordered-lpage
A: 257.5 ns per operation (median)
B: 258.2 ns per operation (median)
A needs 0.559% more time than B: B takes only 0.99 times as long as A.
With 95% confidence the difference lies between 2.5% more time and 4.81% less time (B takes between 0.976 and 1.05 times as long as A).
Noise floor: 1.29%. Identical code measured against itself on this setup can look that different, so smaller differences mean nothing.
Neighbouring measurements are nearly independent (autocorrelation -0.39), so they were resampled one by one.

Verdict: NOT RESOLVED. This run did not establish which candidate is faster. That is not the same as "equally fast": the warnings below say what is missing.

Warnings:
  - the difference of -0.56% does not clear the 1.29% noise floor, which is what this setup reports between two runs of identical code
  - the interval [-2.50%, 4.81%] includes zero, so a difference in either direction is consistent with these measurements
  - the program holds 365 MB of live data, more than the caches of many machines; for data that size, where it lies in memory can shift the result by several points in ways the interval does not cover, and differently in the next process; run the comparison in several processes with the multiproc package

== street multi n=212449 valuesFor: ordered vs ordered-lpage-mv
A: 275.5 ns per operation (median)
B: 307.1 ns per operation (median)
A needs 13.5% less time than B: B takes 1.16 times as long as A.
With 95% confidence the difference lies between 6.81% and 14.5% less time (B takes between 1.07 and 1.17 times as long as A).
Noise floor: 1.44%. Identical code measured against itself on this setup can look that different, so smaller differences mean nothing.
Neighbouring measurements are nearly independent (autocorrelation -0.46), so they were resampled one by one.

Verdict: RESOLVED. A is faster than B: the difference is real, as its interval excludes zero and it exceeds the noise floor.

Warnings:
  - the program holds 365 MB of live data, more than the caches of many machines; for data that size, where it lies in memory can shift the result by several points in ways the interval does not cover, and differently in the next process; run the comparison in several processes with the multiproc package
  - candidate A drifted during the run: its measurements were 10.1% higher in the second half than in the first, so the machine did not hold still
  - candidate B drifted during the run: its measurements were 8.45% higher in the second half than in the first, so the machine did not hold still

== street multi n=212449 valuesFor: ordered vs ordered-lpage-mvzc
A: 264.8 ns per operation (median)
B: 275.1 ns per operation (median)
A needs 3.5% less time than B: B takes 1.04 times as long as A.
With 95% confidence the difference lies between 0.262% more time and 6.87% less time (B takes between 0.997 and 1.07 times as long as A).
Noise floor: 1.32%. Identical code measured against itself on this setup can look that different, so smaller differences mean nothing.
Neighbouring measurements are nearly independent (autocorrelation +0.19), so they were resampled one by one.

Verdict: NOT RESOLVED. This run did not establish which candidate is faster. That is not the same as "equally fast": the warnings below say what is missing.

Warnings:
  - the interval [-0.26%, 6.87%] includes zero, so a difference in either direction is consistent with these measurements
  - the program holds 365 MB of live data, more than the caches of many machines; for data that size, where it lies in memory can shift the result by several points in ways the interval does not cover, and differently in the next process; run the comparison in several processes with the multiproc package

== street multi n=212449 valuesBetween: ordered vs btree-sets
A: 6920 ns per operation (median)
B: 1.966e+04 ns per operation (median)
A needs 64.7% less time than B: B takes 2.83 times as long as A.
With 95% confidence the difference lies between 63.8% and 65.3% less time (B takes between 2.76 and 2.88 times as long as A).
Noise floor: 1.88%. Identical code measured against itself on this setup can look that different, so smaller differences mean nothing.
Neighbouring measurements are nearly independent (autocorrelation -0.06), so they were resampled one by one.

Verdict: RESOLVED. A is faster than B: the difference is real, as its interval excludes zero and it exceeds the noise floor.

Warnings:
  - the program holds 365 MB of live data, more than the caches of many machines; for data that size, where it lies in memory can shift the result by several points in ways the interval does not cover, and differently in the next process; run the comparison in several processes with the multiproc package

== street multi n=212449 valuesBetween: ordered vs ordered-lpage
A: 6054 ns per operation (median)
B: 6186 ns per operation (median)
A needs 2.34% less time than B: B takes 1.02 times as long as A.
With 95% confidence the difference lies between 1.13% more time and 5.7% less time (B takes between 0.989 and 1.06 times as long as A).
Noise floor: 1.54%. Identical code measured against itself on this setup can look that different, so smaller differences mean nothing.
Neighbouring measurements are correlated (autocorrelation +0.43), so they were resampled in blocks of 3.

Verdict: NOT RESOLVED. This run did not establish which candidate is faster. That is not the same as "equally fast": the warnings below say what is missing.

Warnings:
  - the interval [-1.13%, 5.70%] includes zero, so a difference in either direction is consistent with these measurements
  - the program holds 365 MB of live data, more than the caches of many machines; for data that size, where it lies in memory can shift the result by several points in ways the interval does not cover, and differently in the next process; run the comparison in several processes with the multiproc package

== street multi n=212449 valuesBetween: ordered vs ordered-lpage-mv
A: 5934 ns per operation (median)
B: 3833 ns per operation (median)
A needs 56% more time than B: B takes only 0.64 times as long as A.
With 95% confidence the difference lies between 50.2% and 60% more time (B takes between 0.625 and 0.67 times as long as A).
Noise floor: 2%. Identical code measured against itself on this setup can look that different, so smaller differences mean nothing.
Neighbouring measurements are nearly independent (autocorrelation +0.03), so they were resampled one by one.

Verdict: RESOLVED. A is slower than B: the difference is real, as its interval excludes zero and it exceeds the noise floor.

Warnings:
  - the program holds 365 MB of live data, more than the caches of many machines; for data that size, where it lies in memory can shift the result by several points in ways the interval does not cover, and differently in the next process; run the comparison in several processes with the multiproc package

== street multi n=212449 valuesBetween: ordered vs ordered-lpage-mvzc
A: 5743 ns per operation (median)
B: 3041 ns per operation (median)
A needs 86.2% more time than B: B takes only 0.54 times as long as A.
With 95% confidence the difference lies between 84.2% and 93.5% more time (B takes between 0.517 and 0.54 times as long as A).
Noise floor: 2.85%. Identical code measured against itself on this setup can look that different, so smaller differences mean nothing.
Neighbouring measurements are correlated (autocorrelation +0.42), so they were resampled in blocks of 3.

Verdict: RESOLVED. A is slower than B: the difference is real, as its interval excludes zero and it exceeds the noise floor.

Warnings:
  - the program holds 366 MB of live data, more than the caches of many machines; for data that size, where it lies in memory can shift the result by several points in ways the interval does not cover, and differently in the next process; run the comparison in several processes with the multiproc package

== street multi n=212449 prefix: ordered vs btree-sets
A: 2.359e+04 ns per operation (median)
B: 7.335e+04 ns per operation (median)
A needs 67.6% less time than B: B takes 3.09 times as long as A.
With 95% confidence the difference lies between 63.9% and 69.8% less time (B takes between 2.77 and 3.31 times as long as A).
Noise floor: 2.95%. Identical code measured against itself on this setup can look that different, so smaller differences mean nothing.
Neighbouring measurements are nearly independent (autocorrelation -0.14), so they were resampled one by one.

Verdict: RESOLVED. A is faster than B: the difference is real, as its interval excludes zero and it exceeds the noise floor.

Warnings:
  - the program holds 366 MB of live data, more than the caches of many machines; for data that size, where it lies in memory can shift the result by several points in ways the interval does not cover, and differently in the next process; run the comparison in several processes with the multiproc package
  - in 50% of A/A runs this setup reported a difference between identical code, well above the 10% expected; treat any confidence from it with suspicion

== street multi n=212449 prefix: ordered vs ordered-lpage
A: 2.268e+04 ns per operation (median)
B: 2.27e+04 ns per operation (median)
A needs 0.455% less time than B: B takes 1.00 times as long as A.
With 95% confidence the difference lies between 3.8% more time and 5.03% less time (B takes between 0.963 and 1.05 times as long as A).
Noise floor: 4.46%. Identical code measured against itself on this setup can look that different, so smaller differences mean nothing.
Neighbouring measurements are nearly independent (autocorrelation -0.16), so they were resampled one by one.

Verdict: NOT RESOLVED. This run did not establish which candidate is faster. That is not the same as "equally fast": the warnings below say what is missing.

Warnings:
  - the difference of 0.45% does not clear the 4.46% noise floor, which is what this setup reports between two runs of identical code
  - the interval [-3.80%, 5.03%] includes zero, so a difference in either direction is consistent with these measurements
  - the program holds 366 MB of live data, more than the caches of many machines; for data that size, where it lies in memory can shift the result by several points in ways the interval does not cover, and differently in the next process; run the comparison in several processes with the multiproc package
  - in 50% of A/A runs this setup reported a difference between identical code, well above the 10% expected; treat any confidence from it with suspicion

== street multi n=212449 prefix: ordered vs ordered-lpage-mv
A: 2.11e+04 ns per operation (median)
B: 1.21e+04 ns per operation (median)
A needs 71.4% more time than B: B takes only 0.58 times as long as A.
With 95% confidence the difference lies between 69.9% and 78.6% more time (B takes between 0.56 and 0.59 times as long as A).
Noise floor: 5.8%. Identical code measured against itself on this setup can look that different, so smaller differences mean nothing.
Neighbouring measurements are nearly independent (autocorrelation -0.23), so they were resampled one by one.

Verdict: RESOLVED. A is slower than B: the difference is real, as its interval excludes zero and it exceeds the noise floor.

Warnings:
  - the program holds 368 MB of live data, more than the caches of many machines; for data that size, where it lies in memory can shift the result by several points in ways the interval does not cover, and differently in the next process; run the comparison in several processes with the multiproc package
  - in 50% of A/A runs this setup reported a difference between identical code, well above the 10% expected; treat any confidence from it with suspicion

== street multi n=212449 prefix: ordered vs ordered-lpage-mvzc
A: 2.031e+04 ns per operation (median)
B: 9550 ns per operation (median)
A needs 114% more time than B: B takes only 0.47 times as long as A.
With 95% confidence the difference lies between 110% and 123% more time (B takes between 0.449 and 0.48 times as long as A).
Noise floor: 9.23%. Identical code measured against itself on this setup can look that different, so smaller differences mean nothing.
Neighbouring measurements are nearly independent (autocorrelation -0.04), so they were resampled one by one.

Verdict: RESOLVED. A is slower than B: the difference is real, as its interval excludes zero and it exceeds the noise floor.

Warnings:
  - the program holds 368 MB of live data, more than the caches of many machines; for data that size, where it lies in memory can shift the result by several points in ways the interval does not cover, and differently in the next process; run the comparison in several processes with the multiproc package
  - candidate B drifted during the run: its measurements were 11.3% higher in the second half than in the first, so the machine did not hold still
  - in 50% of A/A runs this setup reported a difference between identical code, well above the 10% expected; treat any confidence from it with suspicion

== street multi n=212449 churn and build: ordered vs btree-sets
steady state, per insertion or deletion in a structure of 578999 elements (cycle of 1512160 operations, first pass untimed):
  A: 638.3 ns per operation (median)
  B: 891 ns per operation (median)
  A needs 28.5% less time than B: B takes 1.40 times as long as A.
  With 95% confidence the difference lies between 24% and 31.2% less time (B takes between 1.32 and 1.45 times as long as A).
  Noise floor: 5.64%. Identical code measured against itself on this setup can look that different, so smaller differences mean nothing.
  Neighbouring measurements are correlated (autocorrelation +0.30), so they were resampled in blocks of 3.
  
  Verdict: RESOLVED. A is faster than B: the difference is real, as its interval excludes zero and it exceeds the noise floor.
  
  Warnings:
    - the program holds 537 MB of live data, more than the caches of many machines; for data that size, where it lies in memory can shift the result by several points in ways the interval does not cover, and differently in the next process; run the comparison in several processes with the multiproc package

== street multi n=212449 churn and build: ordered vs ordered-lpage
steady state, per insertion or deletion in a structure of 578999 elements (cycle of 1512160 operations, first pass untimed):
  A: 574.3 ns per operation (median)
  B: 473.2 ns per operation (median)
  A needs 23.3% more time than B: B takes only 0.81 times as long as A.
  With 95% confidence the difference lies between 26.3% more time and 16.4% less time (B takes between 0.792 and 1.20 times as long as A).
  Noise floor: 15.4%. Identical code measured against itself on this setup can look that different, so smaller differences mean nothing.
  Neighbouring measurements are nearly independent (autocorrelation -0.68), so they were resampled one by one.
  
  Verdict: NOT RESOLVED. This run did not establish which candidate is faster. That is not the same as "equally fast": the warnings below say what is missing.
  
  Warnings:
    - the interval [-26.26%, 16.38%] includes zero, so a difference in either direction is consistent with these measurements
    - the program holds 433 MB of live data, more than the caches of many machines; for data that size, where it lies in memory can shift the result by several points in ways the interval does not cover, and differently in the next process; run the comparison in several processes with the multiproc package

== street multi n=212449 churn and build: ordered vs ordered-lpage-mv
steady state, per insertion or deletion in a structure of 578999 elements (cycle of 1512160 operations, first pass untimed):
  A: 586 ns per operation (median)
  B: 592.6 ns per operation (median)
  A needs 1.9% more time than B: B takes only 0.98 times as long as A.
  With 95% confidence the difference lies between 5.77% more time and 28.5% less time (B takes between 0.945 and 1.40 times as long as A).
  Noise floor: 15.8%. Identical code measured against itself on this setup can look that different, so smaller differences mean nothing.
  Neighbouring measurements are nearly independent (autocorrelation -0.92), so they were resampled one by one.
  
  Verdict: NOT RESOLVED. This run did not establish which candidate is faster. That is not the same as "equally fast": the warnings below say what is missing.
  
  Warnings:
    - the difference of -1.90% does not clear the 15.79% noise floor, which is what this setup reports between two runs of identical code
    - the interval [-5.77%, 28.48%] includes zero, so a difference in either direction is consistent with these measurements
    - the program holds 476 MB of live data, more than the caches of many machines; for data that size, where it lies in memory can shift the result by several points in ways the interval does not cover, and differently in the next process; run the comparison in several processes with the multiproc package

== street multi n=212449 churn and build: ordered vs ordered-lpage-mvzc
steady state, per insertion or deletion in a structure of 578999 elements (cycle of 1512160 operations, first pass untimed):
  A: 610.7 ns per operation (median)
  B: 695.4 ns per operation (median)
  A needs 11.2% less time than B: B takes 1.13 times as long as A.
  With 95% confidence the difference lies between 6.25% and 34.8% less time (B takes between 1.07 and 1.53 times as long as A).
  Noise floor: 13%. Identical code measured against itself on this setup can look that different, so smaller differences mean nothing.
  Neighbouring measurements are nearly independent (autocorrelation -0.09), so they were resampled one by one.
  
  Verdict: NOT RESOLVED. This run did not establish which candidate is faster. That is not the same as "equally fast": the warnings below say what is missing.
  
  Warnings:
    - the difference of 11.23% does not clear the 13.00% noise floor, which is what this setup reports between two runs of identical code
    - the program holds 484 MB of live data, more than the caches of many machines; for data that size, where it lies in memory can shift the result by several points in ways the interval does not cover, and differently in the next process; run the comparison in several processes with the multiproc package

checksum 14459761653811624047
== street multi n=212449 valuesFor: ordered vs btree-sets
A: 301.9 ns per operation (median)
B: 668.7 ns per operation (median)
A needs 55.1% less time than B: B takes 2.23 times as long as A.
With 95% confidence the difference lies between 52.3% and 56.3% less time (B takes between 2.1 and 2.29 times as long as A).
Noise floor: 4.14%. Identical code measured against itself on this setup can look that different, so smaller differences mean nothing.
Neighbouring measurements are nearly independent (autocorrelation -0.61), so they were resampled one by one.

Verdict: RESOLVED. A is faster than B: the difference is real, as its interval excludes zero and it exceeds the noise floor.

Warnings:
  - the program holds 358 MB of live data, more than the caches of many machines; for data that size, where it lies in memory can shift the result by several points in ways the interval does not cover, and differently in the next process; run the comparison in several processes with the multiproc package

== street multi n=212449 valuesFor: ordered vs ordered-lpage
A: 254.2 ns per operation (median)
B: 252.5 ns per operation (median)
A needs 0.504% more time than B: B takes only 0.99 times as long as A.
With 95% confidence the difference lies between 3.66% more time and 1.71% less time (B takes between 0.965 and 1.02 times as long as A).
Noise floor: 1.25%. Identical code measured against itself on this setup can look that different, so smaller differences mean nothing.
Neighbouring measurements are nearly independent (autocorrelation -0.30), so they were resampled one by one.

Verdict: NOT RESOLVED. This run did not establish which candidate is faster. That is not the same as "equally fast": the warnings below say what is missing.

Warnings:
  - the difference of -0.50% does not clear the 1.25% noise floor, which is what this setup reports between two runs of identical code
  - the interval [-3.66%, 1.71%] includes zero, so a difference in either direction is consistent with these measurements
  - the program holds 358 MB of live data, more than the caches of many machines; for data that size, where it lies in memory can shift the result by several points in ways the interval does not cover, and differently in the next process; run the comparison in several processes with the multiproc package

== street multi n=212449 valuesFor: ordered vs ordered-lpage-mv
A: 266.4 ns per operation (median)
B: 302.5 ns per operation (median)
A needs 13.3% less time than B: B takes 1.15 times as long as A.
With 95% confidence the difference lies between 8.47% and 14.4% less time (B takes between 1.09 and 1.17 times as long as A).
Noise floor: 1.81%. Identical code measured against itself on this setup can look that different, so smaller differences mean nothing.
Neighbouring measurements are nearly independent (autocorrelation +0.10), so they were resampled one by one.

Verdict: RESOLVED. A is faster than B: the difference is real, as its interval excludes zero and it exceeds the noise floor.

Warnings:
  - the program holds 358 MB of live data, more than the caches of many machines; for data that size, where it lies in memory can shift the result by several points in ways the interval does not cover, and differently in the next process; run the comparison in several processes with the multiproc package

== street multi n=212449 valuesFor: ordered vs ordered-lpage-mvzc
A: 262.9 ns per operation (median)
B: 270.7 ns per operation (median)
A needs 4.72% less time than B: B takes 1.05 times as long as A.
With 95% confidence the difference lies between 1.47% more time and 7.35% less time (B takes between 0.986 and 1.08 times as long as A).
Noise floor: 1.57%. Identical code measured against itself on this setup can look that different, so smaller differences mean nothing.
Neighbouring measurements are nearly independent (autocorrelation -0.59), so they were resampled one by one.

Verdict: NOT RESOLVED. This run did not establish which candidate is faster. That is not the same as "equally fast": the warnings below say what is missing.

Warnings:
  - the interval [-1.47%, 7.35%] includes zero, so a difference in either direction is consistent with these measurements
  - the program holds 358 MB of live data, more than the caches of many machines; for data that size, where it lies in memory can shift the result by several points in ways the interval does not cover, and differently in the next process; run the comparison in several processes with the multiproc package

== street multi n=212449 valuesBetween: ordered vs btree-sets
A: 6879 ns per operation (median)
B: 1.968e+04 ns per operation (median)
A needs 64.8% less time than B: B takes 2.84 times as long as A.
With 95% confidence the difference lies between 64.3% and 66.5% less time (B takes between 2.8 and 2.99 times as long as A).
Noise floor: 1.07%. Identical code measured against itself on this setup can look that different, so smaller differences mean nothing.
Neighbouring measurements are nearly independent (autocorrelation +0.05), so they were resampled one by one.

Verdict: RESOLVED. A is faster than B: the difference is real, as its interval excludes zero and it exceeds the noise floor.

Warnings:
  - the program holds 358 MB of live data, more than the caches of many machines; for data that size, where it lies in memory can shift the result by several points in ways the interval does not cover, and differently in the next process; run the comparison in several processes with the multiproc package

== street multi n=212449 valuesBetween: ordered vs ordered-lpage
A: 6035 ns per operation (median)
B: 5966 ns per operation (median)
A needs 1.2% more time than B: B takes only 0.99 times as long as A.
With 95% confidence the difference lies between 3.95% more time and 2.44% less time (B takes between 0.962 and 1.02 times as long as A).
Noise floor: 0.795%. Identical code measured against itself on this setup can look that different, so smaller differences mean nothing.
Neighbouring measurements are nearly independent (autocorrelation -0.25), so they were resampled one by one.

Verdict: NOT RESOLVED. This run did not establish which candidate is faster. That is not the same as "equally fast": the warnings below say what is missing.

Warnings:
  - the interval [-3.95%, 2.44%] includes zero, so a difference in either direction is consistent with these measurements
  - the program holds 358 MB of live data, more than the caches of many machines; for data that size, where it lies in memory can shift the result by several points in ways the interval does not cover, and differently in the next process; run the comparison in several processes with the multiproc package

== street multi n=212449 valuesBetween: ordered vs ordered-lpage-mv
A: 6030 ns per operation (median)
B: 3811 ns per operation (median)
A needs 59.3% more time than B: B takes only 0.63 times as long as A.
With 95% confidence the difference lies between 56.1% and 63.5% more time (B takes between 0.612 and 0.64 times as long as A).
Noise floor: 1.23%. Identical code measured against itself on this setup can look that different, so smaller differences mean nothing.
Neighbouring measurements are correlated (autocorrelation +0.40), so they were resampled in blocks of 3.

Verdict: RESOLVED. A is slower than B: the difference is real, as its interval excludes zero and it exceeds the noise floor.

Warnings:
  - the program holds 367 MB of live data, more than the caches of many machines; for data that size, where it lies in memory can shift the result by several points in ways the interval does not cover, and differently in the next process; run the comparison in several processes with the multiproc package

== street multi n=212449 valuesBetween: ordered vs ordered-lpage-mvzc
A: 5804 ns per operation (median)
B: 3088 ns per operation (median)
A needs 87.9% more time than B: B takes only 0.53 times as long as A.
With 95% confidence the difference lies between 85.3% and 93.3% more time (B takes between 0.517 and 0.54 times as long as A).
Noise floor: 2.83%. Identical code measured against itself on this setup can look that different, so smaller differences mean nothing.
Neighbouring measurements are nearly independent (autocorrelation -0.10), so they were resampled one by one.

Verdict: RESOLVED. A is slower than B: the difference is real, as its interval excludes zero and it exceeds the noise floor.

Warnings:
  - the program holds 367 MB of live data, more than the caches of many machines; for data that size, where it lies in memory can shift the result by several points in ways the interval does not cover, and differently in the next process; run the comparison in several processes with the multiproc package
  - candidate B drifted during the run: its measurements were 4.05% lower in the second half than in the first, so the machine did not hold still

== street multi n=212449 prefix: ordered vs btree-sets
A: 2.472e+04 ns per operation (median)
B: 7.166e+04 ns per operation (median)
A needs 66.6% less time than B: B takes 2.99 times as long as A.
With 95% confidence the difference lies between 63.1% and 69.5% less time (B takes between 2.71 and 3.28 times as long as A).
Noise floor: 3.23%. Identical code measured against itself on this setup can look that different, so smaller differences mean nothing.
Neighbouring measurements are nearly independent (autocorrelation -0.09), so they were resampled one by one.

Verdict: RESOLVED. A is faster than B: the difference is real, as its interval excludes zero and it exceeds the noise floor.

Warnings:
  - the program holds 367 MB of live data, more than the caches of many machines; for data that size, where it lies in memory can shift the result by several points in ways the interval does not cover, and differently in the next process; run the comparison in several processes with the multiproc package

== street multi n=212449 prefix: ordered vs ordered-lpage
A: 2.19e+04 ns per operation (median)
B: 2.23e+04 ns per operation (median)
A needs 0.013% less time than B: B takes 1.00 times as long as A.
With 95% confidence the difference lies between 6.98% more time and 4.1% less time (B takes between 0.935 and 1.04 times as long as A).
Noise floor: 4.86%. Identical code measured against itself on this setup can look that different, so smaller differences mean nothing.
Neighbouring measurements are nearly independent (autocorrelation -0.10), so they were resampled one by one.

Verdict: NOT RESOLVED. This run did not establish which candidate is faster. That is not the same as "equally fast": the warnings below say what is missing.

Warnings:
  - the difference of 0.01% does not clear the 4.86% noise floor, which is what this setup reports between two runs of identical code
  - the interval [-6.98%, 4.10%] includes zero, so a difference in either direction is consistent with these measurements
  - the program holds 367 MB of live data, more than the caches of many machines; for data that size, where it lies in memory can shift the result by several points in ways the interval does not cover, and differently in the next process; run the comparison in several processes with the multiproc package
  - in 50% of A/A runs this setup reported a difference between identical code, well above the 10% expected; treat any confidence from it with suspicion

== street multi n=212449 prefix: ordered vs ordered-lpage-mv
A: 2.239e+04 ns per operation (median)
B: 1.254e+04 ns per operation (median)
A needs 72% more time than B: B takes only 0.58 times as long as A.
With 95% confidence the difference lies between 68.4% and 83.5% more time (B takes between 0.545 and 0.59 times as long as A).
Noise floor: 4.36%. Identical code measured against itself on this setup can look that different, so smaller differences mean nothing.
Neighbouring measurements are nearly independent (autocorrelation +0.09), so they were resampled one by one.

Verdict: RESOLVED. A is slower than B: the difference is real, as its interval excludes zero and it exceeds the noise floor.

Warnings:
  - the program holds 369 MB of live data, more than the caches of many machines; for data that size, where it lies in memory can shift the result by several points in ways the interval does not cover, and differently in the next process; run the comparison in several processes with the multiproc package
  - in 50% of A/A runs this setup reported a difference between identical code, well above the 10% expected; treat any confidence from it with suspicion

== street multi n=212449 prefix: ordered vs ordered-lpage-mvzc
A: 2.046e+04 ns per operation (median)
B: 9538 ns per operation (median)
A needs 117% more time than B: B takes only 0.46 times as long as A.
With 95% confidence the difference lies between 110% and 126% more time (B takes between 0.443 and 0.48 times as long as A).
Noise floor: 9.39%. Identical code measured against itself on this setup can look that different, so smaller differences mean nothing.
Neighbouring measurements are nearly independent (autocorrelation -0.07), so they were resampled one by one.

Verdict: RESOLVED. A is slower than B: the difference is real, as its interval excludes zero and it exceeds the noise floor.

Warnings:
  - the program holds 369 MB of live data, more than the caches of many machines; for data that size, where it lies in memory can shift the result by several points in ways the interval does not cover, and differently in the next process; run the comparison in several processes with the multiproc package
  - in 50% of A/A runs this setup reported a difference between identical code, well above the 10% expected; treat any confidence from it with suspicion

== street multi n=212449 churn and build: ordered vs btree-sets
steady state, per insertion or deletion in a structure of 578999 elements (cycle of 1512160 operations, first pass untimed):
  A: 643.1 ns per operation (median)
  B: 883.7 ns per operation (median)
  A needs 25.8% less time than B: B takes 1.35 times as long as A.
  With 95% confidence the difference lies between 24% and 31.6% less time (B takes between 1.32 and 1.46 times as long as A).
  Noise floor: 1.35%. Identical code measured against itself on this setup can look that different, so smaller differences mean nothing.
  Neighbouring measurements are nearly independent (autocorrelation -0.43), so they were resampled one by one.
  
  Verdict: RESOLVED. A is faster than B: the difference is real, as its interval excludes zero and it exceeds the noise floor.
  
  Warnings:
    - the program holds 535 MB of live data, more than the caches of many machines; for data that size, where it lies in memory can shift the result by several points in ways the interval does not cover, and differently in the next process; run the comparison in several processes with the multiproc package

== street multi n=212449 churn and build: ordered vs ordered-lpage
steady state, per insertion or deletion in a structure of 578999 elements (cycle of 1512160 operations, first pass untimed):
  A: 572.6 ns per operation (median)
  B: 490.8 ns per operation (median)
  A needs 19.4% more time than B: B takes only 0.84 times as long as A.
  With 95% confidence the difference lies between 25% more time and 16.2% less time (B takes between 0.8 and 1.19 times as long as A).
  Noise floor: 18.3%. Identical code measured against itself on this setup can look that different, so smaller differences mean nothing.
  Neighbouring measurements are nearly independent (autocorrelation -0.92), so they were resampled one by one.
  
  Verdict: NOT RESOLVED. This run did not establish which candidate is faster. That is not the same as "equally fast": the warnings below say what is missing.
  
  Warnings:
    - the interval [-25.03%, 16.18%] includes zero, so a difference in either direction is consistent with these measurements
    - the program holds 499 MB of live data, more than the caches of many machines; for data that size, where it lies in memory can shift the result by several points in ways the interval does not cover, and differently in the next process; run the comparison in several processes with the multiproc package

== street multi n=212449 churn and build: ordered vs ordered-lpage-mv
steady state, per insertion or deletion in a structure of 578999 elements (cycle of 1512160 operations, first pass untimed):
  A: 593.2 ns per operation (median)
  B: 596.3 ns per operation (median)
  A needs 2.61% more time than B: B takes only 0.97 times as long as A.
  With 95% confidence the difference lies between 5.83% more time and 28.6% less time (B takes between 0.945 and 1.40 times as long as A).
  Noise floor: 14.4%. Identical code measured against itself on this setup can look that different, so smaller differences mean nothing.
  Neighbouring measurements are nearly independent (autocorrelation -0.14), so they were resampled one by one.
  
  Verdict: NOT RESOLVED. This run did not establish which candidate is faster. That is not the same as "equally fast": the warnings below say what is missing.
  
  Warnings:
    - the difference of -2.61% does not clear the 14.42% noise floor, which is what this setup reports between two runs of identical code
    - the interval [-5.83%, 28.61%] includes zero, so a difference in either direction is consistent with these measurements
    - the program holds 476 MB of live data, more than the caches of many machines; for data that size, where it lies in memory can shift the result by several points in ways the interval does not cover, and differently in the next process; run the comparison in several processes with the multiproc package

== street multi n=212449 churn and build: ordered vs ordered-lpage-mvzc
steady state, per insertion or deletion in a structure of 578999 elements (cycle of 1512160 operations, first pass untimed):
  A: 595.1 ns per operation (median)
  B: 676.6 ns per operation (median)
  A needs 9.12% less time than B: B takes 1.10 times as long as A.
  With 95% confidence the difference lies between 6.12% and 35.2% less time (B takes between 1.07 and 1.54 times as long as A).
  Noise floor: 12.3%. Identical code measured against itself on this setup can look that different, so smaller differences mean nothing.
  Neighbouring measurements are nearly independent (autocorrelation -0.12), so they were resampled one by one.
  
  Verdict: NOT RESOLVED. This run did not establish which candidate is faster. That is not the same as "equally fast": the warnings below say what is missing.
  
  Warnings:
    - the difference of 9.12% does not clear the 12.34% noise floor, which is what this setup reports between two runs of identical code
    - the program holds 484 MB of live data, more than the caches of many machines; for data that size, where it lies in memory can shift the result by several points in ways the interval does not cover, and differently in the next process; run the comparison in several processes with the multiproc package

checksum 1230182131886140362
== street multi n=212449 valuesFor: ordered vs btree-sets
A: 306.7 ns per operation (median)
B: 661.4 ns per operation (median)
A needs 54.2% less time than B: B takes 2.18 times as long as A.
With 95% confidence the difference lies between 51.9% and 56% less time (B takes between 2.08 and 2.27 times as long as A).
Noise floor: 4.43%. Identical code measured against itself on this setup can look that different, so smaller differences mean nothing.
Neighbouring measurements are nearly independent (autocorrelation -0.18), so they were resampled one by one.

Verdict: RESOLVED. A is faster than B: the difference is real, as its interval excludes zero and it exceeds the noise floor.

Warnings:
  - the program holds 364 MB of live data, more than the caches of many machines; for data that size, where it lies in memory can shift the result by several points in ways the interval does not cover, and differently in the next process; run the comparison in several processes with the multiproc package

== street multi n=212449 valuesFor: ordered vs ordered-lpage
A: 259.8 ns per operation (median)
B: 252.6 ns per operation (median)
A needs 2.75% more time than B: B takes only 0.97 times as long as A.
With 95% confidence the difference lies between 5.99% more time and 0.981% less time (B takes between 0.943 and 1.01 times as long as A).
Noise floor: 2.08%. Identical code measured against itself on this setup can look that different, so smaller differences mean nothing.
Neighbouring measurements are nearly independent (autocorrelation -0.44), so they were resampled one by one.

Verdict: NOT RESOLVED. This run did not establish which candidate is faster. That is not the same as "equally fast": the warnings below say what is missing.

Warnings:
  - the interval [-5.99%, 0.98%] includes zero, so a difference in either direction is consistent with these measurements
  - the program holds 364 MB of live data, more than the caches of many machines; for data that size, where it lies in memory can shift the result by several points in ways the interval does not cover, and differently in the next process; run the comparison in several processes with the multiproc package

== street multi n=212449 valuesFor: ordered vs ordered-lpage-mv
A: 267.6 ns per operation (median)
B: 297.8 ns per operation (median)
A needs 12.5% less time than B: B takes 1.14 times as long as A.
With 95% confidence the difference lies between 8.1% and 15% less time (B takes between 1.09 and 1.18 times as long as A).
Noise floor: 2.92%. Identical code measured against itself on this setup can look that different, so smaller differences mean nothing.
Neighbouring measurements are nearly independent (autocorrelation -0.40), so they were resampled one by one.

Verdict: RESOLVED. A is faster than B: the difference is real, as its interval excludes zero and it exceeds the noise floor.

Warnings:
  - the program holds 364 MB of live data, more than the caches of many machines; for data that size, where it lies in memory can shift the result by several points in ways the interval does not cover, and differently in the next process; run the comparison in several processes with the multiproc package

== street multi n=212449 valuesFor: ordered vs ordered-lpage-mvzc
A: 261 ns per operation (median)
B: 269.7 ns per operation (median)
A needs 2.49% less time than B: B takes 1.03 times as long as A.
With 95% confidence the difference lies between 1.73% more time and 6% less time (B takes between 0.983 and 1.06 times as long as A).
Noise floor: 2.73%. Identical code measured against itself on this setup can look that different, so smaller differences mean nothing.
Neighbouring measurements are nearly independent (autocorrelation -0.38), so they were resampled one by one.

Verdict: NOT RESOLVED. This run did not establish which candidate is faster. That is not the same as "equally fast": the warnings below say what is missing.

Warnings:
  - the difference of 2.49% does not clear the 2.73% noise floor, which is what this setup reports between two runs of identical code
  - the interval [-1.73%, 6.00%] includes zero, so a difference in either direction is consistent with these measurements
  - the program holds 364 MB of live data, more than the caches of many machines; for data that size, where it lies in memory can shift the result by several points in ways the interval does not cover, and differently in the next process; run the comparison in several processes with the multiproc package

== street multi n=212449 valuesBetween: ordered vs btree-sets
A: 6886 ns per operation (median)
B: 1.941e+04 ns per operation (median)
A needs 64.8% less time than B: B takes 2.84 times as long as A.
With 95% confidence the difference lies between 64% and 65.5% less time (B takes between 2.78 and 2.90 times as long as A).
Noise floor: 2.42%. Identical code measured against itself on this setup can look that different, so smaller differences mean nothing.
Neighbouring measurements are nearly independent (autocorrelation -0.11), so they were resampled one by one.

Verdict: RESOLVED. A is faster than B: the difference is real, as its interval excludes zero and it exceeds the noise floor.

Warnings:
  - the program holds 364 MB of live data, more than the caches of many machines; for data that size, where it lies in memory can shift the result by several points in ways the interval does not cover, and differently in the next process; run the comparison in several processes with the multiproc package
  - candidate B drifted during the run: its measurements were 4.05% lower in the second half than in the first, so the machine did not hold still

== street multi n=212449 valuesBetween: ordered vs ordered-lpage
A: 6142 ns per operation (median)
B: 6075 ns per operation (median)
A needs 3.16% more time than B: B takes only 0.97 times as long as A.
With 95% confidence the difference lies between 5.74% more time and 0.501% less time (B takes between 0.946 and 1.01 times as long as A).
Noise floor: 2.81%. Identical code measured against itself on this setup can look that different, so smaller differences mean nothing.
Neighbouring measurements are nearly independent (autocorrelation -0.18), so they were resampled one by one.

Verdict: NOT RESOLVED. This run did not establish which candidate is faster. That is not the same as "equally fast": the warnings below say what is missing.

Warnings:
  - the interval [-5.74%, 0.50%] includes zero, so a difference in either direction is consistent with these measurements
  - the program holds 364 MB of live data, more than the caches of many machines; for data that size, where it lies in memory can shift the result by several points in ways the interval does not cover, and differently in the next process; run the comparison in several processes with the multiproc package

== street multi n=212449 valuesBetween: ordered vs ordered-lpage-mv
A: 6060 ns per operation (median)
B: 3744 ns per operation (median)
A needs 60.6% more time than B: B takes only 0.62 times as long as A.
With 95% confidence the difference lies between 57.4% and 63.1% more time (B takes between 0.613 and 0.64 times as long as A).
Noise floor: 0.936%. Identical code measured against itself on this setup can look that different, so smaller differences mean nothing.
Neighbouring measurements are correlated (autocorrelation +0.32), so they were resampled in blocks of 3.

Verdict: RESOLVED. A is slower than B: the difference is real, as its interval excludes zero and it exceeds the noise floor.

Warnings:
  - the program holds 369 MB of live data, more than the caches of many machines; for data that size, where it lies in memory can shift the result by several points in ways the interval does not cover, and differently in the next process; run the comparison in several processes with the multiproc package

== street multi n=212449 valuesBetween: ordered vs ordered-lpage-mvzc
A: 5850 ns per operation (median)
B: 3074 ns per operation (median)
A needs 89.5% more time than B: B takes only 0.53 times as long as A.
With 95% confidence the difference lies between 84.9% and 93.9% more time (B takes between 0.516 and 0.54 times as long as A).
Noise floor: 3.29%. Identical code measured against itself on this setup can look that different, so smaller differences mean nothing.
Neighbouring measurements are nearly independent (autocorrelation -0.05), so they were resampled one by one.

Verdict: RESOLVED. A is slower than B: the difference is real, as its interval excludes zero and it exceeds the noise floor.

Warnings:
  - the program holds 369 MB of live data, more than the caches of many machines; for data that size, where it lies in memory can shift the result by several points in ways the interval does not cover, and differently in the next process; run the comparison in several processes with the multiproc package
  - in 50% of A/A runs this setup reported a difference between identical code, well above the 10% expected; treat any confidence from it with suspicion

== street multi n=212449 prefix: ordered vs btree-sets
A: 2.361e+04 ns per operation (median)
B: 7.405e+04 ns per operation (median)
A needs 68.1% less time than B: B takes 3.13 times as long as A.
With 95% confidence the difference lies between 64.5% and 70% less time (B takes between 2.81 and 3.33 times as long as A).
Noise floor: 1.78%. Identical code measured against itself on this setup can look that different, so smaller differences mean nothing.
Neighbouring measurements are nearly independent (autocorrelation -0.13), so they were resampled one by one.

Verdict: RESOLVED. A is faster than B: the difference is real, as its interval excludes zero and it exceeds the noise floor.

Warnings:
  - the program holds 369 MB of live data, more than the caches of many machines; for data that size, where it lies in memory can shift the result by several points in ways the interval does not cover, and differently in the next process; run the comparison in several processes with the multiproc package

== street multi n=212449 prefix: ordered vs ordered-lpage
A: 2.229e+04 ns per operation (median)
B: 2.245e+04 ns per operation (median)
A needs 1.11% less time than B: B takes 1.01 times as long as A.
With 95% confidence the difference lies between 6.69% more time and 4.45% less time (B takes between 0.937 and 1.05 times as long as A).
Noise floor: 5.31%. Identical code measured against itself on this setup can look that different, so smaller differences mean nothing.
Neighbouring measurements are nearly independent (autocorrelation -0.07), so they were resampled one by one.

Verdict: NOT RESOLVED. This run did not establish which candidate is faster. That is not the same as "equally fast": the warnings below say what is missing.

Warnings:
  - the difference of 1.11% does not clear the 5.31% noise floor, which is what this setup reports between two runs of identical code
  - the interval [-6.69%, 4.45%] includes zero, so a difference in either direction is consistent with these measurements
  - the program holds 369 MB of live data, more than the caches of many machines; for data that size, where it lies in memory can shift the result by several points in ways the interval does not cover, and differently in the next process; run the comparison in several processes with the multiproc package
  - in 50% of A/A runs this setup reported a difference between identical code, well above the 10% expected; treat any confidence from it with suspicion

== street multi n=212449 prefix: ordered vs ordered-lpage-mv
A: 2.101e+04 ns per operation (median)
B: 1.187e+04 ns per operation (median)
A needs 74.5% more time than B: B takes only 0.57 times as long as A.
With 95% confidence the difference lies between 70% and 83.1% more time (B takes between 0.546 and 0.59 times as long as A).
Noise floor: 5.26%. Identical code measured against itself on this setup can look that different, so smaller differences mean nothing.
Neighbouring measurements are nearly independent (autocorrelation -0.02), so they were resampled one by one.

Verdict: RESOLVED. A is slower than B: the difference is real, as its interval excludes zero and it exceeds the noise floor.

Warnings:
  - the program holds 368 MB of live data, more than the caches of many machines; for data that size, where it lies in memory can shift the result by several points in ways the interval does not cover, and differently in the next process; run the comparison in several processes with the multiproc package

== street multi n=212449 prefix: ordered vs ordered-lpage-mvzc
A: 2.038e+04 ns per operation (median)
B: 9427 ns per operation (median)
A needs 116% more time than B: B takes only 0.46 times as long as A.
With 95% confidence the difference lies between 110% and 122% more time (B takes between 0.45 and 0.48 times as long as A).
Noise floor: 7.9%. Identical code measured against itself on this setup can look that different, so smaller differences mean nothing.
Neighbouring measurements are nearly independent (autocorrelation -0.08), so they were resampled one by one.

Verdict: RESOLVED. A is slower than B: the difference is real, as its interval excludes zero and it exceeds the noise floor.

Warnings:
  - the program holds 368 MB of live data, more than the caches of many machines; for data that size, where it lies in memory can shift the result by several points in ways the interval does not cover, and differently in the next process; run the comparison in several processes with the multiproc package
  - in 50% of A/A runs this setup reported a difference between identical code, well above the 10% expected; treat any confidence from it with suspicion

== street multi n=212449 churn and build: ordered vs btree-sets
steady state, per insertion or deletion in a structure of 578999 elements (cycle of 1512160 operations, first pass untimed):
  A: 647.6 ns per operation (median)
  B: 885.7 ns per operation (median)
  A needs 25.8% less time than B: B takes 1.35 times as long as A.
  With 95% confidence the difference lies between 23.5% and 30.6% less time (B takes between 1.31 and 1.44 times as long as A).
  Noise floor: 3.47%. Identical code measured against itself on this setup can look that different, so smaller differences mean nothing.
  Neighbouring measurements are nearly independent (autocorrelation -0.45), so they were resampled one by one.
  
  Verdict: RESOLVED. A is faster than B: the difference is real, as its interval excludes zero and it exceeds the noise floor.
  
  Warnings:
    - the program holds 538 MB of live data, more than the caches of many machines; for data that size, where it lies in memory can shift the result by several points in ways the interval does not cover, and differently in the next process; run the comparison in several processes with the multiproc package

== street multi n=212449 churn and build: ordered vs ordered-lpage
steady state, per insertion or deletion in a structure of 578999 elements (cycle of 1512160 operations, first pass untimed):
  A: 554.3 ns per operation (median)
  B: 474.6 ns per operation (median)
  A needs 20.6% more time than B: B takes only 0.83 times as long as A.
  With 95% confidence the difference lies between 24.6% more time and 17.1% less time (B takes between 0.803 and 1.21 times as long as A).
  Noise floor: 15.9%. Identical code measured against itself on this setup can look that different, so smaller differences mean nothing.
  Neighbouring measurements are nearly independent (autocorrelation -0.90), so they were resampled one by one.
  
  Verdict: NOT RESOLVED. This run did not establish which candidate is faster. That is not the same as "equally fast": the warnings below say what is missing.
  
  Warnings:
    - the interval [-24.60%, 17.10%] includes zero, so a difference in either direction is consistent with these measurements
    - the program holds 496 MB of live data, more than the caches of many machines; for data that size, where it lies in memory can shift the result by several points in ways the interval does not cover, and differently in the next process; run the comparison in several processes with the multiproc package

== street multi n=212449 churn and build: ordered vs ordered-lpage-mv
steady state, per insertion or deletion in a structure of 578999 elements (cycle of 1512160 operations, first pass untimed):
  A: 595.2 ns per operation (median)
  B: 597.5 ns per operation (median)
  A needs 1.81% more time than B: B takes only 0.98 times as long as A.
  With 95% confidence the difference lies between 6.21% more time and 27.7% less time (B takes between 0.942 and 1.38 times as long as A).
  Noise floor: 16%. Identical code measured against itself on this setup can look that different, so smaller differences mean nothing.
  Neighbouring measurements are nearly independent (autocorrelation -0.90), so they were resampled one by one.
  
  Verdict: NOT RESOLVED. This run did not establish which candidate is faster. That is not the same as "equally fast": the warnings below say what is missing.
  
  Warnings:
    - the difference of -1.81% does not clear the 15.95% noise floor, which is what this setup reports between two runs of identical code
    - the interval [-6.21%, 27.69%] includes zero, so a difference in either direction is consistent with these measurements
    - the program holds 457 MB of live data, more than the caches of many machines; for data that size, where it lies in memory can shift the result by several points in ways the interval does not cover, and differently in the next process; run the comparison in several processes with the multiproc package

== street multi n=212449 churn and build: ordered vs ordered-lpage-mvzc
steady state, per insertion or deletion in a structure of 578999 elements (cycle of 1512160 operations, first pass untimed):
  A: 652.6 ns per operation (median)
  B: 722.5 ns per operation (median)
  A needs 6.63% less time than B: B takes 1.07 times as long as A.
  With 95% confidence the difference lies between 4.66% and 31.4% less time (B takes between 1.05 and 1.46 times as long as A).
  Noise floor: 15.3%. Identical code measured against itself on this setup can look that different, so smaller differences mean nothing.
  Neighbouring measurements are nearly independent (autocorrelation -0.92), so they were resampled one by one.
  
  Verdict: NOT RESOLVED. This run did not establish which candidate is faster. That is not the same as "equally fast": the warnings below say what is missing.
  
  Warnings:
    - the difference of 6.63% does not clear the 15.26% noise floor, which is what this setup reports between two runs of identical code
    - the program holds 483 MB of live data, more than the caches of many machines; for data that size, where it lies in memory can shift the result by several points in ways the interval does not cover, and differently in the next process; run the comparison in several processes with the multiproc package

checksum 18146298793961632882
