== street multi n=4096 valuesFor: ordered vs btree-sets
A: 76.07 ns per operation (median)
B: 178.8 ns per operation (median)
A needs 57.5% less time than B: B takes 2.35 times as long as A.
With 95% confidence the difference lies between 56.9% and 57.8% less time (B takes between 2.32 and 2.37 times as long as A).
Noise floor: 0.475%. Identical code measured against itself on this setup can look that different, so smaller differences mean nothing.
Neighbouring measurements are nearly independent (autocorrelation -0.00), so they were resampled one by one.

Verdict: RESOLVED. A is faster than B: the difference is real, as its interval excludes zero and it exceeds the noise floor.

Warnings:
  - the program holds 71 MB of live data, more than the caches of many machines; for data that size, where it lies in memory can shift the result by several points in ways the interval does not cover, and differently in the next process; run the comparison in several processes with the multiproc package

== street multi n=4096 valuesFor: ordered vs ordered-lpage
A: 74.95 ns per operation (median)
B: 75.72 ns per operation (median)
A needs 0.994% less time than B: B takes 1.01 times as long as A.
With 95% confidence the difference lies between 0.0415% and 1.78% less time (B takes between 1 and 1.02 times as long as A).
Noise floor: 0.781%. Identical code measured against itself on this setup can look that different, so smaller differences mean nothing.
Neighbouring measurements are nearly independent (autocorrelation -0.09), so they were resampled one by one.

Verdict: RESOLVED. A is faster than B: the difference is real, as its interval excludes zero and it exceeds the noise floor.

Warnings:
  - the program holds 71 MB of live data, more than the caches of many machines; for data that size, where it lies in memory can shift the result by several points in ways the interval does not cover, and differently in the next process; run the comparison in several processes with the multiproc package
  - in 50% of A/A runs this setup reported a difference between identical code, well above the 10% expected; treat any confidence from it with suspicion

== street multi n=4096 valuesFor: ordered vs ordered-lpage-mv
A: 76.53 ns per operation (median)
B: 149 ns per operation (median)
A needs 48.7% less time than B: B takes 1.95 times as long as A.
With 95% confidence the difference lies between 48.1% and 49.6% less time (B takes between 1.93 and 1.98 times as long as A).
Noise floor: 0.942%. Identical code measured against itself on this setup can look that different, so smaller differences mean nothing.
Neighbouring measurements are nearly independent (autocorrelation -0.03), so they were resampled one by one.

Verdict: RESOLVED. A is faster than B: the difference is real, as its interval excludes zero and it exceeds the noise floor.

Warnings:
  - the program holds 70 MB of live data, more than the caches of many machines; for data that size, where it lies in memory can shift the result by several points in ways the interval does not cover, and differently in the next process; run the comparison in several processes with the multiproc package

== street multi n=4096 valuesFor: ordered vs ordered-lpage-mvzc
A: 76.06 ns per operation (median)
B: 129.4 ns per operation (median)
A needs 41% less time than B: B takes 1.70 times as long as A.
With 95% confidence the difference lies between 40.4% and 41.9% less time (B takes between 1.68 and 1.72 times as long as A).
Noise floor: 0.645%. Identical code measured against itself on this setup can look that different, so smaller differences mean nothing.
Neighbouring measurements are nearly independent (autocorrelation -0.32), so they were resampled one by one.

Verdict: RESOLVED. A is faster than B: the difference is real, as its interval excludes zero and it exceeds the noise floor.

Warnings:
  - the program holds 70 MB of live data, more than the caches of many machines; for data that size, where it lies in memory can shift the result by several points in ways the interval does not cover, and differently in the next process; run the comparison in several processes with the multiproc package

== street multi n=4096 valuesBetween: ordered vs btree-sets
A: 3284 ns per operation (median)
B: 9007 ns per operation (median)
A needs 63.3% less time than B: B takes 2.72 times as long as A.
With 95% confidence the difference lies between 62.5% and 64.3% less time (B takes between 2.66 and 2.80 times as long as A).
Noise floor: 1.96%. Identical code measured against itself on this setup can look that different, so smaller differences mean nothing.
Neighbouring measurements are nearly independent (autocorrelation -0.07), so they were resampled one by one.

Verdict: RESOLVED. A is faster than B: the difference is real, as its interval excludes zero and it exceeds the noise floor.

Warnings:
  - the program holds 70 MB of live data, more than the caches of many machines; for data that size, where it lies in memory can shift the result by several points in ways the interval does not cover, and differently in the next process; run the comparison in several processes with the multiproc package

== street multi n=4096 valuesBetween: ordered vs ordered-lpage
A: 3307 ns per operation (median)
B: 3289 ns per operation (median)
A needs 0.216% less time than B: B takes 1.00 times as long as A.
With 95% confidence the difference lies between 4.21% more time and 2.88% less time (B takes between 0.96 and 1.03 times as long as A).
Noise floor: 1%. Identical code measured against itself on this setup can look that different, so smaller differences mean nothing.
Neighbouring measurements are nearly independent (autocorrelation -0.44), so they were resampled one by one.

Verdict: NOT RESOLVED. This run did not establish which candidate is faster. That is not the same as "equally fast": the warnings below say what is missing.

Warnings:
  - the difference of 0.22% does not clear the 1.00% noise floor, which is what this setup reports between two runs of identical code
  - the interval [-4.21%, 2.88%] includes zero, so a difference in either direction is consistent with these measurements
  - the program holds 71 MB of live data, more than the caches of many machines; for data that size, where it lies in memory can shift the result by several points in ways the interval does not cover, and differently in the next process; run the comparison in several processes with the multiproc package

== street multi n=4096 valuesBetween: ordered vs ordered-lpage-mv
A: 3253 ns per operation (median)
B: 2573 ns per operation (median)
A needs 26.4% more time than B: B takes only 0.79 times as long as A.
With 95% confidence the difference lies between 24.9% and 29.9% more time (B takes between 0.77 and 0.80 times as long as A).
Noise floor: 0.367%. Identical code measured against itself on this setup can look that different, so smaller differences mean nothing.
Neighbouring measurements are nearly independent (autocorrelation -0.37), so they were resampled one by one.

Verdict: RESOLVED. A is slower than B: the difference is real, as its interval excludes zero and it exceeds the noise floor.

Warnings:
  - the program holds 70 MB of live data, more than the caches of many machines; for data that size, where it lies in memory can shift the result by several points in ways the interval does not cover, and differently in the next process; run the comparison in several processes with the multiproc package

== street multi n=4096 valuesBetween: ordered vs ordered-lpage-mvzc
A: 3261 ns per operation (median)
B: 2043 ns per operation (median)
A needs 59.8% more time than B: B takes only 0.63 times as long as A.
With 95% confidence the difference lies between 57.2% and 62.3% more time (B takes between 0.616 and 0.64 times as long as A).
Noise floor: 0.995%. Identical code measured against itself on this setup can look that different, so smaller differences mean nothing.
Neighbouring measurements are nearly independent (autocorrelation -0.60), so they were resampled one by one.

Verdict: RESOLVED. A is slower than B: the difference is real, as its interval excludes zero and it exceeds the noise floor.

Warnings:
  - the program holds 70 MB of live data, more than the caches of many machines; for data that size, where it lies in memory can shift the result by several points in ways the interval does not cover, and differently in the next process; run the comparison in several processes with the multiproc package

== street multi n=4096 prefix: ordered vs btree-sets
A: 320.3 ns per operation (median)
B: 921.4 ns per operation (median)
A needs 65.7% less time than B: B takes 2.92 times as long as A.
With 95% confidence the difference lies between 65% and 66.6% less time (B takes between 2.85 and 2.99 times as long as A).
Noise floor: 0.859%. Identical code measured against itself on this setup can look that different, so smaller differences mean nothing.
Neighbouring measurements are nearly independent (autocorrelation +0.05), so they were resampled one by one.

Verdict: RESOLVED. A is faster than B: the difference is real, as its interval excludes zero and it exceeds the noise floor.

Warnings:
  - the program holds 70 MB of live data, more than the caches of many machines; for data that size, where it lies in memory can shift the result by several points in ways the interval does not cover, and differently in the next process; run the comparison in several processes with the multiproc package

== street multi n=4096 prefix: ordered vs ordered-lpage
A: 314.4 ns per operation (median)
B: 316.5 ns per operation (median)
A needs 0.768% less time than B: B takes 1.01 times as long as A.
With 95% confidence the difference lies between 2.49% more time and 3.4% less time (B takes between 0.976 and 1.04 times as long as A).
Noise floor: 0.832%. Identical code measured against itself on this setup can look that different, so smaller differences mean nothing.
Neighbouring measurements are nearly independent (autocorrelation -0.20), so they were resampled one by one.

Verdict: NOT RESOLVED. This run did not establish which candidate is faster. That is not the same as "equally fast": the warnings below say what is missing.

Warnings:
  - the difference of 0.77% does not clear the 0.83% noise floor, which is what this setup reports between two runs of identical code
  - the interval [-2.49%, 3.40%] includes zero, so a difference in either direction is consistent with these measurements
  - the program holds 70 MB of live data, more than the caches of many machines; for data that size, where it lies in memory can shift the result by several points in ways the interval does not cover, and differently in the next process; run the comparison in several processes with the multiproc package

== street multi n=4096 prefix: ordered vs ordered-lpage-mv
A: 318.6 ns per operation (median)
B: 348 ns per operation (median)
A needs 9.33% less time than B: B takes 1.10 times as long as A.
With 95% confidence the difference lies between 6.31% and 11% less time (B takes between 1.07 and 1.12 times as long as A).
Noise floor: 1.09%. Identical code measured against itself on this setup can look that different, so smaller differences mean nothing.
Neighbouring measurements are nearly independent (autocorrelation +0.11), so they were resampled one by one.

Verdict: RESOLVED. A is faster than B: the difference is real, as its interval excludes zero and it exceeds the noise floor.

Warnings:
  - the program holds 70 MB of live data, more than the caches of many machines; for data that size, where it lies in memory can shift the result by several points in ways the interval does not cover, and differently in the next process; run the comparison in several processes with the multiproc package

== street multi n=4096 prefix: ordered vs ordered-lpage-mvzc
A: 314.3 ns per operation (median)
B: 291.9 ns per operation (median)
A needs 5.51% more time than B: B takes only 0.95 times as long as A.
With 95% confidence the difference lies between 4.4% and 11.4% more time (B takes between 0.898 and 0.96 times as long as A).
Noise floor: 2.39%. Identical code measured against itself on this setup can look that different, so smaller differences mean nothing.
Neighbouring measurements are nearly independent (autocorrelation -0.57), so they were resampled one by one.

Verdict: RESOLVED. A is slower than B: the difference is real, as its interval excludes zero and it exceeds the noise floor.

Warnings:
  - the program holds 70 MB of live data, more than the caches of many machines; for data that size, where it lies in memory can shift the result by several points in ways the interval does not cover, and differently in the next process; run the comparison in several processes with the multiproc package
  - in 50% of A/A runs this setup reported a difference between identical code, well above the 10% expected; treat any confidence from it with suspicion

== street multi n=4096 churn and build: ordered vs btree-sets
steady state, per insertion or deletion in a structure of 10449 elements (cycle of 27218 operations, first pass untimed):
  A: 145.5 ns per operation (median)
  B: 271.4 ns per operation (median)
  A needs 46.1% less time than B: B takes 1.85 times as long as A.
  With 95% confidence the difference lies between 45.2% and 47% less time (B takes between 1.83 and 1.89 times as long as A).
  Noise floor: 0.393%. Identical code measured against itself on this setup can look that different, so smaller differences mean nothing.
  Neighbouring measurements are nearly independent (autocorrelation -0.35), so they were resampled one by one.
  
  Verdict: RESOLVED. A is faster than B: the difference is real, as its interval excludes zero and it exceeds the noise floor.
  
  Warnings:
    - the program holds 74 MB of live data, more than the caches of many machines; for data that size, where it lies in memory can shift the result by several points in ways the interval does not cover, and differently in the next process; run the comparison in several processes with the multiproc package

build from empty to 10449 elements, per whole build (37733 operations):
  A: 5.498e+06 ns per operation (median)
  B: 1.009e+07 ns per operation (median)
  A needs 45.6% less time than B: B takes 1.84 times as long as A.
  With 95% confidence the difference lies between 45.2% and 46.4% less time (B takes between 1.82 and 1.86 times as long as A).
  Noise floor: 0.8%. Identical code measured against itself on this setup can look that different, so smaller differences mean nothing.
  Neighbouring measurements are nearly independent (autocorrelation +0.01), so they were resampled one by one.
  
  Verdict: RESOLVED. A is faster than B: the difference is real, as its interval excludes zero and it exceeds the noise floor.
  
  Warnings:
    - the program holds 70 MB of live data, more than the caches of many machines; for data that size, where it lies in memory can shift the result by several points in ways the interval does not cover, and differently in the next process; run the comparison in several processes with the multiproc package

== street multi n=4096 churn and build: ordered vs ordered-lpage
steady state, per insertion or deletion in a structure of 10449 elements (cycle of 27218 operations, first pass untimed):
  A: 135.3 ns per operation (median)
  B: 135.7 ns per operation (median)
  A needs 0.366% less time than B: B takes 1.00 times as long as A.
  With 95% confidence the difference lies between 0.0394% more time and 1.24% less time (B takes between 1 and 1.01 times as long as A).
  Noise floor: 1.2%. Identical code measured against itself on this setup can look that different, so smaller differences mean nothing.
  Neighbouring measurements are correlated (autocorrelation +0.45), so they were resampled in blocks of 3.
  
  Verdict: NOT RESOLVED. This run did not establish which candidate is faster. That is not the same as "equally fast": the warnings below say what is missing.
  
  Warnings:
    - the difference of 0.37% does not clear the 1.20% noise floor, which is what this setup reports between two runs of identical code
    - the interval [-0.04%, 1.24%] includes zero, so a difference in either direction is consistent with these measurements
    - the program holds 72 MB of live data, more than the caches of many machines; for data that size, where it lies in memory can shift the result by several points in ways the interval does not cover, and differently in the next process; run the comparison in several processes with the multiproc package
    - in 50% of A/A runs this setup reported a difference between identical code, well above the 10% expected; treat any confidence from it with suspicion

build from empty to 10449 elements, per whole build (37733 operations):
  A: 5.499e+06 ns per operation (median)
  B: 5.449e+06 ns per operation (median)
  A needs 0.44% less time than B: B takes 1.00 times as long as A.
  With 95% confidence the difference lies between 1.74% more time and 1.6% less time (B takes between 0.983 and 1.02 times as long as A).
  Noise floor: 0.825%. Identical code measured against itself on this setup can look that different, so smaller differences mean nothing.
  Neighbouring measurements are nearly independent (autocorrelation +0.00), so they were resampled one by one.
  
  Verdict: NOT RESOLVED. This run did not establish which candidate is faster. That is not the same as "equally fast": the warnings below say what is missing.
  
  Warnings:
    - the difference of 0.44% does not clear the 0.83% noise floor, which is what this setup reports between two runs of identical code
    - the interval [-1.74%, 1.60%] includes zero, so a difference in either direction is consistent with these measurements
    - the program holds 70 MB of live data, more than the caches of many machines; for data that size, where it lies in memory can shift the result by several points in ways the interval does not cover, and differently in the next process; run the comparison in several processes with the multiproc package

== street multi n=4096 churn and build: ordered vs ordered-lpage-mv
steady state, per insertion or deletion in a structure of 10449 elements (cycle of 27218 operations, first pass untimed):
  A: 136.7 ns per operation (median)
  B: 290.1 ns per operation (median)
  A needs 52.8% less time than B: B takes 2.12 times as long as A.
  With 95% confidence the difference lies between 52.6% and 53.6% less time (B takes between 2.11 and 2.16 times as long as A).
  Noise floor: 0.411%. Identical code measured against itself on this setup can look that different, so smaller differences mean nothing.
  Neighbouring measurements are correlated (autocorrelation +0.31), so they were resampled in blocks of 3.
  
  Verdict: RESOLVED. A is faster than B: the difference is real, as its interval excludes zero and it exceeds the noise floor.
  
  Warnings:
    - the program holds 72 MB of live data, more than the caches of many machines; for data that size, where it lies in memory can shift the result by several points in ways the interval does not cover, and differently in the next process; run the comparison in several processes with the multiproc package

build from empty to 10449 elements, per whole build (37733 operations):
  A: 5.523e+06 ns per operation (median)
  B: 1.264e+07 ns per operation (median)
  A needs 56.8% less time than B: B takes 2.32 times as long as A.
  With 95% confidence the difference lies between 55.7% and 57.1% less time (B takes between 2.26 and 2.33 times as long as A).
  Noise floor: 1.62%. Identical code measured against itself on this setup can look that different, so smaller differences mean nothing.
  Neighbouring measurements are nearly independent (autocorrelation -0.02), so they were resampled one by one.
  
  Verdict: RESOLVED. A is faster than B: the difference is real, as its interval excludes zero and it exceeds the noise floor.
  
  Warnings:
    - the program holds 70 MB of live data, more than the caches of many machines; for data that size, where it lies in memory can shift the result by several points in ways the interval does not cover, and differently in the next process; run the comparison in several processes with the multiproc package
    - in 50% of A/A runs this setup reported a difference between identical code, well above the 10% expected; treat any confidence from it with suspicion

== street multi n=4096 churn and build: ordered vs ordered-lpage-mvzc
steady state, per insertion or deletion in a structure of 10449 elements (cycle of 27218 operations, first pass untimed):
  A: 140.3 ns per operation (median)
  B: 371.2 ns per operation (median)
  A needs 62.4% less time than B: B takes 2.66 times as long as A.
  With 95% confidence the difference lies between 61.7% and 62.8% less time (B takes between 2.61 and 2.68 times as long as A).
  Noise floor: 2.68%. Identical code measured against itself on this setup can look that different, so smaller differences mean nothing.
  Neighbouring measurements are correlated (autocorrelation +0.46), so they were resampled in blocks of 3.
  
  Verdict: RESOLVED. A is faster than B: the difference is real, as its interval excludes zero and it exceeds the noise floor.
  
  Warnings:
    - the program holds 73 MB of live data, more than the caches of many machines; for data that size, where it lies in memory can shift the result by several points in ways the interval does not cover, and differently in the next process; run the comparison in several processes with the multiproc package
    - candidate A drifted during the run: its measurements were 3.68% lower in the second half than in the first, so the machine did not hold still

build from empty to 10449 elements, per whole build (37733 operations):
  A: 5.535e+06 ns per operation (median)
  B: 1.554e+07 ns per operation (median)
  A needs 64.3% less time than B: B takes 2.80 times as long as A.
  With 95% confidence the difference lies between 63.7% and 65.2% less time (B takes between 2.75 and 2.87 times as long as A).
  Noise floor: 1.91%. Identical code measured against itself on this setup can look that different, so smaller differences mean nothing.
  Neighbouring measurements are nearly independent (autocorrelation -0.00), so they were resampled one by one.
  
  Verdict: RESOLVED. A is faster than B: the difference is real, as its interval excludes zero and it exceeds the noise floor.
  
  Warnings:
    - the program holds 70 MB of live data, more than the caches of many machines; for data that size, where it lies in memory can shift the result by several points in ways the interval does not cover, and differently in the next process; run the comparison in several processes with the multiproc package

checksum 14424322056126977068
== street multi n=4096 valuesFor: ordered vs btree-sets
A: 75.94 ns per operation (median)
B: 178.7 ns per operation (median)
A needs 57.4% less time than B: B takes 2.35 times as long as A.
With 95% confidence the difference lies between 56.9% and 57.7% less time (B takes between 2.32 and 2.36 times as long as A).
Noise floor: 0.834%. Identical code measured against itself on this setup can look that different, so smaller differences mean nothing.
Neighbouring measurements are nearly independent (autocorrelation -0.27), so they were resampled one by one.

Verdict: RESOLVED. A is faster than B: the difference is real, as its interval excludes zero and it exceeds the noise floor.

Warnings:
  - the program holds 55 MB of live data, more than the caches of many machines; for data that size, where it lies in memory can shift the result by several points in ways the interval does not cover, and differently in the next process; run the comparison in several processes with the multiproc package

== street multi n=4096 valuesFor: ordered vs ordered-lpage
A: 75.15 ns per operation (median)
B: 76.55 ns per operation (median)
A needs 1.49% less time than B: B takes 1.02 times as long as A.
With 95% confidence the difference lies between 0.131% and 2.14% less time (B takes between 1 and 1.02 times as long as A).
Noise floor: 0.475%. Identical code measured against itself on this setup can look that different, so smaller differences mean nothing.
Neighbouring measurements are nearly independent (autocorrelation +0.03), so they were resampled one by one.

Verdict: RESOLVED. A is faster than B: the difference is real, as its interval excludes zero and it exceeds the noise floor.

Warnings:
  - the program holds 70 MB of live data, more than the caches of many machines; for data that size, where it lies in memory can shift the result by several points in ways the interval does not cover, and differently in the next process; run the comparison in several processes with the multiproc package

== street multi n=4096 valuesFor: ordered vs ordered-lpage-mv
A: 76.48 ns per operation (median)
B: 150.6 ns per operation (median)
A needs 49.3% less time than B: B takes 1.97 times as long as A.
With 95% confidence the difference lies between 48.5% and 50.2% less time (B takes between 1.94 and 2.01 times as long as A).
Noise floor: 0.255%. Identical code measured against itself on this setup can look that different, so smaller differences mean nothing.
Neighbouring measurements are nearly independent (autocorrelation +0.14), so they were resampled one by one.

Verdict: RESOLVED. A is faster than B: the difference is real, as its interval excludes zero and it exceeds the noise floor.

Warnings:
  - the program holds 69 MB of live data, more than the caches of many machines; for data that size, where it lies in memory can shift the result by several points in ways the interval does not cover, and differently in the next process; run the comparison in several processes with the multiproc package
  - 5.9% of bootstrap replicates tied, so the measurement is coarse relative to the question; lower CollectOptions.MaxQuantizationError to lengthen the batches

== street multi n=4096 valuesFor: ordered vs ordered-lpage-mvzc
A: 78.4 ns per operation (median)
B: 134.3 ns per operation (median)
A needs 41.8% less time than B: B takes 1.72 times as long as A.
With 95% confidence the difference lies between 40% and 42.4% less time (B takes between 1.67 and 1.74 times as long as A).
Noise floor: 0.991%. Identical code measured against itself on this setup can look that different, so smaller differences mean nothing.
Neighbouring measurements are nearly independent (autocorrelation -0.49), so they were resampled one by one.

Verdict: RESOLVED. A is faster than B: the difference is real, as its interval excludes zero and it exceeds the noise floor.

Warnings:
  - the program holds 69 MB of live data, more than the caches of many machines; for data that size, where it lies in memory can shift the result by several points in ways the interval does not cover, and differently in the next process; run the comparison in several processes with the multiproc package
  - candidate A drifted during the run: its measurements were 1.99% higher in the second half than in the first, so the machine did not hold still
  - candidate B drifted during the run: its measurements were 1.24% higher in the second half than in the first, so the machine did not hold still

== street multi n=4096 valuesBetween: ordered vs btree-sets
A: 3292 ns per operation (median)
B: 9025 ns per operation (median)
A needs 63.8% less time than B: B takes 2.76 times as long as A.
With 95% confidence the difference lies between 62.9% and 64.4% less time (B takes between 2.69 and 2.81 times as long as A).
Noise floor: 0.48%. Identical code measured against itself on this setup can look that different, so smaller differences mean nothing.
Neighbouring measurements are nearly independent (autocorrelation -0.03), so they were resampled one by one.

Verdict: RESOLVED. A is faster than B: the difference is real, as its interval excludes zero and it exceeds the noise floor.

Warnings:
  - the program holds 69 MB of live data, more than the caches of many machines; for data that size, where it lies in memory can shift the result by several points in ways the interval does not cover, and differently in the next process; run the comparison in several processes with the multiproc package

== street multi n=4096 valuesBetween: ordered vs ordered-lpage
A: 3301 ns per operation (median)
B: 3318 ns per operation (median)
A needs 0.757% less time than B: B takes 1.01 times as long as A.
With 95% confidence the difference lies between 3.79% more time and 4.05% less time (B takes between 0.963 and 1.04 times as long as A).
Noise floor: 2.65%. Identical code measured against itself on this setup can look that different, so smaller differences mean nothing.
Neighbouring measurements are nearly independent (autocorrelation -0.56), so they were resampled one by one.

Verdict: NOT RESOLVED. This run did not establish which candidate is faster. That is not the same as "equally fast": the warnings below say what is missing.

Warnings:
  - the difference of 0.76% does not clear the 2.65% noise floor, which is what this setup reports between two runs of identical code
  - the interval [-3.79%, 4.05%] includes zero, so a difference in either direction is consistent with these measurements
  - the program holds 69 MB of live data, more than the caches of many machines; for data that size, where it lies in memory can shift the result by several points in ways the interval does not cover, and differently in the next process; run the comparison in several processes with the multiproc package

== street multi n=4096 valuesBetween: ordered vs ordered-lpage-mv
A: 3282 ns per operation (median)
B: 2495 ns per operation (median)
A needs 30.4% more time than B: B takes only 0.77 times as long as A.
With 95% confidence the difference lies between 25.4% and 35.7% more time (B takes between 0.737 and 0.80 times as long as A).
Noise floor: 1.31%. Identical code measured against itself on this setup can look that different, so smaller differences mean nothing.
Neighbouring measurements are nearly independent (autocorrelation +0.02), so they were resampled one by one.

Verdict: RESOLVED. A is slower than B: the difference is real, as its interval excludes zero and it exceeds the noise floor.

Warnings:
  - the program holds 70 MB of live data, more than the caches of many machines; for data that size, where it lies in memory can shift the result by several points in ways the interval does not cover, and differently in the next process; run the comparison in several processes with the multiproc package

== street multi n=4096 valuesBetween: ordered vs ordered-lpage-mvzc
A: 3248 ns per operation (median)
B: 2025 ns per operation (median)
A needs 60.2% more time than B: B takes only 0.62 times as long as A.
With 95% confidence the difference lies between 56% and 64.9% more time (B takes between 0.606 and 0.64 times as long as A).
Noise floor: 0.938%. Identical code measured against itself on this setup can look that different, so smaller differences mean nothing.
Neighbouring measurements are nearly independent (autocorrelation -0.59), so they were resampled one by one.

Verdict: RESOLVED. A is slower than B: the difference is real, as its interval excludes zero and it exceeds the noise floor.

Warnings:
  - the program holds 70 MB of live data, more than the caches of many machines; for data that size, where it lies in memory can shift the result by several points in ways the interval does not cover, and differently in the next process; run the comparison in several processes with the multiproc package

== street multi n=4096 prefix: ordered vs btree-sets
A: 320.8 ns per operation (median)
B: 929.2 ns per operation (median)
A needs 65.5% less time than B: B takes 2.90 times as long as A.
With 95% confidence the difference lies between 64.6% and 66.4% less time (B takes between 2.82 and 2.98 times as long as A).
Noise floor: 0.947%. Identical code measured against itself on this setup can look that different, so smaller differences mean nothing.
Neighbouring measurements are nearly independent (autocorrelation +0.05), so they were resampled one by one.

Verdict: RESOLVED. A is faster than B: the difference is real, as its interval excludes zero and it exceeds the noise floor.

Warnings:
  - the program holds 70 MB of live data, more than the caches of many machines; for data that size, where it lies in memory can shift the result by several points in ways the interval does not cover, and differently in the next process; run the comparison in several processes with the multiproc package
  - 5.3% of bootstrap replicates tied, so the measurement is coarse relative to the question; lower CollectOptions.MaxQuantizationError to lengthen the batches

== street multi n=4096 prefix: ordered vs ordered-lpage
A: 314.1 ns per operation (median)
B: 316.1 ns per operation (median)
A needs 2.57% less time than B: B takes 1.03 times as long as A.
With 95% confidence the difference lies between 3.24% more time and 4.83% less time (B takes between 0.969 and 1.05 times as long as A).
Noise floor: 0.327%. Identical code measured against itself on this setup can look that different, so smaller differences mean nothing.
Neighbouring measurements are nearly independent (autocorrelation -0.56), so they were resampled one by one.

Verdict: NOT RESOLVED. This run did not establish which candidate is faster. That is not the same as "equally fast": the warnings below say what is missing.

Warnings:
  - the interval [-3.24%, 4.83%] includes zero, so a difference in either direction is consistent with these measurements
  - the program holds 70 MB of live data, more than the caches of many machines; for data that size, where it lies in memory can shift the result by several points in ways the interval does not cover, and differently in the next process; run the comparison in several processes with the multiproc package

== street multi n=4096 prefix: ordered vs ordered-lpage-mv
A: 320 ns per operation (median)
B: 345.4 ns per operation (median)
A needs 8.06% less time than B: B takes 1.09 times as long as A.
With 95% confidence the difference lies between 3.45% and 10.1% less time (B takes between 1.04 and 1.11 times as long as A).
Noise floor: 0.841%. Identical code measured against itself on this setup can look that different, so smaller differences mean nothing.
Neighbouring measurements are nearly independent (autocorrelation -0.11), so they were resampled one by one.

Verdict: RESOLVED. A is faster than B: the difference is real, as its interval excludes zero and it exceeds the noise floor.

Warnings:
  - the program holds 70 MB of live data, more than the caches of many machines; for data that size, where it lies in memory can shift the result by several points in ways the interval does not cover, and differently in the next process; run the comparison in several processes with the multiproc package
  - candidate A drifted during the run: its measurements were 4.9% higher in the second half than in the first, so the machine did not hold still

== street multi n=4096 prefix: ordered vs ordered-lpage-mvzc
A: 316.8 ns per operation (median)
B: 292.9 ns per operation (median)
A needs 7.55% more time than B: B takes only 0.93 times as long as A.
With 95% confidence the difference lies between 4.63% and 11% more time (B takes between 0.901 and 0.96 times as long as A).
Noise floor: 0.691%. Identical code measured against itself on this setup can look that different, so smaller differences mean nothing.
Neighbouring measurements are nearly independent (autocorrelation -0.59), so they were resampled one by one.

Verdict: RESOLVED. A is slower than B: the difference is real, as its interval excludes zero and it exceeds the noise floor.

Warnings:
  - the program holds 70 MB of live data, more than the caches of many machines; for data that size, where it lies in memory can shift the result by several points in ways the interval does not cover, and differently in the next process; run the comparison in several processes with the multiproc package

== street multi n=4096 churn and build: ordered vs btree-sets
steady state, per insertion or deletion in a structure of 10449 elements (cycle of 27218 operations, first pass untimed):
  A: 135.1 ns per operation (median)
  B: 243.3 ns per operation (median)
  A needs 44.6% less time than B: B takes 1.80 times as long as A.
  With 95% confidence the difference lies between 43.8% and 45.2% less time (B takes between 1.78 and 1.83 times as long as A).
  Noise floor: 0.986%. Identical code measured against itself on this setup can look that different, so smaller differences mean nothing.
  Neighbouring measurements are nearly independent (autocorrelation -0.00), so they were resampled one by one.
  
  Verdict: RESOLVED. A is faster than B: the difference is real, as its interval excludes zero and it exceeds the noise floor.
  
  Warnings:
    - the program holds 73 MB of live data, more than the caches of many machines; for data that size, where it lies in memory can shift the result by several points in ways the interval does not cover, and differently in the next process; run the comparison in several processes with the multiproc package

build from empty to 10449 elements, per whole build (37733 operations):
  A: 5.461e+06 ns per operation (median)
  B: 1.006e+07 ns per operation (median)
  A needs 45.7% less time than B: B takes 1.84 times as long as A.
  With 95% confidence the difference lies between 45.2% and 46% less time (B takes between 1.82 and 1.85 times as long as A).
  Noise floor: 1.55%. Identical code measured against itself on this setup can look that different, so smaller differences mean nothing.
  Neighbouring measurements are nearly independent (autocorrelation -0.18), so they were resampled one by one.
  
  Verdict: RESOLVED. A is faster than B: the difference is real, as its interval excludes zero and it exceeds the noise floor.
  
  Warnings:
    - the program holds 70 MB of live data, more than the caches of many machines; for data that size, where it lies in memory can shift the result by several points in ways the interval does not cover, and differently in the next process; run the comparison in several processes with the multiproc package

== street multi n=4096 churn and build: ordered vs ordered-lpage
steady state, per insertion or deletion in a structure of 10449 elements (cycle of 27218 operations, first pass untimed):
  A: 137.6 ns per operation (median)
  B: 137.8 ns per operation (median)
  A needs 0.834% less time than B: B takes 1.01 times as long as A.
  With 95% confidence the difference lies between 0.0744% more time and 1.52% less time (B takes between 0.999 and 1.02 times as long as A).
  Noise floor: 0.197%. Identical code measured against itself on this setup can look that different, so smaller differences mean nothing.
  Neighbouring measurements are nearly independent (autocorrelation +0.19), so they were resampled one by one.
  
  Verdict: NOT RESOLVED. This run did not establish which candidate is faster. That is not the same as "equally fast": the warnings below say what is missing.
  
  Warnings:
    - the interval [-0.07%, 1.52%] includes zero, so a difference in either direction is consistent with these measurements
    - the program holds 72 MB of live data, more than the caches of many machines; for data that size, where it lies in memory can shift the result by several points in ways the interval does not cover, and differently in the next process; run the comparison in several processes with the multiproc package

build from empty to 10449 elements, per whole build (37733 operations):
  A: 5.412e+06 ns per operation (median)
  B: 5.494e+06 ns per operation (median)
  A needs 0.52% less time than B: B takes 1.01 times as long as A.
  With 95% confidence the difference lies between 0.528% more time and 1.94% less time (B takes between 0.995 and 1.02 times as long as A).
  Noise floor: 1%. Identical code measured against itself on this setup can look that different, so smaller differences mean nothing.
  Neighbouring measurements are nearly independent (autocorrelation +0.09), so they were resampled one by one.
  
  Verdict: NOT RESOLVED. This run did not establish which candidate is faster. That is not the same as "equally fast": the warnings below say what is missing.
  
  Warnings:
    - the difference of 0.52% does not clear the 1.00% noise floor, which is what this setup reports between two runs of identical code
    - the interval [-0.53%, 1.94%] includes zero, so a difference in either direction is consistent with these measurements
    - the program holds 70 MB of live data, more than the caches of many machines; for data that size, where it lies in memory can shift the result by several points in ways the interval does not cover, and differently in the next process; run the comparison in several processes with the multiproc package
    - in 50% of A/A runs this setup reported a difference between identical code, well above the 10% expected; treat any confidence from it with suspicion

== street multi n=4096 churn and build: ordered vs ordered-lpage-mv
steady state, per insertion or deletion in a structure of 10449 elements (cycle of 27218 operations, first pass untimed):
  A: 136.2 ns per operation (median)
  B: 290.4 ns per operation (median)
  A needs 52.9% less time than B: B takes 2.12 times as long as A.
  With 95% confidence the difference lies between 52.4% and 53.4% less time (B takes between 2.1 and 2.14 times as long as A).
  Noise floor: 0.624%. Identical code measured against itself on this setup can look that different, so smaller differences mean nothing.
  Neighbouring measurements are nearly independent (autocorrelation -0.12), so they were resampled one by one.
  
  Verdict: RESOLVED. A is faster than B: the difference is real, as its interval excludes zero and it exceeds the noise floor.
  
  Warnings:
    - the program holds 73 MB of live data, more than the caches of many machines; for data that size, where it lies in memory can shift the result by several points in ways the interval does not cover, and differently in the next process; run the comparison in several processes with the multiproc package
    - 6.1% of bootstrap replicates tied, so the measurement is coarse relative to the question; lower CollectOptions.MaxQuantizationError to lengthen the batches

build from empty to 10449 elements, per whole build (37733 operations):
  A: 5.508e+06 ns per operation (median)
  B: 1.259e+07 ns per operation (median)
  A needs 56.3% less time than B: B takes 2.29 times as long as A.
  With 95% confidence the difference lies between 56.1% and 56.7% less time (B takes between 2.28 and 2.31 times as long as A).
  Noise floor: 1.02%. Identical code measured against itself on this setup can look that different, so smaller differences mean nothing.
  Neighbouring measurements are nearly independent (autocorrelation +0.01), so they were resampled one by one.
  
  Verdict: RESOLVED. A is faster than B: the difference is real, as its interval excludes zero and it exceeds the noise floor.
  
  Warnings:
    - the program holds 70 MB of live data, more than the caches of many machines; for data that size, where it lies in memory can shift the result by several points in ways the interval does not cover, and differently in the next process; run the comparison in several processes with the multiproc package
    - in 50% of A/A runs this setup reported a difference between identical code, well above the 10% expected; treat any confidence from it with suspicion

== street multi n=4096 churn and build: ordered vs ordered-lpage-mvzc
steady state, per insertion or deletion in a structure of 10449 elements (cycle of 27218 operations, first pass untimed):
  A: 139.8 ns per operation (median)
  B: 369.2 ns per operation (median)
  A needs 62.1% less time than B: B takes 2.64 times as long as A.
  With 95% confidence the difference lies between 61.9% and 62.5% less time (B takes between 2.62 and 2.67 times as long as A).
  Noise floor: 1.85%. Identical code measured against itself on this setup can look that different, so smaller differences mean nothing.
  Neighbouring measurements are correlated (autocorrelation +0.41), so they were resampled in blocks of 3.
  
  Verdict: RESOLVED. A is faster than B: the difference is real, as its interval excludes zero and it exceeds the noise floor.
  
  Warnings:
    - the program holds 73 MB of live data, more than the caches of many machines; for data that size, where it lies in memory can shift the result by several points in ways the interval does not cover, and differently in the next process; run the comparison in several processes with the multiproc package
    - candidate A drifted during the run: its measurements were 3.39% lower in the second half than in the first, so the machine did not hold still

build from empty to 10449 elements, per whole build (37733 operations):
  A: 5.502e+06 ns per operation (median)
  B: 1.532e+07 ns per operation (median)
  A needs 63.6% less time than B: B takes 2.74 times as long as A.
  With 95% confidence the difference lies between 63.1% and 64.4% less time (B takes between 2.71 and 2.81 times as long as A).
  Noise floor: 1.02%. Identical code measured against itself on this setup can look that different, so smaller differences mean nothing.
  Neighbouring measurements are nearly independent (autocorrelation -0.10), so they were resampled one by one.
  
  Verdict: RESOLVED. A is faster than B: the difference is real, as its interval excludes zero and it exceeds the noise floor.
  
  Warnings:
    - the program holds 70 MB of live data, more than the caches of many machines; for data that size, where it lies in memory can shift the result by several points in ways the interval does not cover, and differently in the next process; run the comparison in several processes with the multiproc package

checksum 6769317805054250223
== street multi n=4096 valuesFor: ordered vs btree-sets
A: 76.41 ns per operation (median)
B: 176 ns per operation (median)
A needs 56.6% less time than B: B takes 2.30 times as long as A.
With 95% confidence the difference lies between 55.9% and 56.9% less time (B takes between 2.27 and 2.32 times as long as A).
Noise floor: 0.269%. Identical code measured against itself on this setup can look that different, so smaller differences mean nothing.
Neighbouring measurements are nearly independent (autocorrelation -0.21), so they were resampled one by one.

Verdict: RESOLVED. A is faster than B: the difference is real, as its interval excludes zero and it exceeds the noise floor.

Warnings:
  - the program holds 65 MB of live data, more than the caches of many machines; for data that size, where it lies in memory can shift the result by several points in ways the interval does not cover, and differently in the next process; run the comparison in several processes with the multiproc package

== street multi n=4096 valuesFor: ordered vs ordered-lpage
A: 75.41 ns per operation (median)
B: 76.04 ns per operation (median)
A needs 0.695% less time than B: B takes 1.01 times as long as A.
With 95% confidence the difference lies between 0.101% and 1.35% less time (B takes between 1 and 1.01 times as long as A).
Noise floor: 0.677%. Identical code measured against itself on this setup can look that different, so smaller differences mean nothing.
Neighbouring measurements are nearly independent (autocorrelation -0.15), so they were resampled one by one.

Verdict: RESOLVED. A is faster than B: the difference is real, as its interval excludes zero and it exceeds the noise floor.

Warnings:
  - the program holds 65 MB of live data, more than the caches of many machines; for data that size, where it lies in memory can shift the result by several points in ways the interval does not cover, and differently in the next process; run the comparison in several processes with the multiproc package

== street multi n=4096 valuesFor: ordered vs ordered-lpage-mv
A: 76.86 ns per operation (median)
B: 149.5 ns per operation (median)
A needs 48.6% less time than B: B takes 1.95 times as long as A.
With 95% confidence the difference lies between 47.8% and 49.2% less time (B takes between 1.92 and 1.97 times as long as A).
Noise floor: 0.976%. Identical code measured against itself on this setup can look that different, so smaller differences mean nothing.
Neighbouring measurements are correlated (autocorrelation +0.34), so they were resampled in blocks of 3.

Verdict: RESOLVED. A is faster than B: the difference is real, as its interval excludes zero and it exceeds the noise floor.

Warnings:
  - the program holds 70 MB of live data, more than the caches of many machines; for data that size, where it lies in memory can shift the result by several points in ways the interval does not cover, and differently in the next process; run the comparison in several processes with the multiproc package

== street multi n=4096 valuesFor: ordered vs ordered-lpage-mvzc
A: 76.84 ns per operation (median)
B: 129.5 ns per operation (median)
A needs 40.4% less time than B: B takes 1.68 times as long as A.
With 95% confidence the difference lies between 40% and 41.9% less time (B takes between 1.67 and 1.72 times as long as A).
Noise floor: 1.03%. Identical code measured against itself on this setup can look that different, so smaller differences mean nothing.
Neighbouring measurements are nearly independent (autocorrelation -0.22), so they were resampled one by one.

Verdict: RESOLVED. A is faster than B: the difference is real, as its interval excludes zero and it exceeds the noise floor.

Warnings:
  - the program holds 70 MB of live data, more than the caches of many machines; for data that size, where it lies in memory can shift the result by several points in ways the interval does not cover, and differently in the next process; run the comparison in several processes with the multiproc package

== street multi n=4096 valuesBetween: ordered vs btree-sets
A: 3307 ns per operation (median)
B: 8986 ns per operation (median)
A needs 63.5% less time than B: B takes 2.74 times as long as A.
With 95% confidence the difference lies between 63.3% and 64% less time (B takes between 2.73 and 2.78 times as long as A).
Noise floor: 0.955%. Identical code measured against itself on this setup can look that different, so smaller differences mean nothing.
Neighbouring measurements are nearly independent (autocorrelation -0.08), so they were resampled one by one.

Verdict: RESOLVED. A is faster than B: the difference is real, as its interval excludes zero and it exceeds the noise floor.

Warnings:
  - the program holds 70 MB of live data, more than the caches of many machines; for data that size, where it lies in memory can shift the result by several points in ways the interval does not cover, and differently in the next process; run the comparison in several processes with the multiproc package

== street multi n=4096 valuesBetween: ordered vs ordered-lpage
A: 3309 ns per operation (median)
B: 3278 ns per operation (median)
A needs 0.625% more time than B: B takes only 0.99 times as long as A.
With 95% confidence the difference lies between 3.58% more time and 2% less time (B takes between 0.965 and 1.02 times as long as A).
Noise floor: 1.21%. Identical code measured against itself on this setup can look that different, so smaller differences mean nothing.
Neighbouring measurements are nearly independent (autocorrelation -0.13), so they were resampled one by one.

Verdict: NOT RESOLVED. This run did not establish which candidate is faster. That is not the same as "equally fast": the warnings below say what is missing.

Warnings:
  - the difference of -0.62% does not clear the 1.21% noise floor, which is what this setup reports between two runs of identical code
  - the interval [-3.58%, 2.00%] includes zero, so a difference in either direction is consistent with these measurements
  - the program holds 70 MB of live data, more than the caches of many machines; for data that size, where it lies in memory can shift the result by several points in ways the interval does not cover, and differently in the next process; run the comparison in several processes with the multiproc package

== street multi n=4096 valuesBetween: ordered vs ordered-lpage-mv
A: 3258 ns per operation (median)
B: 2511 ns per operation (median)
A needs 30.2% more time than B: B takes only 0.77 times as long as A.
With 95% confidence the difference lies between 27% and 32% more time (B takes between 0.757 and 0.79 times as long as A).
Noise floor: 0.633%. Identical code measured against itself on this setup can look that different, so smaller differences mean nothing.
Neighbouring measurements are nearly independent (autocorrelation -0.09), so they were resampled one by one.

Verdict: RESOLVED. A is slower than B: the difference is real, as its interval excludes zero and it exceeds the noise floor.

Warnings:
  - the program holds 70 MB of live data, more than the caches of many machines; for data that size, where it lies in memory can shift the result by several points in ways the interval does not cover, and differently in the next process; run the comparison in several processes with the multiproc package

== street multi n=4096 valuesBetween: ordered vs ordered-lpage-mvzc
A: 3347 ns per operation (median)
B: 2095 ns per operation (median)
A needs 60.4% more time than B: B takes only 0.62 times as long as A.
With 95% confidence the difference lies between 58% and 63.9% more time (B takes between 0.61 and 0.63 times as long as A).
Noise floor: 0.237%. Identical code measured against itself on this setup can look that different, so smaller differences mean nothing.
Neighbouring measurements are nearly independent (autocorrelation -0.60), so they were resampled one by one.

Verdict: RESOLVED. A is slower than B: the difference is real, as its interval excludes zero and it exceeds the noise floor.

Warnings:
  - the program holds 70 MB of live data, more than the caches of many machines; for data that size, where it lies in memory can shift the result by several points in ways the interval does not cover, and differently in the next process; run the comparison in several processes with the multiproc package

== street multi n=4096 prefix: ordered vs btree-sets
A: 320.4 ns per operation (median)
B: 921.1 ns per operation (median)
A needs 65.3% less time than B: B takes 2.88 times as long as A.
With 95% confidence the difference lies between 64.5% and 65.7% less time (B takes between 2.81 and 2.92 times as long as A).
Noise floor: 0.728%. Identical code measured against itself on this setup can look that different, so smaller differences mean nothing.
Neighbouring measurements are nearly independent (autocorrelation +0.14), so they were resampled one by one.

Verdict: RESOLVED. A is faster than B: the difference is real, as its interval excludes zero and it exceeds the noise floor.

Warnings:
  - the program holds 70 MB of live data, more than the caches of many machines; for data that size, where it lies in memory can shift the result by several points in ways the interval does not cover, and differently in the next process; run the comparison in several processes with the multiproc package

== street multi n=4096 prefix: ordered vs ordered-lpage
A: 316.3 ns per operation (median)
B: 316.3 ns per operation (median)
A needs 2.52% less time than B: B takes 1.03 times as long as A.
With 95% confidence the difference lies between 3.69% more time and 3.38% less time (B takes between 0.964 and 1.04 times as long as A).
Noise floor: 0.61%. Identical code measured against itself on this setup can look that different, so smaller differences mean nothing.
Neighbouring measurements are nearly independent (autocorrelation -0.41), so they were resampled one by one.

Verdict: NOT RESOLVED. This run did not establish which candidate is faster. That is not the same as "equally fast": the warnings below say what is missing.

Warnings:
  - the interval [-3.69%, 3.38%] includes zero, so a difference in either direction is consistent with these measurements
  - the program holds 70 MB of live data, more than the caches of many machines; for data that size, where it lies in memory can shift the result by several points in ways the interval does not cover, and differently in the next process; run the comparison in several processes with the multiproc package

== street multi n=4096 prefix: ordered vs ordered-lpage-mv
A: 318.1 ns per operation (median)
B: 343.6 ns per operation (median)
A needs 7.98% less time than B: B takes 1.09 times as long as A.
With 95% confidence the difference lies between 3.39% and 9.19% less time (B takes between 1.04 and 1.10 times as long as A).
Noise floor: 0.675%. Identical code measured against itself on this setup can look that different, so smaller differences mean nothing.
Neighbouring measurements are nearly independent (autocorrelation -0.06), so they were resampled one by one.

Verdict: RESOLVED. A is faster than B: the difference is real, as its interval excludes zero and it exceeds the noise floor.

Warnings:
  - the program holds 70 MB of live data, more than the caches of many machines; for data that size, where it lies in memory can shift the result by several points in ways the interval does not cover, and differently in the next process; run the comparison in several processes with the multiproc package

== street multi n=4096 prefix: ordered vs ordered-lpage-mvzc
A: 317.1 ns per operation (median)
B: 291.1 ns per operation (median)
A needs 8.96% more time than B: B takes only 0.92 times as long as A.
With 95% confidence the difference lies between 5.46% and 11.9% more time (B takes between 0.893 and 0.95 times as long as A).
Noise floor: 0.573%. Identical code measured against itself on this setup can look that different, so smaller differences mean nothing.
Neighbouring measurements are nearly independent (autocorrelation -0.68), so they were resampled one by one.

Verdict: RESOLVED. A is slower than B: the difference is real, as its interval excludes zero and it exceeds the noise floor.

Warnings:
  - the program holds 70 MB of live data, more than the caches of many machines; for data that size, where it lies in memory can shift the result by several points in ways the interval does not cover, and differently in the next process; run the comparison in several processes with the multiproc package

== street multi n=4096 churn and build: ordered vs btree-sets
steady state, per insertion or deletion in a structure of 10449 elements (cycle of 27218 operations, first pass untimed):
  A: 135.6 ns per operation (median)
  B: 243.6 ns per operation (median)
  A needs 44.7% less time than B: B takes 1.81 times as long as A.
  With 95% confidence the difference lies between 43.8% and 45.4% less time (B takes between 1.78 and 1.83 times as long as A).
  Noise floor: 0.664%. Identical code measured against itself on this setup can look that different, so smaller differences mean nothing.
  Neighbouring measurements are nearly independent (autocorrelation +0.13), so they were resampled one by one.
  
  Verdict: RESOLVED. A is faster than B: the difference is real, as its interval excludes zero and it exceeds the noise floor.
  
  Warnings:
    - the program holds 73 MB of live data, more than the caches of many machines; for data that size, where it lies in memory can shift the result by several points in ways the interval does not cover, and differently in the next process; run the comparison in several processes with the multiproc package

build from empty to 10449 elements, per whole build (37733 operations):
  A: 5.446e+06 ns per operation (median)
  B: 1.018e+07 ns per operation (median)
  A needs 46.4% less time than B: B takes 1.87 times as long as A.
  With 95% confidence the difference lies between 46.2% and 47% less time (B takes between 1.86 and 1.89 times as long as A).
  Noise floor: 0.406%. Identical code measured against itself on this setup can look that different, so smaller differences mean nothing.
  Neighbouring measurements are nearly independent (autocorrelation +0.20), so they were resampled one by one.
  
  Verdict: RESOLVED. A is faster than B: the difference is real, as its interval excludes zero and it exceeds the noise floor.
  
  Warnings:
    - the program holds 70 MB of live data, more than the caches of many machines; for data that size, where it lies in memory can shift the result by several points in ways the interval does not cover, and differently in the next process; run the comparison in several processes with the multiproc package

== street multi n=4096 churn and build: ordered vs ordered-lpage
steady state, per insertion or deletion in a structure of 10449 elements (cycle of 27218 operations, first pass untimed):
  A: 136 ns per operation (median)
  B: 136.1 ns per operation (median)
  A needs 0.213% less time than B: B takes 1.00 times as long as A.
  With 95% confidence the difference lies between 0.301% more time and 0.675% less time (B takes between 0.997 and 1.01 times as long as A).
  Noise floor: 0.429%. Identical code measured against itself on this setup can look that different, so smaller differences mean nothing.
  Neighbouring measurements are nearly independent (autocorrelation +0.01), so they were resampled one by one.
  
  Verdict: NOT RESOLVED. This run did not establish which candidate is faster. That is not the same as "equally fast": the warnings below say what is missing.
  
  Warnings:
    - the difference of 0.21% does not clear the 0.43% noise floor, which is what this setup reports between two runs of identical code
    - the interval [-0.30%, 0.67%] includes zero, so a difference in either direction is consistent with these measurements
    - the program holds 73 MB of live data, more than the caches of many machines; for data that size, where it lies in memory can shift the result by several points in ways the interval does not cover, and differently in the next process; run the comparison in several processes with the multiproc package

build from empty to 10449 elements, per whole build (37733 operations):
  A: 5.471e+06 ns per operation (median)
  B: 5.505e+06 ns per operation (median)
  A needs 0.665% less time than B: B takes 1.01 times as long as A.
  With 95% confidence the difference lies between 1.48% more time and 2.05% less time (B takes between 0.985 and 1.02 times as long as A).
  Noise floor: 1.42%. Identical code measured against itself on this setup can look that different, so smaller differences mean nothing.
  Neighbouring measurements are nearly independent (autocorrelation +0.00), so they were resampled one by one.
  
  Verdict: NOT RESOLVED. This run did not establish which candidate is faster. That is not the same as "equally fast": the warnings below say what is missing.
  
  Warnings:
    - the difference of 0.66% does not clear the 1.42% noise floor, which is what this setup reports between two runs of identical code
    - the interval [-1.48%, 2.05%] includes zero, so a difference in either direction is consistent with these measurements
    - the program holds 70 MB of live data, more than the caches of many machines; for data that size, where it lies in memory can shift the result by several points in ways the interval does not cover, and differently in the next process; run the comparison in several processes with the multiproc package

== street multi n=4096 churn and build: ordered vs ordered-lpage-mv
steady state, per insertion or deletion in a structure of 10449 elements (cycle of 27218 operations, first pass untimed):
  A: 138 ns per operation (median)
  B: 292 ns per operation (median)
  A needs 52.8% less time than B: B takes 2.12 times as long as A.
  With 95% confidence the difference lies between 52.4% and 53.6% less time (B takes between 2.1 and 2.15 times as long as A).
  Noise floor: 0.723%. Identical code measured against itself on this setup can look that different, so smaller differences mean nothing.
  Neighbouring measurements are nearly independent (autocorrelation -0.40), so they were resampled one by one.
  
  Verdict: RESOLVED. A is faster than B: the difference is real, as its interval excludes zero and it exceeds the noise floor.
  
  Warnings:
    - the program holds 72 MB of live data, more than the caches of many machines; for data that size, where it lies in memory can shift the result by several points in ways the interval does not cover, and differently in the next process; run the comparison in several processes with the multiproc package

build from empty to 10449 elements, per whole build (37733 operations):
  A: 5.512e+06 ns per operation (median)
  B: 1.28e+07 ns per operation (median)
  A needs 57.1% less time than B: B takes 2.33 times as long as A.
  With 95% confidence the difference lies between 56.5% and 57.2% less time (B takes between 2.3 and 2.34 times as long as A).
  Noise floor: 0.423%. Identical code measured against itself on this setup can look that different, so smaller differences mean nothing.
  Neighbouring measurements are nearly independent (autocorrelation +0.11), so they were resampled one by one.
  
  Verdict: RESOLVED. A is faster than B: the difference is real, as its interval excludes zero and it exceeds the noise floor.
  
  Warnings:
    - the program holds 70 MB of live data, more than the caches of many machines; for data that size, where it lies in memory can shift the result by several points in ways the interval does not cover, and differently in the next process; run the comparison in several processes with the multiproc package

== street multi n=4096 churn and build: ordered vs ordered-lpage-mvzc
steady state, per insertion or deletion in a structure of 10449 elements (cycle of 27218 operations, first pass untimed):
  A: 137 ns per operation (median)
  B: 368.6 ns per operation (median)
  A needs 62.6% less time than B: B takes 2.67 times as long as A.
  With 95% confidence the difference lies between 62.1% and 63% less time (B takes between 2.64 and 2.70 times as long as A).
  Noise floor: 1.33%. Identical code measured against itself on this setup can look that different, so smaller differences mean nothing.
  Neighbouring measurements are correlated (autocorrelation +0.37), so they were resampled in blocks of 3.
  
  Verdict: RESOLVED. A is faster than B: the difference is real, as its interval excludes zero and it exceeds the noise floor.
  
  Warnings:
    - the program holds 73 MB of live data, more than the caches of many machines; for data that size, where it lies in memory can shift the result by several points in ways the interval does not cover, and differently in the next process; run the comparison in several processes with the multiproc package

build from empty to 10449 elements, per whole build (37733 operations):
  A: 5.516e+06 ns per operation (median)
  B: 1.557e+07 ns per operation (median)
  A needs 64.3% less time than B: B takes 2.80 times as long as A.
  With 95% confidence the difference lies between 63.6% and 65.2% less time (B takes between 2.75 and 2.88 times as long as A).
  Noise floor: 2.25%. Identical code measured against itself on this setup can look that different, so smaller differences mean nothing.
  Neighbouring measurements are nearly independent (autocorrelation -0.09), so they were resampled one by one.
  
  Verdict: RESOLVED. A is faster than B: the difference is real, as its interval excludes zero and it exceeds the noise floor.
  
  Warnings:
    - the program holds 70 MB of live data, more than the caches of many machines; for data that size, where it lies in memory can shift the result by several points in ways the interval does not cover, and differently in the next process; run the comparison in several processes with the multiproc package

checksum 11773991913438876401
== street multi n=4096 valuesFor: ordered vs btree-sets
A: 75.64 ns per operation (median)
B: 178.7 ns per operation (median)
A needs 57.5% less time than B: B takes 2.35 times as long as A.
With 95% confidence the difference lies between 57.1% and 57.9% less time (B takes between 2.33 and 2.37 times as long as A).
Noise floor: 0.543%. Identical code measured against itself on this setup can look that different, so smaller differences mean nothing.
Neighbouring measurements are nearly independent (autocorrelation -0.37), so they were resampled one by one.

Verdict: RESOLVED. A is faster than B: the difference is real, as its interval excludes zero and it exceeds the noise floor.

Warnings:
  - the program holds 64 MB of live data, more than the caches of many machines; for data that size, where it lies in memory can shift the result by several points in ways the interval does not cover, and differently in the next process; run the comparison in several processes with the multiproc package

== street multi n=4096 valuesFor: ordered vs ordered-lpage
A: 74.94 ns per operation (median)
B: 75.54 ns per operation (median)
A needs 0.673% less time than B: B takes 1.01 times as long as A.
With 95% confidence the difference lies between 0.687% more time and 1.49% less time (B takes between 0.993 and 1.02 times as long as A).
Noise floor: 1.14%. Identical code measured against itself on this setup can look that different, so smaller differences mean nothing.
Neighbouring measurements are nearly independent (autocorrelation +0.13), so they were resampled one by one.

Verdict: NOT RESOLVED. This run did not establish which candidate is faster. That is not the same as "equally fast": the warnings below say what is missing.

Warnings:
  - the difference of 0.67% does not clear the 1.14% noise floor, which is what this setup reports between two runs of identical code
  - the interval [-0.69%, 1.49%] includes zero, so a difference in either direction is consistent with these measurements
  - the program holds 64 MB of live data, more than the caches of many machines; for data that size, where it lies in memory can shift the result by several points in ways the interval does not cover, and differently in the next process; run the comparison in several processes with the multiproc package
  - in 100% of A/A runs this setup reported a difference between identical code, well above the 10% expected; treat any confidence from it with suspicion

== street multi n=4096 valuesFor: ordered vs ordered-lpage-mv
A: 76.55 ns per operation (median)
B: 150.4 ns per operation (median)
A needs 49.3% less time than B: B takes 1.97 times as long as A.
With 95% confidence the difference lies between 48.7% and 49.8% less time (B takes between 1.95 and 1.99 times as long as A).
Noise floor: 0.845%. Identical code measured against itself on this setup can look that different, so smaller differences mean nothing.
Neighbouring measurements are nearly independent (autocorrelation -0.42), so they were resampled one by one.

Verdict: RESOLVED. A is faster than B: the difference is real, as its interval excludes zero and it exceeds the noise floor.

Warnings:
  - the program holds 70 MB of live data, more than the caches of many machines; for data that size, where it lies in memory can shift the result by several points in ways the interval does not cover, and differently in the next process; run the comparison in several processes with the multiproc package

== street multi n=4096 valuesFor: ordered vs ordered-lpage-mvzc
A: 75.88 ns per operation (median)
B: 130.4 ns per operation (median)
A needs 41.6% less time than B: B takes 1.71 times as long as A.
With 95% confidence the difference lies between 40.5% and 42.4% less time (B takes between 1.68 and 1.74 times as long as A).
Noise floor: 0.797%. Identical code measured against itself on this setup can look that different, so smaller differences mean nothing.
Neighbouring measurements are nearly independent (autocorrelation -0.30), so they were resampled one by one.

Verdict: RESOLVED. A is faster than B: the difference is real, as its interval excludes zero and it exceeds the noise floor.

Warnings:
  - the program holds 70 MB of live data, more than the caches of many machines; for data that size, where it lies in memory can shift the result by several points in ways the interval does not cover, and differently in the next process; run the comparison in several processes with the multiproc package

== street multi n=4096 valuesBetween: ordered vs btree-sets
A: 3382 ns per operation (median)
B: 9253 ns per operation (median)
A needs 62.7% less time than B: B takes 2.68 times as long as A.
With 95% confidence the difference lies between 62.3% and 63.4% less time (B takes between 2.65 and 2.73 times as long as A).
Noise floor: 1.94%. Identical code measured against itself on this setup can look that different, so smaller differences mean nothing.
Neighbouring measurements are nearly independent (autocorrelation -0.03), so they were resampled one by one.

Verdict: RESOLVED. A is faster than B: the difference is real, as its interval excludes zero and it exceeds the noise floor.

Warnings:
  - the program holds 70 MB of live data, more than the caches of many machines; for data that size, where it lies in memory can shift the result by several points in ways the interval does not cover, and differently in the next process; run the comparison in several processes with the multiproc package
  - candidate A drifted during the run: its measurements were 5.15% lower in the second half than in the first, so the machine did not hold still
  - candidate B drifted during the run: its measurements were 6.32% lower in the second half than in the first, so the machine did not hold still

== street multi n=4096 valuesBetween: ordered vs ordered-lpage
A: 3301 ns per operation (median)
B: 3298 ns per operation (median)
A needs 0.119% less time than B: B takes 1.00 times as long as A.
With 95% confidence the difference lies between 3.35% more time and 2.61% less time (B takes between 0.968 and 1.03 times as long as A).
Noise floor: 2.9%. Identical code measured against itself on this setup can look that different, so smaller differences mean nothing.
Neighbouring measurements are nearly independent (autocorrelation -0.49), so they were resampled one by one.

Verdict: NOT RESOLVED. This run did not establish which candidate is faster. That is not the same as "equally fast": the warnings below say what is missing.

Warnings:
  - the difference of 0.12% does not clear the 2.90% noise floor, which is what this setup reports between two runs of identical code
  - the interval [-3.35%, 2.61%] includes zero, so a difference in either direction is consistent with these measurements
  - the program holds 70 MB of live data, more than the caches of many machines; for data that size, where it lies in memory can shift the result by several points in ways the interval does not cover, and differently in the next process; run the comparison in several processes with the multiproc package

== street multi n=4096 valuesBetween: ordered vs ordered-lpage-mv
A: 3279 ns per operation (median)
B: 2527 ns per operation (median)
A needs 30.2% more time than B: B takes only 0.77 times as long as A.
With 95% confidence the difference lies between 27.4% and 32.1% more time (B takes between 0.757 and 0.78 times as long as A).
Noise floor: 0.894%. Identical code measured against itself on this setup can look that different, so smaller differences mean nothing.
Neighbouring measurements are nearly independent (autocorrelation -0.16), so they were resampled one by one.

Verdict: RESOLVED. A is slower than B: the difference is real, as its interval excludes zero and it exceeds the noise floor.

Warnings:
  - the program holds 70 MB of live data, more than the caches of many machines; for data that size, where it lies in memory can shift the result by several points in ways the interval does not cover, and differently in the next process; run the comparison in several processes with the multiproc package

== street multi n=4096 valuesBetween: ordered vs ordered-lpage-mvzc
A: 3278 ns per operation (median)
B: 2010 ns per operation (median)
A needs 63.5% more time than B: B takes only 0.61 times as long as A.
With 95% confidence the difference lies between 57.9% and 66.6% more time (B takes between 0.6 and 0.63 times as long as A).
Noise floor: 1.51%. Identical code measured against itself on this setup can look that different, so smaller differences mean nothing.
Neighbouring measurements are nearly independent (autocorrelation -0.65), so they were resampled one by one.

Verdict: RESOLVED. A is slower than B: the difference is real, as its interval excludes zero and it exceeds the noise floor.

Warnings:
  - the program holds 71 MB of live data, more than the caches of many machines; for data that size, where it lies in memory can shift the result by several points in ways the interval does not cover, and differently in the next process; run the comparison in several processes with the multiproc package

== street multi n=4096 prefix: ordered vs btree-sets
A: 319.1 ns per operation (median)
B: 930 ns per operation (median)
A needs 65.3% less time than B: B takes 2.89 times as long as A.
With 95% confidence the difference lies between 65% and 66.2% less time (B takes between 2.86 and 2.96 times as long as A).
Noise floor: 0.958%. Identical code measured against itself on this setup can look that different, so smaller differences mean nothing.
Neighbouring measurements are nearly independent (autocorrelation +0.09), so they were resampled one by one.

Verdict: RESOLVED. A is faster than B: the difference is real, as its interval excludes zero and it exceeds the noise floor.

Warnings:
  - the program holds 71 MB of live data, more than the caches of many machines; for data that size, where it lies in memory can shift the result by several points in ways the interval does not cover, and differently in the next process; run the comparison in several processes with the multiproc package

== street multi n=4096 prefix: ordered vs ordered-lpage
A: 317.6 ns per operation (median)
B: 317 ns per operation (median)
A needs 2.62% less time than B: B takes 1.03 times as long as A.
With 95% confidence the difference lies between 3.08% more time and 3.99% less time (B takes between 0.97 and 1.04 times as long as A).
Noise floor: 0.352%. Identical code measured against itself on this setup can look that different, so smaller differences mean nothing.
Neighbouring measurements are nearly independent (autocorrelation -0.57), so they were resampled one by one.

Verdict: NOT RESOLVED. This run did not establish which candidate is faster. That is not the same as "equally fast": the warnings below say what is missing.

Warnings:
  - the interval [-3.08%, 3.99%] includes zero, so a difference in either direction is consistent with these measurements
  - the program holds 71 MB of live data, more than the caches of many machines; for data that size, where it lies in memory can shift the result by several points in ways the interval does not cover, and differently in the next process; run the comparison in several processes with the multiproc package

== street multi n=4096 prefix: ordered vs ordered-lpage-mv
A: 318.8 ns per operation (median)
B: 347.8 ns per operation (median)
A needs 8.82% less time than B: B takes 1.10 times as long as A.
With 95% confidence the difference lies between 6.1% and 10.6% less time (B takes between 1.06 and 1.12 times as long as A).
Noise floor: 0.745%. Identical code measured against itself on this setup can look that different, so smaller differences mean nothing.
Neighbouring measurements are nearly independent (autocorrelation -0.29), so they were resampled one by one.

Verdict: RESOLVED. A is faster than B: the difference is real, as its interval excludes zero and it exceeds the noise floor.

Warnings:
  - the program holds 70 MB of live data, more than the caches of many machines; for data that size, where it lies in memory can shift the result by several points in ways the interval does not cover, and differently in the next process; run the comparison in several processes with the multiproc package

== street multi n=4096 prefix: ordered vs ordered-lpage-mvzc
A: 317.2 ns per operation (median)
B: 293.3 ns per operation (median)
A needs 7.68% more time than B: B takes only 0.93 times as long as A.
With 95% confidence the difference lies between 5.43% and 11.8% more time (B takes between 0.894 and 0.95 times as long as A).
Noise floor: 0.879%. Identical code measured against itself on this setup can look that different, so smaller differences mean nothing.
Neighbouring measurements are nearly independent (autocorrelation -0.49), so they were resampled one by one.

Verdict: RESOLVED. A is slower than B: the difference is real, as its interval excludes zero and it exceeds the noise floor.

Warnings:
  - the program holds 70 MB of live data, more than the caches of many machines; for data that size, where it lies in memory can shift the result by several points in ways the interval does not cover, and differently in the next process; run the comparison in several processes with the multiproc package

== street multi n=4096 churn and build: ordered vs btree-sets
steady state, per insertion or deletion in a structure of 10449 elements (cycle of 27218 operations, first pass untimed):
  A: 136.1 ns per operation (median)
  B: 248.4 ns per operation (median)
  A needs 45.3% less time than B: B takes 1.83 times as long as A.
  With 95% confidence the difference lies between 44.4% and 45.7% less time (B takes between 1.8 and 1.84 times as long as A).
  Noise floor: 0.899%. Identical code measured against itself on this setup can look that different, so smaller differences mean nothing.
  Neighbouring measurements are nearly independent (autocorrelation +0.19), so they were resampled one by one.
  
  Verdict: RESOLVED. A is faster than B: the difference is real, as its interval excludes zero and it exceeds the noise floor.
  
  Warnings:
    - the program holds 73 MB of live data, more than the caches of many machines; for data that size, where it lies in memory can shift the result by several points in ways the interval does not cover, and differently in the next process; run the comparison in several processes with the multiproc package

build from empty to 10449 elements, per whole build (37733 operations):
  A: 5.522e+06 ns per operation (median)
  B: 1.011e+07 ns per operation (median)
  A needs 45.1% less time than B: B takes 1.82 times as long as A.
  With 95% confidence the difference lies between 44.8% and 46.7% less time (B takes between 1.81 and 1.88 times as long as A).
  Noise floor: 1.09%. Identical code measured against itself on this setup can look that different, so smaller differences mean nothing.
  Neighbouring measurements are nearly independent (autocorrelation +0.05), so they were resampled one by one.
  
  Verdict: RESOLVED. A is faster than B: the difference is real, as its interval excludes zero and it exceeds the noise floor.
  
  Warnings:
    - the program holds 70 MB of live data, more than the caches of many machines; for data that size, where it lies in memory can shift the result by several points in ways the interval does not cover, and differently in the next process; run the comparison in several processes with the multiproc package
    - in 50% of A/A runs this setup reported a difference between identical code, well above the 10% expected; treat any confidence from it with suspicion

== street multi n=4096 churn and build: ordered vs ordered-lpage
steady state, per insertion or deletion in a structure of 10449 elements (cycle of 27218 operations, first pass untimed):
  A: 136.9 ns per operation (median)
  B: 137.3 ns per operation (median)
  A needs 0.301% less time than B: B takes 1.00 times as long as A.
  With 95% confidence the difference lies between 0.0384% more time and 0.621% less time (B takes between 1 and 1.01 times as long as A).
  Noise floor: 0.235%. Identical code measured against itself on this setup can look that different, so smaller differences mean nothing.
  Neighbouring measurements are nearly independent (autocorrelation -0.02), so they were resampled one by one.
  
  Verdict: NOT RESOLVED. This run did not establish which candidate is faster. That is not the same as "equally fast": the warnings below say what is missing.
  
  Warnings:
    - the interval [-0.04%, 0.62%] includes zero, so a difference in either direction is consistent with these measurements
    - the program holds 73 MB of live data, more than the caches of many machines; for data that size, where it lies in memory can shift the result by several points in ways the interval does not cover, and differently in the next process; run the comparison in several processes with the multiproc package

build from empty to 10449 elements, per whole build (37733 operations):
  A: 5.481e+06 ns per operation (median)
  B: 5.488e+06 ns per operation (median)
  A needs 0.25% less time than B: B takes 1.00 times as long as A.
  With 95% confidence the difference lies between 1.54% more time and 1.25% less time (B takes between 0.985 and 1.01 times as long as A).
  Noise floor: 2.21%. Identical code measured against itself on this setup can look that different, so smaller differences mean nothing.
  Neighbouring measurements are nearly independent (autocorrelation +0.14), so they were resampled one by one.
  
  Verdict: NOT RESOLVED. This run did not establish which candidate is faster. That is not the same as "equally fast": the warnings below say what is missing.
  
  Warnings:
    - the difference of 0.25% does not clear the 2.21% noise floor, which is what this setup reports between two runs of identical code
    - the interval [-1.54%, 1.25%] includes zero, so a difference in either direction is consistent with these measurements
    - the program holds 70 MB of live data, more than the caches of many machines; for data that size, where it lies in memory can shift the result by several points in ways the interval does not cover, and differently in the next process; run the comparison in several processes with the multiproc package
    - in 50% of A/A runs this setup reported a difference between identical code, well above the 10% expected; treat any confidence from it with suspicion

== street multi n=4096 churn and build: ordered vs ordered-lpage-mv
steady state, per insertion or deletion in a structure of 10449 elements (cycle of 27218 operations, first pass untimed):
  A: 137.4 ns per operation (median)
  B: 289.8 ns per operation (median)
  A needs 52.8% less time than B: B takes 2.12 times as long as A.
  With 95% confidence the difference lies between 52.4% and 53.2% less time (B takes between 2.1 and 2.14 times as long as A).
  Noise floor: 0.889%. Identical code measured against itself on this setup can look that different, so smaller differences mean nothing.
  Neighbouring measurements are nearly independent (autocorrelation +0.03), so they were resampled one by one.
  
  Verdict: RESOLVED. A is faster than B: the difference is real, as its interval excludes zero and it exceeds the noise floor.
  
  Warnings:
    - the program holds 73 MB of live data, more than the caches of many machines; for data that size, where it lies in memory can shift the result by several points in ways the interval does not cover, and differently in the next process; run the comparison in several processes with the multiproc package

build from empty to 10449 elements, per whole build (37733 operations):
  A: 5.513e+06 ns per operation (median)
  B: 1.259e+07 ns per operation (median)
  A needs 56.2% less time than B: B takes 2.28 times as long as A.
  With 95% confidence the difference lies between 55.9% and 57% less time (B takes between 2.27 and 2.33 times as long as A).
  Noise floor: 0.523%. Identical code measured against itself on this setup can look that different, so smaller differences mean nothing.
  Neighbouring measurements are nearly independent (autocorrelation +0.01), so they were resampled one by one.
  
  Verdict: RESOLVED. A is faster than B: the difference is real, as its interval excludes zero and it exceeds the noise floor.
  
  Warnings:
    - the program holds 70 MB of live data, more than the caches of many machines; for data that size, where it lies in memory can shift the result by several points in ways the interval does not cover, and differently in the next process; run the comparison in several processes with the multiproc package

== street multi n=4096 churn and build: ordered vs ordered-lpage-mvzc
steady state, per insertion or deletion in a structure of 10449 elements (cycle of 27218 operations, first pass untimed):
  A: 140.7 ns per operation (median)
  B: 369.6 ns per operation (median)
  A needs 62.2% less time than B: B takes 2.65 times as long as A.
  With 95% confidence the difference lies between 61.4% and 62.5% less time (B takes between 2.59 and 2.67 times as long as A).
  Noise floor: 1.82%. Identical code measured against itself on this setup can look that different, so smaller differences mean nothing.
  Neighbouring measurements are correlated (autocorrelation +0.38), so they were resampled in blocks of 3.
  
  Verdict: RESOLVED. A is faster than B: the difference is real, as its interval excludes zero and it exceeds the noise floor.
  
  Warnings:
    - the program holds 73 MB of live data, more than the caches of many machines; for data that size, where it lies in memory can shift the result by several points in ways the interval does not cover, and differently in the next process; run the comparison in several processes with the multiproc package

build from empty to 10449 elements, per whole build (37733 operations):
  A: 5.479e+06 ns per operation (median)
  B: 1.521e+07 ns per operation (median)
  A needs 63.9% less time than B: B takes 2.77 times as long as A.
  With 95% confidence the difference lies between 63.4% and 64.7% less time (B takes between 2.73 and 2.83 times as long as A).
  Noise floor: 1.55%. Identical code measured against itself on this setup can look that different, so smaller differences mean nothing.
  Neighbouring measurements are nearly independent (autocorrelation +0.01), so they were resampled one by one.
  
  Verdict: RESOLVED. A is faster than B: the difference is real, as its interval excludes zero and it exceeds the noise floor.
  
  Warnings:
    - the program holds 70 MB of live data, more than the caches of many machines; for data that size, where it lies in memory can shift the result by several points in ways the interval does not cover, and differently in the next process; run the comparison in several processes with the multiproc package

checksum 10053446592745896218
== street multi n=4096 valuesFor: ordered vs btree-sets
A: 75.95 ns per operation (median)
B: 175.3 ns per operation (median)
A needs 56.7% less time than B: B takes 2.31 times as long as A.
With 95% confidence the difference lies between 56.1% and 57.2% less time (B takes between 2.28 and 2.34 times as long as A).
Noise floor: 0.248%. Identical code measured against itself on this setup can look that different, so smaller differences mean nothing.
Neighbouring measurements are nearly independent (autocorrelation -0.39), so they were resampled one by one.

Verdict: RESOLVED. A is faster than B: the difference is real, as its interval excludes zero and it exceeds the noise floor.

Warnings:
  - the program holds 47 MB of live data, more than the caches of many machines; for data that size, where it lies in memory can shift the result by several points in ways the interval does not cover, and differently in the next process; run the comparison in several processes with the multiproc package

== street multi n=4096 valuesFor: ordered vs ordered-lpage
A: 75.22 ns per operation (median)
B: 75.03 ns per operation (median)
A needs 0.18% more time than B: B takes only 1.00 times as long as A.
With 95% confidence the difference lies between 0.522% more time and 0.495% less time (B takes between 0.995 and 1.00 times as long as A).
Noise floor: 0.635%. Identical code measured against itself on this setup can look that different, so smaller differences mean nothing.
Neighbouring measurements are nearly independent (autocorrelation -0.10), so they were resampled one by one.

Verdict: NOT RESOLVED. This run did not establish which candidate is faster. That is not the same as "equally fast": the warnings below say what is missing.

Warnings:
  - the difference of -0.18% does not clear the 0.64% noise floor, which is what this setup reports between two runs of identical code
  - the interval [-0.52%, 0.50%] includes zero, so a difference in either direction is consistent with these measurements
  - the program holds 70 MB of live data, more than the caches of many machines; for data that size, where it lies in memory can shift the result by several points in ways the interval does not cover, and differently in the next process; run the comparison in several processes with the multiproc package
  - in 50% of A/A runs this setup reported a difference between identical code, well above the 10% expected; treat any confidence from it with suspicion

== street multi n=4096 valuesFor: ordered vs ordered-lpage-mv
A: 76.17 ns per operation (median)
B: 151.5 ns per operation (median)
A needs 49.5% less time than B: B takes 1.98 times as long as A.
With 95% confidence the difference lies between 49.1% and 50.1% less time (B takes between 1.97 and 2.00 times as long as A).
Noise floor: 0.95%. Identical code measured against itself on this setup can look that different, so smaller differences mean nothing.
Neighbouring measurements are nearly independent (autocorrelation -0.18), so they were resampled one by one.

Verdict: RESOLVED. A is faster than B: the difference is real, as its interval excludes zero and it exceeds the noise floor.

Warnings:
  - the program holds 70 MB of live data, more than the caches of many machines; for data that size, where it lies in memory can shift the result by several points in ways the interval does not cover, and differently in the next process; run the comparison in several processes with the multiproc package
  - 6.2% of bootstrap replicates tied, so the measurement is coarse relative to the question; lower CollectOptions.MaxQuantizationError to lengthen the batches

== street multi n=4096 valuesFor: ordered vs ordered-lpage-mvzc
A: 75.8 ns per operation (median)
B: 129.2 ns per operation (median)
A needs 41.4% less time than B: B takes 1.71 times as long as A.
With 95% confidence the difference lies between 40.5% and 41.9% less time (B takes between 1.68 and 1.72 times as long as A).
Noise floor: 0.692%. Identical code measured against itself on this setup can look that different, so smaller differences mean nothing.
Neighbouring measurements are nearly independent (autocorrelation -0.36), so they were resampled one by one.

Verdict: RESOLVED. A is faster than B: the difference is real, as its interval excludes zero and it exceeds the noise floor.

Warnings:
  - the program holds 70 MB of live data, more than the caches of many machines; for data that size, where it lies in memory can shift the result by several points in ways the interval does not cover, and differently in the next process; run the comparison in several processes with the multiproc package

== street multi n=4096 valuesBetween: ordered vs btree-sets
A: 3294 ns per operation (median)
B: 8865 ns per operation (median)
A needs 63.2% less time than B: B takes 2.72 times as long as A.
With 95% confidence the difference lies between 62.7% and 63.9% less time (B takes between 2.68 and 2.77 times as long as A).
Noise floor: 3.56%. Identical code measured against itself on this setup can look that different, so smaller differences mean nothing.
Neighbouring measurements are nearly independent (autocorrelation -0.23), so they were resampled one by one.

Verdict: RESOLVED. A is faster than B: the difference is real, as its interval excludes zero and it exceeds the noise floor.

Warnings:
  - the program holds 70 MB of live data, more than the caches of many machines; for data that size, where it lies in memory can shift the result by several points in ways the interval does not cover, and differently in the next process; run the comparison in several processes with the multiproc package

== street multi n=4096 valuesBetween: ordered vs ordered-lpage
A: 3374 ns per operation (median)
B: 3352 ns per operation (median)
A needs 0.701% more time than B: B takes only 0.99 times as long as A.
With 95% confidence the difference lies between 2.28% more time and 1.34% less time (B takes between 0.978 and 1.01 times as long as A).
Noise floor: 3.15%. Identical code measured against itself on this setup can look that different, so smaller differences mean nothing.
Neighbouring measurements are nearly independent (autocorrelation -0.25), so they were resampled one by one.

Verdict: NOT RESOLVED. This run did not establish which candidate is faster. That is not the same as "equally fast": the warnings below say what is missing.

Warnings:
  - the difference of -0.70% does not clear the 3.15% noise floor, which is what this setup reports between two runs of identical code
  - the interval [-2.28%, 1.34%] includes zero, so a difference in either direction is consistent with these measurements
  - the program holds 70 MB of live data, more than the caches of many machines; for data that size, where it lies in memory can shift the result by several points in ways the interval does not cover, and differently in the next process; run the comparison in several processes with the multiproc package

== street multi n=4096 valuesBetween: ordered vs ordered-lpage-mv
A: 3286 ns per operation (median)
B: 2591 ns per operation (median)
A needs 24.7% more time than B: B takes only 0.80 times as long as A.
With 95% confidence the difference lies between 23.1% and 29.7% more time (B takes between 0.771 and 0.81 times as long as A).
Noise floor: 0.792%. Identical code measured against itself on this setup can look that different, so smaller differences mean nothing.
Neighbouring measurements are nearly independent (autocorrelation +0.03), so they were resampled one by one.

Verdict: RESOLVED. A is slower than B: the difference is real, as its interval excludes zero and it exceeds the noise floor.

Warnings:
  - the program holds 71 MB of live data, more than the caches of many machines; for data that size, where it lies in memory can shift the result by several points in ways the interval does not cover, and differently in the next process; run the comparison in several processes with the multiproc package

== street multi n=4096 valuesBetween: ordered vs ordered-lpage-mvzc
A: 3264 ns per operation (median)
B: 2050 ns per operation (median)
A needs 58% more time than B: B takes only 0.63 times as long as A.
With 95% confidence the difference lies between 52.3% and 63.1% more time (B takes between 0.613 and 0.66 times as long as A).
Noise floor: 0.958%. Identical code measured against itself on this setup can look that different, so smaller differences mean nothing.
Neighbouring measurements are nearly independent (autocorrelation -0.61), so they were resampled one by one.

Verdict: RESOLVED. A is slower than B: the difference is real, as its interval excludes zero and it exceeds the noise floor.

Warnings:
  - the program holds 71 MB of live data, more than the caches of many machines; for data that size, where it lies in memory can shift the result by several points in ways the interval does not cover, and differently in the next process; run the comparison in several processes with the multiproc package
  - 6.2% of bootstrap replicates tied, so the measurement is coarse relative to the question; lower CollectOptions.MaxQuantizationError to lengthen the batches

== street multi n=4096 prefix: ordered vs btree-sets
A: 320.3 ns per operation (median)
B: 908.5 ns per operation (median)
A needs 65.2% less time than B: B takes 2.87 times as long as A.
With 95% confidence the difference lies between 64.5% and 65.8% less time (B takes between 2.82 and 2.93 times as long as A).
Noise floor: 0.738%. Identical code measured against itself on this setup can look that different, so smaller differences mean nothing.
Neighbouring measurements are nearly independent (autocorrelation +0.20), so they were resampled one by one.

Verdict: RESOLVED. A is faster than B: the difference is real, as its interval excludes zero and it exceeds the noise floor.

Warnings:
  - the program holds 71 MB of live data, more than the caches of many machines; for data that size, where it lies in memory can shift the result by several points in ways the interval does not cover, and differently in the next process; run the comparison in several processes with the multiproc package

== street multi n=4096 prefix: ordered vs ordered-lpage
A: 314.4 ns per operation (median)
B: 315.6 ns per operation (median)
A needs 3.07% less time than B: B takes 1.03 times as long as A.
With 95% confidence the difference lies between 3.36% more time and 3.84% less time (B takes between 0.967 and 1.04 times as long as A).
Noise floor: 0.419%. Identical code measured against itself on this setup can look that different, so smaller differences mean nothing.
Neighbouring measurements are nearly independent (autocorrelation -0.60), so they were resampled one by one.

Verdict: NOT RESOLVED. This run did not establish which candidate is faster. That is not the same as "equally fast": the warnings below say what is missing.

Warnings:
  - the interval [-3.36%, 3.84%] includes zero, so a difference in either direction is consistent with these measurements
  - the program holds 71 MB of live data, more than the caches of many machines; for data that size, where it lies in memory can shift the result by several points in ways the interval does not cover, and differently in the next process; run the comparison in several processes with the multiproc package

== street multi n=4096 prefix: ordered vs ordered-lpage-mv
A: 321.9 ns per operation (median)
B: 345.9 ns per operation (median)
A needs 7.73% less time than B: B takes 1.08 times as long as A.
With 95% confidence the difference lies between 4.25% and 9.74% less time (B takes between 1.04 and 1.11 times as long as A).
Noise floor: 0.629%. Identical code measured against itself on this setup can look that different, so smaller differences mean nothing.
Neighbouring measurements are nearly independent (autocorrelation +0.03), so they were resampled one by one.

Verdict: RESOLVED. A is faster than B: the difference is real, as its interval excludes zero and it exceeds the noise floor.

Warnings:
  - the program holds 70 MB of live data, more than the caches of many machines; for data that size, where it lies in memory can shift the result by several points in ways the interval does not cover, and differently in the next process; run the comparison in several processes with the multiproc package
  - candidate A drifted during the run: its measurements were 3.36% lower in the second half than in the first, so the machine did not hold still

== street multi n=4096 prefix: ordered vs ordered-lpage-mvzc
A: 316.6 ns per operation (median)
B: 293.2 ns per operation (median)
A needs 6.8% more time than B: B takes only 0.94 times as long as A.
With 95% confidence the difference lies between 5.48% and 12.1% more time (B takes between 0.892 and 0.95 times as long as A).
Noise floor: 1.29%. Identical code measured against itself on this setup can look that different, so smaller differences mean nothing.
Neighbouring measurements are nearly independent (autocorrelation -0.58), so they were resampled one by one.

Verdict: RESOLVED. A is slower than B: the difference is real, as its interval excludes zero and it exceeds the noise floor.

Warnings:
  - the program holds 70 MB of live data, more than the caches of many machines; for data that size, where it lies in memory can shift the result by several points in ways the interval does not cover, and differently in the next process; run the comparison in several processes with the multiproc package

== street multi n=4096 churn and build: ordered vs btree-sets
steady state, per insertion or deletion in a structure of 10449 elements (cycle of 27218 operations, first pass untimed):
  A: 142 ns per operation (median)
  B: 262.8 ns per operation (median)
  A needs 45.5% less time than B: B takes 1.83 times as long as A.
  With 95% confidence the difference lies between 43.7% and 45.9% less time (B takes between 1.78 and 1.85 times as long as A).
  Noise floor: 0.429%. Identical code measured against itself on this setup can look that different, so smaller differences mean nothing.
  Neighbouring measurements are nearly independent (autocorrelation +0.17), so they were resampled one by one.
  
  Verdict: RESOLVED. A is faster than B: the difference is real, as its interval excludes zero and it exceeds the noise floor.
  
  Warnings:
    - the program holds 73 MB of live data, more than the caches of many machines; for data that size, where it lies in memory can shift the result by several points in ways the interval does not cover, and differently in the next process; run the comparison in several processes with the multiproc package
    - candidate A drifted during the run: its measurements were 7.02% lower in the second half than in the first, so the machine did not hold still
    - candidate B drifted during the run: its measurements were 4.78% lower in the second half than in the first, so the machine did not hold still

build from empty to 10449 elements, per whole build (37733 operations):
  A: 5.515e+06 ns per operation (median)
  B: 1.013e+07 ns per operation (median)
  A needs 45.8% less time than B: B takes 1.85 times as long as A.
  With 95% confidence the difference lies between 45% and 46.6% less time (B takes between 1.82 and 1.87 times as long as A).
  Noise floor: 0.767%. Identical code measured against itself on this setup can look that different, so smaller differences mean nothing.
  Neighbouring measurements are nearly independent (autocorrelation +0.11), so they were resampled one by one.
  
  Verdict: RESOLVED. A is faster than B: the difference is real, as its interval excludes zero and it exceeds the noise floor.
  
  Warnings:
    - the program holds 70 MB of live data, more than the caches of many machines; for data that size, where it lies in memory can shift the result by several points in ways the interval does not cover, and differently in the next process; run the comparison in several processes with the multiproc package

== street multi n=4096 churn and build: ordered vs ordered-lpage
steady state, per insertion or deletion in a structure of 10449 elements (cycle of 27218 operations, first pass untimed):
  A: 135.3 ns per operation (median)
  B: 135.9 ns per operation (median)
  A needs 0.243% less time than B: B takes 1.00 times as long as A.
  With 95% confidence the difference lies between 0.499% more time and 0.641% less time (B takes between 0.995 and 1.01 times as long as A).
  Noise floor: 0.375%. Identical code measured against itself on this setup can look that different, so smaller differences mean nothing.
  Neighbouring measurements are nearly independent (autocorrelation -0.08), so they were resampled one by one.
  
  Verdict: NOT RESOLVED. This run did not establish which candidate is faster. That is not the same as "equally fast": the warnings below say what is missing.
  
  Warnings:
    - the difference of 0.24% does not clear the 0.37% noise floor, which is what this setup reports between two runs of identical code
    - the interval [-0.50%, 0.64%] includes zero, so a difference in either direction is consistent with these measurements
    - the program holds 72 MB of live data, more than the caches of many machines; for data that size, where it lies in memory can shift the result by several points in ways the interval does not cover, and differently in the next process; run the comparison in several processes with the multiproc package

build from empty to 10449 elements, per whole build (37733 operations):
  A: 5.456e+06 ns per operation (median)
  B: 5.542e+06 ns per operation (median)
  A needs 1.82% less time than B: B takes 1.02 times as long as A.
  With 95% confidence the difference lies between 0.159% and 2.4% less time (B takes between 1 and 1.02 times as long as A).
  Noise floor: 0.492%. Identical code measured against itself on this setup can look that different, so smaller differences mean nothing.
  Neighbouring measurements are nearly independent (autocorrelation -0.04), so they were resampled one by one.
  
  Verdict: RESOLVED. A is faster than B: the difference is real, as its interval excludes zero and it exceeds the noise floor.
  
  Warnings:
    - the program holds 70 MB of live data, more than the caches of many machines; for data that size, where it lies in memory can shift the result by several points in ways the interval does not cover, and differently in the next process; run the comparison in several processes with the multiproc package

== street multi n=4096 churn and build: ordered vs ordered-lpage-mv
steady state, per insertion or deletion in a structure of 10449 elements (cycle of 27218 operations, first pass untimed):
  A: 138.4 ns per operation (median)
  B: 291.6 ns per operation (median)
  A needs 52.7% less time than B: B takes 2.11 times as long as A.
  With 95% confidence the difference lies between 52.3% and 53% less time (B takes between 2.1 and 2.13 times as long as A).
  Noise floor: 0.975%. Identical code measured against itself on this setup can look that different, so smaller differences mean nothing.
  Neighbouring measurements are nearly independent (autocorrelation -0.19), so they were resampled one by one.
  
  Verdict: RESOLVED. A is faster than B: the difference is real, as its interval excludes zero and it exceeds the noise floor.
  
  Warnings:
    - the program holds 72 MB of live data, more than the caches of many machines; for data that size, where it lies in memory can shift the result by several points in ways the interval does not cover, and differently in the next process; run the comparison in several processes with the multiproc package

build from empty to 10449 elements, per whole build (37733 operations):
  A: 5.506e+06 ns per operation (median)
  B: 1.268e+07 ns per operation (median)
  A needs 56.6% less time than B: B takes 2.31 times as long as A.
  With 95% confidence the difference lies between 56.1% and 56.9% less time (B takes between 2.28 and 2.32 times as long as A).
  Noise floor: 1.11%. Identical code measured against itself on this setup can look that different, so smaller differences mean nothing.
  Neighbouring measurements are nearly independent (autocorrelation +0.05), so they were resampled one by one.
  
  Verdict: RESOLVED. A is faster than B: the difference is real, as its interval excludes zero and it exceeds the noise floor.
  
  Warnings:
    - the program holds 70 MB of live data, more than the caches of many machines; for data that size, where it lies in memory can shift the result by several points in ways the interval does not cover, and differently in the next process; run the comparison in several processes with the multiproc package
    - in 50% of A/A runs this setup reported a difference between identical code, well above the 10% expected; treat any confidence from it with suspicion

== street multi n=4096 churn and build: ordered vs ordered-lpage-mvzc
steady state, per insertion or deletion in a structure of 10449 elements (cycle of 27218 operations, first pass untimed):
  A: 143.2 ns per operation (median)
  B: 372.1 ns per operation (median)
  A needs 61.2% less time than B: B takes 2.58 times as long as A.
  With 95% confidence the difference lies between 60.5% and 61.9% less time (B takes between 2.53 and 2.62 times as long as A).
  Noise floor: 0.816%. Identical code measured against itself on this setup can look that different, so smaller differences mean nothing.
  Neighbouring measurements are correlated (autocorrelation +0.33), so they were resampled in blocks of 3.
  
  Verdict: RESOLVED. A is faster than B: the difference is real, as its interval excludes zero and it exceeds the noise floor.
  
  Warnings:
    - the program holds 74 MB of live data, more than the caches of many machines; for data that size, where it lies in memory can shift the result by several points in ways the interval does not cover, and differently in the next process; run the comparison in several processes with the multiproc package
    - candidate A drifted during the run: its measurements were 3.51% lower in the second half than in the first, so the machine did not hold still
    - the ratio B/A was 3.47% higher in the second half of the run than in the first, so the candidates had not reached a steady state and the difference depends on how long the run was; a common cause is a head start for whichever candidate ran alone last before the comparison or had its data built last, which a longer CollectOptions.WarmupDuration removes

build from empty to 10449 elements, per whole build (37733 operations):
  A: 5.637e+06 ns per operation (median)
  B: 1.547e+07 ns per operation (median)
  A needs 63.4% less time than B: B takes 2.73 times as long as A.
  With 95% confidence the difference lies between 62.6% and 64.2% less time (B takes between 2.67 and 2.80 times as long as A).
  Noise floor: 2.25%. Identical code measured against itself on this setup can look that different, so smaller differences mean nothing.
  Neighbouring measurements are nearly independent (autocorrelation -0.28), so they were resampled one by one.
  
  Verdict: RESOLVED. A is faster than B: the difference is real, as its interval excludes zero and it exceeds the noise floor.
  
  Warnings:
    - the program holds 70 MB of live data, more than the caches of many machines; for data that size, where it lies in memory can shift the result by several points in ways the interval does not cover, and differently in the next process; run the comparison in several processes with the multiproc package

checksum 17713599711141750511
== street multi n=4096 valuesFor: ordered vs btree-sets
A: 75.82 ns per operation (median)
B: 179.7 ns per operation (median)
A needs 57.7% less time than B: B takes 2.37 times as long as A.
With 95% confidence the difference lies between 57.3% and 58.2% less time (B takes between 2.34 and 2.39 times as long as A).
Noise floor: 1.11%. Identical code measured against itself on this setup can look that different, so smaller differences mean nothing.
Neighbouring measurements are nearly independent (autocorrelation -0.07), so they were resampled one by one.

Verdict: RESOLVED. A is faster than B: the difference is real, as its interval excludes zero and it exceeds the noise floor.

Warnings:
  - the program holds 72 MB of live data, more than the caches of many machines; for data that size, where it lies in memory can shift the result by several points in ways the interval does not cover, and differently in the next process; run the comparison in several processes with the multiproc package
  - in 50% of A/A runs this setup reported a difference between identical code, well above the 10% expected; treat any confidence from it with suspicion

== street multi n=4096 valuesFor: ordered vs ordered-lpage
A: 75.15 ns per operation (median)
B: 75.54 ns per operation (median)
A needs 0.445% less time than B: B takes 1.00 times as long as A.
With 95% confidence the difference lies between 0.196% more time and 1.63% less time (B takes between 0.998 and 1.02 times as long as A).
Noise floor: 0.842%. Identical code measured against itself on this setup can look that different, so smaller differences mean nothing.
Neighbouring measurements are nearly independent (autocorrelation +0.03), so they were resampled one by one.

Verdict: NOT RESOLVED. This run did not establish which candidate is faster. That is not the same as "equally fast": the warnings below say what is missing.

Warnings:
  - the difference of 0.44% does not clear the 0.84% noise floor, which is what this setup reports between two runs of identical code
  - the interval [-0.20%, 1.63%] includes zero, so a difference in either direction is consistent with these measurements
  - the program holds 72 MB of live data, more than the caches of many machines; for data that size, where it lies in memory can shift the result by several points in ways the interval does not cover, and differently in the next process; run the comparison in several processes with the multiproc package

== street multi n=4096 valuesFor: ordered vs ordered-lpage-mv
A: 76.2 ns per operation (median)
B: 149.5 ns per operation (median)
A needs 49.1% less time than B: B takes 1.96 times as long as A.
With 95% confidence the difference lies between 48.4% and 50% less time (B takes between 1.94 and 2.00 times as long as A).
Noise floor: 0.66%. Identical code measured against itself on this setup can look that different, so smaller differences mean nothing.
Neighbouring measurements are nearly independent (autocorrelation -0.07), so they were resampled one by one.

Verdict: RESOLVED. A is faster than B: the difference is real, as its interval excludes zero and it exceeds the noise floor.

Warnings:
  - the program holds 70 MB of live data, more than the caches of many machines; for data that size, where it lies in memory can shift the result by several points in ways the interval does not cover, and differently in the next process; run the comparison in several processes with the multiproc package
  - in 50% of A/A runs this setup reported a difference between identical code, well above the 10% expected; treat any confidence from it with suspicion

== street multi n=4096 valuesFor: ordered vs ordered-lpage-mvzc
A: 75.97 ns per operation (median)
B: 129.8 ns per operation (median)
A needs 41.7% less time than B: B takes 1.72 times as long as A.
With 95% confidence the difference lies between 41% and 42.4% less time (B takes between 1.7 and 1.74 times as long as A).
Noise floor: 0.542%. Identical code measured against itself on this setup can look that different, so smaller differences mean nothing.
Neighbouring measurements are nearly independent (autocorrelation -0.40), so they were resampled one by one.

Verdict: RESOLVED. A is faster than B: the difference is real, as its interval excludes zero and it exceeds the noise floor.

Warnings:
  - the program holds 70 MB of live data, more than the caches of many machines; for data that size, where it lies in memory can shift the result by several points in ways the interval does not cover, and differently in the next process; run the comparison in several processes with the multiproc package

== street multi n=4096 valuesBetween: ordered vs btree-sets
A: 3288 ns per operation (median)
B: 9045 ns per operation (median)
A needs 63.7% less time than B: B takes 2.76 times as long as A.
With 95% confidence the difference lies between 63.2% and 64.3% less time (B takes between 2.72 and 2.80 times as long as A).
Noise floor: 1.3%. Identical code measured against itself on this setup can look that different, so smaller differences mean nothing.
Neighbouring measurements are nearly independent (autocorrelation -0.06), so they were resampled one by one.

Verdict: RESOLVED. A is faster than B: the difference is real, as its interval excludes zero and it exceeds the noise floor.

Warnings:
  - the program holds 70 MB of live data, more than the caches of many machines; for data that size, where it lies in memory can shift the result by several points in ways the interval does not cover, and differently in the next process; run the comparison in several processes with the multiproc package

== street multi n=4096 valuesBetween: ordered vs ordered-lpage
A: 3307 ns per operation (median)
B: 3314 ns per operation (median)
A needs 0.164% more time than B: B takes only 1.00 times as long as A.
With 95% confidence the difference lies between 3.42% more time and 2.85% less time (B takes between 0.967 and 1.03 times as long as A).
Noise floor: 2.8%. Identical code measured against itself on this setup can look that different, so smaller differences mean nothing.
Neighbouring measurements are nearly independent (autocorrelation -0.32), so they were resampled one by one.

Verdict: NOT RESOLVED. This run did not establish which candidate is faster. That is not the same as "equally fast": the warnings below say what is missing.

Warnings:
  - the difference of -0.16% does not clear the 2.80% noise floor, which is what this setup reports between two runs of identical code
  - the interval [-3.42%, 2.85%] includes zero, so a difference in either direction is consistent with these measurements
  - the program holds 70 MB of live data, more than the caches of many machines; for data that size, where it lies in memory can shift the result by several points in ways the interval does not cover, and differently in the next process; run the comparison in several processes with the multiproc package

== street multi n=4096 valuesBetween: ordered vs ordered-lpage-mv
A: 3266 ns per operation (median)
B: 2514 ns per operation (median)
A needs 30.9% more time than B: B takes only 0.76 times as long as A.
With 95% confidence the difference lies between 27.1% and 33.3% more time (B takes between 0.75 and 0.79 times as long as A).
Noise floor: 1.49%. Identical code measured against itself on this setup can look that different, so smaller differences mean nothing.
Neighbouring measurements are nearly independent (autocorrelation -0.15), so they were resampled one by one.

Verdict: RESOLVED. A is slower than B: the difference is real, as its interval excludes zero and it exceeds the noise floor.

Warnings:
  - the program holds 70 MB of live data, more than the caches of many machines; for data that size, where it lies in memory can shift the result by several points in ways the interval does not cover, and differently in the next process; run the comparison in several processes with the multiproc package

== street multi n=4096 valuesBetween: ordered vs ordered-lpage-mvzc
A: 3256 ns per operation (median)
B: 2028 ns per operation (median)
A needs 60.3% more time than B: B takes only 0.62 times as long as A.
With 95% confidence the difference lies between 57.6% and 64.4% more time (B takes between 0.608 and 0.63 times as long as A).
Noise floor: 1.13%. Identical code measured against itself on this setup can look that different, so smaller differences mean nothing.
Neighbouring measurements are nearly independent (autocorrelation -0.54), so they were resampled one by one.

Verdict: RESOLVED. A is slower than B: the difference is real, as its interval excludes zero and it exceeds the noise floor.

Warnings:
  - the program holds 70 MB of live data, more than the caches of many machines; for data that size, where it lies in memory can shift the result by several points in ways the interval does not cover, and differently in the next process; run the comparison in several processes with the multiproc package

== street multi n=4096 prefix: ordered vs btree-sets
A: 320.3 ns per operation (median)
B: 927.1 ns per operation (median)
A needs 65.5% less time than B: B takes 2.90 times as long as A.
With 95% confidence the difference lies between 64.9% and 66.2% less time (B takes between 2.85 and 2.96 times as long as A).
Noise floor: 0.974%. Identical code measured against itself on this setup can look that different, so smaller differences mean nothing.
Neighbouring measurements are nearly independent (autocorrelation +0.04), so they were resampled one by one.

Verdict: RESOLVED. A is faster than B: the difference is real, as its interval excludes zero and it exceeds the noise floor.

Warnings:
  - the program holds 70 MB of live data, more than the caches of many machines; for data that size, where it lies in memory can shift the result by several points in ways the interval does not cover, and differently in the next process; run the comparison in several processes with the multiproc package

== street multi n=4096 prefix: ordered vs ordered-lpage
A: 315 ns per operation (median)
B: 316.6 ns per operation (median)
A needs 1.04% less time than B: B takes 1.01 times as long as A.
With 95% confidence the difference lies between 3.31% more time and 4.34% less time (B takes between 0.968 and 1.05 times as long as A).
Noise floor: 0.835%. Identical code measured against itself on this setup can look that different, so smaller differences mean nothing.
Neighbouring measurements are nearly independent (autocorrelation -0.54), so they were resampled one by one.

Verdict: NOT RESOLVED. This run did not establish which candidate is faster. That is not the same as "equally fast": the warnings below say what is missing.

Warnings:
  - the interval [-3.31%, 4.34%] includes zero, so a difference in either direction is consistent with these measurements
  - the program holds 71 MB of live data, more than the caches of many machines; for data that size, where it lies in memory can shift the result by several points in ways the interval does not cover, and differently in the next process; run the comparison in several processes with the multiproc package

== street multi n=4096 prefix: ordered vs ordered-lpage-mv
A: 319.1 ns per operation (median)
B: 344.1 ns per operation (median)
A needs 7.66% less time than B: B takes 1.08 times as long as A.
With 95% confidence the difference lies between 4.8% and 9.9% less time (B takes between 1.05 and 1.11 times as long as A).
Noise floor: 0.813%. Identical code measured against itself on this setup can look that different, so smaller differences mean nothing.
Neighbouring measurements are nearly independent (autocorrelation +0.09), so they were resampled one by one.

Verdict: RESOLVED. A is faster than B: the difference is real, as its interval excludes zero and it exceeds the noise floor.

Warnings:
  - the program holds 70 MB of live data, more than the caches of many machines; for data that size, where it lies in memory can shift the result by several points in ways the interval does not cover, and differently in the next process; run the comparison in several processes with the multiproc package

== street multi n=4096 prefix: ordered vs ordered-lpage-mvzc
A: 317.6 ns per operation (median)
B: 292.3 ns per operation (median)
A needs 7.29% more time than B: B takes only 0.93 times as long as A.
With 95% confidence the difference lies between 5.58% and 12.4% more time (B takes between 0.89 and 0.95 times as long as A).
Noise floor: 0.622%. Identical code measured against itself on this setup can look that different, so smaller differences mean nothing.
Neighbouring measurements are nearly independent (autocorrelation -0.50), so they were resampled one by one.

Verdict: RESOLVED. A is slower than B: the difference is real, as its interval excludes zero and it exceeds the noise floor.

Warnings:
  - the program holds 70 MB of live data, more than the caches of many machines; for data that size, where it lies in memory can shift the result by several points in ways the interval does not cover, and differently in the next process; run the comparison in several processes with the multiproc package

== street multi n=4096 churn and build: ordered vs btree-sets
steady state, per insertion or deletion in a structure of 10449 elements (cycle of 27218 operations, first pass untimed):
  A: 136.1 ns per operation (median)
  B: 247.3 ns per operation (median)
  A needs 44.1% less time than B: B takes 1.79 times as long as A.
  With 95% confidence the difference lies between 43.3% and 45.3% less time (B takes between 1.76 and 1.83 times as long as A).
  Noise floor: 0.789%. Identical code measured against itself on this setup can look that different, so smaller differences mean nothing.
  Neighbouring measurements are nearly independent (autocorrelation +0.08), so they were resampled one by one.
  
  Verdict: RESOLVED. A is faster than B: the difference is real, as its interval excludes zero and it exceeds the noise floor.
  
  Warnings:
    - the program holds 73 MB of live data, more than the caches of many machines; for data that size, where it lies in memory can shift the result by several points in ways the interval does not cover, and differently in the next process; run the comparison in several processes with the multiproc package
    - candidate A drifted during the run: its measurements were 5.37% higher in the second half than in the first, so the machine did not hold still
    - candidate B drifted during the run: its measurements were 4.25% higher in the second half than in the first, so the machine did not hold still

build from empty to 10449 elements, per whole build (37733 operations):
  A: 5.481e+06 ns per operation (median)
  B: 1.007e+07 ns per operation (median)
  A needs 45.4% less time than B: B takes 1.83 times as long as A.
  With 95% confidence the difference lies between 45.1% and 46.8% less time (B takes between 1.82 and 1.88 times as long as A).
  Noise floor: 1.09%. Identical code measured against itself on this setup can look that different, so smaller differences mean nothing.
  Neighbouring measurements are nearly independent (autocorrelation -0.04), so they were resampled one by one.
  
  Verdict: RESOLVED. A is faster than B: the difference is real, as its interval excludes zero and it exceeds the noise floor.
  
  Warnings:
    - the program holds 70 MB of live data, more than the caches of many machines; for data that size, where it lies in memory can shift the result by several points in ways the interval does not cover, and differently in the next process; run the comparison in several processes with the multiproc package

== street multi n=4096 churn and build: ordered vs ordered-lpage
steady state, per insertion or deletion in a structure of 10449 elements (cycle of 27218 operations, first pass untimed):
  A: 135.2 ns per operation (median)
  B: 135.8 ns per operation (median)
  A needs 0.733% less time than B: B takes 1.01 times as long as A.
  With 95% confidence the difference lies between 0.343% and 1.32% less time (B takes between 1 and 1.01 times as long as A).
  Noise floor: 0.605%. Identical code measured against itself on this setup can look that different, so smaller differences mean nothing.
  Neighbouring measurements are correlated (autocorrelation +0.29), so they were resampled in blocks of 3.
  
  Verdict: RESOLVED. A is faster than B: the difference is real, as its interval excludes zero and it exceeds the noise floor.
  
  Warnings:
    - the program holds 72 MB of live data, more than the caches of many machines; for data that size, where it lies in memory can shift the result by several points in ways the interval does not cover, and differently in the next process; run the comparison in several processes with the multiproc package
    - the ratio B/A was 0.986% higher in the second half of the run than in the first, so the candidates had not reached a steady state and the difference depends on how long the run was; a common cause is a head start for whichever candidate ran alone last before the comparison or had its data built last, which a longer CollectOptions.WarmupDuration removes

build from empty to 10449 elements, per whole build (37733 operations):
  A: 5.502e+06 ns per operation (median)
  B: 5.532e+06 ns per operation (median)
  A needs 1.15% less time than B: B takes 1.01 times as long as A.
  With 95% confidence the difference lies between 0.506% more time and 2.23% less time (B takes between 0.995 and 1.02 times as long as A).
  Noise floor: 0.808%. Identical code measured against itself on this setup can look that different, so smaller differences mean nothing.
  Neighbouring measurements are nearly independent (autocorrelation +0.02), so they were resampled one by one.
  
  Verdict: NOT RESOLVED. This run did not establish which candidate is faster. That is not the same as "equally fast": the warnings below say what is missing.
  
  Warnings:
    - the interval [-0.51%, 2.23%] includes zero, so a difference in either direction is consistent with these measurements
    - the program holds 70 MB of live data, more than the caches of many machines; for data that size, where it lies in memory can shift the result by several points in ways the interval does not cover, and differently in the next process; run the comparison in several processes with the multiproc package
    - candidate A drifted during the run: its measurements were 1.95% higher in the second half than in the first, so the machine did not hold still

== street multi n=4096 churn and build: ordered vs ordered-lpage-mv
steady state, per insertion or deletion in a structure of 10449 elements (cycle of 27218 operations, first pass untimed):
  A: 138.4 ns per operation (median)
  B: 290.9 ns per operation (median)
  A needs 52.7% less time than B: B takes 2.11 times as long as A.
  With 95% confidence the difference lies between 52% and 53.3% less time (B takes between 2.08 and 2.14 times as long as A).
  Noise floor: 0.521%. Identical code measured against itself on this setup can look that different, so smaller differences mean nothing.
  Neighbouring measurements are nearly independent (autocorrelation -0.32), so they were resampled one by one.
  
  Verdict: RESOLVED. A is faster than B: the difference is real, as its interval excludes zero and it exceeds the noise floor.
  
  Warnings:
    - the program holds 72 MB of live data, more than the caches of many machines; for data that size, where it lies in memory can shift the result by several points in ways the interval does not cover, and differently in the next process; run the comparison in several processes with the multiproc package

build from empty to 10449 elements, per whole build (37733 operations):
  A: 5.506e+06 ns per operation (median)
  B: 1.261e+07 ns per operation (median)
  A needs 56.3% less time than B: B takes 2.29 times as long as A.
  With 95% confidence the difference lies between 55.8% and 57.1% less time (B takes between 2.26 and 2.33 times as long as A).
  Noise floor: 0.602%. Identical code measured against itself on this setup can look that different, so smaller differences mean nothing.
  Neighbouring measurements are nearly independent (autocorrelation +0.04), so they were resampled one by one.
  
  Verdict: RESOLVED. A is faster than B: the difference is real, as its interval excludes zero and it exceeds the noise floor.
  
  Warnings:
    - the program holds 70 MB of live data, more than the caches of many machines; for data that size, where it lies in memory can shift the result by several points in ways the interval does not cover, and differently in the next process; run the comparison in several processes with the multiproc package

== street multi n=4096 churn and build: ordered vs ordered-lpage-mvzc
steady state, per insertion or deletion in a structure of 10449 elements (cycle of 27218 operations, first pass untimed):
  A: 139.2 ns per operation (median)
  B: 370.8 ns per operation (median)
  A needs 62.3% less time than B: B takes 2.65 times as long as A.
  With 95% confidence the difference lies between 61.5% and 62.7% less time (B takes between 2.6 and 2.68 times as long as A).
  Noise floor: 1.73%. Identical code measured against itself on this setup can look that different, so smaller differences mean nothing.
  Neighbouring measurements are nearly independent (autocorrelation +0.18), so they were resampled one by one.
  
  Verdict: RESOLVED. A is faster than B: the difference is real, as its interval excludes zero and it exceeds the noise floor.
  
  Warnings:
    - the program holds 74 MB of live data, more than the caches of many machines; for data that size, where it lies in memory can shift the result by several points in ways the interval does not cover, and differently in the next process; run the comparison in several processes with the multiproc package

build from empty to 10449 elements, per whole build (37733 operations):
  A: 5.52e+06 ns per operation (median)
  B: 1.539e+07 ns per operation (median)
  A needs 64.1% less time than B: B takes 2.79 times as long as A.
  With 95% confidence the difference lies between 63.2% and 64.8% less time (B takes between 2.72 and 2.84 times as long as A).
  Noise floor: 2.04%. Identical code measured against itself on this setup can look that different, so smaller differences mean nothing.
  Neighbouring measurements are nearly independent (autocorrelation -0.04), so they were resampled one by one.
  
  Verdict: RESOLVED. A is faster than B: the difference is real, as its interval excludes zero and it exceeds the noise floor.
  
  Warnings:
    - the program holds 70 MB of live data, more than the caches of many machines; for data that size, where it lies in memory can shift the result by several points in ways the interval does not cover, and differently in the next process; run the comparison in several processes with the multiproc package
    - in 50% of A/A runs this setup reported a difference between identical code, well above the 10% expected; treat any confidence from it with suspicion

checksum 14596778996413124468
== street multi n=4096 valuesFor: ordered vs btree-sets
A: 76.15 ns per operation (median)
B: 175.9 ns per operation (median)
A needs 56.7% less time than B: B takes 2.31 times as long as A.
With 95% confidence the difference lies between 56.5% and 57.2% less time (B takes between 2.3 and 2.33 times as long as A).
Noise floor: 0.313%. Identical code measured against itself on this setup can look that different, so smaller differences mean nothing.
Neighbouring measurements are nearly independent (autocorrelation -0.29), so they were resampled one by one.

Verdict: RESOLVED. A is faster than B: the difference is real, as its interval excludes zero and it exceeds the noise floor.

Warnings:
  - the program holds 65 MB of live data, more than the caches of many machines; for data that size, where it lies in memory can shift the result by several points in ways the interval does not cover, and differently in the next process; run the comparison in several processes with the multiproc package

== street multi n=4096 valuesFor: ordered vs ordered-lpage
A: 75.75 ns per operation (median)
B: 75.44 ns per operation (median)
A needs 0.126% more time than B: B takes only 1.00 times as long as A.
With 95% confidence the difference lies between 0.994% more time and 0.681% less time (B takes between 0.99 and 1.01 times as long as A).
Noise floor: 0.775%. Identical code measured against itself on this setup can look that different, so smaller differences mean nothing.
Neighbouring measurements are nearly independent (autocorrelation -0.09), so they were resampled one by one.

Verdict: NOT RESOLVED. This run did not establish which candidate is faster. That is not the same as "equally fast": the warnings below say what is missing.

Warnings:
  - the difference of -0.13% does not clear the 0.78% noise floor, which is what this setup reports between two runs of identical code
  - the interval [-0.99%, 0.68%] includes zero, so a difference in either direction is consistent with these measurements
  - the program holds 65 MB of live data, more than the caches of many machines; for data that size, where it lies in memory can shift the result by several points in ways the interval does not cover, and differently in the next process; run the comparison in several processes with the multiproc package
  - in 50% of A/A runs this setup reported a difference between identical code, well above the 10% expected; treat any confidence from it with suspicion

== street multi n=4096 valuesFor: ordered vs ordered-lpage-mv
A: 76.24 ns per operation (median)
B: 149.8 ns per operation (median)
A needs 48.7% less time than B: B takes 1.95 times as long as A.
With 95% confidence the difference lies between 48.1% and 49.6% less time (B takes between 1.93 and 1.98 times as long as A).
Noise floor: 0.732%. Identical code measured against itself on this setup can look that different, so smaller differences mean nothing.
Neighbouring measurements are nearly independent (autocorrelation -0.07), so they were resampled one by one.

Verdict: RESOLVED. A is faster than B: the difference is real, as its interval excludes zero and it exceeds the noise floor.

Warnings:
  - the program holds 70 MB of live data, more than the caches of many machines; for data that size, where it lies in memory can shift the result by several points in ways the interval does not cover, and differently in the next process; run the comparison in several processes with the multiproc package

== street multi n=4096 valuesFor: ordered vs ordered-lpage-mvzc
A: 76.4 ns per operation (median)
B: 130.4 ns per operation (median)
A needs 41.3% less time than B: B takes 1.70 times as long as A.
With 95% confidence the difference lies between 40.3% and 42.2% less time (B takes between 1.68 and 1.73 times as long as A).
Noise floor: 0.465%. Identical code measured against itself on this setup can look that different, so smaller differences mean nothing.
Neighbouring measurements are nearly independent (autocorrelation -0.24), so they were resampled one by one.

Verdict: RESOLVED. A is faster than B: the difference is real, as its interval excludes zero and it exceeds the noise floor.

Warnings:
  - the program holds 70 MB of live data, more than the caches of many machines; for data that size, where it lies in memory can shift the result by several points in ways the interval does not cover, and differently in the next process; run the comparison in several processes with the multiproc package

== street multi n=4096 valuesBetween: ordered vs btree-sets
A: 3316 ns per operation (median)
B: 9013 ns per operation (median)
A needs 62.9% less time than B: B takes 2.70 times as long as A.
With 95% confidence the difference lies between 62.2% and 63.6% less time (B takes between 2.64 and 2.75 times as long as A).
Noise floor: 3.21%. Identical code measured against itself on this setup can look that different, so smaller differences mean nothing.
Neighbouring measurements are correlated (autocorrelation +0.23), so they were resampled in blocks of 3.

Verdict: RESOLVED. A is faster than B: the difference is real, as its interval excludes zero and it exceeds the noise floor.

Warnings:
  - the program holds 70 MB of live data, more than the caches of many machines; for data that size, where it lies in memory can shift the result by several points in ways the interval does not cover, and differently in the next process; run the comparison in several processes with the multiproc package
  - in 50% of A/A runs this setup reported a difference between identical code, well above the 10% expected; treat any confidence from it with suspicion

== street multi n=4096 valuesBetween: ordered vs ordered-lpage
A: 3315 ns per operation (median)
B: 3324 ns per operation (median)
A needs 0.0686% more time than B: B takes only 1.00 times as long as A.
With 95% confidence the difference lies between 3.05% more time and 3.01% less time (B takes between 0.97 and 1.03 times as long as A).
Noise floor: 2.04%. Identical code measured against itself on this setup can look that different, so smaller differences mean nothing.
Neighbouring measurements are nearly independent (autocorrelation -0.59), so they were resampled one by one.

Verdict: NOT RESOLVED. This run did not establish which candidate is faster. That is not the same as "equally fast": the warnings below say what is missing.

Warnings:
  - the difference of -0.07% does not clear the 2.04% noise floor, which is what this setup reports between two runs of identical code
  - the interval [-3.05%, 3.01%] includes zero, so a difference in either direction is consistent with these measurements
  - the program holds 71 MB of live data, more than the caches of many machines; for data that size, where it lies in memory can shift the result by several points in ways the interval does not cover, and differently in the next process; run the comparison in several processes with the multiproc package
  - in 50% of A/A runs this setup reported a difference between identical code, well above the 10% expected; treat any confidence from it with suspicion

== street multi n=4096 valuesBetween: ordered vs ordered-lpage-mv
A: 3289 ns per operation (median)
B: 2535 ns per operation (median)
A needs 28.4% more time than B: B takes only 0.78 times as long as A.
With 95% confidence the difference lies between 25% and 33.4% more time (B takes between 0.75 and 0.80 times as long as A).
Noise floor: 0.894%. Identical code measured against itself on this setup can look that different, so smaller differences mean nothing.
Neighbouring measurements are nearly independent (autocorrelation -0.38), so they were resampled one by one.

Verdict: RESOLVED. A is slower than B: the difference is real, as its interval excludes zero and it exceeds the noise floor.

Warnings:
  - the program holds 70 MB of live data, more than the caches of many machines; for data that size, where it lies in memory can shift the result by several points in ways the interval does not cover, and differently in the next process; run the comparison in several processes with the multiproc package

== street multi n=4096 valuesBetween: ordered vs ordered-lpage-mvzc
A: 3249 ns per operation (median)
B: 2049 ns per operation (median)
A needs 58.9% more time than B: B takes only 0.63 times as long as A.
With 95% confidence the difference lies between 56.3% and 63.2% more time (B takes between 0.613 and 0.64 times as long as A).
Noise floor: 1.31%. Identical code measured against itself on this setup can look that different, so smaller differences mean nothing.
Neighbouring measurements are nearly independent (autocorrelation -0.31), so they were resampled one by one.

Verdict: RESOLVED. A is slower than B: the difference is real, as its interval excludes zero and it exceeds the noise floor.

Warnings:
  - the program holds 70 MB of live data, more than the caches of many machines; for data that size, where it lies in memory can shift the result by several points in ways the interval does not cover, and differently in the next process; run the comparison in several processes with the multiproc package

== street multi n=4096 prefix: ordered vs btree-sets
A: 320.6 ns per operation (median)
B: 933 ns per operation (median)
A needs 65.8% less time than B: B takes 2.92 times as long as A.
With 95% confidence the difference lies between 64.7% and 66.4% less time (B takes between 2.83 and 2.97 times as long as A).
Noise floor: 0.499%. Identical code measured against itself on this setup can look that different, so smaller differences mean nothing.
Neighbouring measurements are nearly independent (autocorrelation +0.10), so they were resampled one by one.

Verdict: RESOLVED. A is faster than B: the difference is real, as its interval excludes zero and it exceeds the noise floor.

Warnings:
  - the program holds 70 MB of live data, more than the caches of many machines; for data that size, where it lies in memory can shift the result by several points in ways the interval does not cover, and differently in the next process; run the comparison in several processes with the multiproc package

== street multi n=4096 prefix: ordered vs ordered-lpage
A: 315.3 ns per operation (median)
B: 315.4 ns per operation (median)
A needs 0.906% more time than B: B takes only 0.99 times as long as A.
With 95% confidence the difference lies between 3.66% more time and 4.4% less time (B takes between 0.965 and 1.05 times as long as A).
Noise floor: 0.757%. Identical code measured against itself on this setup can look that different, so smaller differences mean nothing.
Neighbouring measurements are nearly independent (autocorrelation -0.57), so they were resampled one by one.

Verdict: NOT RESOLVED. This run did not establish which candidate is faster. That is not the same as "equally fast": the warnings below say what is missing.

Warnings:
  - the interval [-3.66%, 4.40%] includes zero, so a difference in either direction is consistent with these measurements
  - the program holds 70 MB of live data, more than the caches of many machines; for data that size, where it lies in memory can shift the result by several points in ways the interval does not cover, and differently in the next process; run the comparison in several processes with the multiproc package

== street multi n=4096 prefix: ordered vs ordered-lpage-mv
A: 318.8 ns per operation (median)
B: 348.4 ns per operation (median)
A needs 9.4% less time than B: B takes 1.10 times as long as A.
With 95% confidence the difference lies between 7.18% and 10.2% less time (B takes between 1.08 and 1.11 times as long as A).
Noise floor: 0.792%. Identical code measured against itself on this setup can look that different, so smaller differences mean nothing.
Neighbouring measurements are nearly independent (autocorrelation -0.13), so they were resampled one by one.

Verdict: RESOLVED. A is faster than B: the difference is real, as its interval excludes zero and it exceeds the noise floor.

Warnings:
  - the program holds 70 MB of live data, more than the caches of many machines; for data that size, where it lies in memory can shift the result by several points in ways the interval does not cover, and differently in the next process; run the comparison in several processes with the multiproc package

== street multi n=4096 prefix: ordered vs ordered-lpage-mvzc
A: 316.6 ns per operation (median)
B: 292.8 ns per operation (median)
A needs 8.1% more time than B: B takes only 0.93 times as long as A.
With 95% confidence the difference lies between 4.69% and 11.2% more time (B takes between 0.899 and 0.96 times as long as A).
Noise floor: 0.651%. Identical code measured against itself on this setup can look that different, so smaller differences mean nothing.
Neighbouring measurements are nearly independent (autocorrelation -0.37), so they were resampled one by one.

Verdict: RESOLVED. A is slower than B: the difference is real, as its interval excludes zero and it exceeds the noise floor.

Warnings:
  - the program holds 70 MB of live data, more than the caches of many machines; for data that size, where it lies in memory can shift the result by several points in ways the interval does not cover, and differently in the next process; run the comparison in several processes with the multiproc package

== street multi n=4096 churn and build: ordered vs btree-sets
steady state, per insertion or deletion in a structure of 10449 elements (cycle of 27218 operations, first pass untimed):
  A: 138 ns per operation (median)
  B: 252.8 ns per operation (median)
  A needs 45.1% less time than B: B takes 1.82 times as long as A.
  With 95% confidence the difference lies between 44.6% and 46.1% less time (B takes between 1.81 and 1.85 times as long as A).
  Noise floor: 1.13%. Identical code measured against itself on this setup can look that different, so smaller differences mean nothing.
  Neighbouring measurements are nearly independent (autocorrelation +0.09), so they were resampled one by one.
  
  Verdict: RESOLVED. A is faster than B: the difference is real, as its interval excludes zero and it exceeds the noise floor.
  
  Warnings:
    - the program holds 73 MB of live data, more than the caches of many machines; for data that size, where it lies in memory can shift the result by several points in ways the interval does not cover, and differently in the next process; run the comparison in several processes with the multiproc package

build from empty to 10449 elements, per whole build (37733 operations):
  A: 5.52e+06 ns per operation (median)
  B: 1.013e+07 ns per operation (median)
  A needs 45.8% less time than B: B takes 1.85 times as long as A.
  With 95% confidence the difference lies between 44.6% and 46.4% less time (B takes between 1.81 and 1.86 times as long as A).
  Noise floor: 0.708%. Identical code measured against itself on this setup can look that different, so smaller differences mean nothing.
  Neighbouring measurements are nearly independent (autocorrelation -0.04), so they were resampled one by one.
  
  Verdict: RESOLVED. A is faster than B: the difference is real, as its interval excludes zero and it exceeds the noise floor.
  
  Warnings:
    - the program holds 70 MB of live data, more than the caches of many machines; for data that size, where it lies in memory can shift the result by several points in ways the interval does not cover, and differently in the next process; run the comparison in several processes with the multiproc package
    - in 50% of A/A runs this setup reported a difference between identical code, well above the 10% expected; treat any confidence from it with suspicion

== street multi n=4096 churn and build: ordered vs ordered-lpage
steady state, per insertion or deletion in a structure of 10449 elements (cycle of 27218 operations, first pass untimed):
  A: 135.3 ns per operation (median)
  B: 136.5 ns per operation (median)
  A needs 0.562% less time than B: B takes 1.01 times as long as A.
  With 95% confidence the difference lies between 0.293% and 0.833% less time (B takes between 1 and 1.01 times as long as A).
  Noise floor: 0.371%. Identical code measured against itself on this setup can look that different, so smaller differences mean nothing.
  Neighbouring measurements are correlated (autocorrelation +0.37), so they were resampled in blocks of 3.
  
  Verdict: RESOLVED. A is faster than B: the difference is real, as its interval excludes zero and it exceeds the noise floor.
  
  Warnings:
    - the program holds 72 MB of live data, more than the caches of many machines; for data that size, where it lies in memory can shift the result by several points in ways the interval does not cover, and differently in the next process; run the comparison in several processes with the multiproc package
    - 6.1% of bootstrap replicates tied, so the measurement is coarse relative to the question; lower CollectOptions.MaxQuantizationError to lengthen the batches

build from empty to 10449 elements, per whole build (37733 operations):
  A: 5.476e+06 ns per operation (median)
  B: 5.516e+06 ns per operation (median)
  A needs 0.898% less time than B: B takes 1.01 times as long as A.
  With 95% confidence the difference lies between 0.469% more time and 1.75% less time (B takes between 0.995 and 1.02 times as long as A).
  Noise floor: 1.07%. Identical code measured against itself on this setup can look that different, so smaller differences mean nothing.
  Neighbouring measurements are nearly independent (autocorrelation +0.00), so they were resampled one by one.
  
  Verdict: NOT RESOLVED. This run did not establish which candidate is faster. That is not the same as "equally fast": the warnings below say what is missing.
  
  Warnings:
    - the difference of 0.90% does not clear the 1.07% noise floor, which is what this setup reports between two runs of identical code
    - the interval [-0.47%, 1.75%] includes zero, so a difference in either direction is consistent with these measurements
    - the program holds 70 MB of live data, more than the caches of many machines; for data that size, where it lies in memory can shift the result by several points in ways the interval does not cover, and differently in the next process; run the comparison in several processes with the multiproc package
    - in 100% of A/A runs this setup reported a difference between identical code, well above the 10% expected; treat any confidence from it with suspicion

== street multi n=4096 churn and build: ordered vs ordered-lpage-mv
steady state, per insertion or deletion in a structure of 10449 elements (cycle of 27218 operations, first pass untimed):
  A: 137 ns per operation (median)
  B: 289.4 ns per operation (median)
  A needs 52.9% less time than B: B takes 2.12 times as long as A.
  With 95% confidence the difference lies between 52.1% and 53.7% less time (B takes between 2.09 and 2.16 times as long as A).
  Noise floor: 1.13%. Identical code measured against itself on this setup can look that different, so smaller differences mean nothing.
  Neighbouring measurements are nearly independent (autocorrelation -0.01), so they were resampled one by one.
  
  Verdict: RESOLVED. A is faster than B: the difference is real, as its interval excludes zero and it exceeds the noise floor.
  
  Warnings:
    - the program holds 72 MB of live data, more than the caches of many machines; for data that size, where it lies in memory can shift the result by several points in ways the interval does not cover, and differently in the next process; run the comparison in several processes with the multiproc package

build from empty to 10449 elements, per whole build (37733 operations):
  A: 5.516e+06 ns per operation (median)
  B: 1.272e+07 ns per operation (median)
  A needs 56.6% less time than B: B takes 2.30 times as long as A.
  With 95% confidence the difference lies between 56.2% and 56.8% less time (B takes between 2.28 and 2.32 times as long as A).
  Noise floor: 1.54%. Identical code measured against itself on this setup can look that different, so smaller differences mean nothing.
  Neighbouring measurements are nearly independent (autocorrelation +0.11), so they were resampled one by one.
  
  Verdict: RESOLVED. A is faster than B: the difference is real, as its interval excludes zero and it exceeds the noise floor.
  
  Warnings:
    - the program holds 70 MB of live data, more than the caches of many machines; for data that size, where it lies in memory can shift the result by several points in ways the interval does not cover, and differently in the next process; run the comparison in several processes with the multiproc package

== street multi n=4096 churn and build: ordered vs ordered-lpage-mvzc
steady state, per insertion or deletion in a structure of 10449 elements (cycle of 27218 operations, first pass untimed):
  A: 141.9 ns per operation (median)
  B: 375.3 ns per operation (median)
  A needs 61.7% less time than B: B takes 2.61 times as long as A.
  With 95% confidence the difference lies between 61.2% and 62.3% less time (B takes between 2.57 and 2.65 times as long as A).
  Noise floor: 1.57%. Identical code measured against itself on this setup can look that different, so smaller differences mean nothing.
  Neighbouring measurements are correlated (autocorrelation +0.36), so they were resampled in blocks of 3.
  
  Verdict: RESOLVED. A is faster than B: the difference is real, as its interval excludes zero and it exceeds the noise floor.
  
  Warnings:
    - the program holds 73 MB of live data, more than the caches of many machines; for data that size, where it lies in memory can shift the result by several points in ways the interval does not cover, and differently in the next process; run the comparison in several processes with the multiproc package
    - candidate A drifted during the run: its measurements were 3.68% lower in the second half than in the first, so the machine did not hold still
    - candidate B drifted during the run: its measurements were 2.35% lower in the second half than in the first, so the machine did not hold still
    - the ratio B/A was 3% higher in the second half of the run than in the first, so the candidates had not reached a steady state and the difference depends on how long the run was; a common cause is a head start for whichever candidate ran alone last before the comparison or had its data built last, which a longer CollectOptions.WarmupDuration removes

build from empty to 10449 elements, per whole build (37733 operations):
  A: 5.511e+06 ns per operation (median)
  B: 1.53e+07 ns per operation (median)
  A needs 64% less time than B: B takes 2.78 times as long as A.
  With 95% confidence the difference lies between 63.4% and 64.6% less time (B takes between 2.73 and 2.82 times as long as A).
  Noise floor: 2.23%. Identical code measured against itself on this setup can look that different, so smaller differences mean nothing.
  Neighbouring measurements are nearly independent (autocorrelation -0.27), so they were resampled one by one.
  
  Verdict: RESOLVED. A is faster than B: the difference is real, as its interval excludes zero and it exceeds the noise floor.
  
  Warnings:
    - the program holds 70 MB of live data, more than the caches of many machines; for data that size, where it lies in memory can shift the result by several points in ways the interval does not cover, and differently in the next process; run the comparison in several processes with the multiproc package

checksum 12676872440962386898
== street multi n=4096 valuesFor: ordered vs btree-sets
A: 76.4 ns per operation (median)
B: 175.3 ns per operation (median)
A needs 56.5% less time than B: B takes 2.30 times as long as A.
With 95% confidence the difference lies between 56.2% and 57.2% less time (B takes between 2.28 and 2.34 times as long as A).
Noise floor: 0.384%. Identical code measured against itself on this setup can look that different, so smaller differences mean nothing.
Neighbouring measurements are nearly independent (autocorrelation -0.38), so they were resampled one by one.

Verdict: RESOLVED. A is faster than B: the difference is real, as its interval excludes zero and it exceeds the noise floor.

Warnings:
  - the program holds 69 MB of live data, more than the caches of many machines; for data that size, where it lies in memory can shift the result by several points in ways the interval does not cover, and differently in the next process; run the comparison in several processes with the multiproc package

== street multi n=4096 valuesFor: ordered vs ordered-lpage
A: 75.17 ns per operation (median)
B: 75.44 ns per operation (median)
A needs 0.617% less time than B: B takes 1.01 times as long as A.
With 95% confidence the difference lies between 0.137% more time and 0.843% less time (B takes between 0.999 and 1.01 times as long as A).
Noise floor: 1.38%. Identical code measured against itself on this setup can look that different, so smaller differences mean nothing.
Neighbouring measurements are nearly independent (autocorrelation -0.04), so they were resampled one by one.

Verdict: NOT RESOLVED. This run did not establish which candidate is faster. That is not the same as "equally fast": the warnings below say what is missing.

Warnings:
  - the difference of 0.62% does not clear the 1.38% noise floor, which is what this setup reports between two runs of identical code
  - the interval [-0.14%, 0.84%] includes zero, so a difference in either direction is consistent with these measurements
  - the program holds 69 MB of live data, more than the caches of many machines; for data that size, where it lies in memory can shift the result by several points in ways the interval does not cover, and differently in the next process; run the comparison in several processes with the multiproc package
  - in 100% of A/A runs this setup reported a difference between identical code, well above the 10% expected; treat any confidence from it with suspicion

== street multi n=4096 valuesFor: ordered vs ordered-lpage-mv
A: 76.28 ns per operation (median)
B: 150 ns per operation (median)
A needs 49.5% less time than B: B takes 1.98 times as long as A.
With 95% confidence the difference lies between 48.4% and 49.8% less time (B takes between 1.94 and 1.99 times as long as A).
Noise floor: 0.957%. Identical code measured against itself on this setup can look that different, so smaller differences mean nothing.
Neighbouring measurements are nearly independent (autocorrelation -0.33), so they were resampled one by one.

Verdict: RESOLVED. A is faster than B: the difference is real, as its interval excludes zero and it exceeds the noise floor.

Warnings:
  - the program holds 69 MB of live data, more than the caches of many machines; for data that size, where it lies in memory can shift the result by several points in ways the interval does not cover, and differently in the next process; run the comparison in several processes with the multiproc package

== street multi n=4096 valuesFor: ordered vs ordered-lpage-mvzc
A: 75.95 ns per operation (median)
B: 129.3 ns per operation (median)
A needs 41.4% less time than B: B takes 1.71 times as long as A.
With 95% confidence the difference lies between 40.8% and 41.9% less time (B takes between 1.69 and 1.72 times as long as A).
Noise floor: 0.844%. Identical code measured against itself on this setup can look that different, so smaller differences mean nothing.
Neighbouring measurements are nearly independent (autocorrelation -0.31), so they were resampled one by one.

Verdict: RESOLVED. A is faster than B: the difference is real, as its interval excludes zero and it exceeds the noise floor.

Warnings:
  - the program holds 69 MB of live data, more than the caches of many machines; for data that size, where it lies in memory can shift the result by several points in ways the interval does not cover, and differently in the next process; run the comparison in several processes with the multiproc package

== street multi n=4096 valuesBetween: ordered vs btree-sets
A: 3298 ns per operation (median)
B: 8947 ns per operation (median)
A needs 63.6% less time than B: B takes 2.75 times as long as A.
With 95% confidence the difference lies between 62.3% and 64.2% less time (B takes between 2.65 and 2.79 times as long as A).
Noise floor: 2.67%. Identical code measured against itself on this setup can look that different, so smaller differences mean nothing.
Neighbouring measurements are nearly independent (autocorrelation -0.09), so they were resampled one by one.

Verdict: RESOLVED. A is faster than B: the difference is real, as its interval excludes zero and it exceeds the noise floor.

Warnings:
  - the program holds 69 MB of live data, more than the caches of many machines; for data that size, where it lies in memory can shift the result by several points in ways the interval does not cover, and differently in the next process; run the comparison in several processes with the multiproc package

== street multi n=4096 valuesBetween: ordered vs ordered-lpage
A: 3288 ns per operation (median)
B: 3311 ns per operation (median)
A needs 0.782% less time than B: B takes 1.01 times as long as A.
With 95% confidence the difference lies between 2.96% more time and 2.82% less time (B takes between 0.971 and 1.03 times as long as A).
Noise floor: 1.35%. Identical code measured against itself on this setup can look that different, so smaller differences mean nothing.
Neighbouring measurements are nearly independent (autocorrelation -0.27), so they were resampled one by one.

Verdict: NOT RESOLVED. This run did not establish which candidate is faster. That is not the same as "equally fast": the warnings below say what is missing.

Warnings:
  - the difference of 0.78% does not clear the 1.35% noise floor, which is what this setup reports between two runs of identical code
  - the interval [-2.96%, 2.82%] includes zero, so a difference in either direction is consistent with these measurements
  - the program holds 69 MB of live data, more than the caches of many machines; for data that size, where it lies in memory can shift the result by several points in ways the interval does not cover, and differently in the next process; run the comparison in several processes with the multiproc package

== street multi n=4096 valuesBetween: ordered vs ordered-lpage-mv
A: 3282 ns per operation (median)
B: 2515 ns per operation (median)
A needs 31% more time than B: B takes only 0.76 times as long as A.
With 95% confidence the difference lies between 25.4% and 35% more time (B takes between 0.741 and 0.80 times as long as A).
Noise floor: 1.12%. Identical code measured against itself on this setup can look that different, so smaller differences mean nothing.
Neighbouring measurements are nearly independent (autocorrelation -0.17), so they were resampled one by one.

Verdict: RESOLVED. A is slower than B: the difference is real, as its interval excludes zero and it exceeds the noise floor.

Warnings:
  - the program holds 70 MB of live data, more than the caches of many machines; for data that size, where it lies in memory can shift the result by several points in ways the interval does not cover, and differently in the next process; run the comparison in several processes with the multiproc package

== street multi n=4096 valuesBetween: ordered vs ordered-lpage-mvzc
A: 3236 ns per operation (median)
B: 2037 ns per operation (median)
A needs 59.2% more time than B: B takes only 0.63 times as long as A.
With 95% confidence the difference lies between 54.5% and 61.5% more time (B takes between 0.619 and 0.65 times as long as A).
Noise floor: 1.29%. Identical code measured against itself on this setup can look that different, so smaller differences mean nothing.
Neighbouring measurements are nearly independent (autocorrelation -0.55), so they were resampled one by one.

Verdict: RESOLVED. A is slower than B: the difference is real, as its interval excludes zero and it exceeds the noise floor.

Warnings:
  - the program holds 70 MB of live data, more than the caches of many machines; for data that size, where it lies in memory can shift the result by several points in ways the interval does not cover, and differently in the next process; run the comparison in several processes with the multiproc package

== street multi n=4096 prefix: ordered vs btree-sets
A: 319.4 ns per operation (median)
B: 919.1 ns per operation (median)
A needs 65.2% less time than B: B takes 2.87 times as long as A.
With 95% confidence the difference lies between 64.7% and 66.3% less time (B takes between 2.84 and 2.97 times as long as A).
Noise floor: 0.273%. Identical code measured against itself on this setup can look that different, so smaller differences mean nothing.
Neighbouring measurements are nearly independent (autocorrelation +0.07), so they were resampled one by one.

Verdict: RESOLVED. A is faster than B: the difference is real, as its interval excludes zero and it exceeds the noise floor.

Warnings:
  - the program holds 70 MB of live data, more than the caches of many machines; for data that size, where it lies in memory can shift the result by several points in ways the interval does not cover, and differently in the next process; run the comparison in several processes with the multiproc package
  - 6.4% of bootstrap replicates tied, so the measurement is coarse relative to the question; lower CollectOptions.MaxQuantizationError to lengthen the batches

== street multi n=4096 prefix: ordered vs ordered-lpage
A: 315 ns per operation (median)
B: 316.1 ns per operation (median)
A needs 0.72% less time than B: B takes 1.01 times as long as A.
With 95% confidence the difference lies between 2.54% more time and 3.87% less time (B takes between 0.975 and 1.04 times as long as A).
Noise floor: 0.498%. Identical code measured against itself on this setup can look that different, so smaller differences mean nothing.
Neighbouring measurements are nearly independent (autocorrelation -0.59), so they were resampled one by one.

Verdict: NOT RESOLVED. This run did not establish which candidate is faster. That is not the same as "equally fast": the warnings below say what is missing.

Warnings:
  - the interval [-2.54%, 3.87%] includes zero, so a difference in either direction is consistent with these measurements
  - the program holds 70 MB of live data, more than the caches of many machines; for data that size, where it lies in memory can shift the result by several points in ways the interval does not cover, and differently in the next process; run the comparison in several processes with the multiproc package

== street multi n=4096 prefix: ordered vs ordered-lpage-mv
A: 321.3 ns per operation (median)
B: 362.9 ns per operation (median)
A needs 12% less time than B: B takes 1.14 times as long as A.
With 95% confidence the difference lies between 10.4% and 14.1% less time (B takes between 1.12 and 1.16 times as long as A).
Noise floor: 1.02%. Identical code measured against itself on this setup can look that different, so smaller differences mean nothing.
Neighbouring measurements are correlated (autocorrelation +0.23), so they were resampled in blocks of 3.

Verdict: RESOLVED. A is faster than B: the difference is real, as its interval excludes zero and it exceeds the noise floor.

Warnings:
  - the program holds 70 MB of live data, more than the caches of many machines; for data that size, where it lies in memory can shift the result by several points in ways the interval does not cover, and differently in the next process; run the comparison in several processes with the multiproc package

== street multi n=4096 prefix: ordered vs ordered-lpage-mvzc
A: 317.7 ns per operation (median)
B: 292.6 ns per operation (median)
A needs 10.2% more time than B: B takes only 0.91 times as long as A.
With 95% confidence the difference lies between 6.33% and 11.4% more time (B takes between 0.897 and 0.94 times as long as A).
Noise floor: 0.62%. Identical code measured against itself on this setup can look that different, so smaller differences mean nothing.
Neighbouring measurements are nearly independent (autocorrelation -0.73), so they were resampled one by one.

Verdict: RESOLVED. A is slower than B: the difference is real, as its interval excludes zero and it exceeds the noise floor.

Warnings:
  - the program holds 70 MB of live data, more than the caches of many machines; for data that size, where it lies in memory can shift the result by several points in ways the interval does not cover, and differently in the next process; run the comparison in several processes with the multiproc package

== street multi n=4096 churn and build: ordered vs btree-sets
steady state, per insertion or deletion in a structure of 10449 elements (cycle of 27218 operations, first pass untimed):
  A: 138.3 ns per operation (median)
  B: 247.9 ns per operation (median)
  A needs 43.8% less time than B: B takes 1.78 times as long as A.
  With 95% confidence the difference lies between 43.2% and 44.6% less time (B takes between 1.76 and 1.81 times as long as A).
  Noise floor: 0.956%. Identical code measured against itself on this setup can look that different, so smaller differences mean nothing.
  Neighbouring measurements are nearly independent (autocorrelation +0.03), so they were resampled one by one.
  
  Verdict: RESOLVED. A is faster than B: the difference is real, as its interval excludes zero and it exceeds the noise floor.
  
  Warnings:
    - the program holds 73 MB of live data, more than the caches of many machines; for data that size, where it lies in memory can shift the result by several points in ways the interval does not cover, and differently in the next process; run the comparison in several processes with the multiproc package
    - 6.3% of bootstrap replicates tied, so the measurement is coarse relative to the question; lower CollectOptions.MaxQuantizationError to lengthen the batches

build from empty to 10449 elements, per whole build (37733 operations):
  A: 5.5e+06 ns per operation (median)
  B: 1.025e+07 ns per operation (median)
  A needs 46.6% less time than B: B takes 1.87 times as long as A.
  With 95% confidence the difference lies between 45.4% and 47.4% less time (B takes between 1.83 and 1.90 times as long as A).
  Noise floor: 0.705%. Identical code measured against itself on this setup can look that different, so smaller differences mean nothing.
  Neighbouring measurements are correlated (autocorrelation +0.32), so they were resampled in blocks of 3.
  
  Verdict: RESOLVED. A is faster than B: the difference is real, as its interval excludes zero and it exceeds the noise floor.
  
  Warnings:
    - the program holds 70 MB of live data, more than the caches of many machines; for data that size, where it lies in memory can shift the result by several points in ways the interval does not cover, and differently in the next process; run the comparison in several processes with the multiproc package

== street multi n=4096 churn and build: ordered vs ordered-lpage
steady state, per insertion or deletion in a structure of 10449 elements (cycle of 27218 operations, first pass untimed):
  A: 136.3 ns per operation (median)
  B: 137.5 ns per operation (median)
  A needs 0.68% less time than B: B takes 1.01 times as long as A.
  With 95% confidence the difference lies between 0.0726% more time and 1.26% less time (B takes between 0.999 and 1.01 times as long as A).
  Noise floor: 0.281%. Identical code measured against itself on this setup can look that different, so smaller differences mean nothing.
  Neighbouring measurements are correlated (autocorrelation +0.20), so they were resampled in blocks of 3.
  
  Verdict: NOT RESOLVED. This run did not establish which candidate is faster. That is not the same as "equally fast": the warnings below say what is missing.
  
  Warnings:
    - the interval [-0.07%, 1.26%] includes zero, so a difference in either direction is consistent with these measurements
    - the program holds 72 MB of live data, more than the caches of many machines; for data that size, where it lies in memory can shift the result by several points in ways the interval does not cover, and differently in the next process; run the comparison in several processes with the multiproc package
    - candidate A drifted during the run: its measurements were 2.59% lower in the second half than in the first, so the machine did not hold still
    - candidate B drifted during the run: its measurements were 2.54% lower in the second half than in the first, so the machine did not hold still

build from empty to 10449 elements, per whole build (37733 operations):
  A: 5.479e+06 ns per operation (median)
  B: 5.413e+06 ns per operation (median)
  A needs 1.53% more time than B: B takes only 0.98 times as long as A.
  With 95% confidence the difference lies between 2.69% more time and 1.21% less time (B takes between 0.974 and 1.01 times as long as A).
  Noise floor: 1.39%. Identical code measured against itself on this setup can look that different, so smaller differences mean nothing.
  Neighbouring measurements are nearly independent (autocorrelation +0.12), so they were resampled one by one.
  
  Verdict: NOT RESOLVED. This run did not establish which candidate is faster. That is not the same as "equally fast": the warnings below say what is missing.
  
  Warnings:
    - the interval [-2.69%, 1.21%] includes zero, so a difference in either direction is consistent with these measurements
    - the program holds 70 MB of live data, more than the caches of many machines; for data that size, where it lies in memory can shift the result by several points in ways the interval does not cover, and differently in the next process; run the comparison in several processes with the multiproc package

== street multi n=4096 churn and build: ordered vs ordered-lpage-mv
steady state, per insertion or deletion in a structure of 10449 elements (cycle of 27218 operations, first pass untimed):
  A: 137 ns per operation (median)
  B: 288.4 ns per operation (median)
  A needs 52.6% less time than B: B takes 2.11 times as long as A.
  With 95% confidence the difference lies between 52.1% and 53.6% less time (B takes between 2.09 and 2.16 times as long as A).
  Noise floor: 0.767%. Identical code measured against itself on this setup can look that different, so smaller differences mean nothing.
  Neighbouring measurements are nearly independent (autocorrelation -0.20), so they were resampled one by one.
  
  Verdict: RESOLVED. A is faster than B: the difference is real, as its interval excludes zero and it exceeds the noise floor.
  
  Warnings:
    - the program holds 72 MB of live data, more than the caches of many machines; for data that size, where it lies in memory can shift the result by several points in ways the interval does not cover, and differently in the next process; run the comparison in several processes with the multiproc package

build from empty to 10449 elements, per whole build (37733 operations):
  A: 5.477e+06 ns per operation (median)
  B: 1.27e+07 ns per operation (median)
  A needs 56.7% less time than B: B takes 2.31 times as long as A.
  With 95% confidence the difference lies between 56.4% and 57.4% less time (B takes between 2.29 and 2.35 times as long as A).
  Noise floor: 0.629%. Identical code measured against itself on this setup can look that different, so smaller differences mean nothing.
  Neighbouring measurements are nearly independent (autocorrelation -0.15), so they were resampled one by one.
  
  Verdict: RESOLVED. A is faster than B: the difference is real, as its interval excludes zero and it exceeds the noise floor.
  
  Warnings:
    - the program holds 70 MB of live data, more than the caches of many machines; for data that size, where it lies in memory can shift the result by several points in ways the interval does not cover, and differently in the next process; run the comparison in several processes with the multiproc package
    - in 50% of A/A runs this setup reported a difference between identical code, well above the 10% expected; treat any confidence from it with suspicion

== street multi n=4096 churn and build: ordered vs ordered-lpage-mvzc
steady state, per insertion or deletion in a structure of 10449 elements (cycle of 27218 operations, first pass untimed):
  A: 142.1 ns per operation (median)
  B: 369.4 ns per operation (median)
  A needs 61.9% less time than B: B takes 2.63 times as long as A.
  With 95% confidence the difference lies between 60.5% and 62.3% less time (B takes between 2.53 and 2.66 times as long as A).
  Noise floor: 0.557%. Identical code measured against itself on this setup can look that different, so smaller differences mean nothing.
  Neighbouring measurements are correlated (autocorrelation +0.33), so they were resampled in blocks of 3.
  
  Verdict: RESOLVED. A is faster than B: the difference is real, as its interval excludes zero and it exceeds the noise floor.
  
  Warnings:
    - the program holds 73 MB of live data, more than the caches of many machines; for data that size, where it lies in memory can shift the result by several points in ways the interval does not cover, and differently in the next process; run the comparison in several processes with the multiproc package
    - candidate A drifted during the run: its measurements were 3.93% lower in the second half than in the first, so the machine did not hold still

build from empty to 10449 elements, per whole build (37733 operations):
  A: 5.455e+06 ns per operation (median)
  B: 1.543e+07 ns per operation (median)
  A needs 64.7% less time than B: B takes 2.83 times as long as A.
  With 95% confidence the difference lies between 64% and 65.2% less time (B takes between 2.78 and 2.87 times as long as A).
  Noise floor: 1.7%. Identical code measured against itself on this setup can look that different, so smaller differences mean nothing.
  Neighbouring measurements are nearly independent (autocorrelation -0.08), so they were resampled one by one.
  
  Verdict: RESOLVED. A is faster than B: the difference is real, as its interval excludes zero and it exceeds the noise floor.
  
  Warnings:
    - the program holds 70 MB of live data, more than the caches of many machines; for data that size, where it lies in memory can shift the result by several points in ways the interval does not cover, and differently in the next process; run the comparison in several processes with the multiproc package
    - in 50% of A/A runs this setup reported a difference between identical code, well above the 10% expected; treat any confidence from it with suspicion

checksum 11721209403877134007
