== dirs multi n=4096 valuesFor: ordered vs hashed
A: 125.4 ns per operation (median)
B: 41.54 ns per operation (median)
A needs 201% more time than B: B takes only 0.33 times as long as A.
With 95% confidence the difference lies between 200% and 203% more time (B takes between 0.33 and 0.33 times as long as A).
Noise floor: 0.572%. Identical code measured against itself on this setup can look that different, so smaller differences mean nothing.
Neighbouring measurements are correlated (autocorrelation +0.39), so they were resampled in blocks of 3.

Verdict: RESOLVED. A is slower than B: the difference is real, as its interval excludes zero and it exceeds the noise floor.

Warnings:
  - the program holds 93 MB of live data, more than the caches of many machines; for data that size, where it lies in memory can shift the result by several points in ways the interval does not cover, and differently in the next process; run the comparison in several processes with the multiproc package

== dirs multi n=4096 valuesFor: ordered vs btree-sets
A: 130.5 ns per operation (median)
B: 213.3 ns per operation (median)
A needs 36.3% less time than B: B takes 1.57 times as long as A.
With 95% confidence the difference lies between 35.8% and 40.8% less time (B takes between 1.56 and 1.69 times as long as A).
Noise floor: 4.51%. Identical code measured against itself on this setup can look that different, so smaller differences mean nothing.
Neighbouring measurements are nearly independent (autocorrelation -0.66), so they were resampled one by one.

Verdict: RESOLVED. A is faster than B: the difference is real, as its interval excludes zero and it exceeds the noise floor.

Warnings:
  - the program holds 93 MB of live data, more than the caches of many machines; for data that size, where it lies in memory can shift the result by several points in ways the interval does not cover, and differently in the next process; run the comparison in several processes with the multiproc package

== dirs multi n=4096 valuesFor: ordered vs map-sets
A: 127.8 ns per operation (median)
B: 86.29 ns per operation (median)
A needs 47.4% more time than B: B takes only 0.68 times as long as A.
With 95% confidence the difference lies between 46% and 48.8% more time (B takes between 0.672 and 0.68 times as long as A).
Noise floor: 0.985%. Identical code measured against itself on this setup can look that different, so smaller differences mean nothing.
Neighbouring measurements are nearly independent (autocorrelation +0.06), so they were resampled one by one.

Verdict: RESOLVED. A is slower than B: the difference is real, as its interval excludes zero and it exceeds the noise floor.

Warnings:
  - the program holds 93 MB of live data, more than the caches of many machines; for data that size, where it lies in memory can shift the result by several points in ways the interval does not cover, and differently in the next process; run the comparison in several processes with the multiproc package

== dirs multi n=4096 valuesBetween: ordered vs hashed
A: 3910 ns per operation (median)
B: 7.956e+04 ns per operation (median)
A needs 95.1% less time than B: B takes 20.43 times as long as A.
With 95% confidence the difference lies between 95% and 95.2% less time (B takes between 19.9 and 20.66 times as long as A).
Noise floor: 0.481%. Identical code measured against itself on this setup can look that different, so smaller differences mean nothing.
Neighbouring measurements are correlated (autocorrelation +0.26), so they were resampled in blocks of 3.

Verdict: RESOLVED. A is faster than B: the difference is real, as its interval excludes zero and it exceeds the noise floor.

Warnings:
  - the program holds 115 MB of live data, more than the caches of many machines; for data that size, where it lies in memory can shift the result by several points in ways the interval does not cover, and differently in the next process; run the comparison in several processes with the multiproc package

== dirs multi n=4096 valuesBetween: ordered vs btree-sets
A: 3876 ns per operation (median)
B: 6289 ns per operation (median)
A needs 38.4% less time than B: B takes 1.62 times as long as A.
With 95% confidence the difference lies between 37.5% and 39.2% less time (B takes between 1.6 and 1.65 times as long as A).
Noise floor: 1.24%. Identical code measured against itself on this setup can look that different, so smaller differences mean nothing.
Neighbouring measurements are nearly independent (autocorrelation -0.08), so they were resampled one by one.

Verdict: RESOLVED. A is faster than B: the difference is real, as its interval excludes zero and it exceeds the noise floor.

Warnings:
  - the program holds 115 MB of live data, more than the caches of many machines; for data that size, where it lies in memory can shift the result by several points in ways the interval does not cover, and differently in the next process; run the comparison in several processes with the multiproc package
  - in 50% of A/A runs this setup reported a difference between identical code, well above the 10% expected; treat any confidence from it with suspicion

== dirs multi n=4096 valuesBetween: ordered vs map-sets
A: 3959 ns per operation (median)
B: 7.749e+04 ns per operation (median)
A needs 94.9% less time than B: B takes 19.70 times as long as A.
With 95% confidence the difference lies between 94.8% and 95% less time (B takes between 19.3 and 20.02 times as long as A).
Noise floor: 0.425%. Identical code measured against itself on this setup can look that different, so smaller differences mean nothing.
Neighbouring measurements are nearly independent (autocorrelation +0.16), so they were resampled one by one.

Verdict: RESOLVED. A is faster than B: the difference is real, as its interval excludes zero and it exceeds the noise floor.

Warnings:
  - the program holds 115 MB of live data, more than the caches of many machines; for data that size, where it lies in memory can shift the result by several points in ways the interval does not cover, and differently in the next process; run the comparison in several processes with the multiproc package
  - candidate B drifted during the run: its measurements were 0.464% lower in the second half than in the first, so the machine did not hold still

== dirs multi n=4096 prefix: ordered vs hashed
A: 4538 ns per operation (median)
B: 7.858e+04 ns per operation (median)
A needs 94.2% less time than B: B takes 17.21 times as long as A.
With 95% confidence the difference lies between 93.8% and 94.5% less time (B takes between 16.1 and 18.33 times as long as A).
Noise floor: 14.5%. Identical code measured against itself on this setup can look that different, so smaller differences mean nothing.
Neighbouring measurements are nearly independent (autocorrelation -0.03), so they were resampled one by one.

Verdict: RESOLVED. A is faster than B: the difference is real, as its interval excludes zero and it exceeds the noise floor.

Warnings:
  - the program holds 115 MB of live data, more than the caches of many machines; for data that size, where it lies in memory can shift the result by several points in ways the interval does not cover, and differently in the next process; run the comparison in several processes with the multiproc package
  - in 100% of A/A runs this setup reported a difference between identical code, well above the 10% expected; treat any confidence from it with suspicion

== dirs multi n=4096 prefix: ordered vs btree-sets
A: 4471 ns per operation (median)
B: 8671 ns per operation (median)
A needs 47.8% less time than B: B takes 1.91 times as long as A.
With 95% confidence the difference lies between 41.5% and 51.8% less time (B takes between 1.71 and 2.08 times as long as A).
Noise floor: 2.49%. Identical code measured against itself on this setup can look that different, so smaller differences mean nothing.
Neighbouring measurements are nearly independent (autocorrelation -0.02), so they were resampled one by one.

Verdict: RESOLVED. A is faster than B: the difference is real, as its interval excludes zero and it exceeds the noise floor.

Warnings:
  - the program holds 115 MB of live data, more than the caches of many machines; for data that size, where it lies in memory can shift the result by several points in ways the interval does not cover, and differently in the next process; run the comparison in several processes with the multiproc package

== dirs multi n=4096 prefix: ordered vs map-sets
A: 4593 ns per operation (median)
B: 7.82e+04 ns per operation (median)
A needs 94.1% less time than B: B takes 16.85 times as long as A.
With 95% confidence the difference lies between 93.9% and 94.8% less time (B takes between 16.3 and 19.19 times as long as A).
Noise floor: 1.77%. Identical code measured against itself on this setup can look that different, so smaller differences mean nothing.
Neighbouring measurements are nearly independent (autocorrelation -0.04), so they were resampled one by one.

Verdict: RESOLVED. A is faster than B: the difference is real, as its interval excludes zero and it exceeds the noise floor.

Warnings:
  - the program holds 115 MB of live data, more than the caches of many machines; for data that size, where it lies in memory can shift the result by several points in ways the interval does not cover, and differently in the next process; run the comparison in several processes with the multiproc package

== dirs multi n=4096 churn and build: ordered vs hashed
steady state, per insertion or deletion in a structure of 12775 elements (cycle of 33454 operations, first pass untimed):
  A: 207.5 ns per operation (median)
  B: 79.27 ns per operation (median)
  A needs 161% more time than B: B takes only 0.38 times as long as A.
  With 95% confidence the difference lies between 158% and 165% more time (B takes between 0.377 and 0.39 times as long as A).
  Noise floor: 0.434%. Identical code measured against itself on this setup can look that different, so smaller differences mean nothing.
  Neighbouring measurements are nearly independent (autocorrelation +0.16), so they were resampled one by one.
  
  Verdict: RESOLVED. A is slower than B: the difference is real, as its interval excludes zero and it exceeds the noise floor.
  
  Warnings:
    - the program holds 118 MB of live data, more than the caches of many machines; for data that size, where it lies in memory can shift the result by several points in ways the interval does not cover, and differently in the next process; run the comparison in several processes with the multiproc package

build from empty to 12775 elements, per whole build (45983 operations):
  A: 1.014e+07 ns per operation (median)
  B: 4.366e+06 ns per operation (median)
  A needs 133% more time than B: B takes only 0.43 times as long as A.
  With 95% confidence the difference lies between 130% and 136% more time (B takes between 0.424 and 0.43 times as long as A).
  Noise floor: 0.741%. Identical code measured against itself on this setup can look that different, so smaller differences mean nothing.
  Neighbouring measurements are nearly independent (autocorrelation +0.03), so they were resampled one by one.
  
  Verdict: RESOLVED. A is slower than B: the difference is real, as its interval excludes zero and it exceeds the noise floor.
  
  Warnings:
    - the program holds 116 MB of live data, more than the caches of many machines; for data that size, where it lies in memory can shift the result by several points in ways the interval does not cover, and differently in the next process; run the comparison in several processes with the multiproc package

== dirs multi n=4096 churn and build: ordered vs btree-sets
steady state, per insertion or deletion in a structure of 12775 elements (cycle of 33454 operations, first pass untimed):
  A: 212.3 ns per operation (median)
  B: 282.3 ns per operation (median)
  A needs 25.5% less time than B: B takes 1.34 times as long as A.
  With 95% confidence the difference lies between 22.1% and 26.6% less time (B takes between 1.28 and 1.36 times as long as A).
  Noise floor: 2.18%. Identical code measured against itself on this setup can look that different, so smaller differences mean nothing.
  Neighbouring measurements are nearly independent (autocorrelation -0.27), so they were resampled one by one.
  
  Verdict: RESOLVED. A is faster than B: the difference is real, as its interval excludes zero and it exceeds the noise floor.
  
  Warnings:
    - the program holds 119 MB of live data, more than the caches of many machines; for data that size, where it lies in memory can shift the result by several points in ways the interval does not cover, and differently in the next process; run the comparison in several processes with the multiproc package

build from empty to 12775 elements, per whole build (45983 operations):
  A: 1.024e+07 ns per operation (median)
  B: 1.413e+07 ns per operation (median)
  A needs 27.4% less time than B: B takes 1.38 times as long as A.
  With 95% confidence the difference lies between 27% and 28% less time (B takes between 1.37 and 1.39 times as long as A).
  Noise floor: 0.832%. Identical code measured against itself on this setup can look that different, so smaller differences mean nothing.
  Neighbouring measurements are nearly independent (autocorrelation +0.06), so they were resampled one by one.
  
  Verdict: RESOLVED. A is faster than B: the difference is real, as its interval excludes zero and it exceeds the noise floor.
  
  Warnings:
    - the program holds 116 MB of live data, more than the caches of many machines; for data that size, where it lies in memory can shift the result by several points in ways the interval does not cover, and differently in the next process; run the comparison in several processes with the multiproc package

== dirs multi n=4096 churn and build: ordered vs map-sets
steady state, per insertion or deletion in a structure of 12775 elements (cycle of 33454 operations, first pass untimed):
  A: 211.2 ns per operation (median)
  B: 87.66 ns per operation (median)
  A needs 141% more time than B: B takes only 0.42 times as long as A.
  With 95% confidence the difference lies between 138% and 146% more time (B takes between 0.407 and 0.42 times as long as A).
  Noise floor: 0.603%. Identical code measured against itself on this setup can look that different, so smaller differences mean nothing.
  Neighbouring measurements are nearly independent (autocorrelation +0.10), so they were resampled one by one.
  
  Verdict: RESOLVED. A is slower than B: the difference is real, as its interval excludes zero and it exceeds the noise floor.
  
  Warnings:
    - the program holds 120 MB of live data, more than the caches of many machines; for data that size, where it lies in memory can shift the result by several points in ways the interval does not cover, and differently in the next process; run the comparison in several processes with the multiproc package
    - candidate A drifted during the run: its measurements were 4.32% lower in the second half than in the first, so the machine did not hold still
    - candidate B drifted during the run: its measurements were 11% lower in the second half than in the first, so the machine did not hold still
    - the ratio B/A was 7.46% lower in the second half of the run than in the first, so the candidates had not reached a steady state and the difference depends on how long the run was; a common cause is a head start for whichever candidate ran alone last before the comparison or had its data built last, which a longer CollectOptions.WarmupDuration removes

build from empty to 12775 elements, per whole build (45983 operations):
  A: 1.035e+07 ns per operation (median)
  B: 5.128e+06 ns per operation (median)
  A needs 101% more time than B: B takes only 0.50 times as long as A.
  With 95% confidence the difference lies between 98.4% and 104% more time (B takes between 0.49 and 0.50 times as long as A).
  Noise floor: 0.731%. Identical code measured against itself on this setup can look that different, so smaller differences mean nothing.
  Neighbouring measurements are correlated (autocorrelation +0.22), so they were resampled in blocks of 3.
  
  Verdict: RESOLVED. A is slower than B: the difference is real, as its interval excludes zero and it exceeds the noise floor.
  
  Warnings:
    - the program holds 116 MB of live data, more than the caches of many machines; for data that size, where it lies in memory can shift the result by several points in ways the interval does not cover, and differently in the next process; run the comparison in several processes with the multiproc package

checksum 6282337558028530862
== dirs multi n=4096 valuesFor: ordered vs hashed
A: 127 ns per operation (median)
B: 42.43 ns per operation (median)
A needs 195% more time than B: B takes only 0.34 times as long as A.
With 95% confidence the difference lies between 185% and 200% more time (B takes between 0.333 and 0.35 times as long as A).
Noise floor: 1.09%. Identical code measured against itself on this setup can look that different, so smaller differences mean nothing.
Neighbouring measurements are nearly independent (autocorrelation -0.19), so they were resampled one by one.

Verdict: RESOLVED. A is slower than B: the difference is real, as its interval excludes zero and it exceeds the noise floor.

Warnings:
  - the program holds 109 MB of live data, more than the caches of many machines; for data that size, where it lies in memory can shift the result by several points in ways the interval does not cover, and differently in the next process; run the comparison in several processes with the multiproc package

== dirs multi n=4096 valuesFor: ordered vs btree-sets
A: 129.5 ns per operation (median)
B: 207.3 ns per operation (median)
A needs 36.7% less time than B: B takes 1.58 times as long as A.
With 95% confidence the difference lies between 35.5% and 40.9% less time (B takes between 1.55 and 1.69 times as long as A).
Noise floor: 3.06%. Identical code measured against itself on this setup can look that different, so smaller differences mean nothing.
Neighbouring measurements are nearly independent (autocorrelation -0.68), so they were resampled one by one.

Verdict: RESOLVED. A is faster than B: the difference is real, as its interval excludes zero and it exceeds the noise floor.

Warnings:
  - the program holds 109 MB of live data, more than the caches of many machines; for data that size, where it lies in memory can shift the result by several points in ways the interval does not cover, and differently in the next process; run the comparison in several processes with the multiproc package

== dirs multi n=4096 valuesFor: ordered vs map-sets
A: 127.5 ns per operation (median)
B: 86.44 ns per operation (median)
A needs 47.5% more time than B: B takes only 0.68 times as long as A.
With 95% confidence the difference lies between 44.4% and 49.4% more time (B takes between 0.669 and 0.69 times as long as A).
Noise floor: 1.88%. Identical code measured against itself on this setup can look that different, so smaller differences mean nothing.
Neighbouring measurements are nearly independent (autocorrelation +0.12), so they were resampled one by one.

Verdict: RESOLVED. A is slower than B: the difference is real, as its interval excludes zero and it exceeds the noise floor.

Warnings:
  - the program holds 109 MB of live data, more than the caches of many machines; for data that size, where it lies in memory can shift the result by several points in ways the interval does not cover, and differently in the next process; run the comparison in several processes with the multiproc package

== dirs multi n=4096 valuesBetween: ordered vs hashed
A: 3915 ns per operation (median)
B: 7.963e+04 ns per operation (median)
A needs 95.1% less time than B: B takes 20.34 times as long as A.
With 95% confidence the difference lies between 95% and 95.2% less time (B takes between 20.1 and 20.65 times as long as A).
Noise floor: 0.645%. Identical code measured against itself on this setup can look that different, so smaller differences mean nothing.
Neighbouring measurements are nearly independent (autocorrelation +0.08), so they were resampled one by one.

Verdict: RESOLVED. A is faster than B: the difference is real, as its interval excludes zero and it exceeds the noise floor.

Warnings:
  - the program holds 109 MB of live data, more than the caches of many machines; for data that size, where it lies in memory can shift the result by several points in ways the interval does not cover, and differently in the next process; run the comparison in several processes with the multiproc package
  - candidate B drifted during the run: its measurements were 1.42% higher in the second half than in the first, so the machine did not hold still

== dirs multi n=4096 valuesBetween: ordered vs btree-sets
A: 3889 ns per operation (median)
B: 6348 ns per operation (median)
A needs 38.5% less time than B: B takes 1.63 times as long as A.
With 95% confidence the difference lies between 38.1% and 39.4% less time (B takes between 1.61 and 1.65 times as long as A).
Noise floor: 0.466%. Identical code measured against itself on this setup can look that different, so smaller differences mean nothing.
Neighbouring measurements are nearly independent (autocorrelation -0.12), so they were resampled one by one.

Verdict: RESOLVED. A is faster than B: the difference is real, as its interval excludes zero and it exceeds the noise floor.

Warnings:
  - the program holds 109 MB of live data, more than the caches of many machines; for data that size, where it lies in memory can shift the result by several points in ways the interval does not cover, and differently in the next process; run the comparison in several processes with the multiproc package

== dirs multi n=4096 valuesBetween: ordered vs map-sets
A: 3953 ns per operation (median)
B: 7.708e+04 ns per operation (median)
A needs 94.9% less time than B: B takes 19.51 times as long as A.
With 95% confidence the difference lies between 94.8% and 95% less time (B takes between 19.3 and 19.93 times as long as A).
Noise floor: 0.754%. Identical code measured against itself on this setup can look that different, so smaller differences mean nothing.
Neighbouring measurements are nearly independent (autocorrelation +0.10), so they were resampled one by one.

Verdict: RESOLVED. A is faster than B: the difference is real, as its interval excludes zero and it exceeds the noise floor.

Warnings:
  - the program holds 109 MB of live data, more than the caches of many machines; for data that size, where it lies in memory can shift the result by several points in ways the interval does not cover, and differently in the next process; run the comparison in several processes with the multiproc package

== dirs multi n=4096 prefix: ordered vs hashed
A: 4450 ns per operation (median)
B: 7.866e+04 ns per operation (median)
A needs 94.3% less time than B: B takes 17.62 times as long as A.
With 95% confidence the difference lies between 94% and 94.7% less time (B takes between 16.8 and 18.80 times as long as A).
Noise floor: 13.8%. Identical code measured against itself on this setup can look that different, so smaller differences mean nothing.
Neighbouring measurements are nearly independent (autocorrelation +0.18), so they were resampled one by one.

Verdict: RESOLVED. A is faster than B: the difference is real, as its interval excludes zero and it exceeds the noise floor.

Warnings:
  - the program holds 109 MB of live data, more than the caches of many machines; for data that size, where it lies in memory can shift the result by several points in ways the interval does not cover, and differently in the next process; run the comparison in several processes with the multiproc package
  - in 50% of A/A runs this setup reported a difference between identical code, well above the 10% expected; treat any confidence from it with suspicion

== dirs multi n=4096 prefix: ordered vs btree-sets
A: 4628 ns per operation (median)
B: 8783 ns per operation (median)
A needs 47.8% less time than B: B takes 1.92 times as long as A.
With 95% confidence the difference lies between 43.7% and 51.7% less time (B takes between 1.78 and 2.07 times as long as A).
Noise floor: 4.15%. Identical code measured against itself on this setup can look that different, so smaller differences mean nothing.
Neighbouring measurements are nearly independent (autocorrelation -0.00), so they were resampled one by one.

Verdict: RESOLVED. A is faster than B: the difference is real, as its interval excludes zero and it exceeds the noise floor.

Warnings:
  - the program holds 109 MB of live data, more than the caches of many machines; for data that size, where it lies in memory can shift the result by several points in ways the interval does not cover, and differently in the next process; run the comparison in several processes with the multiproc package

== dirs multi n=4096 prefix: ordered vs map-sets
A: 4554 ns per operation (median)
B: 7.902e+04 ns per operation (median)
A needs 94.3% less time than B: B takes 17.45 times as long as A.
With 95% confidence the difference lies between 94% and 94.6% less time (B takes between 16.6 and 18.54 times as long as A).
Noise floor: 3.45%. Identical code measured against itself on this setup can look that different, so smaller differences mean nothing.
Neighbouring measurements are nearly independent (autocorrelation +0.07), so they were resampled one by one.

Verdict: RESOLVED. A is faster than B: the difference is real, as its interval excludes zero and it exceeds the noise floor.

Warnings:
  - the program holds 109 MB of live data, more than the caches of many machines; for data that size, where it lies in memory can shift the result by several points in ways the interval does not cover, and differently in the next process; run the comparison in several processes with the multiproc package

== dirs multi n=4096 churn and build: ordered vs hashed
steady state, per insertion or deletion in a structure of 12775 elements (cycle of 33454 operations, first pass untimed):
  A: 210.9 ns per operation (median)
  B: 80.62 ns per operation (median)
  A needs 162% more time than B: B takes only 0.38 times as long as A.
  With 95% confidence the difference lies between 160% and 164% more time (B takes between 0.378 and 0.38 times as long as A).
  Noise floor: 0.536%. Identical code measured against itself on this setup can look that different, so smaller differences mean nothing.
  Neighbouring measurements are nearly independent (autocorrelation +0.03), so they were resampled one by one.
  
  Verdict: RESOLVED. A is slower than B: the difference is real, as its interval excludes zero and it exceeds the noise floor.
  
  Warnings:
    - the program holds 118 MB of live data, more than the caches of many machines; for data that size, where it lies in memory can shift the result by several points in ways the interval does not cover, and differently in the next process; run the comparison in several processes with the multiproc package

build from empty to 12775 elements, per whole build (45983 operations):
  A: 1.038e+07 ns per operation (median)
  B: 4.403e+06 ns per operation (median)
  A needs 133% more time than B: B takes only 0.43 times as long as A.
  With 95% confidence the difference lies between 131% and 136% more time (B takes between 0.423 and 0.43 times as long as A).
  Noise floor: 0.826%. Identical code measured against itself on this setup can look that different, so smaller differences mean nothing.
  Neighbouring measurements are nearly independent (autocorrelation -0.02), so they were resampled one by one.
  
  Verdict: RESOLVED. A is slower than B: the difference is real, as its interval excludes zero and it exceeds the noise floor.
  
  Warnings:
    - the program holds 116 MB of live data, more than the caches of many machines; for data that size, where it lies in memory can shift the result by several points in ways the interval does not cover, and differently in the next process; run the comparison in several processes with the multiproc package

== dirs multi n=4096 churn and build: ordered vs btree-sets
steady state, per insertion or deletion in a structure of 12775 elements (cycle of 33454 operations, first pass untimed):
  A: 214.4 ns per operation (median)
  B: 285.7 ns per operation (median)
  A needs 24.7% less time than B: B takes 1.33 times as long as A.
  With 95% confidence the difference lies between 22.5% and 26.4% less time (B takes between 1.29 and 1.36 times as long as A).
  Noise floor: 2.09%. Identical code measured against itself on this setup can look that different, so smaller differences mean nothing.
  Neighbouring measurements are nearly independent (autocorrelation -0.33), so they were resampled one by one.
  
  Verdict: RESOLVED. A is faster than B: the difference is real, as its interval excludes zero and it exceeds the noise floor.
  
  Warnings:
    - the program holds 119 MB of live data, more than the caches of many machines; for data that size, where it lies in memory can shift the result by several points in ways the interval does not cover, and differently in the next process; run the comparison in several processes with the multiproc package

build from empty to 12775 elements, per whole build (45983 operations):
  A: 1.033e+07 ns per operation (median)
  B: 1.406e+07 ns per operation (median)
  A needs 26.7% less time than B: B takes 1.36 times as long as A.
  With 95% confidence the difference lies between 26.2% and 27.1% less time (B takes between 1.36 and 1.37 times as long as A).
  Noise floor: 1.65%. Identical code measured against itself on this setup can look that different, so smaller differences mean nothing.
  Neighbouring measurements are correlated (autocorrelation +0.30), so they were resampled in blocks of 3.
  
  Verdict: RESOLVED. A is faster than B: the difference is real, as its interval excludes zero and it exceeds the noise floor.
  
  Warnings:
    - the program holds 116 MB of live data, more than the caches of many machines; for data that size, where it lies in memory can shift the result by several points in ways the interval does not cover, and differently in the next process; run the comparison in several processes with the multiproc package
    - in 50% of A/A runs this setup reported a difference between identical code, well above the 10% expected; treat any confidence from it with suspicion

== dirs multi n=4096 churn and build: ordered vs map-sets
steady state, per insertion or deletion in a structure of 12775 elements (cycle of 33454 operations, first pass untimed):
  A: 211 ns per operation (median)
  B: 85.62 ns per operation (median)
  A needs 147% more time than B: B takes only 0.41 times as long as A.
  With 95% confidence the difference lies between 145% and 150% more time (B takes between 0.399 and 0.41 times as long as A).
  Noise floor: 0.399%. Identical code measured against itself on this setup can look that different, so smaller differences mean nothing.
  Neighbouring measurements are correlated (autocorrelation +0.26), so they were resampled in blocks of 3.
  
  Verdict: RESOLVED. A is slower than B: the difference is real, as its interval excludes zero and it exceeds the noise floor.
  
  Warnings:
    - the program holds 119 MB of live data, more than the caches of many machines; for data that size, where it lies in memory can shift the result by several points in ways the interval does not cover, and differently in the next process; run the comparison in several processes with the multiproc package
    - candidate A drifted during the run: its measurements were 3.17% higher in the second half than in the first, so the machine did not hold still
    - candidate B drifted during the run: its measurements were 6.65% higher in the second half than in the first, so the machine did not hold still

build from empty to 12775 elements, per whole build (45983 operations):
  A: 1.024e+07 ns per operation (median)
  B: 5.045e+06 ns per operation (median)
  A needs 103% more time than B: B takes only 0.49 times as long as A.
  With 95% confidence the difference lies between 98.7% and 105% more time (B takes between 0.487 and 0.50 times as long as A).
  Noise floor: 0.281%. Identical code measured against itself on this setup can look that different, so smaller differences mean nothing.
  Neighbouring measurements are nearly independent (autocorrelation -0.08), so they were resampled one by one.
  
  Verdict: RESOLVED. A is slower than B: the difference is real, as its interval excludes zero and it exceeds the noise floor.
  
  Warnings:
    - the program holds 116 MB of live data, more than the caches of many machines; for data that size, where it lies in memory can shift the result by several points in ways the interval does not cover, and differently in the next process; run the comparison in several processes with the multiproc package

checksum 8361489449327970465
== dirs multi n=4096 valuesFor: ordered vs hashed
A: 125.1 ns per operation (median)
B: 41.58 ns per operation (median)
A needs 203% more time than B: B takes only 0.33 times as long as A.
With 95% confidence the difference lies between 198% and 205% more time (B takes between 0.328 and 0.34 times as long as A).
Noise floor: 0.346%. Identical code measured against itself on this setup can look that different, so smaller differences mean nothing.
Neighbouring measurements are nearly independent (autocorrelation -0.26), so they were resampled one by one.

Verdict: RESOLVED. A is slower than B: the difference is real, as its interval excludes zero and it exceeds the noise floor.

Warnings:
  - the program holds 95 MB of live data, more than the caches of many machines; for data that size, where it lies in memory can shift the result by several points in ways the interval does not cover, and differently in the next process; run the comparison in several processes with the multiproc package

== dirs multi n=4096 valuesFor: ordered vs btree-sets
A: 130.9 ns per operation (median)
B: 215.7 ns per operation (median)
A needs 39.2% less time than B: B takes 1.64 times as long as A.
With 95% confidence the difference lies between 36% and 41% less time (B takes between 1.56 and 1.70 times as long as A).
Noise floor: 2.06%. Identical code measured against itself on this setup can look that different, so smaller differences mean nothing.
Neighbouring measurements are nearly independent (autocorrelation -0.65), so they were resampled one by one.

Verdict: RESOLVED. A is faster than B: the difference is real, as its interval excludes zero and it exceeds the noise floor.

Warnings:
  - the program holds 95 MB of live data, more than the caches of many machines; for data that size, where it lies in memory can shift the result by several points in ways the interval does not cover, and differently in the next process; run the comparison in several processes with the multiproc package
  - candidate A drifted during the run: its measurements were 2.66% higher in the second half than in the first, so the machine did not hold still
  - candidate B drifted during the run: its measurements were 6.96% higher in the second half than in the first, so the machine did not hold still

== dirs multi n=4096 valuesFor: ordered vs map-sets
A: 126.8 ns per operation (median)
B: 86.14 ns per operation (median)
A needs 46.9% more time than B: B takes only 0.68 times as long as A.
With 95% confidence the difference lies between 45.7% and 48.6% more time (B takes between 0.673 and 0.69 times as long as A).
Noise floor: 1.29%. Identical code measured against itself on this setup can look that different, so smaller differences mean nothing.
Neighbouring measurements are nearly independent (autocorrelation +0.01), so they were resampled one by one.

Verdict: RESOLVED. A is slower than B: the difference is real, as its interval excludes zero and it exceeds the noise floor.

Warnings:
  - the program holds 95 MB of live data, more than the caches of many machines; for data that size, where it lies in memory can shift the result by several points in ways the interval does not cover, and differently in the next process; run the comparison in several processes with the multiproc package

== dirs multi n=4096 valuesBetween: ordered vs hashed
A: 3901 ns per operation (median)
B: 7.923e+04 ns per operation (median)
A needs 95.1% less time than B: B takes 20.23 times as long as A.
With 95% confidence the difference lies between 95% and 95.2% less time (B takes between 20 and 20.66 times as long as A).
Noise floor: 1.25%. Identical code measured against itself on this setup can look that different, so smaller differences mean nothing.
Neighbouring measurements are nearly independent (autocorrelation +0.09), so they were resampled one by one.

Verdict: RESOLVED. A is faster than B: the difference is real, as its interval excludes zero and it exceeds the noise floor.

Warnings:
  - the program holds 95 MB of live data, more than the caches of many machines; for data that size, where it lies in memory can shift the result by several points in ways the interval does not cover, and differently in the next process; run the comparison in several processes with the multiproc package

== dirs multi n=4096 valuesBetween: ordered vs btree-sets
A: 3938 ns per operation (median)
B: 6432 ns per operation (median)
A needs 39% less time than B: B takes 1.64 times as long as A.
With 95% confidence the difference lies between 38% and 40% less time (B takes between 1.61 and 1.67 times as long as A).
Noise floor: 0.921%. Identical code measured against itself on this setup can look that different, so smaller differences mean nothing.
Neighbouring measurements are nearly independent (autocorrelation -0.03), so they were resampled one by one.

Verdict: RESOLVED. A is faster than B: the difference is real, as its interval excludes zero and it exceeds the noise floor.

Warnings:
  - the program holds 95 MB of live data, more than the caches of many machines; for data that size, where it lies in memory can shift the result by several points in ways the interval does not cover, and differently in the next process; run the comparison in several processes with the multiproc package

== dirs multi n=4096 valuesBetween: ordered vs map-sets
A: 3910 ns per operation (median)
B: 7.736e+04 ns per operation (median)
A needs 94.9% less time than B: B takes 19.79 times as long as A.
With 95% confidence the difference lies between 94.8% and 95% less time (B takes between 19.4 and 20.08 times as long as A).
Noise floor: 1.47%. Identical code measured against itself on this setup can look that different, so smaller differences mean nothing.
Neighbouring measurements are nearly independent (autocorrelation +0.18), so they were resampled one by one.

Verdict: RESOLVED. A is faster than B: the difference is real, as its interval excludes zero and it exceeds the noise floor.

Warnings:
  - the program holds 117 MB of live data, more than the caches of many machines; for data that size, where it lies in memory can shift the result by several points in ways the interval does not cover, and differently in the next process; run the comparison in several processes with the multiproc package

== dirs multi n=4096 prefix: ordered vs hashed
A: 4446 ns per operation (median)
B: 7.894e+04 ns per operation (median)
A needs 94.3% less time than B: B takes 17.66 times as long as A.
With 95% confidence the difference lies between 93.9% and 94.5% less time (B takes between 16.5 and 18.13 times as long as A).
Noise floor: 0.745%. Identical code measured against itself on this setup can look that different, so smaller differences mean nothing.
Neighbouring measurements are correlated (autocorrelation +0.42), so they were resampled in blocks of 3.

Verdict: RESOLVED. A is faster than B: the difference is real, as its interval excludes zero and it exceeds the noise floor.

Warnings:
  - the program holds 117 MB of live data, more than the caches of many machines; for data that size, where it lies in memory can shift the result by several points in ways the interval does not cover, and differently in the next process; run the comparison in several processes with the multiproc package

== dirs multi n=4096 prefix: ordered vs btree-sets
A: 4467 ns per operation (median)
B: 8692 ns per operation (median)
A needs 47.6% less time than B: B takes 1.91 times as long as A.
With 95% confidence the difference lies between 43% and 49.7% less time (B takes between 1.75 and 1.99 times as long as A).
Noise floor: 3.66%. Identical code measured against itself on this setup can look that different, so smaller differences mean nothing.
Neighbouring measurements are nearly independent (autocorrelation -0.01), so they were resampled one by one.

Verdict: RESOLVED. A is faster than B: the difference is real, as its interval excludes zero and it exceeds the noise floor.

Warnings:
  - the program holds 117 MB of live data, more than the caches of many machines; for data that size, where it lies in memory can shift the result by several points in ways the interval does not cover, and differently in the next process; run the comparison in several processes with the multiproc package

== dirs multi n=4096 prefix: ordered vs map-sets
A: 4593 ns per operation (median)
B: 7.866e+04 ns per operation (median)
A needs 94.1% less time than B: B takes 17.00 times as long as A.
With 95% confidence the difference lies between 93.9% and 94.8% less time (B takes between 16.5 and 19.12 times as long as A).
Noise floor: 1.94%. Identical code measured against itself on this setup can look that different, so smaller differences mean nothing.
Neighbouring measurements are nearly independent (autocorrelation +0.10), so they were resampled one by one.

Verdict: RESOLVED. A is faster than B: the difference is real, as its interval excludes zero and it exceeds the noise floor.

Warnings:
  - the program holds 117 MB of live data, more than the caches of many machines; for data that size, where it lies in memory can shift the result by several points in ways the interval does not cover, and differently in the next process; run the comparison in several processes with the multiproc package

== dirs multi n=4096 churn and build: ordered vs hashed
steady state, per insertion or deletion in a structure of 12775 elements (cycle of 33454 operations, first pass untimed):
  A: 207 ns per operation (median)
  B: 78.8 ns per operation (median)
  A needs 164% more time than B: B takes only 0.38 times as long as A.
  With 95% confidence the difference lies between 161% and 167% more time (B takes between 0.374 and 0.38 times as long as A).
  Noise floor: 0.281%. Identical code measured against itself on this setup can look that different, so smaller differences mean nothing.
  Neighbouring measurements are correlated (autocorrelation +0.47), so they were resampled in blocks of 3.
  
  Verdict: RESOLVED. A is slower than B: the difference is real, as its interval excludes zero and it exceeds the noise floor.
  
  Warnings:
    - the program holds 119 MB of live data, more than the caches of many machines; for data that size, where it lies in memory can shift the result by several points in ways the interval does not cover, and differently in the next process; run the comparison in several processes with the multiproc package
    - 5.8% of bootstrap replicates tied, so the measurement is coarse relative to the question; lower CollectOptions.MaxQuantizationError to lengthen the batches

build from empty to 12775 elements, per whole build (45983 operations):
  A: 1.032e+07 ns per operation (median)
  B: 4.447e+06 ns per operation (median)
  A needs 131% more time than B: B takes only 0.43 times as long as A.
  With 95% confidence the difference lies between 128% and 137% more time (B takes between 0.421 and 0.44 times as long as A).
  Noise floor: 0.959%. Identical code measured against itself on this setup can look that different, so smaller differences mean nothing.
  Neighbouring measurements are nearly independent (autocorrelation -0.15), so they were resampled one by one.
  
  Verdict: RESOLVED. A is slower than B: the difference is real, as its interval excludes zero and it exceeds the noise floor.
  
  Warnings:
    - the program holds 116 MB of live data, more than the caches of many machines; for data that size, where it lies in memory can shift the result by several points in ways the interval does not cover, and differently in the next process; run the comparison in several processes with the multiproc package
    - in 50% of A/A runs this setup reported a difference between identical code, well above the 10% expected; treat any confidence from it with suspicion

== dirs multi n=4096 churn and build: ordered vs btree-sets
steady state, per insertion or deletion in a structure of 12775 elements (cycle of 33454 operations, first pass untimed):
  A: 213.3 ns per operation (median)
  B: 283.4 ns per operation (median)
  A needs 25.1% less time than B: B takes 1.33 times as long as A.
  With 95% confidence the difference lies between 23.6% and 26.9% less time (B takes between 1.31 and 1.37 times as long as A).
  Noise floor: 1.54%. Identical code measured against itself on this setup can look that different, so smaller differences mean nothing.
  Neighbouring measurements are nearly independent (autocorrelation -0.27), so they were resampled one by one.
  
  Verdict: RESOLVED. A is faster than B: the difference is real, as its interval excludes zero and it exceeds the noise floor.
  
  Warnings:
    - the program holds 119 MB of live data, more than the caches of many machines; for data that size, where it lies in memory can shift the result by several points in ways the interval does not cover, and differently in the next process; run the comparison in several processes with the multiproc package

build from empty to 12775 elements, per whole build (45983 operations):
  A: 1.025e+07 ns per operation (median)
  B: 1.418e+07 ns per operation (median)
  A needs 27.4% less time than B: B takes 1.38 times as long as A.
  With 95% confidence the difference lies between 27.2% and 27.9% less time (B takes between 1.37 and 1.39 times as long as A).
  Noise floor: 0.835%. Identical code measured against itself on this setup can look that different, so smaller differences mean nothing.
  Neighbouring measurements are nearly independent (autocorrelation -0.11), so they were resampled one by one.
  
  Verdict: RESOLVED. A is faster than B: the difference is real, as its interval excludes zero and it exceeds the noise floor.
  
  Warnings:
    - the program holds 116 MB of live data, more than the caches of many machines; for data that size, where it lies in memory can shift the result by several points in ways the interval does not cover, and differently in the next process; run the comparison in several processes with the multiproc package
    - candidate A drifted during the run: its measurements were 1.35% lower in the second half than in the first, so the machine did not hold still
    - in 50% of A/A runs this setup reported a difference between identical code, well above the 10% expected; treat any confidence from it with suspicion

== dirs multi n=4096 churn and build: ordered vs map-sets
steady state, per insertion or deletion in a structure of 12775 elements (cycle of 33454 operations, first pass untimed):
  A: 207.9 ns per operation (median)
  B: 83.8 ns per operation (median)
  A needs 147% more time than B: B takes only 0.40 times as long as A.
  With 95% confidence the difference lies between 146% and 150% more time (B takes between 0.4 and 0.41 times as long as A).
  Noise floor: 0.524%. Identical code measured against itself on this setup can look that different, so smaller differences mean nothing.
  Neighbouring measurements are correlated (autocorrelation +0.44), so they were resampled in blocks of 3.
  
  Verdict: RESOLVED. A is slower than B: the difference is real, as its interval excludes zero and it exceeds the noise floor.
  
  Warnings:
    - the program holds 119 MB of live data, more than the caches of many machines; for data that size, where it lies in memory can shift the result by several points in ways the interval does not cover, and differently in the next process; run the comparison in several processes with the multiproc package

build from empty to 12775 elements, per whole build (45983 operations):
  A: 1.031e+07 ns per operation (median)
  B: 5.079e+06 ns per operation (median)
  A needs 102% more time than B: B takes only 0.49 times as long as A.
  With 95% confidence the difference lies between 99.4% and 104% more time (B takes between 0.49 and 0.50 times as long as A).
  Noise floor: 0.696%. Identical code measured against itself on this setup can look that different, so smaller differences mean nothing.
  Neighbouring measurements are nearly independent (autocorrelation +0.01), so they were resampled one by one.
  
  Verdict: RESOLVED. A is slower than B: the difference is real, as its interval excludes zero and it exceeds the noise floor.
  
  Warnings:
    - the program holds 116 MB of live data, more than the caches of many machines; for data that size, where it lies in memory can shift the result by several points in ways the interval does not cover, and differently in the next process; run the comparison in several processes with the multiproc package
    - in 50% of A/A runs this setup reported a difference between identical code, well above the 10% expected; treat any confidence from it with suspicion

checksum 15359033364422113461
== dirs multi n=4096 valuesFor: ordered vs hashed
A: 126.7 ns per operation (median)
B: 41.77 ns per operation (median)
A needs 203% more time than B: B takes only 0.33 times as long as A.
With 95% confidence the difference lies between 197% and 207% more time (B takes between 0.326 and 0.34 times as long as A).
Noise floor: 0.913%. Identical code measured against itself on this setup can look that different, so smaller differences mean nothing.
Neighbouring measurements are nearly independent (autocorrelation -0.32), so they were resampled one by one.

Verdict: RESOLVED. A is slower than B: the difference is real, as its interval excludes zero and it exceeds the noise floor.

Warnings:
  - the program holds 110 MB of live data, more than the caches of many machines; for data that size, where it lies in memory can shift the result by several points in ways the interval does not cover, and differently in the next process; run the comparison in several processes with the multiproc package

== dirs multi n=4096 valuesFor: ordered vs btree-sets
A: 130.5 ns per operation (median)
B: 213.6 ns per operation (median)
A needs 38.2% less time than B: B takes 1.62 times as long as A.
With 95% confidence the difference lies between 35.7% and 41% less time (B takes between 1.55 and 1.70 times as long as A).
Noise floor: 1.78%. Identical code measured against itself on this setup can look that different, so smaller differences mean nothing.
Neighbouring measurements are nearly independent (autocorrelation -0.73), so they were resampled one by one.

Verdict: RESOLVED. A is faster than B: the difference is real, as its interval excludes zero and it exceeds the noise floor.

Warnings:
  - the program holds 110 MB of live data, more than the caches of many machines; for data that size, where it lies in memory can shift the result by several points in ways the interval does not cover, and differently in the next process; run the comparison in several processes with the multiproc package

== dirs multi n=4096 valuesFor: ordered vs map-sets
A: 127 ns per operation (median)
B: 85.63 ns per operation (median)
A needs 47.8% more time than B: B takes only 0.68 times as long as A.
With 95% confidence the difference lies between 46.7% and 48.8% more time (B takes between 0.672 and 0.68 times as long as A).
Noise floor: 0.582%. Identical code measured against itself on this setup can look that different, so smaller differences mean nothing.
Neighbouring measurements are nearly independent (autocorrelation -0.11), so they were resampled one by one.

Verdict: RESOLVED. A is slower than B: the difference is real, as its interval excludes zero and it exceeds the noise floor.

Warnings:
  - the program holds 110 MB of live data, more than the caches of many machines; for data that size, where it lies in memory can shift the result by several points in ways the interval does not cover, and differently in the next process; run the comparison in several processes with the multiproc package
  - in 50% of A/A runs this setup reported a difference between identical code, well above the 10% expected; treat any confidence from it with suspicion

== dirs multi n=4096 valuesBetween: ordered vs hashed
A: 3895 ns per operation (median)
B: 7.936e+04 ns per operation (median)
A needs 95.1% less time than B: B takes 20.44 times as long as A.
With 95% confidence the difference lies between 95% and 95.2% less time (B takes between 20.1 and 20.64 times as long as A).
Noise floor: 1.31%. Identical code measured against itself on this setup can look that different, so smaller differences mean nothing.
Neighbouring measurements are nearly independent (autocorrelation +0.16), so they were resampled one by one.

Verdict: RESOLVED. A is faster than B: the difference is real, as its interval excludes zero and it exceeds the noise floor.

Warnings:
  - the program holds 110 MB of live data, more than the caches of many machines; for data that size, where it lies in memory can shift the result by several points in ways the interval does not cover, and differently in the next process; run the comparison in several processes with the multiproc package

== dirs multi n=4096 valuesBetween: ordered vs btree-sets
A: 3913 ns per operation (median)
B: 6327 ns per operation (median)
A needs 38.5% less time than B: B takes 1.63 times as long as A.
With 95% confidence the difference lies between 37.8% and 39.2% less time (B takes between 1.61 and 1.64 times as long as A).
Noise floor: 1.47%. Identical code measured against itself on this setup can look that different, so smaller differences mean nothing.
Neighbouring measurements are nearly independent (autocorrelation -0.22), so they were resampled one by one.

Verdict: RESOLVED. A is faster than B: the difference is real, as its interval excludes zero and it exceeds the noise floor.

Warnings:
  - the program holds 110 MB of live data, more than the caches of many machines; for data that size, where it lies in memory can shift the result by several points in ways the interval does not cover, and differently in the next process; run the comparison in several processes with the multiproc package

== dirs multi n=4096 valuesBetween: ordered vs map-sets
A: 3988 ns per operation (median)
B: 7.777e+04 ns per operation (median)
A needs 94.9% less time than B: B takes 19.57 times as long as A.
With 95% confidence the difference lies between 94.8% and 94.9% less time (B takes between 19.4 and 19.74 times as long as A).
Noise floor: 1.37%. Identical code measured against itself on this setup can look that different, so smaller differences mean nothing.
Neighbouring measurements are correlated (autocorrelation +0.41), so they were resampled in blocks of 3.

Verdict: RESOLVED. A is faster than B: the difference is real, as its interval excludes zero and it exceeds the noise floor.

Warnings:
  - the program holds 110 MB of live data, more than the caches of many machines; for data that size, where it lies in memory can shift the result by several points in ways the interval does not cover, and differently in the next process; run the comparison in several processes with the multiproc package
  - 6.5% of bootstrap replicates tied, so the measurement is coarse relative to the question; lower CollectOptions.MaxQuantizationError to lengthen the batches

== dirs multi n=4096 prefix: ordered vs hashed
A: 4509 ns per operation (median)
B: 7.886e+04 ns per operation (median)
A needs 94.3% less time than B: B takes 17.61 times as long as A.
With 95% confidence the difference lies between 94% and 94.5% less time (B takes between 16.6 and 18.19 times as long as A).
Noise floor: 1.23%. Identical code measured against itself on this setup can look that different, so smaller differences mean nothing.
Neighbouring measurements are correlated (autocorrelation +0.26), so they were resampled in blocks of 3.

Verdict: RESOLVED. A is faster than B: the difference is real, as its interval excludes zero and it exceeds the noise floor.

Warnings:
  - the program holds 110 MB of live data, more than the caches of many machines; for data that size, where it lies in memory can shift the result by several points in ways the interval does not cover, and differently in the next process; run the comparison in several processes with the multiproc package

== dirs multi n=4096 prefix: ordered vs btree-sets
A: 4471 ns per operation (median)
B: 8559 ns per operation (median)
A needs 45.6% less time than B: B takes 1.84 times as long as A.
With 95% confidence the difference lies between 40.8% and 53.2% less time (B takes between 1.69 and 2.13 times as long as A).
Noise floor: 2.37%. Identical code measured against itself on this setup can look that different, so smaller differences mean nothing.
Neighbouring measurements are nearly independent (autocorrelation -0.06), so they were resampled one by one.

Verdict: RESOLVED. A is faster than B: the difference is real, as its interval excludes zero and it exceeds the noise floor.

Warnings:
  - the program holds 110 MB of live data, more than the caches of many machines; for data that size, where it lies in memory can shift the result by several points in ways the interval does not cover, and differently in the next process; run the comparison in several processes with the multiproc package

== dirs multi n=4096 prefix: ordered vs map-sets
A: 4534 ns per operation (median)
B: 7.879e+04 ns per operation (median)
A needs 94.2% less time than B: B takes 17.35 times as long as A.
With 95% confidence the difference lies between 94% and 94.5% less time (B takes between 16.6 and 18.15 times as long as A).
Noise floor: 1.66%. Identical code measured against itself on this setup can look that different, so smaller differences mean nothing.
Neighbouring measurements are nearly independent (autocorrelation +0.10), so they were resampled one by one.

Verdict: RESOLVED. A is faster than B: the difference is real, as its interval excludes zero and it exceeds the noise floor.

Warnings:
  - the program holds 110 MB of live data, more than the caches of many machines; for data that size, where it lies in memory can shift the result by several points in ways the interval does not cover, and differently in the next process; run the comparison in several processes with the multiproc package

== dirs multi n=4096 churn and build: ordered vs hashed
steady state, per insertion or deletion in a structure of 12775 elements (cycle of 33454 operations, first pass untimed):
  A: 205.9 ns per operation (median)
  B: 78.78 ns per operation (median)
  A needs 161% more time than B: B takes only 0.38 times as long as A.
  With 95% confidence the difference lies between 159% and 164% more time (B takes between 0.379 and 0.39 times as long as A).
  Noise floor: 0.527%. Identical code measured against itself on this setup can look that different, so smaller differences mean nothing.
  Neighbouring measurements are nearly independent (autocorrelation +0.08), so they were resampled one by one.
  
  Verdict: RESOLVED. A is slower than B: the difference is real, as its interval excludes zero and it exceeds the noise floor.
  
  Warnings:
    - the program holds 119 MB of live data, more than the caches of many machines; for data that size, where it lies in memory can shift the result by several points in ways the interval does not cover, and differently in the next process; run the comparison in several processes with the multiproc package

build from empty to 12775 elements, per whole build (45983 operations):
  A: 1.036e+07 ns per operation (median)
  B: 4.456e+06 ns per operation (median)
  A needs 134% more time than B: B takes only 0.43 times as long as A.
  With 95% confidence the difference lies between 129% and 138% more time (B takes between 0.421 and 0.44 times as long as A).
  Noise floor: 0.989%. Identical code measured against itself on this setup can look that different, so smaller differences mean nothing.
  Neighbouring measurements are nearly independent (autocorrelation +0.16), so they were resampled one by one.
  
  Verdict: RESOLVED. A is slower than B: the difference is real, as its interval excludes zero and it exceeds the noise floor.
  
  Warnings:
    - the program holds 116 MB of live data, more than the caches of many machines; for data that size, where it lies in memory can shift the result by several points in ways the interval does not cover, and differently in the next process; run the comparison in several processes with the multiproc package
    - in 50% of A/A runs this setup reported a difference between identical code, well above the 10% expected; treat any confidence from it with suspicion

== dirs multi n=4096 churn and build: ordered vs btree-sets
steady state, per insertion or deletion in a structure of 12775 elements (cycle of 33454 operations, first pass untimed):
  A: 213.3 ns per operation (median)
  B: 284.3 ns per operation (median)
  A needs 25.4% less time than B: B takes 1.34 times as long as A.
  With 95% confidence the difference lies between 22.4% and 26.9% less time (B takes between 1.29 and 1.37 times as long as A).
  Noise floor: 0.948%. Identical code measured against itself on this setup can look that different, so smaller differences mean nothing.
  Neighbouring measurements are nearly independent (autocorrelation -0.23), so they were resampled one by one.
  
  Verdict: RESOLVED. A is faster than B: the difference is real, as its interval excludes zero and it exceeds the noise floor.
  
  Warnings:
    - the program holds 119 MB of live data, more than the caches of many machines; for data that size, where it lies in memory can shift the result by several points in ways the interval does not cover, and differently in the next process; run the comparison in several processes with the multiproc package

build from empty to 12775 elements, per whole build (45983 operations):
  A: 1.026e+07 ns per operation (median)
  B: 1.41e+07 ns per operation (median)
  A needs 26.8% less time than B: B takes 1.37 times as long as A.
  With 95% confidence the difference lies between 26.2% and 28.5% less time (B takes between 1.35 and 1.40 times as long as A).
  Noise floor: 0.634%. Identical code measured against itself on this setup can look that different, so smaller differences mean nothing.
  Neighbouring measurements are correlated (autocorrelation +0.20), so they were resampled in blocks of 3.
  
  Verdict: RESOLVED. A is faster than B: the difference is real, as its interval excludes zero and it exceeds the noise floor.
  
  Warnings:
    - the program holds 116 MB of live data, more than the caches of many machines; for data that size, where it lies in memory can shift the result by several points in ways the interval does not cover, and differently in the next process; run the comparison in several processes with the multiproc package

== dirs multi n=4096 churn and build: ordered vs map-sets
steady state, per insertion or deletion in a structure of 12775 elements (cycle of 33454 operations, first pass untimed):
  A: 209.2 ns per operation (median)
  B: 86.06 ns per operation (median)
  A needs 145% more time than B: B takes only 0.41 times as long as A.
  With 95% confidence the difference lies between 141% and 146% more time (B takes between 0.406 and 0.41 times as long as A).
  Noise floor: 0.467%. Identical code measured against itself on this setup can look that different, so smaller differences mean nothing.
  Neighbouring measurements are correlated (autocorrelation +0.27), so they were resampled in blocks of 3.
  
  Verdict: RESOLVED. A is slower than B: the difference is real, as its interval excludes zero and it exceeds the noise floor.
  
  Warnings:
    - the program holds 120 MB of live data, more than the caches of many machines; for data that size, where it lies in memory can shift the result by several points in ways the interval does not cover, and differently in the next process; run the comparison in several processes with the multiproc package
    - candidate B drifted during the run: its measurements were 3.03% lower in the second half than in the first, so the machine did not hold still

build from empty to 12775 elements, per whole build (45983 operations):
  A: 1.059e+07 ns per operation (median)
  B: 5.047e+06 ns per operation (median)
  A needs 110% more time than B: B takes only 0.48 times as long as A.
  With 95% confidence the difference lies between 103% and 111% more time (B takes between 0.474 and 0.49 times as long as A).
  Noise floor: 1.09%. Identical code measured against itself on this setup can look that different, so smaller differences mean nothing.
  Neighbouring measurements are correlated (autocorrelation +0.32), so they were resampled in blocks of 3.
  
  Verdict: RESOLVED. A is slower than B: the difference is real, as its interval excludes zero and it exceeds the noise floor.
  
  Warnings:
    - the program holds 116 MB of live data, more than the caches of many machines; for data that size, where it lies in memory can shift the result by several points in ways the interval does not cover, and differently in the next process; run the comparison in several processes with the multiproc package

checksum 7337168472967324811
== dirs multi n=4096 valuesFor: ordered vs hashed
A: 125.1 ns per operation (median)
B: 41.42 ns per operation (median)
A needs 204% more time than B: B takes only 0.33 times as long as A.
With 95% confidence the difference lies between 199% and 204% more time (B takes between 0.328 and 0.33 times as long as A).
Noise floor: 0.424%. Identical code measured against itself on this setup can look that different, so smaller differences mean nothing.
Neighbouring measurements are nearly independent (autocorrelation -0.31), so they were resampled one by one.

Verdict: RESOLVED. A is slower than B: the difference is real, as its interval excludes zero and it exceeds the noise floor.

Warnings:
  - the program holds 109 MB of live data, more than the caches of many machines; for data that size, where it lies in memory can shift the result by several points in ways the interval does not cover, and differently in the next process; run the comparison in several processes with the multiproc package
  - 6.1% of bootstrap replicates tied, so the measurement is coarse relative to the question; lower CollectOptions.MaxQuantizationError to lengthen the batches

== dirs multi n=4096 valuesFor: ordered vs btree-sets
A: 128.8 ns per operation (median)
B: 209.4 ns per operation (median)
A needs 38% less time than B: B takes 1.61 times as long as A.
With 95% confidence the difference lies between 36% and 41.3% less time (B takes between 1.56 and 1.70 times as long as A).
Noise floor: 4.63%. Identical code measured against itself on this setup can look that different, so smaller differences mean nothing.
Neighbouring measurements are nearly independent (autocorrelation +0.02), so they were resampled one by one.

Verdict: RESOLVED. A is faster than B: the difference is real, as its interval excludes zero and it exceeds the noise floor.

Warnings:
  - the program holds 109 MB of live data, more than the caches of many machines; for data that size, where it lies in memory can shift the result by several points in ways the interval does not cover, and differently in the next process; run the comparison in several processes with the multiproc package

== dirs multi n=4096 valuesFor: ordered vs map-sets
A: 126.1 ns per operation (median)
B: 86.09 ns per operation (median)
A needs 47.4% more time than B: B takes only 0.68 times as long as A.
With 95% confidence the difference lies between 46.2% and 48.7% more time (B takes between 0.673 and 0.68 times as long as A).
Noise floor: 0.489%. Identical code measured against itself on this setup can look that different, so smaller differences mean nothing.
Neighbouring measurements are nearly independent (autocorrelation -0.15), so they were resampled one by one.

Verdict: RESOLVED. A is slower than B: the difference is real, as its interval excludes zero and it exceeds the noise floor.

Warnings:
  - the program holds 109 MB of live data, more than the caches of many machines; for data that size, where it lies in memory can shift the result by several points in ways the interval does not cover, and differently in the next process; run the comparison in several processes with the multiproc package

== dirs multi n=4096 valuesBetween: ordered vs hashed
A: 3910 ns per operation (median)
B: 7.917e+04 ns per operation (median)
A needs 95.1% less time than B: B takes 20.41 times as long as A.
With 95% confidence the difference lies between 95% and 95.2% less time (B takes between 20.2 and 20.78 times as long as A).
Noise floor: 0.85%. Identical code measured against itself on this setup can look that different, so smaller differences mean nothing.
Neighbouring measurements are nearly independent (autocorrelation +0.07), so they were resampled one by one.

Verdict: RESOLVED. A is faster than B: the difference is real, as its interval excludes zero and it exceeds the noise floor.

Warnings:
  - the program holds 109 MB of live data, more than the caches of many machines; for data that size, where it lies in memory can shift the result by several points in ways the interval does not cover, and differently in the next process; run the comparison in several processes with the multiproc package

== dirs multi n=4096 valuesBetween: ordered vs btree-sets
A: 3943 ns per operation (median)
B: 6409 ns per operation (median)
A needs 38.3% less time than B: B takes 1.62 times as long as A.
With 95% confidence the difference lies between 37.6% and 38.7% less time (B takes between 1.6 and 1.63 times as long as A).
Noise floor: 1.16%. Identical code measured against itself on this setup can look that different, so smaller differences mean nothing.
Neighbouring measurements are nearly independent (autocorrelation -0.17), so they were resampled one by one.

Verdict: RESOLVED. A is faster than B: the difference is real, as its interval excludes zero and it exceeds the noise floor.

Warnings:
  - the program holds 109 MB of live data, more than the caches of many machines; for data that size, where it lies in memory can shift the result by several points in ways the interval does not cover, and differently in the next process; run the comparison in several processes with the multiproc package
  - candidate A drifted during the run: its measurements were 2.64% lower in the second half than in the first, so the machine did not hold still
  - the ratio B/A was 1.33% higher in the second half of the run than in the first, so the candidates had not reached a steady state and the difference depends on how long the run was; a common cause is a head start for whichever candidate ran alone last before the comparison or had its data built last, which a longer CollectOptions.WarmupDuration removes
  - in 50% of A/A runs this setup reported a difference between identical code, well above the 10% expected; treat any confidence from it with suspicion

== dirs multi n=4096 valuesBetween: ordered vs map-sets
A: 3891 ns per operation (median)
B: 7.765e+04 ns per operation (median)
A needs 95% less time than B: B takes 19.92 times as long as A.
With 95% confidence the difference lies between 94.9% and 95% less time (B takes between 19.6 and 20.04 times as long as A).
Noise floor: 0.983%. Identical code measured against itself on this setup can look that different, so smaller differences mean nothing.
Neighbouring measurements are correlated (autocorrelation +0.40), so they were resampled in blocks of 3.

Verdict: RESOLVED. A is faster than B: the difference is real, as its interval excludes zero and it exceeds the noise floor.

Warnings:
  - the program holds 109 MB of live data, more than the caches of many machines; for data that size, where it lies in memory can shift the result by several points in ways the interval does not cover, and differently in the next process; run the comparison in several processes with the multiproc package

== dirs multi n=4096 prefix: ordered vs hashed
A: 4514 ns per operation (median)
B: 7.848e+04 ns per operation (median)
A needs 94.2% less time than B: B takes 17.18 times as long as A.
With 95% confidence the difference lies between 93.9% and 94.7% less time (B takes between 16.5 and 18.88 times as long as A).
Noise floor: 3.04%. Identical code measured against itself on this setup can look that different, so smaller differences mean nothing.
Neighbouring measurements are correlated (autocorrelation +0.20), so they were resampled in blocks of 3.

Verdict: RESOLVED. A is faster than B: the difference is real, as its interval excludes zero and it exceeds the noise floor.

Warnings:
  - the program holds 109 MB of live data, more than the caches of many machines; for data that size, where it lies in memory can shift the result by several points in ways the interval does not cover, and differently in the next process; run the comparison in several processes with the multiproc package

== dirs multi n=4096 prefix: ordered vs btree-sets
A: 4454 ns per operation (median)
B: 8729 ns per operation (median)
A needs 48.4% less time than B: B takes 1.94 times as long as A.
With 95% confidence the difference lies between 41.8% and 51.1% less time (B takes between 1.72 and 2.05 times as long as A).
Noise floor: 4.34%. Identical code measured against itself on this setup can look that different, so smaller differences mean nothing.
Neighbouring measurements are nearly independent (autocorrelation -0.00), so they were resampled one by one.

Verdict: RESOLVED. A is faster than B: the difference is real, as its interval excludes zero and it exceeds the noise floor.

Warnings:
  - the program holds 109 MB of live data, more than the caches of many machines; for data that size, where it lies in memory can shift the result by several points in ways the interval does not cover, and differently in the next process; run the comparison in several processes with the multiproc package

== dirs multi n=4096 prefix: ordered vs map-sets
A: 4513 ns per operation (median)
B: 7.917e+04 ns per operation (median)
A needs 94.2% less time than B: B takes 17.30 times as long as A.
With 95% confidence the difference lies between 94.1% and 94.8% less time (B takes between 17 and 19.12 times as long as A).
Noise floor: 1.39%. Identical code measured against itself on this setup can look that different, so smaller differences mean nothing.
Neighbouring measurements are nearly independent (autocorrelation +0.02), so they were resampled one by one.

Verdict: RESOLVED. A is faster than B: the difference is real, as its interval excludes zero and it exceeds the noise floor.

Warnings:
  - the program holds 109 MB of live data, more than the caches of many machines; for data that size, where it lies in memory can shift the result by several points in ways the interval does not cover, and differently in the next process; run the comparison in several processes with the multiproc package

== dirs multi n=4096 churn and build: ordered vs hashed
steady state, per insertion or deletion in a structure of 12775 elements (cycle of 33454 operations, first pass untimed):
  A: 212.6 ns per operation (median)
  B: 81.75 ns per operation (median)
  A needs 160% more time than B: B takes only 0.39 times as long as A.
  With 95% confidence the difference lies between 152% and 163% more time (B takes between 0.38 and 0.40 times as long as A).
  Noise floor: 0.244%. Identical code measured against itself on this setup can look that different, so smaller differences mean nothing.
  Neighbouring measurements are correlated (autocorrelation +0.22), so they were resampled in blocks of 3.
  
  Verdict: RESOLVED. A is slower than B: the difference is real, as its interval excludes zero and it exceeds the noise floor.
  
  Warnings:
    - the program holds 119 MB of live data, more than the caches of many machines; for data that size, where it lies in memory can shift the result by several points in ways the interval does not cover, and differently in the next process; run the comparison in several processes with the multiproc package

build from empty to 12775 elements, per whole build (45983 operations):
  A: 1.025e+07 ns per operation (median)
  B: 4.389e+06 ns per operation (median)
  A needs 133% more time than B: B takes only 0.43 times as long as A.
  With 95% confidence the difference lies between 130% and 134% more time (B takes between 0.427 and 0.43 times as long as A).
  Noise floor: 0.44%. Identical code measured against itself on this setup can look that different, so smaller differences mean nothing.
  Neighbouring measurements are nearly independent (autocorrelation +0.03), so they were resampled one by one.
  
  Verdict: RESOLVED. A is slower than B: the difference is real, as its interval excludes zero and it exceeds the noise floor.
  
  Warnings:
    - the program holds 116 MB of live data, more than the caches of many machines; for data that size, where it lies in memory can shift the result by several points in ways the interval does not cover, and differently in the next process; run the comparison in several processes with the multiproc package

== dirs multi n=4096 churn and build: ordered vs btree-sets
steady state, per insertion or deletion in a structure of 12775 elements (cycle of 33454 operations, first pass untimed):
  A: 214.2 ns per operation (median)
  B: 284.3 ns per operation (median)
  A needs 25.1% less time than B: B takes 1.33 times as long as A.
  With 95% confidence the difference lies between 22.5% and 26.5% less time (B takes between 1.29 and 1.36 times as long as A).
  Noise floor: 0.5%. Identical code measured against itself on this setup can look that different, so smaller differences mean nothing.
  Neighbouring measurements are nearly independent (autocorrelation -0.29), so they were resampled one by one.
  
  Verdict: RESOLVED. A is faster than B: the difference is real, as its interval excludes zero and it exceeds the noise floor.
  
  Warnings:
    - the program holds 119 MB of live data, more than the caches of many machines; for data that size, where it lies in memory can shift the result by several points in ways the interval does not cover, and differently in the next process; run the comparison in several processes with the multiproc package

build from empty to 12775 elements, per whole build (45983 operations):
  A: 1.025e+07 ns per operation (median)
  B: 1.399e+07 ns per operation (median)
  A needs 26.5% less time than B: B takes 1.36 times as long as A.
  With 95% confidence the difference lies between 25.9% and 27.8% less time (B takes between 1.35 and 1.38 times as long as A).
  Noise floor: 0.757%. Identical code measured against itself on this setup can look that different, so smaller differences mean nothing.
  Neighbouring measurements are nearly independent (autocorrelation +0.19), so they were resampled one by one.
  
  Verdict: RESOLVED. A is faster than B: the difference is real, as its interval excludes zero and it exceeds the noise floor.
  
  Warnings:
    - the program holds 116 MB of live data, more than the caches of many machines; for data that size, where it lies in memory can shift the result by several points in ways the interval does not cover, and differently in the next process; run the comparison in several processes with the multiproc package

== dirs multi n=4096 churn and build: ordered vs map-sets
steady state, per insertion or deletion in a structure of 12775 elements (cycle of 33454 operations, first pass untimed):
  A: 206.8 ns per operation (median)
  B: 84.35 ns per operation (median)
  A needs 146% more time than B: B takes only 0.41 times as long as A.
  With 95% confidence the difference lies between 144% and 150% more time (B takes between 0.401 and 0.41 times as long as A).
  Noise floor: 0.918%. Identical code measured against itself on this setup can look that different, so smaller differences mean nothing.
  Neighbouring measurements are nearly independent (autocorrelation +0.01), so they were resampled one by one.
  
  Verdict: RESOLVED. A is slower than B: the difference is real, as its interval excludes zero and it exceeds the noise floor.
  
  Warnings:
    - the program holds 121 MB of live data, more than the caches of many machines; for data that size, where it lies in memory can shift the result by several points in ways the interval does not cover, and differently in the next process; run the comparison in several processes with the multiproc package

build from empty to 12775 elements, per whole build (45983 operations):
  A: 1.027e+07 ns per operation (median)
  B: 5.1e+06 ns per operation (median)
  A needs 99.9% more time than B: B takes only 0.50 times as long as A.
  With 95% confidence the difference lies between 97.4% and 106% more time (B takes between 0.486 and 0.51 times as long as A).
  Noise floor: 1.03%. Identical code measured against itself on this setup can look that different, so smaller differences mean nothing.
  Neighbouring measurements are nearly independent (autocorrelation -0.03), so they were resampled one by one.
  
  Verdict: RESOLVED. A is slower than B: the difference is real, as its interval excludes zero and it exceeds the noise floor.
  
  Warnings:
    - the program holds 116 MB of live data, more than the caches of many machines; for data that size, where it lies in memory can shift the result by several points in ways the interval does not cover, and differently in the next process; run the comparison in several processes with the multiproc package
    - in 100% of A/A runs this setup reported a difference between identical code, well above the 10% expected; treat any confidence from it with suspicion

checksum 16114589603943872795
== dirs multi n=4096 valuesFor: ordered vs hashed
A: 126.7 ns per operation (median)
B: 41.52 ns per operation (median)
A needs 202% more time than B: B takes only 0.33 times as long as A.
With 95% confidence the difference lies between 198% and 208% more time (B takes between 0.324 and 0.34 times as long as A).
Noise floor: 0.612%. Identical code measured against itself on this setup can look that different, so smaller differences mean nothing.
Neighbouring measurements are nearly independent (autocorrelation -0.33), so they were resampled one by one.

Verdict: RESOLVED. A is slower than B: the difference is real, as its interval excludes zero and it exceeds the noise floor.

Warnings:
  - the program holds 90 MB of live data, more than the caches of many machines; for data that size, where it lies in memory can shift the result by several points in ways the interval does not cover, and differently in the next process; run the comparison in several processes with the multiproc package

== dirs multi n=4096 valuesFor: ordered vs btree-sets
A: 130.1 ns per operation (median)
B: 211.6 ns per operation (median)
A needs 38.7% less time than B: B takes 1.63 times as long as A.
With 95% confidence the difference lies between 35.9% and 40.7% less time (B takes between 1.56 and 1.69 times as long as A).
Noise floor: 3.18%. Identical code measured against itself on this setup can look that different, so smaller differences mean nothing.
Neighbouring measurements are nearly independent (autocorrelation -0.66), so they were resampled one by one.

Verdict: RESOLVED. A is faster than B: the difference is real, as its interval excludes zero and it exceeds the noise floor.

Warnings:
  - the program holds 90 MB of live data, more than the caches of many machines; for data that size, where it lies in memory can shift the result by several points in ways the interval does not cover, and differently in the next process; run the comparison in several processes with the multiproc package

== dirs multi n=4096 valuesFor: ordered vs map-sets
A: 127 ns per operation (median)
B: 86.47 ns per operation (median)
A needs 47.5% more time than B: B takes only 0.68 times as long as A.
With 95% confidence the difference lies between 45.7% and 49% more time (B takes between 0.671 and 0.69 times as long as A).
Noise floor: 0.266%. Identical code measured against itself on this setup can look that different, so smaller differences mean nothing.
Neighbouring measurements are nearly independent (autocorrelation +0.08), so they were resampled one by one.

Verdict: RESOLVED. A is slower than B: the difference is real, as its interval excludes zero and it exceeds the noise floor.

Warnings:
  - the program holds 116 MB of live data, more than the caches of many machines; for data that size, where it lies in memory can shift the result by several points in ways the interval does not cover, and differently in the next process; run the comparison in several processes with the multiproc package

== dirs multi n=4096 valuesBetween: ordered vs hashed
A: 3900 ns per operation (median)
B: 7.916e+04 ns per operation (median)
A needs 95.1% less time than B: B takes 20.32 times as long as A.
With 95% confidence the difference lies between 95% and 95.1% less time (B takes between 20 and 20.52 times as long as A).
Noise floor: 0.941%. Identical code measured against itself on this setup can look that different, so smaller differences mean nothing.
Neighbouring measurements are nearly independent (autocorrelation +0.09), so they were resampled one by one.

Verdict: RESOLVED. A is faster than B: the difference is real, as its interval excludes zero and it exceeds the noise floor.

Warnings:
  - the program holds 116 MB of live data, more than the caches of many machines; for data that size, where it lies in memory can shift the result by several points in ways the interval does not cover, and differently in the next process; run the comparison in several processes with the multiproc package

== dirs multi n=4096 valuesBetween: ordered vs btree-sets
A: 3895 ns per operation (median)
B: 6369 ns per operation (median)
A needs 39.2% less time than B: B takes 1.64 times as long as A.
With 95% confidence the difference lies between 38.3% and 39.8% less time (B takes between 1.62 and 1.66 times as long as A).
Noise floor: 0.874%. Identical code measured against itself on this setup can look that different, so smaller differences mean nothing.
Neighbouring measurements are nearly independent (autocorrelation -0.20), so they were resampled one by one.

Verdict: RESOLVED. A is faster than B: the difference is real, as its interval excludes zero and it exceeds the noise floor.

Warnings:
  - the program holds 116 MB of live data, more than the caches of many machines; for data that size, where it lies in memory can shift the result by several points in ways the interval does not cover, and differently in the next process; run the comparison in several processes with the multiproc package

== dirs multi n=4096 valuesBetween: ordered vs map-sets
A: 3980 ns per operation (median)
B: 7.774e+04 ns per operation (median)
A needs 94.9% less time than B: B takes 19.72 times as long as A.
With 95% confidence the difference lies between 94.8% and 95% less time (B takes between 19.3 and 20.09 times as long as A).
Noise floor: 1.64%. Identical code measured against itself on this setup can look that different, so smaller differences mean nothing.
Neighbouring measurements are correlated (autocorrelation +0.31), so they were resampled in blocks of 3.

Verdict: RESOLVED. A is faster than B: the difference is real, as its interval excludes zero and it exceeds the noise floor.

Warnings:
  - the program holds 116 MB of live data, more than the caches of many machines; for data that size, where it lies in memory can shift the result by several points in ways the interval does not cover, and differently in the next process; run the comparison in several processes with the multiproc package
  - candidate A drifted during the run: its measurements were 2.81% higher in the second half than in the first, so the machine did not hold still

== dirs multi n=4096 prefix: ordered vs hashed
A: 4556 ns per operation (median)
B: 7.802e+04 ns per operation (median)
A needs 94.1% less time than B: B takes 16.95 times as long as A.
With 95% confidence the difference lies between 93.9% and 94.4% less time (B takes between 16.4 and 17.91 times as long as A).
Noise floor: 11.2%. Identical code measured against itself on this setup can look that different, so smaller differences mean nothing.
Neighbouring measurements are correlated (autocorrelation +0.24), so they were resampled in blocks of 3.

Verdict: RESOLVED. A is faster than B: the difference is real, as its interval excludes zero and it exceeds the noise floor.

Warnings:
  - the program holds 116 MB of live data, more than the caches of many machines; for data that size, where it lies in memory can shift the result by several points in ways the interval does not cover, and differently in the next process; run the comparison in several processes with the multiproc package
  - in 50% of A/A runs this setup reported a difference between identical code, well above the 10% expected; treat any confidence from it with suspicion

== dirs multi n=4096 prefix: ordered vs btree-sets
A: 4388 ns per operation (median)
B: 8673 ns per operation (median)
A needs 46.3% less time than B: B takes 1.86 times as long as A.
With 95% confidence the difference lies between 44.1% and 50.4% less time (B takes between 1.79 and 2.01 times as long as A).
Noise floor: 7.05%. Identical code measured against itself on this setup can look that different, so smaller differences mean nothing.
Neighbouring measurements are nearly independent (autocorrelation -0.25), so they were resampled one by one.

Verdict: RESOLVED. A is faster than B: the difference is real, as its interval excludes zero and it exceeds the noise floor.

Warnings:
  - the program holds 116 MB of live data, more than the caches of many machines; for data that size, where it lies in memory can shift the result by several points in ways the interval does not cover, and differently in the next process; run the comparison in several processes with the multiproc package
  - in 100% of A/A runs this setup reported a difference between identical code, well above the 10% expected; treat any confidence from it with suspicion

== dirs multi n=4096 prefix: ordered vs map-sets
A: 4466 ns per operation (median)
B: 7.844e+04 ns per operation (median)
A needs 94.3% less time than B: B takes 17.43 times as long as A.
With 95% confidence the difference lies between 94% and 94.7% less time (B takes between 16.7 and 18.87 times as long as A).
Noise floor: 11.2%. Identical code measured against itself on this setup can look that different, so smaller differences mean nothing.
Neighbouring measurements are nearly independent (autocorrelation -0.00), so they were resampled one by one.

Verdict: RESOLVED. A is faster than B: the difference is real, as its interval excludes zero and it exceeds the noise floor.

Warnings:
  - the program holds 116 MB of live data, more than the caches of many machines; for data that size, where it lies in memory can shift the result by several points in ways the interval does not cover, and differently in the next process; run the comparison in several processes with the multiproc package
  - in 50% of A/A runs this setup reported a difference between identical code, well above the 10% expected; treat any confidence from it with suspicion

== dirs multi n=4096 churn and build: ordered vs hashed
steady state, per insertion or deletion in a structure of 12775 elements (cycle of 33454 operations, first pass untimed):
  A: 207.5 ns per operation (median)
  B: 78.76 ns per operation (median)
  A needs 165% more time than B: B takes only 0.38 times as long as A.
  With 95% confidence the difference lies between 163% and 167% more time (B takes between 0.374 and 0.38 times as long as A).
  Noise floor: 0.659%. Identical code measured against itself on this setup can look that different, so smaller differences mean nothing.
  Neighbouring measurements are correlated (autocorrelation +0.24), so they were resampled in blocks of 3.
  
  Verdict: RESOLVED. A is slower than B: the difference is real, as its interval excludes zero and it exceeds the noise floor.
  
  Warnings:
    - the program holds 118 MB of live data, more than the caches of many machines; for data that size, where it lies in memory can shift the result by several points in ways the interval does not cover, and differently in the next process; run the comparison in several processes with the multiproc package

build from empty to 12775 elements, per whole build (45983 operations):
  A: 1.03e+07 ns per operation (median)
  B: 4.393e+06 ns per operation (median)
  A needs 133% more time than B: B takes only 0.43 times as long as A.
  With 95% confidence the difference lies between 130% and 135% more time (B takes between 0.425 and 0.43 times as long as A).
  Noise floor: 1.34%. Identical code measured against itself on this setup can look that different, so smaller differences mean nothing.
  Neighbouring measurements are nearly independent (autocorrelation -0.06), so they were resampled one by one.
  
  Verdict: RESOLVED. A is slower than B: the difference is real, as its interval excludes zero and it exceeds the noise floor.
  
  Warnings:
    - the program holds 116 MB of live data, more than the caches of many machines; for data that size, where it lies in memory can shift the result by several points in ways the interval does not cover, and differently in the next process; run the comparison in several processes with the multiproc package

== dirs multi n=4096 churn and build: ordered vs btree-sets
steady state, per insertion or deletion in a structure of 12775 elements (cycle of 33454 operations, first pass untimed):
  A: 213.8 ns per operation (median)
  B: 285.6 ns per operation (median)
  A needs 24.8% less time than B: B takes 1.33 times as long as A.
  With 95% confidence the difference lies between 22.9% and 26.6% less time (B takes between 1.3 and 1.36 times as long as A).
  Noise floor: 0.585%. Identical code measured against itself on this setup can look that different, so smaller differences mean nothing.
  Neighbouring measurements are nearly independent (autocorrelation -0.04), so they were resampled one by one.
  
  Verdict: RESOLVED. A is faster than B: the difference is real, as its interval excludes zero and it exceeds the noise floor.
  
  Warnings:
    - the program holds 119 MB of live data, more than the caches of many machines; for data that size, where it lies in memory can shift the result by several points in ways the interval does not cover, and differently in the next process; run the comparison in several processes with the multiproc package

build from empty to 12775 elements, per whole build (45983 operations):
  A: 1.028e+07 ns per operation (median)
  B: 1.417e+07 ns per operation (median)
  A needs 27.2% less time than B: B takes 1.37 times as long as A.
  With 95% confidence the difference lies between 27% and 27.8% less time (B takes between 1.37 and 1.38 times as long as A).
  Noise floor: 0.386%. Identical code measured against itself on this setup can look that different, so smaller differences mean nothing.
  Neighbouring measurements are nearly independent (autocorrelation +0.03), so they were resampled one by one.
  
  Verdict: RESOLVED. A is faster than B: the difference is real, as its interval excludes zero and it exceeds the noise floor.
  
  Warnings:
    - the program holds 116 MB of live data, more than the caches of many machines; for data that size, where it lies in memory can shift the result by several points in ways the interval does not cover, and differently in the next process; run the comparison in several processes with the multiproc package

== dirs multi n=4096 churn and build: ordered vs map-sets
steady state, per insertion or deletion in a structure of 12775 elements (cycle of 33454 operations, first pass untimed):
  A: 208.7 ns per operation (median)
  B: 85.16 ns per operation (median)
  A needs 142% more time than B: B takes only 0.41 times as long as A.
  With 95% confidence the difference lies between 134% and 147% more time (B takes between 0.405 and 0.43 times as long as A).
  Noise floor: 0.441%. Identical code measured against itself on this setup can look that different, so smaller differences mean nothing.
  Neighbouring measurements are correlated (autocorrelation +0.28), so they were resampled in blocks of 3.
  
  Verdict: RESOLVED. A is slower than B: the difference is real, as its interval excludes zero and it exceeds the noise floor.
  
  Warnings:
    - the program holds 120 MB of live data, more than the caches of many machines; for data that size, where it lies in memory can shift the result by several points in ways the interval does not cover, and differently in the next process; run the comparison in several processes with the multiproc package
    - candidate B drifted during the run: its measurements were 12.6% higher in the second half than in the first, so the machine did not hold still

build from empty to 12775 elements, per whole build (45983 operations):
  A: 1.018e+07 ns per operation (median)
  B: 5.154e+06 ns per operation (median)
  A needs 97.8% more time than B: B takes only 0.51 times as long as A.
  With 95% confidence the difference lies between 95.5% and 100% more time (B takes between 0.499 and 0.51 times as long as A).
  Noise floor: 0.941%. Identical code measured against itself on this setup can look that different, so smaller differences mean nothing.
  Neighbouring measurements are nearly independent (autocorrelation -0.04), so they were resampled one by one.
  
  Verdict: RESOLVED. A is slower than B: the difference is real, as its interval excludes zero and it exceeds the noise floor.
  
  Warnings:
    - the program holds 116 MB of live data, more than the caches of many machines; for data that size, where it lies in memory can shift the result by several points in ways the interval does not cover, and differently in the next process; run the comparison in several processes with the multiproc package
    - in 50% of A/A runs this setup reported a difference between identical code, well above the 10% expected; treat any confidence from it with suspicion

checksum 1651416475520803902
== dirs multi n=4096 valuesFor: ordered vs hashed
A: 126.2 ns per operation (median)
B: 41.44 ns per operation (median)
A needs 205% more time than B: B takes only 0.33 times as long as A.
With 95% confidence the difference lies between 203% and 207% more time (B takes between 0.326 and 0.33 times as long as A).
Noise floor: 0.433%. Identical code measured against itself on this setup can look that different, so smaller differences mean nothing.
Neighbouring measurements are nearly independent (autocorrelation +0.14), so they were resampled one by one.

Verdict: RESOLVED. A is slower than B: the difference is real, as its interval excludes zero and it exceeds the noise floor.

Warnings:
  - the program holds 100 MB of live data, more than the caches of many machines; for data that size, where it lies in memory can shift the result by several points in ways the interval does not cover, and differently in the next process; run the comparison in several processes with the multiproc package

== dirs multi n=4096 valuesFor: ordered vs btree-sets
A: 129.8 ns per operation (median)
B: 208.6 ns per operation (median)
A needs 36.8% less time than B: B takes 1.58 times as long as A.
With 95% confidence the difference lies between 35.2% and 40.3% less time (B takes between 1.54 and 1.68 times as long as A).
Noise floor: 3.19%. Identical code measured against itself on this setup can look that different, so smaller differences mean nothing.
Neighbouring measurements are nearly independent (autocorrelation -0.63), so they were resampled one by one.

Verdict: RESOLVED. A is faster than B: the difference is real, as its interval excludes zero and it exceeds the noise floor.

Warnings:
  - the program holds 100 MB of live data, more than the caches of many machines; for data that size, where it lies in memory can shift the result by several points in ways the interval does not cover, and differently in the next process; run the comparison in several processes with the multiproc package

== dirs multi n=4096 valuesFor: ordered vs map-sets
A: 127 ns per operation (median)
B: 86.35 ns per operation (median)
A needs 47.5% more time than B: B takes only 0.68 times as long as A.
With 95% confidence the difference lies between 46.8% and 48.6% more time (B takes between 0.673 and 0.68 times as long as A).
Noise floor: 0.282%. Identical code measured against itself on this setup can look that different, so smaller differences mean nothing.
Neighbouring measurements are nearly independent (autocorrelation +0.00), so they were resampled one by one.

Verdict: RESOLVED. A is slower than B: the difference is real, as its interval excludes zero and it exceeds the noise floor.

Warnings:
  - the program holds 100 MB of live data, more than the caches of many machines; for data that size, where it lies in memory can shift the result by several points in ways the interval does not cover, and differently in the next process; run the comparison in several processes with the multiproc package

== dirs multi n=4096 valuesBetween: ordered vs hashed
A: 3878 ns per operation (median)
B: 7.928e+04 ns per operation (median)
A needs 95.1% less time than B: B takes 20.53 times as long as A.
With 95% confidence the difference lies between 95% and 95.1% less time (B takes between 20.1 and 20.59 times as long as A).
Noise floor: 1.21%. Identical code measured against itself on this setup can look that different, so smaller differences mean nothing.
Neighbouring measurements are correlated (autocorrelation +0.43), so they were resampled in blocks of 3.

Verdict: RESOLVED. A is faster than B: the difference is real, as its interval excludes zero and it exceeds the noise floor.

Warnings:
  - the program holds 100 MB of live data, more than the caches of many machines; for data that size, where it lies in memory can shift the result by several points in ways the interval does not cover, and differently in the next process; run the comparison in several processes with the multiproc package

== dirs multi n=4096 valuesBetween: ordered vs btree-sets
A: 3902 ns per operation (median)
B: 6337 ns per operation (median)
A needs 38.8% less time than B: B takes 1.63 times as long as A.
With 95% confidence the difference lies between 37.7% and 39.7% less time (B takes between 1.6 and 1.66 times as long as A).
Noise floor: 0.991%. Identical code measured against itself on this setup can look that different, so smaller differences mean nothing.
Neighbouring measurements are correlated (autocorrelation +0.28), so they were resampled in blocks of 3.

Verdict: RESOLVED. A is faster than B: the difference is real, as its interval excludes zero and it exceeds the noise floor.

Warnings:
  - the program holds 100 MB of live data, more than the caches of many machines; for data that size, where it lies in memory can shift the result by several points in ways the interval does not cover, and differently in the next process; run the comparison in several processes with the multiproc package

== dirs multi n=4096 valuesBetween: ordered vs map-sets
A: 3945 ns per operation (median)
B: 7.727e+04 ns per operation (median)
A needs 94.9% less time than B: B takes 19.63 times as long as A.
With 95% confidence the difference lies between 94.8% and 95% less time (B takes between 19.3 and 19.93 times as long as A).
Noise floor: 0.74%. Identical code measured against itself on this setup can look that different, so smaller differences mean nothing.
Neighbouring measurements are nearly independent (autocorrelation +0.09), so they were resampled one by one.

Verdict: RESOLVED. A is faster than B: the difference is real, as its interval excludes zero and it exceeds the noise floor.

Warnings:
  - the program holds 100 MB of live data, more than the caches of many machines; for data that size, where it lies in memory can shift the result by several points in ways the interval does not cover, and differently in the next process; run the comparison in several processes with the multiproc package
  - candidate A drifted during the run: its measurements were 0.888% lower in the second half than in the first, so the machine did not hold still

== dirs multi n=4096 prefix: ordered vs hashed
A: 4471 ns per operation (median)
B: 7.842e+04 ns per operation (median)
A needs 94.4% less time than B: B takes 17.85 times as long as A.
With 95% confidence the difference lies between 93.9% and 94.6% less time (B takes between 16.3 and 18.39 times as long as A).
Noise floor: 5.64%. Identical code measured against itself on this setup can look that different, so smaller differences mean nothing.
Neighbouring measurements are correlated (autocorrelation +0.24), so they were resampled in blocks of 3.

Verdict: RESOLVED. A is faster than B: the difference is real, as its interval excludes zero and it exceeds the noise floor.

Warnings:
  - the program holds 100 MB of live data, more than the caches of many machines; for data that size, where it lies in memory can shift the result by several points in ways the interval does not cover, and differently in the next process; run the comparison in several processes with the multiproc package

== dirs multi n=4096 prefix: ordered vs btree-sets
A: 4509 ns per operation (median)
B: 8582 ns per operation (median)
A needs 46.4% less time than B: B takes 1.87 times as long as A.
With 95% confidence the difference lies between 42.4% and 50.9% less time (B takes between 1.74 and 2.04 times as long as A).
Noise floor: 3.48%. Identical code measured against itself on this setup can look that different, so smaller differences mean nothing.
Neighbouring measurements are nearly independent (autocorrelation +0.03), so they were resampled one by one.

Verdict: RESOLVED. A is faster than B: the difference is real, as its interval excludes zero and it exceeds the noise floor.

Warnings:
  - the program holds 116 MB of live data, more than the caches of many machines; for data that size, where it lies in memory can shift the result by several points in ways the interval does not cover, and differently in the next process; run the comparison in several processes with the multiproc package

== dirs multi n=4096 prefix: ordered vs map-sets
A: 4458 ns per operation (median)
B: 7.866e+04 ns per operation (median)
A needs 94.3% less time than B: B takes 17.69 times as long as A.
With 95% confidence the difference lies between 94% and 94.5% less time (B takes between 16.6 and 18.30 times as long as A).
Noise floor: 5.59%. Identical code measured against itself on this setup can look that different, so smaller differences mean nothing.
Neighbouring measurements are nearly independent (autocorrelation -0.02), so they were resampled one by one.

Verdict: RESOLVED. A is faster than B: the difference is real, as its interval excludes zero and it exceeds the noise floor.

Warnings:
  - the program holds 116 MB of live data, more than the caches of many machines; for data that size, where it lies in memory can shift the result by several points in ways the interval does not cover, and differently in the next process; run the comparison in several processes with the multiproc package

== dirs multi n=4096 churn and build: ordered vs hashed
steady state, per insertion or deletion in a structure of 12775 elements (cycle of 33454 operations, first pass untimed):
  A: 205 ns per operation (median)
  B: 78.66 ns per operation (median)
  A needs 161% more time than B: B takes only 0.38 times as long as A.
  With 95% confidence the difference lies between 159% and 164% more time (B takes between 0.378 and 0.39 times as long as A).
  Noise floor: 0.704%. Identical code measured against itself on this setup can look that different, so smaller differences mean nothing.
  Neighbouring measurements are nearly independent (autocorrelation +0.18), so they were resampled one by one.
  
  Verdict: RESOLVED. A is slower than B: the difference is real, as its interval excludes zero and it exceeds the noise floor.
  
  Warnings:
    - the program holds 118 MB of live data, more than the caches of many machines; for data that size, where it lies in memory can shift the result by several points in ways the interval does not cover, and differently in the next process; run the comparison in several processes with the multiproc package
    - in 50% of A/A runs this setup reported a difference between identical code, well above the 10% expected; treat any confidence from it with suspicion

build from empty to 12775 elements, per whole build (45983 operations):
  A: 1.04e+07 ns per operation (median)
  B: 4.398e+06 ns per operation (median)
  A needs 135% more time than B: B takes only 0.43 times as long as A.
  With 95% confidence the difference lies between 132% and 137% more time (B takes between 0.422 and 0.43 times as long as A).
  Noise floor: 0.427%. Identical code measured against itself on this setup can look that different, so smaller differences mean nothing.
  Neighbouring measurements are nearly independent (autocorrelation -0.10), so they were resampled one by one.
  
  Verdict: RESOLVED. A is slower than B: the difference is real, as its interval excludes zero and it exceeds the noise floor.
  
  Warnings:
    - the program holds 116 MB of live data, more than the caches of many machines; for data that size, where it lies in memory can shift the result by several points in ways the interval does not cover, and differently in the next process; run the comparison in several processes with the multiproc package
    - candidate B drifted during the run: its measurements were 2.63% lower in the second half than in the first, so the machine did not hold still

== dirs multi n=4096 churn and build: ordered vs btree-sets
steady state, per insertion or deletion in a structure of 12775 elements (cycle of 33454 operations, first pass untimed):
  A: 212.1 ns per operation (median)
  B: 283.8 ns per operation (median)
  A needs 26% less time than B: B takes 1.35 times as long as A.
  With 95% confidence the difference lies between 22.8% and 27.1% less time (B takes between 1.29 and 1.37 times as long as A).
  Noise floor: 1.96%. Identical code measured against itself on this setup can look that different, so smaller differences mean nothing.
  Neighbouring measurements are nearly independent (autocorrelation -0.17), so they were resampled one by one.
  
  Verdict: RESOLVED. A is faster than B: the difference is real, as its interval excludes zero and it exceeds the noise floor.
  
  Warnings:
    - the program holds 119 MB of live data, more than the caches of many machines; for data that size, where it lies in memory can shift the result by several points in ways the interval does not cover, and differently in the next process; run the comparison in several processes with the multiproc package

build from empty to 12775 elements, per whole build (45983 operations):
  A: 1.028e+07 ns per operation (median)
  B: 1.419e+07 ns per operation (median)
  A needs 27.8% less time than B: B takes 1.39 times as long as A.
  With 95% confidence the difference lies between 27.1% and 28.7% less time (B takes between 1.37 and 1.40 times as long as A).
  Noise floor: 0.544%. Identical code measured against itself on this setup can look that different, so smaller differences mean nothing.
  Neighbouring measurements are nearly independent (autocorrelation +0.02), so they were resampled one by one.
  
  Verdict: RESOLVED. A is faster than B: the difference is real, as its interval excludes zero and it exceeds the noise floor.
  
  Warnings:
    - the program holds 116 MB of live data, more than the caches of many machines; for data that size, where it lies in memory can shift the result by several points in ways the interval does not cover, and differently in the next process; run the comparison in several processes with the multiproc package

== dirs multi n=4096 churn and build: ordered vs map-sets
steady state, per insertion or deletion in a structure of 12775 elements (cycle of 33454 operations, first pass untimed):
  A: 210 ns per operation (median)
  B: 84.79 ns per operation (median)
  A needs 148% more time than B: B takes only 0.40 times as long as A.
  With 95% confidence the difference lies between 144% and 151% more time (B takes between 0.398 and 0.41 times as long as A).
  Noise floor: 0.75%. Identical code measured against itself on this setup can look that different, so smaller differences mean nothing.
  Neighbouring measurements are correlated (autocorrelation +0.46), so they were resampled in blocks of 3.
  
  Verdict: RESOLVED. A is slower than B: the difference is real, as its interval excludes zero and it exceeds the noise floor.
  
  Warnings:
    - the program holds 120 MB of live data, more than the caches of many machines; for data that size, where it lies in memory can shift the result by several points in ways the interval does not cover, and differently in the next process; run the comparison in several processes with the multiproc package
    - candidate B drifted during the run: its measurements were 6.03% lower in the second half than in the first, so the machine did not hold still
    - 5.0% of bootstrap replicates tied, so the measurement is coarse relative to the question; lower CollectOptions.MaxQuantizationError to lengthen the batches

build from empty to 12775 elements, per whole build (45983 operations):
  A: 1.023e+07 ns per operation (median)
  B: 5.033e+06 ns per operation (median)
  A needs 103% more time than B: B takes only 0.49 times as long as A.
  With 95% confidence the difference lies between 99.5% and 105% more time (B takes between 0.487 and 0.50 times as long as A).
  Noise floor: 1.09%. Identical code measured against itself on this setup can look that different, so smaller differences mean nothing.
  Neighbouring measurements are nearly independent (autocorrelation +0.07), so they were resampled one by one.
  
  Verdict: RESOLVED. A is slower than B: the difference is real, as its interval excludes zero and it exceeds the noise floor.
  
  Warnings:
    - the program holds 116 MB of live data, more than the caches of many machines; for data that size, where it lies in memory can shift the result by several points in ways the interval does not cover, and differently in the next process; run the comparison in several processes with the multiproc package
    - in 50% of A/A runs this setup reported a difference between identical code, well above the 10% expected; treat any confidence from it with suspicion

checksum 7573966081562036861
== dirs multi n=4096 valuesFor: ordered vs hashed
A: 125.9 ns per operation (median)
B: 41.42 ns per operation (median)
A needs 204% more time than B: B takes only 0.33 times as long as A.
With 95% confidence the difference lies between 201% and 207% more time (B takes between 0.325 and 0.33 times as long as A).
Noise floor: 0.701%. Identical code measured against itself on this setup can look that different, so smaller differences mean nothing.
Neighbouring measurements are nearly independent (autocorrelation -0.18), so they were resampled one by one.

Verdict: RESOLVED. A is slower than B: the difference is real, as its interval excludes zero and it exceeds the noise floor.

Warnings:
  - the program holds 101 MB of live data, more than the caches of many machines; for data that size, where it lies in memory can shift the result by several points in ways the interval does not cover, and differently in the next process; run the comparison in several processes with the multiproc package

== dirs multi n=4096 valuesFor: ordered vs btree-sets
A: 130.1 ns per operation (median)
B: 211.3 ns per operation (median)
A needs 37.1% less time than B: B takes 1.59 times as long as A.
With 95% confidence the difference lies between 35.5% and 40.8% less time (B takes between 1.55 and 1.69 times as long as A).
Noise floor: 1.93%. Identical code measured against itself on this setup can look that different, so smaller differences mean nothing.
Neighbouring measurements are nearly independent (autocorrelation -0.56), so they were resampled one by one.

Verdict: RESOLVED. A is faster than B: the difference is real, as its interval excludes zero and it exceeds the noise floor.

Warnings:
  - the program holds 101 MB of live data, more than the caches of many machines; for data that size, where it lies in memory can shift the result by several points in ways the interval does not cover, and differently in the next process; run the comparison in several processes with the multiproc package

== dirs multi n=4096 valuesFor: ordered vs map-sets
A: 127.2 ns per operation (median)
B: 86.14 ns per operation (median)
A needs 47.1% more time than B: B takes only 0.68 times as long as A.
With 95% confidence the difference lies between 45.8% and 47.9% more time (B takes between 0.676 and 0.69 times as long as A).
Noise floor: 0.423%. Identical code measured against itself on this setup can look that different, so smaller differences mean nothing.
Neighbouring measurements are nearly independent (autocorrelation -0.07), so they were resampled one by one.

Verdict: RESOLVED. A is slower than B: the difference is real, as its interval excludes zero and it exceeds the noise floor.

Warnings:
  - the program holds 101 MB of live data, more than the caches of many machines; for data that size, where it lies in memory can shift the result by several points in ways the interval does not cover, and differently in the next process; run the comparison in several processes with the multiproc package

== dirs multi n=4096 valuesBetween: ordered vs hashed
A: 3914 ns per operation (median)
B: 7.95e+04 ns per operation (median)
A needs 95.1% less time than B: B takes 20.25 times as long as A.
With 95% confidence the difference lies between 95% and 95.1% less time (B takes between 20.1 and 20.57 times as long as A).
Noise floor: 2.05%. Identical code measured against itself on this setup can look that different, so smaller differences mean nothing.
Neighbouring measurements are correlated (autocorrelation +0.35), so they were resampled in blocks of 3.

Verdict: RESOLVED. A is faster than B: the difference is real, as its interval excludes zero and it exceeds the noise floor.

Warnings:
  - the program holds 101 MB of live data, more than the caches of many machines; for data that size, where it lies in memory can shift the result by several points in ways the interval does not cover, and differently in the next process; run the comparison in several processes with the multiproc package
  - in 50% of A/A runs this setup reported a difference between identical code, well above the 10% expected; treat any confidence from it with suspicion

== dirs multi n=4096 valuesBetween: ordered vs btree-sets
A: 3900 ns per operation (median)
B: 6356 ns per operation (median)
A needs 39.6% less time than B: B takes 1.65 times as long as A.
With 95% confidence the difference lies between 37.2% and 40.1% less time (B takes between 1.59 and 1.67 times as long as A).
Noise floor: 0.927%. Identical code measured against itself on this setup can look that different, so smaller differences mean nothing.
Neighbouring measurements are nearly independent (autocorrelation -0.19), so they were resampled one by one.

Verdict: RESOLVED. A is faster than B: the difference is real, as its interval excludes zero and it exceeds the noise floor.

Warnings:
  - the program holds 101 MB of live data, more than the caches of many machines; for data that size, where it lies in memory can shift the result by several points in ways the interval does not cover, and differently in the next process; run the comparison in several processes with the multiproc package

== dirs multi n=4096 valuesBetween: ordered vs map-sets
A: 3922 ns per operation (median)
B: 7.718e+04 ns per operation (median)
A needs 94.9% less time than B: B takes 19.79 times as long as A.
With 95% confidence the difference lies between 94.9% and 95% less time (B takes between 19.6 and 19.96 times as long as A).
Noise floor: 2.84%. Identical code measured against itself on this setup can look that different, so smaller differences mean nothing.
Neighbouring measurements are correlated (autocorrelation +0.22), so they were resampled in blocks of 3.

Verdict: RESOLVED. A is faster than B: the difference is real, as its interval excludes zero and it exceeds the noise floor.

Warnings:
  - the program holds 101 MB of live data, more than the caches of many machines; for data that size, where it lies in memory can shift the result by several points in ways the interval does not cover, and differently in the next process; run the comparison in several processes with the multiproc package

== dirs multi n=4096 prefix: ordered vs hashed
A: 4462 ns per operation (median)
B: 7.881e+04 ns per operation (median)
A needs 94.4% less time than B: B takes 17.77 times as long as A.
With 95% confidence the difference lies between 94.2% and 94.5% less time (B takes between 17.3 and 18.18 times as long as A).
Noise floor: 4.27%. Identical code measured against itself on this setup can look that different, so smaller differences mean nothing.
Neighbouring measurements are nearly independent (autocorrelation +0.09), so they were resampled one by one.

Verdict: RESOLVED. A is faster than B: the difference is real, as its interval excludes zero and it exceeds the noise floor.

Warnings:
  - the program holds 101 MB of live data, more than the caches of many machines; for data that size, where it lies in memory can shift the result by several points in ways the interval does not cover, and differently in the next process; run the comparison in several processes with the multiproc package
  - in 100% of A/A runs this setup reported a difference between identical code, well above the 10% expected; treat any confidence from it with suspicion

== dirs multi n=4096 prefix: ordered vs btree-sets
A: 4517 ns per operation (median)
B: 8478 ns per operation (median)
A needs 46.5% less time than B: B takes 1.87 times as long as A.
With 95% confidence the difference lies between 39% and 49.5% less time (B takes between 1.64 and 1.98 times as long as A).
Noise floor: 2.06%. Identical code measured against itself on this setup can look that different, so smaller differences mean nothing.
Neighbouring measurements are nearly independent (autocorrelation -0.03), so they were resampled one by one.

Verdict: RESOLVED. A is faster than B: the difference is real, as its interval excludes zero and it exceeds the noise floor.

Warnings:
  - the program holds 101 MB of live data, more than the caches of many machines; for data that size, where it lies in memory can shift the result by several points in ways the interval does not cover, and differently in the next process; run the comparison in several processes with the multiproc package

== dirs multi n=4096 prefix: ordered vs map-sets
A: 4518 ns per operation (median)
B: 7.86e+04 ns per operation (median)
A needs 94.2% less time than B: B takes 17.30 times as long as A.
With 95% confidence the difference lies between 94.1% and 94.6% less time (B takes between 16.9 and 18.43 times as long as A).
Noise floor: 8.44%. Identical code measured against itself on this setup can look that different, so smaller differences mean nothing.
Neighbouring measurements are nearly independent (autocorrelation +0.13), so they were resampled one by one.

Verdict: RESOLVED. A is faster than B: the difference is real, as its interval excludes zero and it exceeds the noise floor.

Warnings:
  - the program holds 101 MB of live data, more than the caches of many machines; for data that size, where it lies in memory can shift the result by several points in ways the interval does not cover, and differently in the next process; run the comparison in several processes with the multiproc package
  - in 50% of A/A runs this setup reported a difference between identical code, well above the 10% expected; treat any confidence from it with suspicion

== dirs multi n=4096 churn and build: ordered vs hashed
steady state, per insertion or deletion in a structure of 12775 elements (cycle of 33454 operations, first pass untimed):
  A: 207.3 ns per operation (median)
  B: 78.67 ns per operation (median)
  A needs 166% more time than B: B takes only 0.38 times as long as A.
  With 95% confidence the difference lies between 165% and 169% more time (B takes between 0.372 and 0.38 times as long as A).
  Noise floor: 0.593%. Identical code measured against itself on this setup can look that different, so smaller differences mean nothing.
  Neighbouring measurements are nearly independent (autocorrelation -0.13), so they were resampled one by one.
  
  Verdict: RESOLVED. A is slower than B: the difference is real, as its interval excludes zero and it exceeds the noise floor.
  
  Warnings:
    - the program holds 118 MB of live data, more than the caches of many machines; for data that size, where it lies in memory can shift the result by several points in ways the interval does not cover, and differently in the next process; run the comparison in several processes with the multiproc package

build from empty to 12775 elements, per whole build (45983 operations):
  A: 1.023e+07 ns per operation (median)
  B: 4.441e+06 ns per operation (median)
  A needs 130% more time than B: B takes only 0.44 times as long as A.
  With 95% confidence the difference lies between 126% and 134% more time (B takes between 0.428 and 0.44 times as long as A).
  Noise floor: 0.869%. Identical code measured against itself on this setup can look that different, so smaller differences mean nothing.
  Neighbouring measurements are nearly independent (autocorrelation +0.05), so they were resampled one by one.
  
  Verdict: RESOLVED. A is slower than B: the difference is real, as its interval excludes zero and it exceeds the noise floor.
  
  Warnings:
    - the program holds 116 MB of live data, more than the caches of many machines; for data that size, where it lies in memory can shift the result by several points in ways the interval does not cover, and differently in the next process; run the comparison in several processes with the multiproc package
    - in 50% of A/A runs this setup reported a difference between identical code, well above the 10% expected; treat any confidence from it with suspicion

== dirs multi n=4096 churn and build: ordered vs btree-sets
steady state, per insertion or deletion in a structure of 12775 elements (cycle of 33454 operations, first pass untimed):
  A: 233.8 ns per operation (median)
  B: 305.5 ns per operation (median)
  A needs 23.7% less time than B: B takes 1.31 times as long as A.
  With 95% confidence the difference lies between 21.9% and 26.4% less time (B takes between 1.28 and 1.36 times as long as A).
  Noise floor: 1.94%. Identical code measured against itself on this setup can look that different, so smaller differences mean nothing.
  Neighbouring measurements are correlated (autocorrelation +0.26), so they were resampled in blocks of 3.
  
  Verdict: RESOLVED. A is faster than B: the difference is real, as its interval excludes zero and it exceeds the noise floor.
  
  Warnings:
    - the program holds 119 MB of live data, more than the caches of many machines; for data that size, where it lies in memory can shift the result by several points in ways the interval does not cover, and differently in the next process; run the comparison in several processes with the multiproc package

build from empty to 12775 elements, per whole build (45983 operations):
  A: 1.024e+07 ns per operation (median)
  B: 1.414e+07 ns per operation (median)
  A needs 27.3% less time than B: B takes 1.38 times as long as A.
  With 95% confidence the difference lies between 26.9% and 27.7% less time (B takes between 1.37 and 1.38 times as long as A).
  Noise floor: 1.02%. Identical code measured against itself on this setup can look that different, so smaller differences mean nothing.
  Neighbouring measurements are correlated (autocorrelation +0.21), so they were resampled in blocks of 3.
  
  Verdict: RESOLVED. A is faster than B: the difference is real, as its interval excludes zero and it exceeds the noise floor.
  
  Warnings:
    - the program holds 116 MB of live data, more than the caches of many machines; for data that size, where it lies in memory can shift the result by several points in ways the interval does not cover, and differently in the next process; run the comparison in several processes with the multiproc package

== dirs multi n=4096 churn and build: ordered vs map-sets
steady state, per insertion or deletion in a structure of 12775 elements (cycle of 33454 operations, first pass untimed):
  A: 207 ns per operation (median)
  B: 84.18 ns per operation (median)
  A needs 145% more time than B: B takes only 0.41 times as long as A.
  With 95% confidence the difference lies between 144% and 148% more time (B takes between 0.403 and 0.41 times as long as A).
  Noise floor: 0.695%. Identical code measured against itself on this setup can look that different, so smaller differences mean nothing.
  Neighbouring measurements are correlated (autocorrelation +0.50), so they were resampled in blocks of 3.
  
  Verdict: RESOLVED. A is slower than B: the difference is real, as its interval excludes zero and it exceeds the noise floor.
  
  Warnings:
    - the program holds 119 MB of live data, more than the caches of many machines; for data that size, where it lies in memory can shift the result by several points in ways the interval does not cover, and differently in the next process; run the comparison in several processes with the multiproc package

build from empty to 12775 elements, per whole build (45983 operations):
  A: 1.033e+07 ns per operation (median)
  B: 5.12e+06 ns per operation (median)
  A needs 101% more time than B: B takes only 0.50 times as long as A.
  With 95% confidence the difference lies between 99.7% and 103% more time (B takes between 0.493 and 0.50 times as long as A).
  Noise floor: 0.469%. Identical code measured against itself on this setup can look that different, so smaller differences mean nothing.
  Neighbouring measurements are nearly independent (autocorrelation -0.00), so they were resampled one by one.
  
  Verdict: RESOLVED. A is slower than B: the difference is real, as its interval excludes zero and it exceeds the noise floor.
  
  Warnings:
    - the program holds 116 MB of live data, more than the caches of many machines; for data that size, where it lies in memory can shift the result by several points in ways the interval does not cover, and differently in the next process; run the comparison in several processes with the multiproc package

checksum 9849843072722659889
