=== RUN   TestLookProbe
lines of str single-value n=4096 (ordered):
File: bench.test
Type: cpu
Time: 2026-10-10 21:23:50 CEST
Duration: 10.15s, Total samples = 9.28s (91.41%)
Showing nodes accounting for 8.72s, 93.97% of 9.28s total
Dropped 35 nodes (cum <= 0.05s)
      flat  flat%   sum%        cum   cum%
     2.76s 29.74% 29.74%      2.77s 29.85%  github.com/TomTonic/multimap/internal/page.compare /private/var/folders/0l/vcs81wv15fz2hx942wfs7x9h0000gn/T/arm-run.fVIGoR/src/internal/page/page.go:252 (inline)
     0.74s  7.97% 37.72%      0.74s  7.97%  github.com/TomTonic/multimap/internal/page.compare /private/var/folders/0l/vcs81wv15fz2hx942wfs7x9h0000gn/T/arm-run.fVIGoR/src/internal/page/page.go:254 (inline)
     0.42s  4.53% 42.24%      0.42s  4.53%  github.com/TomTonic/multimap/internal/page.compare /private/var/folders/0l/vcs81wv15fz2hx942wfs7x9h0000gn/T/arm-run.fVIGoR/src/internal/page/page.go:260 (inline)
     0.34s  3.66% 45.91%      0.34s  3.66%  github.com/TomTonic/multimap/internal/page.locate /private/var/folders/0l/vcs81wv15fz2hx942wfs7x9h0000gn/T/arm-run.fVIGoR/src/internal/page/page.go:225
     0.29s  3.12% 49.03%      4.40s 47.41%  github.com/TomTonic/multimap/internal/page.locate /private/var/folders/0l/vcs81wv15fz2hx942wfs7x9h0000gn/T/arm-run.fVIGoR/src/internal/page/page.go:229
     0.28s  3.02% 52.05%      0.28s  3.02%  github.com/TomTonic/multimap/internal/art.(*Tree).find /private/var/folders/0l/vcs81wv15fz2hx942wfs7x9h0000gn/T/arm-run.fVIGoR/src/internal/art/lookup.go:34
     0.28s  3.02% 55.06%      0.28s  3.02%  github.com/TomTonic/multimap/internal/swar.Index8 /private/var/folders/0l/vcs81wv15fz2hx942wfs7x9h0000gn/T/arm-run.fVIGoR/src/internal/swar/swar.go:23 (inline)
     0.28s  3.02% 58.08%      0.28s  3.02%  github.com/TomTonic/multimap/internal/swar.Match8 /private/var/folders/0l/vcs81wv15fz2hx942wfs7x9h0000gn/T/arm-run.fVIGoR/src/internal/swar/swar.go:76 (inline)
     0.27s  2.91% 60.99%      0.27s  2.91%  github.com/TomTonic/multimap/internal/art.(*Tree).find /private/var/folders/0l/vcs81wv15fz2hx942wfs7x9h0000gn/T/arm-run.fVIGoR/src/internal/art/lookup.go:50
     0.20s  2.16% 63.15%      0.20s  2.16%  github.com/TomTonic/multimap/internal/art.(*Tree).find /private/var/folders/0l/vcs81wv15fz2hx942wfs7x9h0000gn/T/arm-run.fVIGoR/src/internal/art/lookup.go:43
     0.19s  2.05% 65.19%      0.24s  2.59%  github.com/TomTonic/multimap/internal/page.(*head).mem /private/var/folders/0l/vcs81wv15fz2hx942wfs7x9h0000gn/T/arm-run.fVIGoR/src/internal/page/page.go:140
     0.19s  2.05% 67.24%      5.15s 55.50%  github.com/TomTonic/multimap/internal/page..EachValue[go.shape.uint64] /private/var/folders/0l/vcs81wv15fz2hx942wfs7x9h0000gn/T/arm-run.fVIGoR/src/internal/page/fixed.go:173
     0.18s  1.94% 69.18%      0.18s  1.94%  github.com/TomTonic/multimap/internal/page.compare /private/var/folders/0l/vcs81wv15fz2hx942wfs7x9h0000gn/T/arm-run.fVIGoR/src/internal/page/page.go:253 (inline)
     0.16s  1.72% 70.91%      0.16s  1.72%  github.com/TomTonic/multimap/internal/page.locate /private/var/folders/0l/vcs81wv15fz2hx942wfs7x9h0000gn/T/arm-run.fVIGoR/src/internal/page/page.go:236
     0.15s  1.62% 72.52%      0.15s  1.62%  github.com/TomTonic/multimap/internal/swar.Index8 /private/var/folders/0l/vcs81wv15fz2hx942wfs7x9h0000gn/T/arm-run.fVIGoR/src/internal/swar/swar.go:25 (inline)
     0.14s  1.51% 74.03%      9.10s 98.06%  github.com/TomTonic/multimap/bench/cmd/bench.(*fixture).valuesFor.func1 /private/var/folders/0l/vcs81wv15fz2hx942wfs7x9h0000gn/T/arm-run.fVIGoR/src/bench/cmd/bench/candidates.go:41
     0.13s  1.40% 75.43%      0.13s  1.40%  runtime.pthread_cond_signal /opt/homebrew/Cellar/go/1.27.2/libexec/src/runtime/sys_darwin.go:491
     0.12s  1.29% 76.72%      0.21s  2.26%  github.com/TomTonic/multimap/internal/page..EachValue[go.shape.uint64] /private/var/folders/0l/vcs81wv15fz2hx942wfs7x9h0000gn/T/arm-run.fVIGoR/src/internal/page/fixed.go:169
     0.12s  1.29% 78.02%      0.12s  1.29%  github.com/TomTonic/multimap/internal/page..EachValue[go.shape.uint64] /private/var/folders/0l/vcs81wv15fz2hx942wfs7x9h0000gn/T/arm-run.fVIGoR/src/internal/page/fixed.go:176
     0.10s  1.08% 79.09%      0.10s  1.08%  github.com/TomTonic/multimap/internal/art.(*Tree).find /private/var/folders/0l/vcs81wv15fz2hx942wfs7x9h0000gn/T/arm-run.fVIGoR/src/internal/art/lookup.go:60
     0.09s  0.97% 80.06%      0.09s  0.97%  github.com/TomTonic/multimap/internal/art.(*Map[go.shape.uint64]).Each /private/var/folders/0l/vcs81wv15fz2hx942wfs7x9h0000gn/T/arm-run.fVIGoR/src/internal/art/map.go:133
     0.09s  0.97% 81.03%      0.09s  0.97%  github.com/TomTonic/multimap/internal/art.(*Tree).find /private/var/folders/0l/vcs81wv15fz2hx942wfs7x9h0000gn/T/arm-run.fVIGoR/src/internal/art/lookup.go:62
     0.07s  0.75% 81.79%      0.07s  0.75%  encoding/binary.littleEndian.Uint64 /opt/homebrew/Cellar/go/1.27.2/libexec/src/encoding/binary/binary.go:117 (inline)
     0.07s  0.75% 82.54%      0.07s  0.75%  github.com/TomTonic/multimap/internal/art.(*Tree).find /private/var/folders/0l/vcs81wv15fz2hx942wfs7x9h0000gn/T/arm-run.fVIGoR/src/internal/art/lookup.go:73
     0.07s  0.75% 83.30%      0.07s  0.75%  github.com/TomTonic/multimap/internal/page.(*head).one /private/var/folders/0l/vcs81wv15fz2hx942wfs7x9h0000gn/T/arm-run.fVIGoR/src/internal/page/page.go:121 (partial-inline)
     0.07s  0.75% 84.05%      0.07s  0.75%  github.com/TomTonic/multimap/internal/page.lcp /private/var/folders/0l/vcs81wv15fz2hx942wfs7x9h0000gn/T/arm-run.fVIGoR/src/internal/page/page.go:175
     0.07s  0.75% 84.81%      0.07s  0.75%  github.com/TomTonic/multimap/internal/swar.Rank /private/var/folders/0l/vcs81wv15fz2hx942wfs7x9h0000gn/T/arm-run.fVIGoR/src/internal/swar/swar.go:38 (inline)
     0.06s  0.65% 85.45%      6.42s 69.18%  github.com/TomTonic/multimap/internal/art.(*Map[go.shape.uint64]).Each /private/var/folders/0l/vcs81wv15fz2hx942wfs7x9h0000gn/T/arm-run.fVIGoR/src/internal/art/map.go:138
     0.06s  0.65% 86.10%      0.06s  0.65%  github.com/TomTonic/multimap/internal/art.(*Map[go.shape.uint64]).pageEach /private/var/folders/0l/vcs81wv15fz2hx942wfs7x9h0000gn/T/arm-run.fVIGoR/src/internal/art/mkkey.go:386
     0.06s  0.65% 86.75%      0.06s  0.65%  github.com/TomTonic/multimap/internal/art.(*Tree).find /private/var/folders/0l/vcs81wv15fz2hx942wfs7x9h0000gn/T/arm-run.fVIGoR/src/internal/art/lookup.go:39
     0.06s  0.65% 87.39%      0.09s  0.97%  github.com/TomTonic/multimap/internal/page..EachValue[go.shape.uint64] /private/var/folders/0l/vcs81wv15fz2hx942wfs7x9h0000gn/T/arm-run.fVIGoR/src/internal/page/fixed.go:162
     0.06s  0.65% 88.04%      0.06s  0.65%  github.com/TomTonic/multimap/internal/page.valuesIn[go.shape.uint64] /private/var/folders/0l/vcs81wv15fz2hx942wfs7x9h0000gn/T/arm-run.fVIGoR/src/internal/page/fixed.go:36 (inline)
     0.05s  0.54% 88.58%      0.05s  0.54%  github.com/TomTonic/multimap/bench/cmd/bench.(*fixture).valuesFor.func1-range1 /private/var/folders/0l/vcs81wv15fz2hx942wfs7x9h0000gn/T/arm-run.fVIGoR/src/bench/cmd/bench/candidates.go:41
     0.05s  0.54% 89.12%      0.05s  0.54%  github.com/TomTonic/multimap/bench/cmd/bench.(*fixture).valuesFor.func1-range1 /private/var/folders/0l/vcs81wv15fz2hx942wfs7x9h0000gn/T/arm-run.fVIGoR/src/bench/cmd/bench/candidates.go:43
     0.05s  0.54% 89.66%      0.05s  0.54%  github.com/TomTonic/multimap/internal/art.(*Map[go.shape.uint64]).Each /private/var/folders/0l/vcs81wv15fz2hx942wfs7x9h0000gn/T/arm-run.fVIGoR/src/internal/art/map.go:136
     0.05s  0.54% 90.19%      0.05s  0.54%  github.com/TomTonic/multimap/internal/art.(*Tree).find /private/var/folders/0l/vcs81wv15fz2hx942wfs7x9h0000gn/T/arm-run.fVIGoR/src/internal/art/lookup.go:52
     0.05s  0.54% 90.73%      0.05s  0.54%  github.com/TomTonic/multimap/internal/art.(*Tree).find /private/var/folders/0l/vcs81wv15fz2hx942wfs7x9h0000gn/T/arm-run.fVIGoR/src/internal/art/lookup.go:80
     0.05s  0.54% 91.27%      0.29s  3.12%  github.com/TomTonic/multimap/internal/page..EachValue[go.shape.uint64] /private/var/folders/0l/vcs81wv15fz2hx942wfs7x9h0000gn/T/arm-run.fVIGoR/src/internal/page/fixed.go:161
     0.04s  0.43% 91.70%      6.26s 67.46%  github.com/TomTonic/multimap/internal/art.(*Map[go.shape.uint64]).pageEach /private/var/folders/0l/vcs81wv15fz2hx942wfs7x9h0000gn/T/arm-run.fVIGoR/src/internal/art/mkkey.go:391
     0.04s  0.43% 92.13%      0.14s  1.51%  github.com/TomTonic/multimap/internal/page..EachValue[go.shape.uint64] /private/var/folders/0l/vcs81wv15fz2hx942wfs7x9h0000gn/T/arm-run.fVIGoR/src/internal/page/fixed.go:181
     0.03s  0.32% 92.46%      8.96s 96.55%  github.com/TomTonic/multimap.(*Ordered[go.shape.uint64]).ValuesForSeq.1 /private/var/folders/0l/vcs81wv15fz2hx942wfs7x9h0000gn/T/arm-run.fVIGoR/src/ordered.go:53 (inline)
     0.03s  0.32% 92.78%      0.05s  0.54%  github.com/TomTonic/multimap/internal/page.(*head).class /private/var/folders/0l/vcs81wv15fz2hx942wfs7x9h0000gn/T/arm-run.fVIGoR/src/internal/page/page.go:124 (inline)
     0.03s  0.32% 93.10%      0.08s  0.86%  github.com/TomTonic/multimap/internal/page..EachValue[go.shape.uint64] /private/var/folders/0l/vcs81wv15fz2hx942wfs7x9h0000gn/T/arm-run.fVIGoR/src/internal/page/fixed.go:164
     0.03s  0.32% 93.43%      0.09s  0.97%  github.com/TomTonic/multimap/internal/page..EachValue[go.shape.uint64] /private/var/folders/0l/vcs81wv15fz2hx942wfs7x9h0000gn/T/arm-run.fVIGoR/src/internal/page/fixed.go:179
     0.03s  0.32% 93.75%      0.10s  1.08%  github.com/TomTonic/multimap/internal/swar.Match8 /private/var/folders/0l/vcs81wv15fz2hx942wfs7x9h0000gn/T/arm-run.fVIGoR/src/internal/swar/swar.go:79 (inline)
     0.01s  0.11% 93.86%      2.32s 25.00%  github.com/TomTonic/multimap/internal/art.(*Map[go.shape.uint64]).Each /private/var/folders/0l/vcs81wv15fz2hx942wfs7x9h0000gn/T/arm-run.fVIGoR/src/internal/art/map.go:134
     0.01s  0.11% 93.97%      0.12s  1.29%  github.com/TomTonic/multimap/internal/art.(*Tree).find /private/var/folders/0l/vcs81wv15fz2hx942wfs7x9h0000gn/T/arm-run.fVIGoR/src/internal/art/lookup.go:72
         0     0% 93.97%      9.15s 98.60%  github.com/TomTonic/multimap/bench/cmd/bench.TestLookProbe /private/var/folders/0l/vcs81wv15fz2hx942wfs7x9h0000gn/T/arm-run.fVIGoR/src/bench/cmd/bench/lookprobe_test.go:39
         0     0% 93.97%      9.15s 98.60%  github.com/TomTonic/multimap/bench/cmd/bench.lookCase /private/var/folders/0l/vcs81wv15fz2hx942wfs7x9h0000gn/T/arm-run.fVIGoR/src/bench/cmd/bench/lookprobe_test.go:84
         0     0% 93.97%      0.38s  4.09%  github.com/TomTonic/multimap/internal/art.(*Tree).find /private/var/folders/0l/vcs81wv15fz2hx942wfs7x9h0000gn/T/arm-run.fVIGoR/src/internal/art/lookup.go:45
         0     0% 93.97%      0.28s  3.02%  github.com/TomTonic/multimap/internal/art.(*Tree).find /private/var/folders/0l/vcs81wv15fz2hx942wfs7x9h0000gn/T/arm-run.fVIGoR/src/internal/art/lookup.go:74
         0     0% 93.97%      0.14s  1.51%  github.com/TomTonic/multimap/internal/art.(*Tree).find /private/var/folders/0l/vcs81wv15fz2hx942wfs7x9h0000gn/T/arm-run.fVIGoR/src/internal/art/lookup.go:85
         0     0% 93.97%      0.12s  1.29%  runtime.gopreempt_m /opt/homebrew/Cellar/go/1.27.2/libexec/src/runtime/proc.go:4377 (inline)
         0     0% 93.97%      0.12s  1.29%  runtime.goschedImpl /opt/homebrew/Cellar/go/1.27.2/libexec/src/runtime/proc.go:4357
         0     0% 93.97%      0.12s  1.29%  runtime.morestack /opt/homebrew/Cellar/go/1.27.2/libexec/src/runtime/asm_arm64.s:487
         0     0% 93.97%      0.12s  1.29%  runtime.newstack /opt/homebrew/Cellar/go/1.27.2/libexec/src/runtime/stack.go:1174
         0     0% 93.97%      0.13s  1.40%  runtime.notewakeup /opt/homebrew/Cellar/go/1.27.2/libexec/src/runtime/lock_sema.go:42
         0     0% 93.97%      0.13s  1.40%  runtime.semawakeup /opt/homebrew/Cellar/go/1.27.2/libexec/src/runtime/os_darwin.go:85
         0     0% 93.97%      0.13s  1.40%  runtime.startm /opt/homebrew/Cellar/go/1.27.2/libexec/src/runtime/proc.go:3136
         0     0% 93.97%      0.13s  1.40%  runtime.wakep /opt/homebrew/Cellar/go/1.27.2/libexec/src/runtime/proc.go:3258
         0     0% 93.97%      9.15s 98.60%  testing.tRunner /opt/homebrew/Cellar/go/1.27.2/libexec/src/testing/testing.go:2195

lookups str single-value n=4096: ordered 70.5 ns
lines of str single-value n=16384 (ordered):
File: bench.test
Type: cpu
Time: 2026-10-10 21:24:03 CEST
Duration: 10.18s, Total samples = 9.18s (90.22%)
Showing nodes accounting for 8.67s, 94.44% of 9.18s total
Dropped 39 nodes (cum <= 0.05s)
      flat  flat%   sum%        cum   cum%
     1.83s 19.93% 19.93%      1.83s 19.93%  github.com/TomTonic/multimap/internal/page.compare /private/var/folders/0l/vcs81wv15fz2hx942wfs7x9h0000gn/T/arm-run.fVIGoR/src/internal/page/page.go:252 (inline)
     1.47s 16.01% 35.95%      1.47s 16.01%  github.com/TomTonic/multimap/internal/page.lcp /private/var/folders/0l/vcs81wv15fz2hx942wfs7x9h0000gn/T/arm-run.fVIGoR/src/internal/page/page.go:175
     0.51s  5.56% 41.50%      0.51s  5.56%  github.com/TomTonic/multimap/internal/page.compare /private/var/folders/0l/vcs81wv15fz2hx942wfs7x9h0000gn/T/arm-run.fVIGoR/src/internal/page/page.go:254 (inline)
     0.37s  4.03% 45.53%      0.37s  4.03%  github.com/TomTonic/multimap/internal/page.lcp /private/var/folders/0l/vcs81wv15fz2hx942wfs7x9h0000gn/T/arm-run.fVIGoR/src/internal/page/page.go:172
     0.35s  3.81% 49.35%      0.35s  3.81%  github.com/TomTonic/multimap/internal/swar.Index8 /private/var/folders/0l/vcs81wv15fz2hx942wfs7x9h0000gn/T/arm-run.fVIGoR/src/internal/swar/swar.go:23 (inline)
     0.34s  3.70% 53.05%      0.34s  3.70%  github.com/TomTonic/multimap/internal/page.compare /private/var/folders/0l/vcs81wv15fz2hx942wfs7x9h0000gn/T/arm-run.fVIGoR/src/internal/page/page.go:260 (inline)
     0.28s  3.05% 56.10%      0.28s  3.05%  github.com/TomTonic/multimap/internal/swar.Match8 /private/var/folders/0l/vcs81wv15fz2hx942wfs7x9h0000gn/T/arm-run.fVIGoR/src/internal/swar/swar.go:76 (inline)
     0.25s  2.72% 58.82%      0.25s  2.72%  github.com/TomTonic/multimap/internal/art.(*Tree).find /private/var/folders/0l/vcs81wv15fz2hx942wfs7x9h0000gn/T/arm-run.fVIGoR/src/internal/art/lookup.go:50
     0.20s  2.18% 61.00%      0.20s  2.18%  github.com/TomTonic/multimap/internal/art.(*Tree).find /private/var/folders/0l/vcs81wv15fz2hx942wfs7x9h0000gn/T/arm-run.fVIGoR/src/internal/art/lookup.go:34
     0.18s  1.96% 62.96%      3.01s 32.79%  github.com/TomTonic/multimap/internal/page.locate /private/var/folders/0l/vcs81wv15fz2hx942wfs7x9h0000gn/T/arm-run.fVIGoR/src/internal/page/page.go:229
     0.17s  1.85% 64.81%      0.17s  1.85%  github.com/TomTonic/multimap/internal/art.(*Tree).find /private/var/folders/0l/vcs81wv15fz2hx942wfs7x9h0000gn/T/arm-run.fVIGoR/src/internal/art/lookup.go:66
     0.14s  1.53% 66.34%      0.14s  1.53%  github.com/TomTonic/multimap/internal/page.compare /private/var/folders/0l/vcs81wv15fz2hx942wfs7x9h0000gn/T/arm-run.fVIGoR/src/internal/page/page.go:253 (inline)
     0.14s  1.53% 67.86%      0.14s  1.53%  github.com/TomTonic/multimap/internal/page.lcp /private/var/folders/0l/vcs81wv15fz2hx942wfs7x9h0000gn/T/arm-run.fVIGoR/src/internal/page/page.go:173
     0.13s  1.42% 69.28%      0.13s  1.42%  github.com/TomTonic/multimap/internal/art.(*Tree).find /private/var/folders/0l/vcs81wv15fz2hx942wfs7x9h0000gn/T/arm-run.fVIGoR/src/internal/art/lookup.go:80
     0.13s  1.42% 70.70%      0.13s  1.42%  github.com/TomTonic/multimap/internal/page.locate /private/var/folders/0l/vcs81wv15fz2hx942wfs7x9h0000gn/T/arm-run.fVIGoR/src/internal/page/page.go:236
     0.12s  1.31% 72.00%      2.10s 22.88%  github.com/TomTonic/multimap/internal/page..EachValue[go.shape.uint64] /private/var/folders/0l/vcs81wv15fz2hx942wfs7x9h0000gn/T/arm-run.fVIGoR/src/internal/page/fixed.go:169
     0.11s  1.20% 73.20%      9.07s 98.80%  github.com/TomTonic/multimap/bench/cmd/bench.(*fixture).valuesFor.func1 /private/var/folders/0l/vcs81wv15fz2hx942wfs7x9h0000gn/T/arm-run.fVIGoR/src/bench/cmd/bench/candidates.go:41
     0.11s  1.20% 74.40%      0.11s  1.20%  github.com/TomTonic/multimap/internal/page.locate /private/var/folders/0l/vcs81wv15fz2hx942wfs7x9h0000gn/T/arm-run.fVIGoR/src/internal/page/page.go:225
     0.10s  1.09% 75.49%      0.10s  1.09%  github.com/TomTonic/multimap/internal/art.(*Tree).find /private/var/folders/0l/vcs81wv15fz2hx942wfs7x9h0000gn/T/arm-run.fVIGoR/src/internal/art/lookup.go:73
     0.10s  1.09% 76.58%      0.10s  1.09%  github.com/TomTonic/multimap/internal/page..EachValue[go.shape.uint64] /private/var/folders/0l/vcs81wv15fz2hx942wfs7x9h0000gn/T/arm-run.fVIGoR/src/internal/page/fixed.go:176
     0.09s  0.98% 77.56%      0.09s  0.98%  github.com/TomTonic/multimap/internal/art.(*Tree).find /private/var/folders/0l/vcs81wv15fz2hx942wfs7x9h0000gn/T/arm-run.fVIGoR/src/internal/art/lookup.go:43
     0.09s  0.98% 78.54%      0.09s  0.98%  github.com/TomTonic/multimap/internal/art.(*Tree).find /private/var/folders/0l/vcs81wv15fz2hx942wfs7x9h0000gn/T/arm-run.fVIGoR/src/internal/art/lookup.go:60
     0.09s  0.98% 79.52%      3.42s 37.25%  github.com/TomTonic/multimap/internal/page..EachValue[go.shape.uint64] /private/var/folders/0l/vcs81wv15fz2hx942wfs7x9h0000gn/T/arm-run.fVIGoR/src/internal/page/fixed.go:173
     0.08s  0.87% 80.39%      0.08s  0.87%  github.com/TomTonic/multimap/internal/art.(*Map[go.shape.uint64]).Each /private/var/folders/0l/vcs81wv15fz2hx942wfs7x9h0000gn/T/arm-run.fVIGoR/src/internal/art/map.go:142
     0.08s  0.87% 81.26%      0.08s  0.87%  github.com/TomTonic/multimap/internal/art.(*Tree).find /private/var/folders/0l/vcs81wv15fz2hx942wfs7x9h0000gn/T/arm-run.fVIGoR/src/internal/art/lookup.go:35
     0.08s  0.87% 82.14%      0.08s  0.87%  github.com/TomTonic/multimap/internal/art.(*Tree).find /private/var/folders/0l/vcs81wv15fz2hx942wfs7x9h0000gn/T/arm-run.fVIGoR/src/internal/art/lookup.go:52
     0.08s  0.87% 83.01%      0.08s  0.87%  github.com/TomTonic/multimap/internal/art.isSingleKey /private/var/folders/0l/vcs81wv15fz2hx942wfs7x9h0000gn/T/arm-run.fVIGoR/src/internal/art/node.go:131 (inline)
     0.08s  0.87% 83.88%      0.11s  1.20%  github.com/TomTonic/multimap/internal/page.(*head).mem /private/var/folders/0l/vcs81wv15fz2hx942wfs7x9h0000gn/T/arm-run.fVIGoR/src/internal/page/page.go:140
     0.08s  0.87% 84.75%      0.08s  0.87%  github.com/TomTonic/multimap/internal/swar.Rank /private/var/folders/0l/vcs81wv15fz2hx942wfs7x9h0000gn/T/arm-run.fVIGoR/src/internal/swar/swar.go:37 (inline)
     0.07s  0.76% 85.51%      0.13s  1.42%  github.com/TomTonic/multimap/internal/page..EachValue[go.shape.uint64] /private/var/folders/0l/vcs81wv15fz2hx942wfs7x9h0000gn/T/arm-run.fVIGoR/src/internal/page/fixed.go:162
     0.07s  0.76% 86.27%      0.07s  0.76%  github.com/TomTonic/multimap/internal/swar.Rank /private/var/folders/0l/vcs81wv15fz2hx942wfs7x9h0000gn/T/arm-run.fVIGoR/src/internal/swar/swar.go:38 (inline)
     0.06s  0.65% 86.93%      0.06s  0.65%  github.com/TomTonic/multimap/internal/page.(*head).cpl /private/var/folders/0l/vcs81wv15fz2hx942wfs7x9h0000gn/T/arm-run.fVIGoR/src/internal/page/page.go:131
     0.06s  0.65% 87.58%      0.12s  1.31%  github.com/TomTonic/multimap/internal/page..EachValue[go.shape.uint64] /private/var/folders/0l/vcs81wv15fz2hx942wfs7x9h0000gn/T/arm-run.fVIGoR/src/internal/page/fixed.go:181
     0.06s  0.65% 88.24%      0.06s  0.65%  github.com/TomTonic/multimap/internal/page.locate /private/var/folders/0l/vcs81wv15fz2hx942wfs7x9h0000gn/T/arm-run.fVIGoR/src/internal/page/page.go:230
     0.06s  0.65% 88.89%      0.06s  0.65%  github.com/TomTonic/multimap/internal/swar.Index8 /private/var/folders/0l/vcs81wv15fz2hx942wfs7x9h0000gn/T/arm-run.fVIGoR/src/internal/swar/swar.go:25 (inline)
     0.05s  0.54% 89.43%      8.96s 97.60%  github.com/TomTonic/multimap.(*Ordered[go.shape.uint64]).ValuesForSeq.1 /private/var/folders/0l/vcs81wv15fz2hx942wfs7x9h0000gn/T/arm-run.fVIGoR/src/ordered.go:53 (inline)
     0.05s  0.54% 89.98%      0.05s  0.54%  github.com/TomTonic/multimap/bench/cmd/bench.(*fixture).valuesFor.func1 /private/var/folders/0l/vcs81wv15fz2hx942wfs7x9h0000gn/T/arm-run.fVIGoR/src/bench/cmd/bench/candidates.go:44
     0.05s  0.54% 90.52%      0.05s  0.54%  github.com/TomTonic/multimap/bench/cmd/bench.(*fixture).valuesFor.func1-range1 /private/var/folders/0l/vcs81wv15fz2hx942wfs7x9h0000gn/T/arm-run.fVIGoR/src/bench/cmd/bench/candidates.go:41
     0.05s  0.54% 91.07%      0.05s  0.54%  github.com/TomTonic/multimap/internal/art.(*Tree).find /private/var/folders/0l/vcs81wv15fz2hx942wfs7x9h0000gn/T/arm-run.fVIGoR/src/internal/art/lookup.go:39
     0.05s  0.54% 91.61%      0.05s  0.54%  github.com/TomTonic/multimap/internal/art.(*Tree).find /private/var/folders/0l/vcs81wv15fz2hx942wfs7x9h0000gn/T/arm-run.fVIGoR/src/internal/art/lookup.go:62
     0.05s  0.54% 92.16%      0.10s  1.09%  github.com/TomTonic/multimap/internal/page..EachValue[go.shape.uint64] /private/var/folders/0l/vcs81wv15fz2hx942wfs7x9h0000gn/T/arm-run.fVIGoR/src/internal/page/fixed.go:179
     0.05s  0.54% 92.70%      0.05s  0.54%  github.com/TomTonic/multimap/internal/page..EachValue[go.shape.uint64] /private/var/folders/0l/vcs81wv15fz2hx942wfs7x9h0000gn/T/arm-run.fVIGoR/src/internal/page/fixed.go:185
     0.05s  0.54% 93.25%      0.05s  0.54%  github.com/TomTonic/multimap/internal/page.valuesIn[go.shape.uint64] /private/var/folders/0l/vcs81wv15fz2hx942wfs7x9h0000gn/T/arm-run.fVIGoR/src/internal/page/fixed.go:36 (inline)
     0.03s  0.33% 93.57%      6.35s 69.17%  github.com/TomTonic/multimap/internal/art.(*Map[go.shape.uint64]).Each /private/var/folders/0l/vcs81wv15fz2hx942wfs7x9h0000gn/T/arm-run.fVIGoR/src/internal/art/map.go:138
     0.03s  0.33% 93.90%      0.14s  1.53%  github.com/TomTonic/multimap/internal/page..EachValue[go.shape.uint64] /private/var/folders/0l/vcs81wv15fz2hx942wfs7x9h0000gn/T/arm-run.fVIGoR/src/internal/page/fixed.go:161
     0.03s  0.33% 94.23%      0.06s  0.65%  github.com/TomTonic/multimap/internal/swar.Match8 /private/var/folders/0l/vcs81wv15fz2hx942wfs7x9h0000gn/T/arm-run.fVIGoR/src/internal/swar/swar.go:79 (inline)
     0.01s  0.11% 94.34%      2.43s 26.47%  github.com/TomTonic/multimap/internal/art.(*Map[go.shape.uint64]).Each /private/var/folders/0l/vcs81wv15fz2hx942wfs7x9h0000gn/T/arm-run.fVIGoR/src/internal/art/map.go:134
     0.01s  0.11% 94.44%      6.25s 68.08%  github.com/TomTonic/multimap/internal/art.(*Map[go.shape.uint64]).pageEach /private/var/folders/0l/vcs81wv15fz2hx942wfs7x9h0000gn/T/arm-run.fVIGoR/src/internal/art/mkkey.go:391
         0     0% 94.44%      9.14s 99.56%  github.com/TomTonic/multimap/bench/cmd/bench.TestLookProbe /private/var/folders/0l/vcs81wv15fz2hx942wfs7x9h0000gn/T/arm-run.fVIGoR/src/bench/cmd/bench/lookprobe_test.go:39
         0     0% 94.44%      9.13s 99.46%  github.com/TomTonic/multimap/bench/cmd/bench.lookCase /private/var/folders/0l/vcs81wv15fz2hx942wfs7x9h0000gn/T/arm-run.fVIGoR/src/bench/cmd/bench/lookprobe_test.go:84
         0     0% 94.44%      0.08s  0.87%  github.com/TomTonic/multimap/internal/art.(*Tree).find /private/var/folders/0l/vcs81wv15fz2hx942wfs7x9h0000gn/T/arm-run.fVIGoR/src/internal/art/lookup.go:38
         0     0% 94.44%      0.34s  3.70%  github.com/TomTonic/multimap/internal/art.(*Tree).find /private/var/folders/0l/vcs81wv15fz2hx942wfs7x9h0000gn/T/arm-run.fVIGoR/src/internal/art/lookup.go:45
         0     0% 94.44%      0.36s  3.92%  github.com/TomTonic/multimap/internal/art.(*Tree).find /private/var/folders/0l/vcs81wv15fz2hx942wfs7x9h0000gn/T/arm-run.fVIGoR/src/internal/art/lookup.go:74
         0     0% 94.44%      0.15s  1.63%  github.com/TomTonic/multimap/internal/art.(*Tree).find /private/var/folders/0l/vcs81wv15fz2hx942wfs7x9h0000gn/T/arm-run.fVIGoR/src/internal/art/lookup.go:85
         0     0% 94.44%      9.14s 99.56%  testing.tRunner /opt/homebrew/Cellar/go/1.27.2/libexec/src/testing/testing.go:2195

lookups str single-value n=16384: ordered 82.5 ns
lines of str single-value n=65536 (ordered):
File: bench.test
Type: cpu
Time: 2026-10-10 21:24:14 CEST
Duration: 10.17s, Total samples = 9.06s (89.11%)
Showing nodes accounting for 8.65s, 95.47% of 9.06s total
Dropped 41 nodes (cum <= 0.05s)
      flat  flat%   sum%        cum   cum%
     1.46s 16.11% 16.11%      1.46s 16.11%  github.com/TomTonic/multimap/internal/page.compare /private/var/folders/0l/vcs81wv15fz2hx942wfs7x9h0000gn/T/arm-run.fVIGoR/src/internal/page/page.go:252 (inline)
     0.86s  9.49% 25.61%      0.86s  9.49%  github.com/TomTonic/multimap/internal/page.lcp /private/var/folders/0l/vcs81wv15fz2hx942wfs7x9h0000gn/T/arm-run.fVIGoR/src/internal/page/page.go:175
     0.79s  8.72% 34.33%      0.79s  8.72%  github.com/TomTonic/multimap/internal/art.(*Tree).find /private/var/folders/0l/vcs81wv15fz2hx942wfs7x9h0000gn/T/arm-run.fVIGoR/src/internal/art/lookup.go:43
     0.50s  5.52% 39.85%      0.50s  5.52%  github.com/TomTonic/multimap/internal/page.compare /private/var/folders/0l/vcs81wv15fz2hx942wfs7x9h0000gn/T/arm-run.fVIGoR/src/internal/page/page.go:254 (inline)
     0.33s  3.64% 43.49%      0.33s  3.64%  github.com/TomTonic/multimap/internal/swar.Index8 /private/var/folders/0l/vcs81wv15fz2hx942wfs7x9h0000gn/T/arm-run.fVIGoR/src/internal/swar/swar.go:23 (inline)
     0.30s  3.31% 46.80%      2.60s 28.70%  github.com/TomTonic/multimap/internal/page.locate /private/var/folders/0l/vcs81wv15fz2hx942wfs7x9h0000gn/T/arm-run.fVIGoR/src/internal/page/page.go:229
     0.25s  2.76% 49.56%      0.25s  2.76%  github.com/TomTonic/multimap/internal/art.isSingleKey /private/var/folders/0l/vcs81wv15fz2hx942wfs7x9h0000gn/T/arm-run.fVIGoR/src/internal/art/node.go:131 (inline)
     0.23s  2.54% 52.10%      0.23s  2.54%  github.com/TomTonic/multimap/internal/swar.Match8 /private/var/folders/0l/vcs81wv15fz2hx942wfs7x9h0000gn/T/arm-run.fVIGoR/src/internal/swar/swar.go:76 (inline)
     0.22s  2.43% 54.53%      0.22s  2.43%  github.com/TomTonic/multimap/internal/page.compare /private/var/folders/0l/vcs81wv15fz2hx942wfs7x9h0000gn/T/arm-run.fVIGoR/src/internal/page/page.go:260 (inline)
     0.22s  2.43% 56.95%      0.22s  2.43%  github.com/TomTonic/multimap/internal/page.locate /private/var/folders/0l/vcs81wv15fz2hx942wfs7x9h0000gn/T/arm-run.fVIGoR/src/internal/page/page.go:225
     0.22s  2.43% 59.38%      0.22s  2.43%  runtime.pthread_cond_signal /opt/homebrew/Cellar/go/1.27.2/libexec/src/runtime/sys_darwin.go:491
     0.21s  2.32% 61.70%      0.21s  2.32%  github.com/TomTonic/multimap/internal/art.(*Tree).find /private/var/folders/0l/vcs81wv15fz2hx942wfs7x9h0000gn/T/arm-run.fVIGoR/src/internal/art/lookup.go:34
     0.17s  1.88% 63.58%      0.17s  1.88%  github.com/TomTonic/multimap/internal/art.(*Tree).find /private/var/folders/0l/vcs81wv15fz2hx942wfs7x9h0000gn/T/arm-run.fVIGoR/src/internal/art/lookup.go:50
     0.15s  1.66% 65.23%      0.15s  1.66%  github.com/TomTonic/multimap/internal/page.lcp /private/var/folders/0l/vcs81wv15fz2hx942wfs7x9h0000gn/T/arm-run.fVIGoR/src/internal/page/page.go:172
     0.15s  1.66% 66.89%      0.15s  1.66%  github.com/TomTonic/multimap/internal/page.lcp /private/var/folders/0l/vcs81wv15fz2hx942wfs7x9h0000gn/T/arm-run.fVIGoR/src/internal/page/page.go:173
     0.14s  1.55% 68.43%      3.17s 34.99%  github.com/TomTonic/multimap/internal/page..EachValue[go.shape.uint64] /private/var/folders/0l/vcs81wv15fz2hx942wfs7x9h0000gn/T/arm-run.fVIGoR/src/internal/page/fixed.go:173
     0.14s  1.55% 69.98%      0.14s  1.55%  github.com/TomTonic/multimap/internal/swar.Index8 /private/var/folders/0l/vcs81wv15fz2hx942wfs7x9h0000gn/T/arm-run.fVIGoR/src/internal/swar/swar.go:25 (inline)
     0.13s  1.43% 71.41%      0.13s  1.43%  github.com/TomTonic/multimap/internal/art.(*Tree).find /private/var/folders/0l/vcs81wv15fz2hx942wfs7x9h0000gn/T/arm-run.fVIGoR/src/internal/art/lookup.go:35
     0.12s  1.32% 72.74%      0.12s  1.32%  github.com/TomTonic/multimap/internal/page.compare /private/var/folders/0l/vcs81wv15fz2hx942wfs7x9h0000gn/T/arm-run.fVIGoR/src/internal/page/page.go:253 (inline)
     0.12s  1.32% 74.06%      0.12s  1.32%  github.com/TomTonic/multimap/internal/swar.Rank /private/var/folders/0l/vcs81wv15fz2hx942wfs7x9h0000gn/T/arm-run.fVIGoR/src/internal/swar/swar.go:38 (inline)
     0.11s  1.21% 75.28%      0.11s  1.21%  github.com/TomTonic/multimap/internal/art.(*Tree).find /private/var/folders/0l/vcs81wv15fz2hx942wfs7x9h0000gn/T/arm-run.fVIGoR/src/internal/art/lookup.go:52
     0.10s  1.10% 76.38%      0.10s  1.10%  github.com/TomTonic/multimap/bench/cmd/bench.(*fixture).valuesFor.func1-range1 /private/var/folders/0l/vcs81wv15fz2hx942wfs7x9h0000gn/T/arm-run.fVIGoR/src/bench/cmd/bench/candidates.go:41
     0.10s  1.10% 77.48%      0.10s  1.10%  github.com/TomTonic/multimap/internal/art.(*Tree).find /private/var/folders/0l/vcs81wv15fz2hx942wfs7x9h0000gn/T/arm-run.fVIGoR/src/internal/art/lookup.go:60
     0.10s  1.10% 78.59%      0.10s  1.10%  github.com/TomTonic/multimap/internal/page.(*head).mem /private/var/folders/0l/vcs81wv15fz2hx942wfs7x9h0000gn/T/arm-run.fVIGoR/src/internal/page/page.go:140
     0.09s  0.99% 79.58%      8.75s 96.58%  github.com/TomTonic/multimap/bench/cmd/bench.(*fixture).valuesFor.func1 /private/var/folders/0l/vcs81wv15fz2hx942wfs7x9h0000gn/T/arm-run.fVIGoR/src/bench/cmd/bench/candidates.go:41
     0.09s  0.99% 80.57%      0.09s  0.99%  github.com/TomTonic/multimap/internal/page..EachValue[go.shape.uint64] /private/var/folders/0l/vcs81wv15fz2hx942wfs7x9h0000gn/T/arm-run.fVIGoR/src/internal/page/fixed.go:185
     0.09s  0.99% 81.57%      0.09s  0.99%  github.com/TomTonic/multimap/internal/page.locate /private/var/folders/0l/vcs81wv15fz2hx942wfs7x9h0000gn/T/arm-run.fVIGoR/src/internal/page/page.go:230
     0.09s  0.99% 82.56%      0.09s  0.99%  github.com/TomTonic/multimap/internal/page.locate /private/var/folders/0l/vcs81wv15fz2hx942wfs7x9h0000gn/T/arm-run.fVIGoR/src/internal/page/page.go:236
     0.08s  0.88% 83.44%      0.08s  0.88%  github.com/TomTonic/multimap/internal/art.(*Tree).find /private/var/folders/0l/vcs81wv15fz2hx942wfs7x9h0000gn/T/arm-run.fVIGoR/src/internal/art/lookup.go:62
     0.08s  0.88% 84.33%      0.08s  0.88%  github.com/TomTonic/multimap/internal/page..EachValue[go.shape.uint64] /private/var/folders/0l/vcs81wv15fz2hx942wfs7x9h0000gn/T/arm-run.fVIGoR/src/internal/page/fixed.go:176
     0.08s  0.88% 85.21%      0.19s  2.10%  github.com/TomTonic/multimap/internal/page..EachValue[go.shape.uint64] /private/var/folders/0l/vcs81wv15fz2hx942wfs7x9h0000gn/T/arm-run.fVIGoR/src/internal/page/fixed.go:181
     0.08s  0.88% 86.09%      0.08s  0.88%  github.com/TomTonic/multimap/internal/page.valuesIn[go.shape.uint64] /private/var/folders/0l/vcs81wv15fz2hx942wfs7x9h0000gn/T/arm-run.fVIGoR/src/internal/page/fixed.go:36 (inline)
     0.07s  0.77% 86.87%      0.07s  0.77%  github.com/TomTonic/multimap/internal/art.(*Tree).find /private/var/folders/0l/vcs81wv15fz2hx942wfs7x9h0000gn/T/arm-run.fVIGoR/src/internal/art/lookup.go:63
     0.07s  0.77% 87.64%      0.07s  0.77%  github.com/TomTonic/multimap/internal/art.(*Tree).find /private/var/folders/0l/vcs81wv15fz2hx942wfs7x9h0000gn/T/arm-run.fVIGoR/src/internal/art/lookup.go:66
     0.07s  0.77% 88.41%      0.07s  0.77%  github.com/TomTonic/multimap/internal/art.(*Tree).find /private/var/folders/0l/vcs81wv15fz2hx942wfs7x9h0000gn/T/arm-run.fVIGoR/src/internal/art/lookup.go:76
     0.07s  0.77% 89.18%      0.07s  0.77%  github.com/TomTonic/multimap/internal/art.(*Tree).find /private/var/folders/0l/vcs81wv15fz2hx942wfs7x9h0000gn/T/arm-run.fVIGoR/src/internal/art/lookup.go:80
     0.06s  0.66% 89.85%      0.06s  0.66%  github.com/TomTonic/multimap/bench/cmd/bench.(*fixture).valuesFor.func1 /private/var/folders/0l/vcs81wv15fz2hx942wfs7x9h0000gn/T/arm-run.fVIGoR/src/bench/cmd/bench/candidates.go:44
     0.06s  0.66% 90.51%      0.06s  0.66%  github.com/TomTonic/multimap/internal/art.(*Tree).find /private/var/folders/0l/vcs81wv15fz2hx942wfs7x9h0000gn/T/arm-run.fVIGoR/src/internal/art/lookup.go:61
     0.06s  0.66% 91.17%      0.06s  0.66%  github.com/TomTonic/multimap/internal/swar.Rank /private/var/folders/0l/vcs81wv15fz2hx942wfs7x9h0000gn/T/arm-run.fVIGoR/src/internal/swar/swar.go:37 (inline)
     0.05s  0.55% 91.72%      0.05s  0.55%  github.com/TomTonic/multimap/internal/art.(*Map[go.shape.uint64]).Each /private/var/folders/0l/vcs81wv15fz2hx942wfs7x9h0000gn/T/arm-run.fVIGoR/src/internal/art/map.go:142
     0.05s  0.55% 92.27%      0.30s  3.31%  github.com/TomTonic/multimap/internal/art.(*Tree).find /private/var/folders/0l/vcs81wv15fz2hx942wfs7x9h0000gn/T/arm-run.fVIGoR/src/internal/art/lookup.go:38
     0.05s  0.55% 92.83%      0.05s  0.55%  github.com/TomTonic/multimap/internal/art.(*Tree).find /private/var/folders/0l/vcs81wv15fz2hx942wfs7x9h0000gn/T/arm-run.fVIGoR/src/internal/art/lookup.go:73
     0.05s  0.55% 93.38%      0.05s  0.55%  github.com/TomTonic/multimap/internal/art.(*Tree).find /private/var/folders/0l/vcs81wv15fz2hx942wfs7x9h0000gn/T/arm-run.fVIGoR/src/internal/art/lookup.go:79
     0.04s  0.44% 93.82%      0.05s  0.55%  github.com/TomTonic/multimap/internal/page..EachValue[go.shape.uint64] /private/var/folders/0l/vcs81wv15fz2hx942wfs7x9h0000gn/T/arm-run.fVIGoR/src/internal/page/fixed.go:164
     0.04s  0.44% 94.26%      1.22s 13.47%  github.com/TomTonic/multimap/internal/page..EachValue[go.shape.uint64] /private/var/folders/0l/vcs81wv15fz2hx942wfs7x9h0000gn/T/arm-run.fVIGoR/src/internal/page/fixed.go:169
     0.04s  0.44% 94.70%      0.12s  1.32%  github.com/TomTonic/multimap/internal/page..EachValue[go.shape.uint64] /private/var/folders/0l/vcs81wv15fz2hx942wfs7x9h0000gn/T/arm-run.fVIGoR/src/internal/page/fixed.go:179
     0.02s  0.22% 94.92%      5.22s 57.62%  github.com/TomTonic/multimap/internal/art.(*Map[go.shape.uint64]).Each /private/var/folders/0l/vcs81wv15fz2hx942wfs7x9h0000gn/T/arm-run.fVIGoR/src/internal/art/map.go:138
     0.02s  0.22% 95.14%      5.12s 56.51%  github.com/TomTonic/multimap/internal/art.(*Map[go.shape.uint64]).pageEach /private/var/folders/0l/vcs81wv15fz2hx942wfs7x9h0000gn/T/arm-run.fVIGoR/src/internal/art/mkkey.go:391
     0.02s  0.22% 95.36%      0.11s  1.21%  github.com/TomTonic/multimap/internal/page..EachValue[go.shape.uint64] /private/var/folders/0l/vcs81wv15fz2hx942wfs7x9h0000gn/T/arm-run.fVIGoR/src/internal/page/fixed.go:161
     0.01s  0.11% 95.47%      3.34s 36.87%  github.com/TomTonic/multimap/internal/art.(*Map[go.shape.uint64]).Each /private/var/folders/0l/vcs81wv15fz2hx942wfs7x9h0000gn/T/arm-run.fVIGoR/src/internal/art/map.go:134
         0     0% 95.47%      8.66s 95.58%  github.com/TomTonic/multimap.(*Ordered[go.shape.uint64]).ValuesForSeq.1 /private/var/folders/0l/vcs81wv15fz2hx942wfs7x9h0000gn/T/arm-run.fVIGoR/src/ordered.go:53 (inline)
         0     0% 95.47%      8.82s 97.35%  github.com/TomTonic/multimap/bench/cmd/bench.TestLookProbe /private/var/folders/0l/vcs81wv15fz2hx942wfs7x9h0000gn/T/arm-run.fVIGoR/src/bench/cmd/bench/lookprobe_test.go:39
         0     0% 95.47%      8.81s 97.24%  github.com/TomTonic/multimap/bench/cmd/bench.lookCase /private/var/folders/0l/vcs81wv15fz2hx942wfs7x9h0000gn/T/arm-run.fVIGoR/src/bench/cmd/bench/lookprobe_test.go:84
         0     0% 95.47%      0.27s  2.98%  github.com/TomTonic/multimap/internal/art.(*Tree).find /private/var/folders/0l/vcs81wv15fz2hx942wfs7x9h0000gn/T/arm-run.fVIGoR/src/internal/art/lookup.go:45
         0     0% 95.47%      0.06s  0.66%  github.com/TomTonic/multimap/internal/art.(*Tree).find /private/var/folders/0l/vcs81wv15fz2hx942wfs7x9h0000gn/T/arm-run.fVIGoR/src/internal/art/lookup.go:65
         0     0% 95.47%      0.08s  0.88%  github.com/TomTonic/multimap/internal/art.(*Tree).find /private/var/folders/0l/vcs81wv15fz2hx942wfs7x9h0000gn/T/arm-run.fVIGoR/src/internal/art/lookup.go:72
         0     0% 95.47%      0.33s  3.64%  github.com/TomTonic/multimap/internal/art.(*Tree).find /private/var/folders/0l/vcs81wv15fz2hx942wfs7x9h0000gn/T/arm-run.fVIGoR/src/internal/art/lookup.go:74
         0     0% 95.47%      0.19s  2.10%  github.com/TomTonic/multimap/internal/art.(*Tree).find /private/var/folders/0l/vcs81wv15fz2hx942wfs7x9h0000gn/T/arm-run.fVIGoR/src/internal/art/lookup.go:85
         0     0% 95.47%      0.21s  2.32%  runtime.gopreempt_m /opt/homebrew/Cellar/go/1.27.2/libexec/src/runtime/proc.go:4377 (inline)
         0     0% 95.47%      0.21s  2.32%  runtime.goschedImpl /opt/homebrew/Cellar/go/1.27.2/libexec/src/runtime/proc.go:4357
         0     0% 95.47%      0.21s  2.32%  runtime.morestack /opt/homebrew/Cellar/go/1.27.2/libexec/src/runtime/asm_arm64.s:487
         0     0% 95.47%      0.21s  2.32%  runtime.newstack /opt/homebrew/Cellar/go/1.27.2/libexec/src/runtime/stack.go:1174
         0     0% 95.47%      0.22s  2.43%  runtime.notewakeup /opt/homebrew/Cellar/go/1.27.2/libexec/src/runtime/lock_sema.go:42
         0     0% 95.47%      0.22s  2.43%  runtime.semawakeup /opt/homebrew/Cellar/go/1.27.2/libexec/src/runtime/os_darwin.go:85
         0     0% 95.47%      0.22s  2.43%  runtime.startm /opt/homebrew/Cellar/go/1.27.2/libexec/src/runtime/proc.go:3136
         0     0% 95.47%      0.22s  2.43%  runtime.wakep /opt/homebrew/Cellar/go/1.27.2/libexec/src/runtime/proc.go:3258
         0     0% 95.47%      8.82s 97.35%  testing.tRunner /opt/homebrew/Cellar/go/1.27.2/libexec/src/testing/testing.go:2195

lookups str single-value n=65536: ordered 94.1 ns
lines of email single-value n=4096 (ordered):
File: bench.test
Type: cpu
Time: 2026-10-10 21:24:26 CEST
Duration: 10.15s, Total samples = 9.27s (91.29%)
Showing nodes accounting for 8.78s, 94.71% of 9.27s total
Dropped 31 nodes (cum <= 0.05s)
      flat  flat%   sum%        cum   cum%
     3.89s 41.96% 41.96%      3.89s 41.96%  github.com/TomTonic/multimap/internal/page.compare /private/var/folders/0l/vcs81wv15fz2hx942wfs7x9h0000gn/T/arm-run.fVIGoR/src/internal/page/page.go:252 (inline)
     0.68s  7.34% 49.30%      0.68s  7.34%  github.com/TomTonic/multimap/internal/page.compare /private/var/folders/0l/vcs81wv15fz2hx942wfs7x9h0000gn/T/arm-run.fVIGoR/src/internal/page/page.go:260 (inline)
     0.56s  6.04% 55.34%      0.56s  6.04%  github.com/TomTonic/multimap/internal/page.compare /private/var/folders/0l/vcs81wv15fz2hx942wfs7x9h0000gn/T/arm-run.fVIGoR/src/internal/page/page.go:254 (inline)
     0.33s  3.56% 58.90%      0.33s  3.56%  github.com/TomTonic/multimap/internal/page.locate /private/var/folders/0l/vcs81wv15fz2hx942wfs7x9h0000gn/T/arm-run.fVIGoR/src/internal/page/page.go:225
     0.29s  3.13% 62.03%      5.58s 60.19%  github.com/TomTonic/multimap/internal/page.locate /private/var/folders/0l/vcs81wv15fz2hx942wfs7x9h0000gn/T/arm-run.fVIGoR/src/internal/page/page.go:229
     0.22s  2.37% 64.40%      0.25s  2.70%  github.com/TomTonic/multimap/internal/page.(*head).mem /private/var/folders/0l/vcs81wv15fz2hx942wfs7x9h0000gn/T/arm-run.fVIGoR/src/internal/page/page.go:140
     0.17s  1.83% 66.24%      0.26s  2.80%  github.com/TomTonic/multimap/internal/page..EachValue[go.shape.uint64] /private/var/folders/0l/vcs81wv15fz2hx942wfs7x9h0000gn/T/arm-run.fVIGoR/src/internal/page/fixed.go:169
     0.16s  1.73% 67.96%      0.16s  1.73%  github.com/TomTonic/multimap/internal/page.compare /private/var/folders/0l/vcs81wv15fz2hx942wfs7x9h0000gn/T/arm-run.fVIGoR/src/internal/page/page.go:253 (inline)
     0.15s  1.62% 69.58%      9.13s 98.49%  github.com/TomTonic/multimap/bench/cmd/bench.(*fixture).valuesFor.func1 /private/var/folders/0l/vcs81wv15fz2hx942wfs7x9h0000gn/T/arm-run.fVIGoR/src/bench/cmd/bench/candidates.go:41
     0.15s  1.62% 71.20%      0.15s  1.62%  github.com/TomTonic/multimap/internal/art.(*Tree).find /private/var/folders/0l/vcs81wv15fz2hx942wfs7x9h0000gn/T/arm-run.fVIGoR/src/internal/art/lookup.go:35
     0.15s  1.62% 72.82%      0.15s  1.62%  github.com/TomTonic/multimap/internal/swar.Rank /private/var/folders/0l/vcs81wv15fz2hx942wfs7x9h0000gn/T/arm-run.fVIGoR/src/internal/swar/swar.go:38 (inline)
     0.13s  1.40% 74.22%      0.13s  1.40%  github.com/TomTonic/multimap/bench/cmd/bench.(*fixture).valuesFor.func1-range1 /private/var/folders/0l/vcs81wv15fz2hx942wfs7x9h0000gn/T/arm-run.fVIGoR/src/bench/cmd/bench/candidates.go:41
     0.13s  1.40% 75.62%      0.13s  1.40%  github.com/TomTonic/multimap/internal/page.locate /private/var/folders/0l/vcs81wv15fz2hx942wfs7x9h0000gn/T/arm-run.fVIGoR/src/internal/page/page.go:236
     0.12s  1.29% 76.91%      0.12s  1.29%  github.com/TomTonic/multimap/internal/swar.Has /private/var/folders/0l/vcs81wv15fz2hx942wfs7x9h0000gn/T/arm-run.fVIGoR/src/internal/swar/swar.go:45 (inline)
     0.11s  1.19% 78.10%      0.11s  1.19%  github.com/TomTonic/multimap/internal/art.(*Tree).find /private/var/folders/0l/vcs81wv15fz2hx942wfs7x9h0000gn/T/arm-run.fVIGoR/src/internal/art/lookup.go:34
     0.10s  1.08% 79.18%      6.24s 67.31%  github.com/TomTonic/multimap/internal/page..EachValue[go.shape.uint64] /private/var/folders/0l/vcs81wv15fz2hx942wfs7x9h0000gn/T/arm-run.fVIGoR/src/internal/page/fixed.go:173
     0.10s  1.08% 80.26%      0.10s  1.08%  github.com/TomTonic/multimap/internal/swar.Rank /private/var/folders/0l/vcs81wv15fz2hx942wfs7x9h0000gn/T/arm-run.fVIGoR/src/internal/swar/swar.go:37 (inline)
     0.09s  0.97% 81.23%      0.09s  0.97%  github.com/TomTonic/multimap/internal/art.(*Map[go.shape.uint64]).pageEach /private/var/folders/0l/vcs81wv15fz2hx942wfs7x9h0000gn/T/arm-run.fVIGoR/src/internal/art/mkkey.go:387
     0.09s  0.97% 82.20%      0.09s  0.97%  github.com/TomTonic/multimap/internal/page.valuesIn[go.shape.uint64] /private/var/folders/0l/vcs81wv15fz2hx942wfs7x9h0000gn/T/arm-run.fVIGoR/src/internal/page/fixed.go:36 (inline)
     0.08s  0.86% 83.06%      0.08s  0.86%  github.com/TomTonic/multimap/internal/art.(*Map[go.shape.uint64]).Each /private/var/folders/0l/vcs81wv15fz2hx942wfs7x9h0000gn/T/arm-run.fVIGoR/src/internal/art/map.go:133
     0.08s  0.86% 83.93%      7.71s 83.17%  github.com/TomTonic/multimap/internal/art.(*Map[go.shape.uint64]).Each /private/var/folders/0l/vcs81wv15fz2hx942wfs7x9h0000gn/T/arm-run.fVIGoR/src/internal/art/map.go:138
     0.08s  0.86% 84.79%      0.08s  0.86%  github.com/TomTonic/multimap/internal/art.(*Tree).find /private/var/folders/0l/vcs81wv15fz2hx942wfs7x9h0000gn/T/arm-run.fVIGoR/src/internal/art/lookup.go:39
     0.08s  0.86% 85.65%      0.08s  0.86%  github.com/TomTonic/multimap/internal/page..EachValue[go.shape.uint64] /private/var/folders/0l/vcs81wv15fz2hx942wfs7x9h0000gn/T/arm-run.fVIGoR/src/internal/page/fixed.go:176
     0.08s  0.86% 86.52%      0.17s  1.83%  github.com/TomTonic/multimap/internal/page..EachValue[go.shape.uint64] /private/var/folders/0l/vcs81wv15fz2hx942wfs7x9h0000gn/T/arm-run.fVIGoR/src/internal/page/fixed.go:179
     0.07s  0.76% 87.27%      0.07s  0.76%  github.com/TomTonic/multimap/internal/art.(*Tree).find /private/var/folders/0l/vcs81wv15fz2hx942wfs7x9h0000gn/T/arm-run.fVIGoR/src/internal/art/lookup.go:52
     0.07s  0.76% 88.03%      0.24s  2.59%  github.com/TomTonic/multimap/internal/page..EachValue[go.shape.uint64] /private/var/folders/0l/vcs81wv15fz2hx942wfs7x9h0000gn/T/arm-run.fVIGoR/src/internal/page/fixed.go:181
     0.06s  0.65% 88.67%      0.06s  0.65%  github.com/TomTonic/multimap/bench/cmd/bench.(*fixture).valuesFor.func1 /private/var/folders/0l/vcs81wv15fz2hx942wfs7x9h0000gn/T/arm-run.fVIGoR/src/bench/cmd/bench/candidates.go:44
     0.06s  0.65% 89.32%      0.06s  0.65%  github.com/TomTonic/multimap/internal/art.(*Tree).find /private/var/folders/0l/vcs81wv15fz2hx942wfs7x9h0000gn/T/arm-run.fVIGoR/src/internal/art/lookup.go:50
     0.06s  0.65% 89.97%      0.06s  0.65%  github.com/TomTonic/multimap/internal/art.(*Tree).find /private/var/folders/0l/vcs81wv15fz2hx942wfs7x9h0000gn/T/arm-run.fVIGoR/src/internal/art/lookup.go:60
     0.06s  0.65% 90.61%      0.31s  3.34%  github.com/TomTonic/multimap/internal/art.(*Tree).find /private/var/folders/0l/vcs81wv15fz2hx942wfs7x9h0000gn/T/arm-run.fVIGoR/src/internal/art/lookup.go:85
     0.06s  0.65% 91.26%      0.06s  0.65%  github.com/TomTonic/multimap/internal/page.locate /private/var/folders/0l/vcs81wv15fz2hx942wfs7x9h0000gn/T/arm-run.fVIGoR/src/internal/page/page.go:230
     0.05s  0.54% 91.80%      0.05s  0.54%  github.com/TomTonic/multimap/internal/page.(*head).one /private/var/folders/0l/vcs81wv15fz2hx942wfs7x9h0000gn/T/arm-run.fVIGoR/src/internal/page/page.go:121 (partial-inline)
     0.05s  0.54% 92.34%      0.30s  3.24%  github.com/TomTonic/multimap/internal/page..EachValue[go.shape.uint64] /private/var/folders/0l/vcs81wv15fz2hx942wfs7x9h0000gn/T/arm-run.fVIGoR/src/internal/page/fixed.go:161
     0.05s  0.54% 92.88%      0.05s  0.54%  github.com/TomTonic/multimap/internal/page..EachValue[go.shape.uint64] /private/var/folders/0l/vcs81wv15fz2hx942wfs7x9h0000gn/T/arm-run.fVIGoR/src/internal/page/fixed.go:185
     0.05s  0.54% 93.42%      0.05s  0.54%  github.com/TomTonic/multimap/internal/page.lcp /private/var/folders/0l/vcs81wv15fz2hx942wfs7x9h0000gn/T/arm-run.fVIGoR/src/internal/page/page.go:175
     0.04s  0.43% 93.85%      8.98s 96.87%  github.com/TomTonic/multimap.(*Ordered[go.shape.uint64]).ValuesForSeq.1 /private/var/folders/0l/vcs81wv15fz2hx942wfs7x9h0000gn/T/arm-run.fVIGoR/src/ordered.go:53 (inline)
     0.03s  0.32% 94.17%      1.08s 11.65%  github.com/TomTonic/multimap/internal/art.(*Map[go.shape.uint64]).Each /private/var/folders/0l/vcs81wv15fz2hx942wfs7x9h0000gn/T/arm-run.fVIGoR/src/internal/art/map.go:134
     0.03s  0.32% 94.50%      7.47s 80.58%  github.com/TomTonic/multimap/internal/art.(*Map[go.shape.uint64]).pageEach /private/var/folders/0l/vcs81wv15fz2hx942wfs7x9h0000gn/T/arm-run.fVIGoR/src/internal/art/mkkey.go:391
     0.01s  0.11% 94.61%      0.05s  0.54%  github.com/TomTonic/multimap/internal/art.(*Tree).find /private/var/folders/0l/vcs81wv15fz2hx942wfs7x9h0000gn/T/arm-run.fVIGoR/src/internal/art/lookup.go:38
     0.01s  0.11% 94.71%      0.05s  0.54%  github.com/TomTonic/multimap/internal/page..EachValue[go.shape.uint64] /private/var/folders/0l/vcs81wv15fz2hx942wfs7x9h0000gn/T/arm-run.fVIGoR/src/internal/page/fixed.go:164
         0     0% 94.71%      9.24s 99.68%  github.com/TomTonic/multimap/bench/cmd/bench.TestLookProbe /private/var/folders/0l/vcs81wv15fz2hx942wfs7x9h0000gn/T/arm-run.fVIGoR/src/bench/cmd/bench/lookprobe_test.go:39
         0     0% 94.71%      9.23s 99.57%  github.com/TomTonic/multimap/bench/cmd/bench.lookCase /private/var/folders/0l/vcs81wv15fz2hx942wfs7x9h0000gn/T/arm-run.fVIGoR/src/bench/cmd/bench/lookprobe_test.go:84
         0     0% 94.71%      0.12s  1.29%  github.com/TomTonic/multimap/internal/art.(*Tree).find /private/var/folders/0l/vcs81wv15fz2hx942wfs7x9h0000gn/T/arm-run.fVIGoR/src/internal/art/lookup.go:82
         0     0% 94.71%      9.24s 99.68%  testing.tRunner /opt/homebrew/Cellar/go/1.27.2/libexec/src/testing/testing.go:2195

lookups email single-value n=4096: ordered 62.8 ns
lines of email single-value n=16384 (ordered):
File: bench.test
Type: cpu
Time: 2026-10-10 21:24:37 CEST
Duration: 10.18s, Total samples = 9.20s (90.36%)
Showing nodes accounting for 8.36s, 90.87% of 9.20s total
Dropped 47 nodes (cum <= 0.05s)
      flat  flat%   sum%        cum   cum%
     1.59s 17.28% 17.28%      1.96s 21.30%  github.com/TomTonic/multimap/internal/art.(*Tree).find /private/var/folders/0l/vcs81wv15fz2hx942wfs7x9h0000gn/T/arm-run.fVIGoR/src/internal/art/lookup.go:38
     1.44s 15.65% 32.93%      1.44s 15.65%  github.com/TomTonic/multimap/internal/page.compare /private/var/folders/0l/vcs81wv15fz2hx942wfs7x9h0000gn/T/arm-run.fVIGoR/src/internal/page/page.go:252 (inline)
     0.65s  7.07% 40.00%      0.65s  7.07%  github.com/TomTonic/multimap/internal/page.compare /private/var/folders/0l/vcs81wv15fz2hx942wfs7x9h0000gn/T/arm-run.fVIGoR/src/internal/page/page.go:260 (inline)
     0.59s  6.41% 46.41%      0.59s  6.41%  github.com/TomTonic/multimap/internal/page.compare /private/var/folders/0l/vcs81wv15fz2hx942wfs7x9h0000gn/T/arm-run.fVIGoR/src/internal/page/page.go:254 (inline)
     0.50s  5.43% 51.85%      0.50s  5.43%  github.com/TomTonic/multimap/internal/art.(*Tree).find /private/var/folders/0l/vcs81wv15fz2hx942wfs7x9h0000gn/T/arm-run.fVIGoR/src/internal/art/lookup.go:39
     0.36s  3.91% 55.76%      0.36s  3.91%  github.com/TomTonic/multimap/internal/page.compare /private/var/folders/0l/vcs81wv15fz2hx942wfs7x9h0000gn/T/arm-run.fVIGoR/src/internal/page/page.go:253 (inline)
     0.30s  3.26% 59.02%      0.30s  3.26%  github.com/TomTonic/multimap/internal/swar.Rank /private/var/folders/0l/vcs81wv15fz2hx942wfs7x9h0000gn/T/arm-run.fVIGoR/src/internal/swar/swar.go:38 (inline)
     0.19s  2.07% 61.09%      0.19s  2.07%  github.com/TomTonic/multimap/internal/art.(*Tree).find /private/var/folders/0l/vcs81wv15fz2hx942wfs7x9h0000gn/T/arm-run.fVIGoR/src/internal/art/lookup.go:34
     0.18s  1.96% 63.04%      0.18s  1.96%  github.com/TomTonic/multimap/internal/art.(*Tree).find /private/var/folders/0l/vcs81wv15fz2hx942wfs7x9h0000gn/T/arm-run.fVIGoR/src/internal/art/lookup.go:63
     0.17s  1.85% 64.89%      0.17s  1.85%  github.com/TomTonic/multimap/internal/art.(*Tree).find /private/var/folders/0l/vcs81wv15fz2hx942wfs7x9h0000gn/T/arm-run.fVIGoR/src/internal/art/lookup.go:60
     0.16s  1.74% 66.63%      0.16s  1.74%  github.com/TomTonic/multimap/internal/art.(*Tree).find /private/var/folders/0l/vcs81wv15fz2hx942wfs7x9h0000gn/T/arm-run.fVIGoR/src/internal/art/lookup.go:35
     0.14s  1.52% 68.15%      9.05s 98.37%  github.com/TomTonic/multimap/bench/cmd/bench.(*fixture).valuesFor.func1 /private/var/folders/0l/vcs81wv15fz2hx942wfs7x9h0000gn/T/arm-run.fVIGoR/src/bench/cmd/bench/candidates.go:41
     0.13s  1.41% 69.57%      0.15s  1.63%  github.com/TomTonic/multimap/internal/page.(*head).mem /private/var/folders/0l/vcs81wv15fz2hx942wfs7x9h0000gn/T/arm-run.fVIGoR/src/internal/page/page.go:140
     0.12s  1.30% 70.87%      0.12s  1.30%  github.com/TomTonic/multimap/bench/cmd/bench.(*fixture).valuesFor.func1-range1 /private/var/folders/0l/vcs81wv15fz2hx942wfs7x9h0000gn/T/arm-run.fVIGoR/src/bench/cmd/bench/candidates.go:41
     0.11s  1.20% 72.07%      0.11s  1.20%  github.com/TomTonic/multimap/internal/swar.Has /private/var/folders/0l/vcs81wv15fz2hx942wfs7x9h0000gn/T/arm-run.fVIGoR/src/internal/swar/swar.go:45 (inline)
     0.10s  1.09% 73.15%      0.10s  1.09%  github.com/TomTonic/multimap/internal/art.(*Map[go.shape.uint64]).Each /private/var/folders/0l/vcs81wv15fz2hx942wfs7x9h0000gn/T/arm-run.fVIGoR/src/internal/art/map.go:142
     0.10s  1.09% 74.24%      0.10s  1.09%  github.com/TomTonic/multimap/internal/art.isSingleKey /private/var/folders/0l/vcs81wv15fz2hx942wfs7x9h0000gn/T/arm-run.fVIGoR/src/internal/art/node.go:131 (inline)
     0.10s  1.09% 75.33%      0.21s  2.28%  github.com/TomTonic/multimap/internal/page..EachValue[go.shape.uint64] /private/var/folders/0l/vcs81wv15fz2hx942wfs7x9h0000gn/T/arm-run.fVIGoR/src/internal/page/fixed.go:169
     0.09s  0.98% 76.30%      4.37s 47.50%  github.com/TomTonic/multimap/internal/art.(*Map[go.shape.uint64]).pageEach /private/var/folders/0l/vcs81wv15fz2hx942wfs7x9h0000gn/T/arm-run.fVIGoR/src/internal/art/mkkey.go:391
     0.09s  0.98% 77.28%      3.46s 37.61%  github.com/TomTonic/multimap/internal/page..EachValue[go.shape.uint64] /private/var/folders/0l/vcs81wv15fz2hx942wfs7x9h0000gn/T/arm-run.fVIGoR/src/internal/page/fixed.go:173
     0.09s  0.98% 78.26%      0.09s  0.98%  github.com/TomTonic/multimap/internal/page.lcp /private/var/folders/0l/vcs81wv15fz2hx942wfs7x9h0000gn/T/arm-run.fVIGoR/src/internal/page/page.go:172
     0.09s  0.98% 79.24%      0.09s  0.98%  github.com/TomTonic/multimap/internal/page.locate /private/var/folders/0l/vcs81wv15fz2hx942wfs7x9h0000gn/T/arm-run.fVIGoR/src/internal/page/page.go:225
     0.09s  0.98% 80.22%      3.13s 34.02%  github.com/TomTonic/multimap/internal/page.locate /private/var/folders/0l/vcs81wv15fz2hx942wfs7x9h0000gn/T/arm-run.fVIGoR/src/internal/page/page.go:229
     0.08s  0.87% 81.09%      0.08s  0.87%  github.com/TomTonic/multimap/internal/page.locate /private/var/folders/0l/vcs81wv15fz2hx942wfs7x9h0000gn/T/arm-run.fVIGoR/src/internal/page/page.go:236
     0.07s  0.76% 81.85%      0.07s  0.76%  github.com/TomTonic/multimap/internal/page.locate /private/var/folders/0l/vcs81wv15fz2hx942wfs7x9h0000gn/T/arm-run.fVIGoR/src/internal/page/page.go:222
     0.07s  0.76% 82.61%      0.07s  0.76%  github.com/TomTonic/multimap/internal/swar.Rank /private/var/folders/0l/vcs81wv15fz2hx942wfs7x9h0000gn/T/arm-run.fVIGoR/src/internal/swar/swar.go:37 (inline)
     0.06s  0.65% 83.26%      0.11s  1.20%  github.com/TomTonic/multimap/internal/page..EachSingle[go.shape.uint64] /private/var/folders/0l/vcs81wv15fz2hx942wfs7x9h0000gn/T/arm-run.fVIGoR/src/internal/page/fixed.go:419
     0.06s  0.65% 83.91%      0.06s  0.65%  github.com/TomTonic/multimap/internal/page.valuesIn[go.shape.uint64] /private/var/folders/0l/vcs81wv15fz2hx942wfs7x9h0000gn/T/arm-run.fVIGoR/src/internal/page/fixed.go:36 (inline)
     0.06s  0.65% 84.57%      0.06s  0.65%  runtime.pthread_cond_signal /opt/homebrew/Cellar/go/1.27.2/libexec/src/runtime/sys_darwin.go:491
     0.05s  0.54% 85.11%      0.05s  0.54%  github.com/TomTonic/multimap/bench/cmd/bench.(*fixture).valuesFor.func1 /private/var/folders/0l/vcs81wv15fz2hx942wfs7x9h0000gn/T/arm-run.fVIGoR/src/bench/cmd/bench/candidates.go:44
     0.05s  0.54% 85.65%      0.05s  0.54%  github.com/TomTonic/multimap/internal/art.(*Map[go.shape.uint64]).pageEach /private/var/folders/0l/vcs81wv15fz2hx942wfs7x9h0000gn/T/arm-run.fVIGoR/src/internal/art/mkkey.go:386
     0.05s  0.54% 86.20%      0.05s  0.54%  github.com/TomTonic/multimap/internal/art.(*Tree).find /private/var/folders/0l/vcs81wv15fz2hx942wfs7x9h0000gn/T/arm-run.fVIGoR/src/internal/art/lookup.go:50
     0.05s  0.54% 86.74%      0.45s  4.89%  github.com/TomTonic/multimap/internal/art.(*Tree).find /private/var/folders/0l/vcs81wv15fz2hx942wfs7x9h0000gn/T/arm-run.fVIGoR/src/internal/art/lookup.go:85
     0.05s  0.54% 87.28%      0.09s  0.98%  github.com/TomTonic/multimap/internal/page..EachValue[go.shape.uint64] /private/var/folders/0l/vcs81wv15fz2hx942wfs7x9h0000gn/T/arm-run.fVIGoR/src/internal/page/fixed.go:162
     0.05s  0.54% 87.83%      0.05s  0.54%  github.com/TomTonic/multimap/internal/page..EachValue[go.shape.uint64] /private/var/folders/0l/vcs81wv15fz2hx942wfs7x9h0000gn/T/arm-run.fVIGoR/src/internal/page/fixed.go:176
     0.05s  0.54% 88.37%      0.16s  1.74%  github.com/TomTonic/multimap/internal/page..EachValue[go.shape.uint64] /private/var/folders/0l/vcs81wv15fz2hx942wfs7x9h0000gn/T/arm-run.fVIGoR/src/internal/page/fixed.go:181
     0.05s  0.54% 88.91%      0.05s  0.54%  runtime.memequal /opt/homebrew/Cellar/go/1.27.2/libexec/src/internal/bytealg/equal_arm64.s:76
     0.03s  0.33% 89.24%      3.91s 42.50%  github.com/TomTonic/multimap/internal/art.(*Map[go.shape.uint64]).Each /private/var/folders/0l/vcs81wv15fz2hx942wfs7x9h0000gn/T/arm-run.fVIGoR/src/internal/art/map.go:134
     0.03s  0.33% 89.57%      0.26s  2.83%  github.com/TomTonic/multimap/internal/art.eachValue[go.shape.uint64] /private/var/folders/0l/vcs81wv15fz2hx942wfs7x9h0000gn/T/arm-run.fVIGoR/src/internal/art/map.go:154
     0.03s  0.33% 89.89%      0.08s  0.87%  github.com/TomTonic/multimap/internal/page..EachSingle[go.shape.uint64] /private/var/folders/0l/vcs81wv15fz2hx942wfs7x9h0000gn/T/arm-run.fVIGoR/src/internal/page/fixed.go:420
     0.03s  0.33% 90.22%      0.14s  1.52%  github.com/TomTonic/multimap/internal/page..EachValue[go.shape.uint64] /private/var/folders/0l/vcs81wv15fz2hx942wfs7x9h0000gn/T/arm-run.fVIGoR/src/internal/page/fixed.go:161
     0.02s  0.22% 90.43%      8.91s 96.85%  github.com/TomTonic/multimap.(*Ordered[go.shape.uint64]).ValuesForSeq.1 /private/var/folders/0l/vcs81wv15fz2hx942wfs7x9h0000gn/T/arm-run.fVIGoR/src/ordered.go:53 (inline)
     0.02s  0.22% 90.65%      0.07s  0.76%  github.com/TomTonic/multimap/internal/page..EachValue[go.shape.uint64] /private/var/folders/0l/vcs81wv15fz2hx942wfs7x9h0000gn/T/arm-run.fVIGoR/src/internal/page/fixed.go:179
     0.01s  0.11% 90.76%      4.49s 48.80%  github.com/TomTonic/multimap/internal/art.(*Map[go.shape.uint64]).Each /private/var/folders/0l/vcs81wv15fz2hx942wfs7x9h0000gn/T/arm-run.fVIGoR/src/internal/art/map.go:138
     0.01s  0.11% 90.87%      0.29s  3.15%  github.com/TomTonic/multimap/internal/art.(*Map[go.shape.uint64]).Each /private/var/folders/0l/vcs81wv15fz2hx942wfs7x9h0000gn/T/arm-run.fVIGoR/src/internal/art/map.go:140
         0     0% 90.87%      9.14s 99.35%  github.com/TomTonic/multimap/bench/cmd/bench.TestLookProbe /private/var/folders/0l/vcs81wv15fz2hx942wfs7x9h0000gn/T/arm-run.fVIGoR/src/bench/cmd/bench/lookprobe_test.go:39
         0     0% 90.87%      9.13s 99.24%  github.com/TomTonic/multimap/bench/cmd/bench.lookCase /private/var/folders/0l/vcs81wv15fz2hx942wfs7x9h0000gn/T/arm-run.fVIGoR/src/bench/cmd/bench/lookprobe_test.go:84
         0     0% 90.87%      0.11s  1.20%  github.com/TomTonic/multimap/internal/art.(*Tree).find /private/var/folders/0l/vcs81wv15fz2hx942wfs7x9h0000gn/T/arm-run.fVIGoR/src/internal/art/lookup.go:82
         0     0% 90.87%      0.24s  2.61%  github.com/TomTonic/multimap/internal/art.(*singleKeyHead).matches /private/var/folders/0l/vcs81wv15fz2hx942wfs7x9h0000gn/T/arm-run.fVIGoR/src/internal/art/node.go:241 (inline)
         0     0% 90.87%      0.06s  0.65%  runtime.gopreempt_m /opt/homebrew/Cellar/go/1.27.2/libexec/src/runtime/proc.go:4377 (inline)
         0     0% 90.87%      0.06s  0.65%  runtime.goschedImpl /opt/homebrew/Cellar/go/1.27.2/libexec/src/runtime/proc.go:4357
         0     0% 90.87%      0.06s  0.65%  runtime.morestack /opt/homebrew/Cellar/go/1.27.2/libexec/src/runtime/asm_arm64.s:487
         0     0% 90.87%      0.06s  0.65%  runtime.newstack /opt/homebrew/Cellar/go/1.27.2/libexec/src/runtime/stack.go:1174
         0     0% 90.87%      0.06s  0.65%  runtime.notewakeup /opt/homebrew/Cellar/go/1.27.2/libexec/src/runtime/lock_sema.go:42
         0     0% 90.87%      0.06s  0.65%  runtime.semawakeup /opt/homebrew/Cellar/go/1.27.2/libexec/src/runtime/os_darwin.go:85
         0     0% 90.87%      0.06s  0.65%  runtime.startm /opt/homebrew/Cellar/go/1.27.2/libexec/src/runtime/proc.go:3136
         0     0% 90.87%      0.06s  0.65%  runtime.wakep /opt/homebrew/Cellar/go/1.27.2/libexec/src/runtime/proc.go:3258
         0     0% 90.87%      9.14s 99.35%  testing.tRunner /opt/homebrew/Cellar/go/1.27.2/libexec/src/testing/testing.go:2195

lookups email single-value n=16384: ordered 67.1 ns
lines of email single-value n=65536 (ordered):
File: bench.test
Type: cpu
Time: 2026-10-10 21:24:48 CEST
Duration: 10.18s, Total samples = 9.25s (90.85%)
Showing nodes accounting for 8.87s, 95.89% of 9.25s total
Dropped 25 nodes (cum <= 0.05s)
      flat  flat%   sum%        cum   cum%
     3.82s 41.30% 41.30%      3.82s 41.30%  github.com/TomTonic/multimap/internal/page.compare /private/var/folders/0l/vcs81wv15fz2hx942wfs7x9h0000gn/T/arm-run.fVIGoR/src/internal/page/page.go:252 (inline)
     0.82s  8.86% 50.16%      0.82s  8.86%  github.com/TomTonic/multimap/internal/page.compare /private/var/folders/0l/vcs81wv15fz2hx942wfs7x9h0000gn/T/arm-run.fVIGoR/src/internal/page/page.go:254 (inline)
     0.49s  5.30% 55.46%      0.49s  5.30%  github.com/TomTonic/multimap/internal/page.compare /private/var/folders/0l/vcs81wv15fz2hx942wfs7x9h0000gn/T/arm-run.fVIGoR/src/internal/page/page.go:260 (inline)
     0.30s  3.24% 58.70%      5.63s 60.86%  github.com/TomTonic/multimap/internal/page.locate /private/var/folders/0l/vcs81wv15fz2hx942wfs7x9h0000gn/T/arm-run.fVIGoR/src/internal/page/page.go:229
     0.26s  2.81% 61.51%      0.26s  2.81%  github.com/TomTonic/multimap/internal/art.(*Tree).find /private/var/folders/0l/vcs81wv15fz2hx942wfs7x9h0000gn/T/arm-run.fVIGoR/src/internal/art/lookup.go:35
     0.22s  2.38% 63.89%      0.22s  2.38%  github.com/TomTonic/multimap/internal/art.(*Tree).find /private/var/folders/0l/vcs81wv15fz2hx942wfs7x9h0000gn/T/arm-run.fVIGoR/src/internal/art/lookup.go:34
     0.22s  2.38% 66.27%      0.22s  2.38%  github.com/TomTonic/multimap/internal/swar.Rank /private/var/folders/0l/vcs81wv15fz2hx942wfs7x9h0000gn/T/arm-run.fVIGoR/src/internal/swar/swar.go:38 (inline)
     0.20s  2.16% 68.43%      0.20s  2.16%  github.com/TomTonic/multimap/internal/page.compare /private/var/folders/0l/vcs81wv15fz2hx942wfs7x9h0000gn/T/arm-run.fVIGoR/src/internal/page/page.go:253 (inline)
     0.15s  1.62% 70.05%      6.04s 65.30%  github.com/TomTonic/multimap/internal/page..EachValue[go.shape.uint64] /private/var/folders/0l/vcs81wv15fz2hx942wfs7x9h0000gn/T/arm-run.fVIGoR/src/internal/page/fixed.go:173
     0.14s  1.51% 71.57%      0.47s  5.08%  github.com/TomTonic/multimap/internal/art.(*Tree).find /private/var/folders/0l/vcs81wv15fz2hx942wfs7x9h0000gn/T/arm-run.fVIGoR/src/internal/art/lookup.go:85
     0.13s  1.41% 72.97%      0.21s  2.27%  github.com/TomTonic/multimap/internal/page..EachValue[go.shape.uint64] /private/var/folders/0l/vcs81wv15fz2hx942wfs7x9h0000gn/T/arm-run.fVIGoR/src/internal/page/fixed.go:179
     0.13s  1.41% 74.38%      0.13s  1.41%  github.com/TomTonic/multimap/internal/page.locate /private/var/folders/0l/vcs81wv15fz2hx942wfs7x9h0000gn/T/arm-run.fVIGoR/src/internal/page/page.go:225
     0.12s  1.30% 75.68%      0.16s  1.73%  github.com/TomTonic/multimap/internal/page.(*head).mem /private/var/folders/0l/vcs81wv15fz2hx942wfs7x9h0000gn/T/arm-run.fVIGoR/src/internal/page/page.go:140
     0.11s  1.19% 76.86%      0.11s  1.19%  github.com/TomTonic/multimap/internal/page..EachValue[go.shape.uint64] /private/var/folders/0l/vcs81wv15fz2hx942wfs7x9h0000gn/T/arm-run.fVIGoR/src/internal/page/fixed.go:176
     0.10s  1.08% 77.95%      9.12s 98.59%  github.com/TomTonic/multimap/bench/cmd/bench.(*fixture).valuesFor.func1 /private/var/folders/0l/vcs81wv15fz2hx942wfs7x9h0000gn/T/arm-run.fVIGoR/src/bench/cmd/bench/candidates.go:41
     0.10s  1.08% 79.03%      0.10s  1.08%  github.com/TomTonic/multimap/internal/swar.Rank /private/var/folders/0l/vcs81wv15fz2hx942wfs7x9h0000gn/T/arm-run.fVIGoR/src/internal/swar/swar.go:37 (inline)
     0.09s  0.97% 80.00%      9.02s 97.51%  github.com/TomTonic/multimap.(*Ordered[go.shape.uint64]).ValuesForSeq.1 /private/var/folders/0l/vcs81wv15fz2hx942wfs7x9h0000gn/T/arm-run.fVIGoR/src/ordered.go:53 (inline)
     0.09s  0.97% 80.97%      0.14s  1.51%  github.com/TomTonic/multimap/internal/art.(*Tree).find /private/var/folders/0l/vcs81wv15fz2hx942wfs7x9h0000gn/T/arm-run.fVIGoR/src/internal/art/lookup.go:38
     0.09s  0.97% 81.95%      0.09s  0.97%  github.com/TomTonic/multimap/internal/page.(*head).one /private/var/folders/0l/vcs81wv15fz2hx942wfs7x9h0000gn/T/arm-run.fVIGoR/src/internal/page/page.go:121 (partial-inline)
     0.08s  0.86% 82.81%      0.08s  0.86%  github.com/TomTonic/multimap/internal/art.(*Map[go.shape.uint64]).pageEach /private/var/folders/0l/vcs81wv15fz2hx942wfs7x9h0000gn/T/arm-run.fVIGoR/src/internal/art/mkkey.go:386
     0.08s  0.86% 83.68%      0.08s  0.86%  github.com/TomTonic/multimap/internal/art.(*Tree).find /private/var/folders/0l/vcs81wv15fz2hx942wfs7x9h0000gn/T/arm-run.fVIGoR/src/internal/art/lookup.go:50
     0.08s  0.86% 84.54%      0.08s  0.86%  github.com/TomTonic/multimap/internal/art.(*Tree).find /private/var/folders/0l/vcs81wv15fz2hx942wfs7x9h0000gn/T/arm-run.fVIGoR/src/internal/art/lookup.go:52
     0.08s  0.86% 85.41%      0.08s  0.86%  github.com/TomTonic/multimap/internal/art.(*Tree).find /private/var/folders/0l/vcs81wv15fz2hx942wfs7x9h0000gn/T/arm-run.fVIGoR/src/internal/art/lookup.go:60
     0.08s  0.86% 86.27%      0.17s  1.84%  github.com/TomTonic/multimap/internal/page..EachValue[go.shape.uint64] /private/var/folders/0l/vcs81wv15fz2hx942wfs7x9h0000gn/T/arm-run.fVIGoR/src/internal/page/fixed.go:169
     0.08s  0.86% 87.14%      0.15s  1.62%  github.com/TomTonic/multimap/internal/page..EachValue[go.shape.uint64] /private/var/folders/0l/vcs81wv15fz2hx942wfs7x9h0000gn/T/arm-run.fVIGoR/src/internal/page/fixed.go:181
     0.08s  0.86% 88.00%      0.08s  0.86%  github.com/TomTonic/multimap/internal/page.valuesIn[go.shape.uint64] /private/var/folders/0l/vcs81wv15fz2hx942wfs7x9h0000gn/T/arm-run.fVIGoR/src/internal/page/fixed.go:36 (inline)
     0.07s  0.76% 88.76%      0.07s  0.76%  github.com/TomTonic/multimap/internal/page.locate /private/var/folders/0l/vcs81wv15fz2hx942wfs7x9h0000gn/T/arm-run.fVIGoR/src/internal/page/page.go:236
     0.07s  0.76% 89.51%      0.07s  0.76%  runtime.pthread_cond_signal /opt/homebrew/Cellar/go/1.27.2/libexec/src/runtime/sys_darwin.go:491
     0.06s  0.65% 90.16%      0.06s  0.65%  github.com/TomTonic/multimap/bench/cmd/bench.(*fixture).valuesFor.func1-range1 /private/var/folders/0l/vcs81wv15fz2hx942wfs7x9h0000gn/T/arm-run.fVIGoR/src/bench/cmd/bench/candidates.go:41
     0.06s  0.65% 90.81%      7.11s 76.86%  github.com/TomTonic/multimap/internal/art.(*Map[go.shape.uint64]).pageEach /private/var/folders/0l/vcs81wv15fz2hx942wfs7x9h0000gn/T/arm-run.fVIGoR/src/internal/art/mkkey.go:391
     0.06s  0.65% 91.46%      0.06s  0.65%  github.com/TomTonic/multimap/internal/page.lcp /private/var/folders/0l/vcs81wv15fz2hx942wfs7x9h0000gn/T/arm-run.fVIGoR/src/internal/page/page.go:172
     0.06s  0.65% 92.11%      0.06s  0.65%  github.com/TomTonic/multimap/internal/swar.Has /private/var/folders/0l/vcs81wv15fz2hx942wfs7x9h0000gn/T/arm-run.fVIGoR/src/internal/swar/swar.go:45 (inline)
     0.05s  0.54% 92.65%      0.05s  0.54%  github.com/TomTonic/multimap/internal/art.(*Map[go.shape.uint64]).Each /private/var/folders/0l/vcs81wv15fz2hx942wfs7x9h0000gn/T/arm-run.fVIGoR/src/internal/art/map.go:133
     0.05s  0.54% 93.19%      0.05s  0.54%  github.com/TomTonic/multimap/internal/art.(*Map[go.shape.uint64]).Each /private/var/folders/0l/vcs81wv15fz2hx942wfs7x9h0000gn/T/arm-run.fVIGoR/src/internal/art/map.go:142
     0.05s  0.54% 93.73%      0.05s  0.54%  github.com/TomTonic/multimap/internal/art.(*Tree).find /private/var/folders/0l/vcs81wv15fz2hx942wfs7x9h0000gn/T/arm-run.fVIGoR/src/internal/art/lookup.go:39
     0.05s  0.54% 94.27%      0.05s  0.54%  github.com/TomTonic/multimap/internal/art.(*Tree).find /private/var/folders/0l/vcs81wv15fz2hx942wfs7x9h0000gn/T/arm-run.fVIGoR/src/internal/art/lookup.go:61
     0.05s  0.54% 94.81%      0.07s  0.76%  github.com/TomTonic/multimap/internal/page..EachValue[go.shape.uint64] /private/var/folders/0l/vcs81wv15fz2hx942wfs7x9h0000gn/T/arm-run.fVIGoR/src/internal/page/fixed.go:162
     0.05s  0.54% 95.35%      0.05s  0.54%  github.com/TomTonic/multimap/internal/page.locate /private/var/folders/0l/vcs81wv15fz2hx942wfs7x9h0000gn/T/arm-run.fVIGoR/src/internal/page/page.go:222
     0.03s  0.32% 95.68%      1.58s 17.08%  github.com/TomTonic/multimap/internal/art.(*Map[go.shape.uint64]).Each /private/var/folders/0l/vcs81wv15fz2hx942wfs7x9h0000gn/T/arm-run.fVIGoR/src/internal/art/map.go:134
     0.01s  0.11% 95.78%      7.23s 78.16%  github.com/TomTonic/multimap/internal/art.(*Map[go.shape.uint64]).Each /private/var/folders/0l/vcs81wv15fz2hx942wfs7x9h0000gn/T/arm-run.fVIGoR/src/internal/art/map.go:138
     0.01s  0.11% 95.89%      0.17s  1.84%  github.com/TomTonic/multimap/internal/page..EachValue[go.shape.uint64] /private/var/folders/0l/vcs81wv15fz2hx942wfs7x9h0000gn/T/arm-run.fVIGoR/src/internal/page/fixed.go:161
         0     0% 95.89%      9.18s 99.24%  github.com/TomTonic/multimap/bench/cmd/bench.TestLookProbe /private/var/folders/0l/vcs81wv15fz2hx942wfs7x9h0000gn/T/arm-run.fVIGoR/src/bench/cmd/bench/lookprobe_test.go:39
         0     0% 95.89%      9.18s 99.24%  github.com/TomTonic/multimap/bench/cmd/bench.lookCase /private/var/folders/0l/vcs81wv15fz2hx942wfs7x9h0000gn/T/arm-run.fVIGoR/src/bench/cmd/bench/lookprobe_test.go:84
         0     0% 95.89%      0.06s  0.65%  github.com/TomTonic/multimap/internal/art.(*Tree).find /private/var/folders/0l/vcs81wv15fz2hx942wfs7x9h0000gn/T/arm-run.fVIGoR/src/internal/art/lookup.go:82
         0     0% 95.89%      0.05s  0.54%  github.com/TomTonic/multimap/internal/page..EachValue[go.shape.uint64] /private/var/folders/0l/vcs81wv15fz2hx942wfs7x9h0000gn/T/arm-run.fVIGoR/src/internal/page/fixed.go:164
         0     0% 95.89%      0.07s  0.76%  runtime.gopreempt_m /opt/homebrew/Cellar/go/1.27.2/libexec/src/runtime/proc.go:4377 (inline)
         0     0% 95.89%      0.07s  0.76%  runtime.goschedImpl /opt/homebrew/Cellar/go/1.27.2/libexec/src/runtime/proc.go:4357
         0     0% 95.89%      0.07s  0.76%  runtime.morestack /opt/homebrew/Cellar/go/1.27.2/libexec/src/runtime/asm_arm64.s:487
         0     0% 95.89%      0.07s  0.76%  runtime.newstack /opt/homebrew/Cellar/go/1.27.2/libexec/src/runtime/stack.go:1174
         0     0% 95.89%      0.07s  0.76%  runtime.notewakeup /opt/homebrew/Cellar/go/1.27.2/libexec/src/runtime/lock_sema.go:42
         0     0% 95.89%      0.07s  0.76%  runtime.semawakeup /opt/homebrew/Cellar/go/1.27.2/libexec/src/runtime/os_darwin.go:85
         0     0% 95.89%      0.07s  0.76%  runtime.startm /opt/homebrew/Cellar/go/1.27.2/libexec/src/runtime/proc.go:3136
         0     0% 95.89%      0.07s  0.76%  runtime.wakep /opt/homebrew/Cellar/go/1.27.2/libexec/src/runtime/proc.go:3258
         0     0% 95.89%      9.18s 99.24%  testing.tRunner /opt/homebrew/Cellar/go/1.27.2/libexec/src/testing/testing.go:2195

lookups email single-value n=65536: ordered 78.2 ns
lines of url single-value n=4096 (ordered):
File: bench.test
Type: cpu
Time: 2026-10-10 21:25:00 CEST
Duration: 10.19s, Total samples = 9.18s (90.11%)
Showing nodes accounting for 8.21s, 89.43% of 9.18s total
Dropped 66 nodes (cum <= 0.05s)
      flat  flat%   sum%        cum   cum%
     1.42s 15.47% 15.47%      1.42s 15.47%  github.com/TomTonic/multimap/internal/page.compare /private/var/folders/0l/vcs81wv15fz2hx942wfs7x9h0000gn/T/arm-run.fVIGoR/src/internal/page/page.go:252 (inline)
     1.09s 11.87% 27.34%      1.09s 11.87%  github.com/TomTonic/multimap/internal/art.isSingleKey /private/var/folders/0l/vcs81wv15fz2hx942wfs7x9h0000gn/T/arm-run.fVIGoR/src/internal/art/node.go:131 (inline)
     0.62s  6.75% 34.10%      0.62s  6.75%  github.com/TomTonic/multimap/internal/art.(*Tree).find /private/var/folders/0l/vcs81wv15fz2hx942wfs7x9h0000gn/T/arm-run.fVIGoR/src/internal/art/lookup.go:63
     0.45s  4.90% 39.00%      0.45s  4.90%  github.com/TomTonic/multimap/internal/page.compare /private/var/folders/0l/vcs81wv15fz2hx942wfs7x9h0000gn/T/arm-run.fVIGoR/src/internal/page/page.go:254 (inline)
     0.42s  4.58% 43.57%      0.42s  4.58%  github.com/TomTonic/multimap/internal/art.(*Tree).find /private/var/folders/0l/vcs81wv15fz2hx942wfs7x9h0000gn/T/arm-run.fVIGoR/src/internal/art/lookup.go:34
     0.40s  4.36% 47.93%      0.40s  4.36%  github.com/TomTonic/multimap/internal/art.(*Tree).find /private/var/folders/0l/vcs81wv15fz2hx942wfs7x9h0000gn/T/arm-run.fVIGoR/src/internal/art/lookup.go:43
     0.40s  4.36% 52.29%      0.40s  4.36%  github.com/TomTonic/multimap/internal/art.(*Tree).find /private/var/folders/0l/vcs81wv15fz2hx942wfs7x9h0000gn/T/arm-run.fVIGoR/src/internal/art/lookup.go:62
     0.34s  3.70% 55.99%      0.34s  3.70%  github.com/TomTonic/multimap/internal/page.compare /private/var/folders/0l/vcs81wv15fz2hx942wfs7x9h0000gn/T/arm-run.fVIGoR/src/internal/page/page.go:260 (inline)
     0.25s  2.72% 58.71%      0.25s  2.72%  github.com/TomTonic/multimap/internal/page.lcp /private/var/folders/0l/vcs81wv15fz2hx942wfs7x9h0000gn/T/arm-run.fVIGoR/src/internal/page/page.go:175
     0.20s  2.18% 60.89%      0.20s  2.18%  github.com/TomTonic/multimap/internal/swar.Match8 /private/var/folders/0l/vcs81wv15fz2hx942wfs7x9h0000gn/T/arm-run.fVIGoR/src/internal/swar/swar.go:76 (inline)
     0.18s  1.96% 62.85%      0.18s  1.96%  github.com/TomTonic/multimap/internal/art.(*Tree).find /private/var/folders/0l/vcs81wv15fz2hx942wfs7x9h0000gn/T/arm-run.fVIGoR/src/internal/art/lookup.go:80
     0.15s  1.63% 64.49%      0.15s  1.63%  github.com/TomTonic/multimap/internal/swar.Rank /private/var/folders/0l/vcs81wv15fz2hx942wfs7x9h0000gn/T/arm-run.fVIGoR/src/internal/swar/swar.go:37 (inline)
     0.14s  1.53% 66.01%      0.14s  1.53%  github.com/TomTonic/multimap/internal/swar.Rank /private/var/folders/0l/vcs81wv15fz2hx942wfs7x9h0000gn/T/arm-run.fVIGoR/src/internal/swar/swar.go:38 (inline)
     0.13s  1.42% 67.43%      0.13s  1.42%  github.com/TomTonic/multimap/internal/art.(*Tree).find /private/var/folders/0l/vcs81wv15fz2hx942wfs7x9h0000gn/T/arm-run.fVIGoR/src/internal/art/lookup.go:60
     0.12s  1.31% 68.74%      0.12s  1.31%  github.com/TomTonic/multimap/internal/art.(*Tree).find /private/var/folders/0l/vcs81wv15fz2hx942wfs7x9h0000gn/T/arm-run.fVIGoR/src/internal/art/lookup.go:86
     0.11s  1.20% 69.93%      9.07s 98.80%  github.com/TomTonic/multimap/bench/cmd/bench.(*fixture).valuesFor.func1 /private/var/folders/0l/vcs81wv15fz2hx942wfs7x9h0000gn/T/arm-run.fVIGoR/src/bench/cmd/bench/candidates.go:41
     0.11s  1.20% 71.13%      0.11s  1.20%  github.com/TomTonic/multimap/internal/art.(*Tree).find /private/var/folders/0l/vcs81wv15fz2hx942wfs7x9h0000gn/T/arm-run.fVIGoR/src/internal/art/lookup.go:66
     0.11s  1.20% 72.33%      0.12s  1.31%  github.com/TomTonic/multimap/internal/swar.Match8 /private/var/folders/0l/vcs81wv15fz2hx942wfs7x9h0000gn/T/arm-run.fVIGoR/src/internal/swar/swar.go:79 (inline)
     0.10s  1.09% 73.42%      0.10s  1.09%  github.com/TomTonic/multimap/internal/art.(*Tree).find /private/var/folders/0l/vcs81wv15fz2hx942wfs7x9h0000gn/T/arm-run.fVIGoR/src/internal/art/lookup.go:39
     0.10s  1.09% 74.51%      0.10s  1.09%  github.com/TomTonic/multimap/internal/page.lcp /private/var/folders/0l/vcs81wv15fz2hx942wfs7x9h0000gn/T/arm-run.fVIGoR/src/internal/page/page.go:172
     0.08s  0.87% 75.38%      0.08s  0.87%  github.com/TomTonic/multimap/internal/art.(*Tree).find /private/var/folders/0l/vcs81wv15fz2hx942wfs7x9h0000gn/T/arm-run.fVIGoR/src/internal/art/lookup.go:35
     0.08s  0.87% 76.25%      1.39s 15.14%  github.com/TomTonic/multimap/internal/art.(*Tree).find /private/var/folders/0l/vcs81wv15fz2hx942wfs7x9h0000gn/T/arm-run.fVIGoR/src/internal/art/lookup.go:38
     0.08s  0.87% 77.12%      0.08s  0.87%  github.com/TomTonic/multimap/internal/page.compare /private/var/folders/0l/vcs81wv15fz2hx942wfs7x9h0000gn/T/arm-run.fVIGoR/src/internal/page/page.go:253 (inline)
     0.08s  0.87% 78.00%      0.08s  0.87%  github.com/TomTonic/multimap/internal/swar.Index8 /private/var/folders/0l/vcs81wv15fz2hx942wfs7x9h0000gn/T/arm-run.fVIGoR/src/internal/swar/swar.go:25 (inline)
     0.07s  0.76% 78.76%      0.07s  0.76%  github.com/TomTonic/multimap/internal/page.locate /private/var/folders/0l/vcs81wv15fz2hx942wfs7x9h0000gn/T/arm-run.fVIGoR/src/internal/page/page.go:225
     0.07s  0.76% 79.52%      0.07s  0.76%  runtime.pthread_cond_signal /opt/homebrew/Cellar/go/1.27.2/libexec/src/runtime/sys_darwin.go:491
     0.06s  0.65% 80.17%      0.45s  4.90%  github.com/TomTonic/multimap/internal/page..EachValue[go.shape.uint64] /private/var/folders/0l/vcs81wv15fz2hx942wfs7x9h0000gn/T/arm-run.fVIGoR/src/internal/page/fixed.go:169
     0.06s  0.65% 80.83%      2.54s 27.67%  github.com/TomTonic/multimap/internal/page..EachValue[go.shape.uint64] /private/var/folders/0l/vcs81wv15fz2hx942wfs7x9h0000gn/T/arm-run.fVIGoR/src/internal/page/fixed.go:173
     0.06s  0.65% 81.48%      0.12s  1.31%  github.com/TomTonic/multimap/internal/page..EachValue[go.shape.uint64] /private/var/folders/0l/vcs81wv15fz2hx942wfs7x9h0000gn/T/arm-run.fVIGoR/src/internal/page/fixed.go:181
     0.06s  0.65% 82.14%      0.06s  0.65%  github.com/TomTonic/multimap/internal/swar.Has /private/var/folders/0l/vcs81wv15fz2hx942wfs7x9h0000gn/T/arm-run.fVIGoR/src/internal/swar/swar.go:45 (inline)
     0.05s  0.54% 82.68%      8.96s 97.60%  github.com/TomTonic/multimap.(*Ordered[go.shape.uint64]).ValuesForSeq.1 /private/var/folders/0l/vcs81wv15fz2hx942wfs7x9h0000gn/T/arm-run.fVIGoR/src/ordered.go:53 (inline)
     0.05s  0.54% 83.22%      0.05s  0.54%  github.com/TomTonic/multimap/internal/art.(*Map[go.shape.uint64]).Each /private/var/folders/0l/vcs81wv15fz2hx942wfs7x9h0000gn/T/arm-run.fVIGoR/src/internal/art/map.go:142
     0.05s  0.54% 83.77%      0.05s  0.54%  github.com/TomTonic/multimap/internal/art.(*Tree).find /private/var/folders/0l/vcs81wv15fz2hx942wfs7x9h0000gn/T/arm-run.fVIGoR/src/internal/art/lookup.go:50
     0.05s  0.54% 84.31%      0.05s  0.54%  github.com/TomTonic/multimap/internal/art.(*Tree).find /private/var/folders/0l/vcs81wv15fz2hx942wfs7x9h0000gn/T/arm-run.fVIGoR/src/internal/art/lookup.go:52
     0.05s  0.54% 84.86%      0.05s  0.54%  github.com/TomTonic/multimap/internal/page..EachValue[go.shape.uint64] /private/var/folders/0l/vcs81wv15fz2hx942wfs7x9h0000gn/T/arm-run.fVIGoR/src/internal/page/fixed.go:176
     0.05s  0.54% 85.40%      0.08s  0.87%  github.com/TomTonic/multimap/internal/page..EachValue[go.shape.uint64] /private/var/folders/0l/vcs81wv15fz2hx942wfs7x9h0000gn/T/arm-run.fVIGoR/src/internal/page/fixed.go:179
     0.05s  0.54% 85.95%      2.34s 25.49%  github.com/TomTonic/multimap/internal/page.locate /private/var/folders/0l/vcs81wv15fz2hx942wfs7x9h0000gn/T/arm-run.fVIGoR/src/internal/page/page.go:229
     0.05s  0.54% 86.49%      0.05s  0.54%  github.com/TomTonic/multimap/internal/swar.Index8 /private/var/folders/0l/vcs81wv15fz2hx942wfs7x9h0000gn/T/arm-run.fVIGoR/src/internal/swar/swar.go:23 (inline)
     0.05s  0.54% 87.04%      0.05s  0.54%  runtime.memequal /opt/homebrew/Cellar/go/1.27.2/libexec/src/internal/bytealg/equal_arm64.s:71
     0.04s  0.44% 87.47%      5.10s 55.56%  github.com/TomTonic/multimap/internal/art.(*Map[go.shape.uint64]).Each /private/var/folders/0l/vcs81wv15fz2hx942wfs7x9h0000gn/T/arm-run.fVIGoR/src/internal/art/map.go:134
     0.04s  0.44% 87.91%      3.54s 38.56%  github.com/TomTonic/multimap/internal/art.(*Map[go.shape.uint64]).pageEach /private/var/folders/0l/vcs81wv15fz2hx942wfs7x9h0000gn/T/arm-run.fVIGoR/src/internal/art/mkkey.go:391
     0.04s  0.44% 88.34%      0.09s  0.98%  github.com/TomTonic/multimap/internal/page.(*head).mem /private/var/folders/0l/vcs81wv15fz2hx942wfs7x9h0000gn/T/arm-run.fVIGoR/src/internal/page/page.go:140
     0.02s  0.22% 88.56%      0.06s  0.65%  github.com/TomTonic/multimap/internal/art.(*Map[go.shape.uint64]).Each /private/var/folders/0l/vcs81wv15fz2hx942wfs7x9h0000gn/T/arm-run.fVIGoR/src/internal/art/map.go:140
     0.02s  0.22% 88.78%      0.05s  0.54%  github.com/TomTonic/multimap/internal/art.(*Tree).find /private/var/folders/0l/vcs81wv15fz2hx942wfs7x9h0000gn/T/arm-run.fVIGoR/src/internal/art/lookup.go:46
     0.02s  0.22% 89.00%      0.17s  1.85%  github.com/TomTonic/multimap/internal/art.(*Tree).find /private/var/folders/0l/vcs81wv15fz2hx942wfs7x9h0000gn/T/arm-run.fVIGoR/src/internal/art/lookup.go:85
     0.02s  0.22% 89.22%      0.21s  2.29%  github.com/TomTonic/multimap/internal/art.(*singleKeyHead).matches /private/var/folders/0l/vcs81wv15fz2hx942wfs7x9h0000gn/T/arm-run.fVIGoR/src/internal/art/node.go:241 (inline)
     0.02s  0.22% 89.43%      0.05s  0.54%  github.com/TomTonic/multimap/internal/page..EachValue[go.shape.uint64] /private/var/folders/0l/vcs81wv15fz2hx942wfs7x9h0000gn/T/arm-run.fVIGoR/src/internal/page/fixed.go:164
         0     0% 89.43%      9.10s 99.13%  github.com/TomTonic/multimap/bench/cmd/bench.TestLookProbe /private/var/folders/0l/vcs81wv15fz2hx942wfs7x9h0000gn/T/arm-run.fVIGoR/src/bench/cmd/bench/lookprobe_test.go:39
         0     0% 89.43%      9.09s 99.02%  github.com/TomTonic/multimap/bench/cmd/bench.lookCase /private/var/folders/0l/vcs81wv15fz2hx942wfs7x9h0000gn/T/arm-run.fVIGoR/src/bench/cmd/bench/lookprobe_test.go:84
         0     0% 89.43%      3.61s 39.32%  github.com/TomTonic/multimap/internal/art.(*Map[go.shape.uint64]).Each /private/var/folders/0l/vcs81wv15fz2hx942wfs7x9h0000gn/T/arm-run.fVIGoR/src/internal/art/map.go:138
         0     0% 89.43%      0.32s  3.49%  github.com/TomTonic/multimap/internal/art.(*Tree).find /private/var/folders/0l/vcs81wv15fz2hx942wfs7x9h0000gn/T/arm-run.fVIGoR/src/internal/art/lookup.go:45
         0     0% 89.43%      0.08s  0.87%  github.com/TomTonic/multimap/internal/art.(*Tree).find /private/var/folders/0l/vcs81wv15fz2hx942wfs7x9h0000gn/T/arm-run.fVIGoR/src/internal/art/lookup.go:65
         0     0% 89.43%      0.05s  0.54%  github.com/TomTonic/multimap/internal/art.(*Tree).find /private/var/folders/0l/vcs81wv15fz2hx942wfs7x9h0000gn/T/arm-run.fVIGoR/src/internal/art/lookup.go:74
         0     0% 89.43%      0.16s  1.74%  github.com/TomTonic/multimap/internal/art.(*Tree).find /private/var/folders/0l/vcs81wv15fz2hx942wfs7x9h0000gn/T/arm-run.fVIGoR/src/internal/art/lookup.go:91
         0     0% 89.43%      0.09s  0.98%  github.com/TomTonic/multimap/internal/page..EachValue[go.shape.uint64] /private/var/folders/0l/vcs81wv15fz2hx942wfs7x9h0000gn/T/arm-run.fVIGoR/src/internal/page/fixed.go:161
         0     0% 89.43%      0.07s  0.76%  runtime.gopreempt_m /opt/homebrew/Cellar/go/1.27.2/libexec/src/runtime/proc.go:4377 (inline)
         0     0% 89.43%      0.07s  0.76%  runtime.goschedImpl /opt/homebrew/Cellar/go/1.27.2/libexec/src/runtime/proc.go:4357
         0     0% 89.43%      0.07s  0.76%  runtime.morestack /opt/homebrew/Cellar/go/1.27.2/libexec/src/runtime/asm_arm64.s:487
         0     0% 89.43%      0.07s  0.76%  runtime.newstack /opt/homebrew/Cellar/go/1.27.2/libexec/src/runtime/stack.go:1174
         0     0% 89.43%      0.07s  0.76%  runtime.notewakeup /opt/homebrew/Cellar/go/1.27.2/libexec/src/runtime/lock_sema.go:42
         0     0% 89.43%      0.07s  0.76%  runtime.semawakeup /opt/homebrew/Cellar/go/1.27.2/libexec/src/runtime/os_darwin.go:85
         0     0% 89.43%      0.07s  0.76%  runtime.startm /opt/homebrew/Cellar/go/1.27.2/libexec/src/runtime/proc.go:3136
         0     0% 89.43%      0.07s  0.76%  runtime.wakep /opt/homebrew/Cellar/go/1.27.2/libexec/src/runtime/proc.go:3258
         0     0% 89.43%      9.10s 99.13%  testing.tRunner /opt/homebrew/Cellar/go/1.27.2/libexec/src/testing/testing.go:2195

lookups url single-value n=4096: ordered 111.9 ns
lines of url single-value n=16384 (ordered):
File: bench.test
Type: cpu
Time: 2026-10-10 21:25:11 CEST
Duration: 10.19s, Total samples = 9.44s (92.67%)
Showing nodes accounting for 8.66s, 91.74% of 9.44s total
Dropped 53 nodes (cum <= 0.05s)
      flat  flat%   sum%        cum   cum%
     1.34s 14.19% 14.19%      1.34s 14.19%  github.com/TomTonic/multimap/internal/page.compare /private/var/folders/0l/vcs81wv15fz2hx942wfs7x9h0000gn/T/arm-run.fVIGoR/src/internal/page/page.go:252 (inline)
     0.90s  9.53% 23.73%      0.90s  9.53%  github.com/TomTonic/multimap/internal/art.isSingleKey /private/var/folders/0l/vcs81wv15fz2hx942wfs7x9h0000gn/T/arm-run.fVIGoR/src/internal/art/node.go:131 (inline)
     0.50s  5.30% 29.03%      0.50s  5.30%  github.com/TomTonic/multimap/internal/art.(*Tree).find /private/var/folders/0l/vcs81wv15fz2hx942wfs7x9h0000gn/T/arm-run.fVIGoR/src/internal/art/lookup.go:80
     0.47s  4.98% 34.00%      0.47s  4.98%  github.com/TomTonic/multimap/internal/art.(*Tree).find /private/var/folders/0l/vcs81wv15fz2hx942wfs7x9h0000gn/T/arm-run.fVIGoR/src/internal/art/lookup.go:86
     0.46s  4.87% 38.88%      0.46s  4.87%  github.com/TomTonic/multimap/internal/art.(*Tree).find /private/var/folders/0l/vcs81wv15fz2hx942wfs7x9h0000gn/T/arm-run.fVIGoR/src/internal/art/lookup.go:43
     0.42s  4.45% 43.33%      0.42s  4.45%  github.com/TomTonic/multimap/internal/art.(*Tree).find /private/var/folders/0l/vcs81wv15fz2hx942wfs7x9h0000gn/T/arm-run.fVIGoR/src/internal/art/lookup.go:62
     0.40s  4.24% 47.56%      0.40s  4.24%  github.com/TomTonic/multimap/internal/page.compare /private/var/folders/0l/vcs81wv15fz2hx942wfs7x9h0000gn/T/arm-run.fVIGoR/src/internal/page/page.go:254 (inline)
     0.36s  3.81% 51.38%      0.36s  3.81%  github.com/TomTonic/multimap/internal/art.(*Tree).find /private/var/folders/0l/vcs81wv15fz2hx942wfs7x9h0000gn/T/arm-run.fVIGoR/src/internal/art/lookup.go:34
     0.31s  3.28% 54.66%      0.31s  3.28%  github.com/TomTonic/multimap/internal/swar.Match8 /private/var/folders/0l/vcs81wv15fz2hx942wfs7x9h0000gn/T/arm-run.fVIGoR/src/internal/swar/swar.go:76 (inline)
     0.29s  3.07% 57.73%      0.29s  3.07%  github.com/TomTonic/multimap/internal/page.lcp /private/var/folders/0l/vcs81wv15fz2hx942wfs7x9h0000gn/T/arm-run.fVIGoR/src/internal/page/page.go:175
     0.27s  2.86% 60.59%      0.27s  2.86%  github.com/TomTonic/multimap/internal/art.(*Tree).find /private/var/folders/0l/vcs81wv15fz2hx942wfs7x9h0000gn/T/arm-run.fVIGoR/src/internal/art/lookup.go:66
     0.25s  2.65% 63.24%      0.25s  2.65%  github.com/TomTonic/multimap/internal/page.compare /private/var/folders/0l/vcs81wv15fz2hx942wfs7x9h0000gn/T/arm-run.fVIGoR/src/internal/page/page.go:260 (inline)
     0.20s  2.12% 65.36%      1.20s 12.71%  github.com/TomTonic/multimap/internal/art.(*Tree).find /private/var/folders/0l/vcs81wv15fz2hx942wfs7x9h0000gn/T/arm-run.fVIGoR/src/internal/art/lookup.go:38
     0.17s  1.80% 67.16%      0.17s  1.80%  github.com/TomTonic/multimap/internal/page.lcp /private/var/folders/0l/vcs81wv15fz2hx942wfs7x9h0000gn/T/arm-run.fVIGoR/src/internal/page/page.go:172
     0.16s  1.69% 68.86%      0.16s  1.69%  github.com/TomTonic/multimap/internal/art.(*Tree).find /private/var/folders/0l/vcs81wv15fz2hx942wfs7x9h0000gn/T/arm-run.fVIGoR/src/internal/art/lookup.go:50
     0.15s  1.59% 70.44%      0.15s  1.59%  github.com/TomTonic/multimap/internal/art.(*Tree).find /private/var/folders/0l/vcs81wv15fz2hx942wfs7x9h0000gn/T/arm-run.fVIGoR/src/internal/art/lookup.go:60
     0.15s  1.59% 72.03%      0.15s  1.59%  github.com/TomTonic/multimap/internal/swar.Index8 /private/var/folders/0l/vcs81wv15fz2hx942wfs7x9h0000gn/T/arm-run.fVIGoR/src/internal/swar/swar.go:25 (inline)
     0.12s  1.27% 73.31%      0.12s  1.27%  github.com/TomTonic/multimap/internal/swar.Rank /private/var/folders/0l/vcs81wv15fz2hx942wfs7x9h0000gn/T/arm-run.fVIGoR/src/internal/swar/swar.go:38 (inline)
     0.11s  1.17% 74.47%      0.62s  6.57%  github.com/TomTonic/multimap/internal/page..EachValue[go.shape.uint64] /private/var/folders/0l/vcs81wv15fz2hx942wfs7x9h0000gn/T/arm-run.fVIGoR/src/internal/page/fixed.go:169
     0.10s  1.06% 75.53%      0.10s  1.06%  github.com/TomTonic/multimap/internal/art.(*Tree).find /private/var/folders/0l/vcs81wv15fz2hx942wfs7x9h0000gn/T/arm-run.fVIGoR/src/internal/art/lookup.go:63
     0.09s  0.95% 76.48%      0.18s  1.91%  github.com/TomTonic/multimap/internal/page..EachValue[go.shape.uint64] /private/var/folders/0l/vcs81wv15fz2hx942wfs7x9h0000gn/T/arm-run.fVIGoR/src/internal/page/fixed.go:181
     0.09s  0.95% 77.44%      0.09s  0.95%  github.com/TomTonic/multimap/internal/page.compare /private/var/folders/0l/vcs81wv15fz2hx942wfs7x9h0000gn/T/arm-run.fVIGoR/src/internal/page/page.go:253 (inline)
     0.09s  0.95% 78.39%      0.09s  0.95%  github.com/TomTonic/multimap/internal/page.locate /private/var/folders/0l/vcs81wv15fz2hx942wfs7x9h0000gn/T/arm-run.fVIGoR/src/internal/page/page.go:225
     0.08s  0.85% 79.24%      0.08s  0.85%  github.com/TomTonic/multimap/internal/art.(*Map[go.shape.uint64]).Each /private/var/folders/0l/vcs81wv15fz2hx942wfs7x9h0000gn/T/arm-run.fVIGoR/src/internal/art/map.go:142
     0.08s  0.85% 80.08%      0.08s  0.85%  github.com/TomTonic/multimap/internal/art.(*Tree).find /private/var/folders/0l/vcs81wv15fz2hx942wfs7x9h0000gn/T/arm-run.fVIGoR/src/internal/art/lookup.go:35
     0.08s  0.85% 80.93%      0.13s  1.38%  github.com/TomTonic/multimap/internal/page.(*head).mem /private/var/folders/0l/vcs81wv15fz2hx942wfs7x9h0000gn/T/arm-run.fVIGoR/src/internal/page/page.go:140
     0.08s  0.85% 81.78%      0.08s  0.85%  github.com/TomTonic/multimap/internal/swar.Has /private/var/folders/0l/vcs81wv15fz2hx942wfs7x9h0000gn/T/arm-run.fVIGoR/src/internal/swar/swar.go:45 (inline)
     0.08s  0.85% 82.63%      0.08s  0.85%  runtime.pthread_cond_signal /opt/homebrew/Cellar/go/1.27.2/libexec/src/runtime/sys_darwin.go:491
     0.07s  0.74% 83.37%      0.07s  0.74%  github.com/TomTonic/multimap/internal/page.(*head).one /private/var/folders/0l/vcs81wv15fz2hx942wfs7x9h0000gn/T/arm-run.fVIGoR/src/internal/page/page.go:121 (partial-inline)
     0.07s  0.74% 84.11%      0.07s  0.74%  github.com/TomTonic/multimap/internal/page.locate /private/var/folders/0l/vcs81wv15fz2hx942wfs7x9h0000gn/T/arm-run.fVIGoR/src/internal/page/page.go:230
     0.07s  0.74% 84.85%      0.07s  0.74%  github.com/TomTonic/multimap/internal/swar.Rank /private/var/folders/0l/vcs81wv15fz2hx942wfs7x9h0000gn/T/arm-run.fVIGoR/src/internal/swar/swar.go:37 (inline)
     0.06s  0.64% 85.49%      9.33s 98.83%  github.com/TomTonic/multimap/bench/cmd/bench.(*fixture).valuesFor.func1 /private/var/folders/0l/vcs81wv15fz2hx942wfs7x9h0000gn/T/arm-run.fVIGoR/src/bench/cmd/bench/candidates.go:41
     0.06s  0.64% 86.12%      0.15s  1.59%  github.com/TomTonic/multimap/internal/art.(*Tree).find /private/var/folders/0l/vcs81wv15fz2hx942wfs7x9h0000gn/T/arm-run.fVIGoR/src/internal/art/lookup.go:46
     0.06s  0.64% 86.76%      2.14s 22.67%  github.com/TomTonic/multimap/internal/page.locate /private/var/folders/0l/vcs81wv15fz2hx942wfs7x9h0000gn/T/arm-run.fVIGoR/src/internal/page/page.go:229
     0.06s  0.64% 87.39%      0.09s  0.95%  github.com/TomTonic/multimap/internal/swar.Match8 /private/var/folders/0l/vcs81wv15fz2hx942wfs7x9h0000gn/T/arm-run.fVIGoR/src/internal/swar/swar.go:79 (inline)
     0.05s  0.53% 87.92%      0.05s  0.53%  github.com/TomTonic/multimap/bench/cmd/bench.(*fixture).valuesFor.func1-range1 /private/var/folders/0l/vcs81wv15fz2hx942wfs7x9h0000gn/T/arm-run.fVIGoR/src/bench/cmd/bench/candidates.go:43
     0.05s  0.53% 88.45%      0.05s  0.53%  github.com/TomTonic/multimap/internal/art.(*Tree).find /private/var/folders/0l/vcs81wv15fz2hx942wfs7x9h0000gn/T/arm-run.fVIGoR/src/internal/art/lookup.go:52
     0.05s  0.53% 88.98%      0.05s  0.53%  github.com/TomTonic/multimap/internal/art.(*Tree).find /private/var/folders/0l/vcs81wv15fz2hx942wfs7x9h0000gn/T/arm-run.fVIGoR/src/internal/art/lookup.go:73
     0.05s  0.53% 89.51%      0.05s  0.53%  github.com/TomTonic/multimap/internal/page.lcp /private/var/folders/0l/vcs81wv15fz2hx942wfs7x9h0000gn/T/arm-run.fVIGoR/src/internal/page/page.go:173
     0.05s  0.53% 90.04%      0.05s  0.53%  github.com/TomTonic/multimap/internal/swar.Index8 /private/var/folders/0l/vcs81wv15fz2hx942wfs7x9h0000gn/T/arm-run.fVIGoR/src/internal/swar/swar.go:23 (inline)
     0.03s  0.32% 90.36%      0.12s  1.27%  github.com/TomTonic/multimap/internal/art.(*Tree).find /private/var/folders/0l/vcs81wv15fz2hx942wfs7x9h0000gn/T/arm-run.fVIGoR/src/internal/art/lookup.go:85
     0.03s  0.32% 90.68%      0.05s  0.53%  github.com/TomTonic/multimap/internal/page..EachValue[go.shape.uint64] /private/var/folders/0l/vcs81wv15fz2hx942wfs7x9h0000gn/T/arm-run.fVIGoR/src/internal/page/fixed.go:179
     0.02s  0.21% 90.89%      5.51s 58.37%  github.com/TomTonic/multimap/internal/art.(*Map[go.shape.uint64]).Each /private/var/folders/0l/vcs81wv15fz2hx942wfs7x9h0000gn/T/arm-run.fVIGoR/src/internal/art/map.go:134
     0.02s  0.21% 91.10%      3.51s 37.18%  github.com/TomTonic/multimap/internal/art.(*Map[go.shape.uint64]).pageEach /private/var/folders/0l/vcs81wv15fz2hx942wfs7x9h0000gn/T/arm-run.fVIGoR/src/internal/art/mkkey.go:391
     0.02s  0.21% 91.31%      0.07s  0.74%  github.com/TomTonic/multimap/internal/art.(*Tree).find /private/var/folders/0l/vcs81wv15fz2hx942wfs7x9h0000gn/T/arm-run.fVIGoR/src/internal/art/lookup.go:82
     0.02s  0.21% 91.53%      0.14s  1.48%  github.com/TomTonic/multimap/internal/page..EachValue[go.shape.uint64] /private/var/folders/0l/vcs81wv15fz2hx942wfs7x9h0000gn/T/arm-run.fVIGoR/src/internal/page/fixed.go:161
     0.02s  0.21% 91.74%      2.39s 25.32%  github.com/TomTonic/multimap/internal/page..EachValue[go.shape.uint64] /private/var/folders/0l/vcs81wv15fz2hx942wfs7x9h0000gn/T/arm-run.fVIGoR/src/internal/page/fixed.go:173
         0     0% 91.74%      9.27s 98.20%  github.com/TomTonic/multimap.(*Ordered[go.shape.uint64]).ValuesForSeq.1 /private/var/folders/0l/vcs81wv15fz2hx942wfs7x9h0000gn/T/arm-run.fVIGoR/src/ordered.go:53 (inline)
         0     0% 91.74%      9.35s 99.05%  github.com/TomTonic/multimap/bench/cmd/bench.TestLookProbe /private/var/folders/0l/vcs81wv15fz2hx942wfs7x9h0000gn/T/arm-run.fVIGoR/src/bench/cmd/bench/lookprobe_test.go:39
         0     0% 91.74%      9.35s 99.05%  github.com/TomTonic/multimap/bench/cmd/bench.lookCase /private/var/folders/0l/vcs81wv15fz2hx942wfs7x9h0000gn/T/arm-run.fVIGoR/src/bench/cmd/bench/lookprobe_test.go:84
         0     0% 91.74%      3.59s 38.03%  github.com/TomTonic/multimap/internal/art.(*Map[go.shape.uint64]).Each /private/var/folders/0l/vcs81wv15fz2hx942wfs7x9h0000gn/T/arm-run.fVIGoR/src/internal/art/map.go:138
         0     0% 91.74%      0.05s  0.53%  github.com/TomTonic/multimap/internal/art.(*Map[go.shape.uint64]).Each /private/var/folders/0l/vcs81wv15fz2hx942wfs7x9h0000gn/T/arm-run.fVIGoR/src/internal/art/map.go:140
         0     0% 91.74%      0.40s  4.24%  github.com/TomTonic/multimap/internal/art.(*Tree).find /private/var/folders/0l/vcs81wv15fz2hx942wfs7x9h0000gn/T/arm-run.fVIGoR/src/internal/art/lookup.go:45
         0     0% 91.74%      0.14s  1.48%  github.com/TomTonic/multimap/internal/art.(*Tree).find /private/var/folders/0l/vcs81wv15fz2hx942wfs7x9h0000gn/T/arm-run.fVIGoR/src/internal/art/lookup.go:65
         0     0% 91.74%      0.05s  0.53%  github.com/TomTonic/multimap/internal/art.(*Tree).find /private/var/folders/0l/vcs81wv15fz2hx942wfs7x9h0000gn/T/arm-run.fVIGoR/src/internal/art/lookup.go:74
         0     0% 91.74%      0.12s  1.27%  github.com/TomTonic/multimap/internal/art.(*Tree).find /private/var/folders/0l/vcs81wv15fz2hx942wfs7x9h0000gn/T/arm-run.fVIGoR/src/internal/art/lookup.go:91
         0     0% 91.74%      0.10s  1.06%  github.com/TomTonic/multimap/internal/art.(*singleKeyHead).matches /private/var/folders/0l/vcs81wv15fz2hx942wfs7x9h0000gn/T/arm-run.fVIGoR/src/internal/art/node.go:241 (inline)
         0     0% 91.74%      0.08s  0.85%  github.com/TomTonic/multimap/internal/art.longMatch /private/var/folders/0l/vcs81wv15fz2hx942wfs7x9h0000gn/T/arm-run.fVIGoR/src/internal/art/lookup.go:171
         0     0% 91.74%      0.10s  1.06%  runtime.gopreempt_m /opt/homebrew/Cellar/go/1.27.2/libexec/src/runtime/proc.go:4377 (inline)
         0     0% 91.74%      0.09s  0.95%  runtime.goschedImpl /opt/homebrew/Cellar/go/1.27.2/libexec/src/runtime/proc.go:4357
         0     0% 91.74%      0.09s  0.95%  runtime.morestack /opt/homebrew/Cellar/go/1.27.2/libexec/src/runtime/asm_arm64.s:487
         0     0% 91.74%      0.10s  1.06%  runtime.newstack /opt/homebrew/Cellar/go/1.27.2/libexec/src/runtime/stack.go:1174
         0     0% 91.74%      0.08s  0.85%  runtime.notewakeup /opt/homebrew/Cellar/go/1.27.2/libexec/src/runtime/lock_sema.go:42
         0     0% 91.74%      0.08s  0.85%  runtime.semawakeup /opt/homebrew/Cellar/go/1.27.2/libexec/src/runtime/os_darwin.go:85
         0     0% 91.74%      0.08s  0.85%  runtime.startm /opt/homebrew/Cellar/go/1.27.2/libexec/src/runtime/proc.go:3136
         0     0% 91.74%      0.09s  0.95%  runtime.wakep /opt/homebrew/Cellar/go/1.27.2/libexec/src/runtime/proc.go:3258
         0     0% 91.74%      9.35s 99.05%  testing.tRunner /opt/homebrew/Cellar/go/1.27.2/libexec/src/testing/testing.go:2195

lookups url single-value n=16384: ordered 134.0 ns
lines of url single-value n=65536 (ordered):
File: bench.test
Type: cpu
Time: 2026-10-10 21:25:22 CEST
Duration: 10.17s, Total samples = 9.20s (90.44%)
Showing nodes accounting for 8.53s, 92.72% of 9.20s total
Dropped 51 nodes (cum <= 0.05s)
      flat  flat%   sum%        cum   cum%
     1.27s 13.80% 13.80%      1.27s 13.80%  github.com/TomTonic/multimap/internal/page.compare /private/var/folders/0l/vcs81wv15fz2hx942wfs7x9h0000gn/T/arm-run.fVIGoR/src/internal/page/page.go:252 (inline)
     1.06s 11.52% 25.33%      1.06s 11.52%  github.com/TomTonic/multimap/internal/art.isSingleKey /private/var/folders/0l/vcs81wv15fz2hx942wfs7x9h0000gn/T/arm-run.fVIGoR/src/internal/art/node.go:131 (inline)
     0.90s  9.78% 35.11%      0.90s  9.78%  github.com/TomTonic/multimap/internal/art.(*Tree).find /private/var/folders/0l/vcs81wv15fz2hx942wfs7x9h0000gn/T/arm-run.fVIGoR/src/internal/art/lookup.go:80
     0.45s  4.89% 40.00%      0.45s  4.89%  github.com/TomTonic/multimap/internal/swar.Match8 /private/var/folders/0l/vcs81wv15fz2hx942wfs7x9h0000gn/T/arm-run.fVIGoR/src/internal/swar/swar.go:76 (inline)
     0.37s  4.02% 44.02%      0.37s  4.02%  github.com/TomTonic/multimap/internal/art.(*Tree).find /private/var/folders/0l/vcs81wv15fz2hx942wfs7x9h0000gn/T/arm-run.fVIGoR/src/internal/art/lookup.go:62
     0.33s  3.59% 47.61%      0.33s  3.59%  github.com/TomTonic/multimap/internal/art.(*Tree).find /private/var/folders/0l/vcs81wv15fz2hx942wfs7x9h0000gn/T/arm-run.fVIGoR/src/internal/art/lookup.go:50
     0.31s  3.37% 50.98%      0.31s  3.37%  github.com/TomTonic/multimap/internal/art.(*Tree).find /private/var/folders/0l/vcs81wv15fz2hx942wfs7x9h0000gn/T/arm-run.fVIGoR/src/internal/art/lookup.go:43
     0.29s  3.15% 54.13%      0.29s  3.15%  github.com/TomTonic/multimap/internal/art.(*Tree).find /private/var/folders/0l/vcs81wv15fz2hx942wfs7x9h0000gn/T/arm-run.fVIGoR/src/internal/art/lookup.go:63
     0.29s  3.15% 57.28%      0.29s  3.15%  github.com/TomTonic/multimap/internal/page.lcp /private/var/folders/0l/vcs81wv15fz2hx942wfs7x9h0000gn/T/arm-run.fVIGoR/src/internal/page/page.go:175
     0.24s  2.61% 59.89%      0.24s  2.61%  github.com/TomTonic/multimap/internal/art.(*Tree).find /private/var/folders/0l/vcs81wv15fz2hx942wfs7x9h0000gn/T/arm-run.fVIGoR/src/internal/art/lookup.go:34
     0.24s  2.61% 62.50%      0.24s  2.61%  github.com/TomTonic/multimap/internal/page.compare /private/var/folders/0l/vcs81wv15fz2hx942wfs7x9h0000gn/T/arm-run.fVIGoR/src/internal/page/page.go:254 (inline)
     0.23s  2.50% 65.00%      0.23s  2.50%  github.com/TomTonic/multimap/internal/art.(*Tree).find /private/var/folders/0l/vcs81wv15fz2hx942wfs7x9h0000gn/T/arm-run.fVIGoR/src/internal/art/lookup.go:66
     0.22s  2.39% 67.39%      0.22s  2.39%  github.com/TomTonic/multimap/internal/page.compare /private/var/folders/0l/vcs81wv15fz2hx942wfs7x9h0000gn/T/arm-run.fVIGoR/src/internal/page/page.go:260 (inline)
     0.20s  2.17% 69.57%      0.23s  2.50%  github.com/TomTonic/multimap/internal/art.(*Tree).find /private/var/folders/0l/vcs81wv15fz2hx942wfs7x9h0000gn/T/arm-run.fVIGoR/src/internal/art/lookup.go:82
     0.18s  1.96% 71.52%      0.18s  1.96%  github.com/TomTonic/multimap/internal/swar.Rank /private/var/folders/0l/vcs81wv15fz2hx942wfs7x9h0000gn/T/arm-run.fVIGoR/src/internal/swar/swar.go:38 (inline)
     0.16s  1.74% 73.26%      0.16s  1.74%  github.com/TomTonic/multimap/internal/art.(*Tree).find /private/var/folders/0l/vcs81wv15fz2hx942wfs7x9h0000gn/T/arm-run.fVIGoR/src/internal/art/lookup.go:35
     0.15s  1.63% 74.89%      1.28s 13.91%  github.com/TomTonic/multimap/internal/art.(*Tree).find /private/var/folders/0l/vcs81wv15fz2hx942wfs7x9h0000gn/T/arm-run.fVIGoR/src/internal/art/lookup.go:38
     0.14s  1.52% 76.41%      0.14s  1.52%  github.com/TomTonic/multimap/internal/page.lcp /private/var/folders/0l/vcs81wv15fz2hx942wfs7x9h0000gn/T/arm-run.fVIGoR/src/internal/page/page.go:172
     0.11s  1.20% 77.61%      0.11s  1.20%  github.com/TomTonic/multimap/internal/swar.Index8 /private/var/folders/0l/vcs81wv15fz2hx942wfs7x9h0000gn/T/arm-run.fVIGoR/src/internal/swar/swar.go:25 (inline)
     0.11s  1.20% 78.80%      0.11s  1.20%  github.com/TomTonic/multimap/internal/swar.Rank /private/var/folders/0l/vcs81wv15fz2hx942wfs7x9h0000gn/T/arm-run.fVIGoR/src/internal/swar/swar.go:37 (inline)
     0.10s  1.09% 79.89%      0.10s  1.09%  github.com/TomTonic/multimap/internal/art.(*Tree).find /private/var/folders/0l/vcs81wv15fz2hx942wfs7x9h0000gn/T/arm-run.fVIGoR/src/internal/art/lookup.go:60
     0.08s  0.87% 80.76%      0.08s  0.87%  github.com/TomTonic/multimap/internal/art.(*Tree).find /private/var/folders/0l/vcs81wv15fz2hx942wfs7x9h0000gn/T/arm-run.fVIGoR/src/internal/art/lookup.go:76
     0.08s  0.87% 81.63%      0.08s  0.87%  github.com/TomTonic/multimap/internal/swar.Index8 /private/var/folders/0l/vcs81wv15fz2hx942wfs7x9h0000gn/T/arm-run.fVIGoR/src/internal/swar/swar.go:23 (inline)
     0.07s  0.76% 82.39%      0.07s  0.76%  github.com/TomTonic/multimap/internal/art.(*Tree).find /private/var/folders/0l/vcs81wv15fz2hx942wfs7x9h0000gn/T/arm-run.fVIGoR/src/internal/art/lookup.go:73
     0.07s  0.76% 83.15%      0.07s  0.76%  github.com/TomTonic/multimap/internal/art.(*Tree).find /private/var/folders/0l/vcs81wv15fz2hx942wfs7x9h0000gn/T/arm-run.fVIGoR/src/internal/art/lookup.go:86
     0.07s  0.76% 83.91%      0.07s  0.76%  github.com/TomTonic/multimap/internal/page.locate /private/var/folders/0l/vcs81wv15fz2hx942wfs7x9h0000gn/T/arm-run.fVIGoR/src/internal/page/page.go:225
     0.07s  0.76% 84.67%      0.07s  0.76%  github.com/TomTonic/multimap/internal/swar.Has /private/var/folders/0l/vcs81wv15fz2hx942wfs7x9h0000gn/T/arm-run.fVIGoR/src/internal/swar/swar.go:45 (inline)
     0.06s  0.65% 85.33%      0.06s  0.65%  encoding/binary.littleEndian.Uint64 /opt/homebrew/Cellar/go/1.27.2/libexec/src/encoding/binary/binary.go:117 (inline)
     0.06s  0.65% 85.98%      9.12s 99.13%  github.com/TomTonic/multimap/bench/cmd/bench.(*fixture).valuesFor.func1 /private/var/folders/0l/vcs81wv15fz2hx942wfs7x9h0000gn/T/arm-run.fVIGoR/src/bench/cmd/bench/candidates.go:41
     0.05s  0.54% 86.52%      0.10s  1.09%  github.com/TomTonic/multimap/internal/art.(*Tree).find /private/var/folders/0l/vcs81wv15fz2hx942wfs7x9h0000gn/T/arm-run.fVIGoR/src/internal/art/lookup.go:46
     0.05s  0.54% 87.07%      0.05s  0.54%  github.com/TomTonic/multimap/internal/page.(*head).cpl /private/var/folders/0l/vcs81wv15fz2hx942wfs7x9h0000gn/T/arm-run.fVIGoR/src/internal/page/page.go:131
     0.05s  0.54% 87.61%      0.54s  5.87%  github.com/TomTonic/multimap/internal/page..EachValue[go.shape.uint64] /private/var/folders/0l/vcs81wv15fz2hx942wfs7x9h0000gn/T/arm-run.fVIGoR/src/internal/page/fixed.go:169
     0.05s  0.54% 88.15%      0.06s  0.65%  github.com/TomTonic/multimap/internal/page..EachValue[go.shape.uint64] /private/var/folders/0l/vcs81wv15fz2hx942wfs7x9h0000gn/T/arm-run.fVIGoR/src/internal/page/fixed.go:181
     0.05s  0.54% 88.70%      0.05s  0.54%  github.com/TomTonic/multimap/internal/page.lcp /private/var/folders/0l/vcs81wv15fz2hx942wfs7x9h0000gn/T/arm-run.fVIGoR/src/internal/page/page.go:173
     0.05s  0.54% 89.24%      1.82s 19.78%  github.com/TomTonic/multimap/internal/page.locate /private/var/folders/0l/vcs81wv15fz2hx942wfs7x9h0000gn/T/arm-run.fVIGoR/src/internal/page/page.go:229
     0.05s  0.54% 89.78%      0.05s  0.54%  runtime.pthread_cond_signal /opt/homebrew/Cellar/go/1.27.2/libexec/src/runtime/sys_darwin.go:491
     0.04s  0.43% 90.22%      2.87s 31.20%  github.com/TomTonic/multimap/internal/art.(*Map[go.shape.uint64]).Each /private/var/folders/0l/vcs81wv15fz2hx942wfs7x9h0000gn/T/arm-run.fVIGoR/src/internal/art/map.go:138
     0.04s  0.43% 90.65%      0.08s  0.87%  github.com/TomTonic/multimap/internal/page..EachValue[go.shape.uint64] /private/var/folders/0l/vcs81wv15fz2hx942wfs7x9h0000gn/T/arm-run.fVIGoR/src/internal/page/fixed.go:179
     0.04s  0.43% 91.09%      0.09s  0.98%  github.com/TomTonic/multimap/internal/swar.Match8 /private/var/folders/0l/vcs81wv15fz2hx942wfs7x9h0000gn/T/arm-run.fVIGoR/src/internal/swar/swar.go:79 (inline)
     0.03s  0.33% 91.41%      0.10s  1.09%  github.com/TomTonic/multimap/internal/art.(*Tree).find /private/var/folders/0l/vcs81wv15fz2hx942wfs7x9h0000gn/T/arm-run.fVIGoR/src/internal/art/lookup.go:85
     0.03s  0.33% 91.74%      0.27s  2.93%  github.com/TomTonic/multimap/internal/art.(*Tree).find /private/var/folders/0l/vcs81wv15fz2hx942wfs7x9h0000gn/T/arm-run.fVIGoR/src/internal/art/lookup.go:91
     0.03s  0.33% 92.07%      1.97s 21.41%  github.com/TomTonic/multimap/internal/page..EachValue[go.shape.uint64] /private/var/folders/0l/vcs81wv15fz2hx942wfs7x9h0000gn/T/arm-run.fVIGoR/src/internal/page/fixed.go:173
     0.02s  0.22% 92.28%      2.83s 30.76%  github.com/TomTonic/multimap/internal/art.(*Map[go.shape.uint64]).pageEach /private/var/folders/0l/vcs81wv15fz2hx942wfs7x9h0000gn/T/arm-run.fVIGoR/src/internal/art/mkkey.go:391
     0.01s  0.11% 92.39%      6.06s 65.87%  github.com/TomTonic/multimap/internal/art.(*Map[go.shape.uint64]).Each /private/var/folders/0l/vcs81wv15fz2hx942wfs7x9h0000gn/T/arm-run.fVIGoR/src/internal/art/map.go:134
     0.01s  0.11% 92.50%      0.06s  0.65%  github.com/TomTonic/multimap/internal/art.(*Map[go.shape.uint64]).Each /private/var/folders/0l/vcs81wv15fz2hx942wfs7x9h0000gn/T/arm-run.fVIGoR/src/internal/art/map.go:140
     0.01s  0.11% 92.61%      0.06s  0.65%  github.com/TomTonic/multimap/internal/art.(*singleKeyHead).matches /private/var/folders/0l/vcs81wv15fz2hx942wfs7x9h0000gn/T/arm-run.fVIGoR/src/internal/art/node.go:241 (inline)
     0.01s  0.11% 92.72%      0.06s  0.65%  github.com/TomTonic/multimap/internal/page..EachValue[go.shape.uint64] /private/var/folders/0l/vcs81wv15fz2hx942wfs7x9h0000gn/T/arm-run.fVIGoR/src/internal/page/fixed.go:162
         0     0% 92.72%      9.06s 98.48%  github.com/TomTonic/multimap.(*Ordered[go.shape.uint64]).ValuesForSeq.1 /private/var/folders/0l/vcs81wv15fz2hx942wfs7x9h0000gn/T/arm-run.fVIGoR/src/ordered.go:53 (inline)
         0     0% 92.72%      9.15s 99.46%  github.com/TomTonic/multimap/bench/cmd/bench.TestLookProbe /private/var/folders/0l/vcs81wv15fz2hx942wfs7x9h0000gn/T/arm-run.fVIGoR/src/bench/cmd/bench/lookprobe_test.go:39
         0     0% 92.72%      9.14s 99.35%  github.com/TomTonic/multimap/bench/cmd/bench.lookCase /private/var/folders/0l/vcs81wv15fz2hx942wfs7x9h0000gn/T/arm-run.fVIGoR/src/bench/cmd/bench/lookprobe_test.go:84
         0     0% 92.72%      0.54s  5.87%  github.com/TomTonic/multimap/internal/art.(*Tree).find /private/var/folders/0l/vcs81wv15fz2hx942wfs7x9h0000gn/T/arm-run.fVIGoR/src/internal/art/lookup.go:45
         0     0% 92.72%      0.09s  0.98%  github.com/TomTonic/multimap/internal/art.(*Tree).find /private/var/folders/0l/vcs81wv15fz2hx942wfs7x9h0000gn/T/arm-run.fVIGoR/src/internal/art/lookup.go:65
         0     0% 92.72%      0.08s  0.87%  github.com/TomTonic/multimap/internal/art.(*Tree).find /private/var/folders/0l/vcs81wv15fz2hx942wfs7x9h0000gn/T/arm-run.fVIGoR/src/internal/art/lookup.go:74
         0     0% 92.72%      0.05s  0.54%  github.com/TomTonic/multimap/internal/art.longMatch /private/var/folders/0l/vcs81wv15fz2hx942wfs7x9h0000gn/T/arm-run.fVIGoR/src/internal/art/lookup.go:171
         0     0% 92.72%      0.05s  0.54%  runtime.gopreempt_m /opt/homebrew/Cellar/go/1.27.2/libexec/src/runtime/proc.go:4377 (inline)
         0     0% 92.72%      0.05s  0.54%  runtime.goschedImpl /opt/homebrew/Cellar/go/1.27.2/libexec/src/runtime/proc.go:4357
         0     0% 92.72%      0.05s  0.54%  runtime.morestack /opt/homebrew/Cellar/go/1.27.2/libexec/src/runtime/asm_arm64.s:487
         0     0% 92.72%      0.05s  0.54%  runtime.newstack /opt/homebrew/Cellar/go/1.27.2/libexec/src/runtime/stack.go:1174
         0     0% 92.72%      0.05s  0.54%  runtime.notewakeup /opt/homebrew/Cellar/go/1.27.2/libexec/src/runtime/lock_sema.go:42
         0     0% 92.72%      0.05s  0.54%  runtime.semawakeup /opt/homebrew/Cellar/go/1.27.2/libexec/src/runtime/os_darwin.go:85
         0     0% 92.72%      0.05s  0.54%  runtime.startm /opt/homebrew/Cellar/go/1.27.2/libexec/src/runtime/proc.go:3136
         0     0% 92.72%      0.05s  0.54%  runtime.wakep /opt/homebrew/Cellar/go/1.27.2/libexec/src/runtime/proc.go:3258
         0     0% 92.72%      9.15s 99.46%  testing.tRunner /opt/homebrew/Cellar/go/1.27.2/libexec/src/testing/testing.go:2195

lookups url single-value n=65536: ordered 175.6 ns
lines of path single-value n=4096 (ordered):
File: bench.test
Type: cpu
Time: 2026-10-10 21:25:34 CEST
Duration: 10.17s, Total samples = 9.47s (93.11%)
Showing nodes accounting for 8.49s, 89.65% of 9.47s total
Dropped 60 nodes (cum <= 0.05s)
      flat  flat%   sum%        cum   cum%
     1.24s 13.09% 13.09%      1.24s 13.09%  github.com/TomTonic/multimap/internal/page.compare /private/var/folders/0l/vcs81wv15fz2hx942wfs7x9h0000gn/T/arm-run.fVIGoR/src/internal/page/page.go:252 (inline)
     0.87s  9.19% 22.28%      0.87s  9.19%  github.com/TomTonic/multimap/internal/art.isSingleKey /private/var/folders/0l/vcs81wv15fz2hx942wfs7x9h0000gn/T/arm-run.fVIGoR/src/internal/art/node.go:131 (inline)
     0.72s  7.60% 29.88%      0.72s  7.60%  github.com/TomTonic/multimap/internal/swar.Match8 /private/var/folders/0l/vcs81wv15fz2hx942wfs7x9h0000gn/T/arm-run.fVIGoR/src/internal/swar/swar.go:76 (inline)
     0.47s  4.96% 34.85%      0.47s  4.96%  github.com/TomTonic/multimap/internal/art.(*Tree).find /private/var/folders/0l/vcs81wv15fz2hx942wfs7x9h0000gn/T/arm-run.fVIGoR/src/internal/art/lookup.go:80
     0.42s  4.44% 39.28%      0.42s  4.44%  github.com/TomTonic/multimap/internal/art.(*Tree).find /private/var/folders/0l/vcs81wv15fz2hx942wfs7x9h0000gn/T/arm-run.fVIGoR/src/internal/art/lookup.go:34
     0.41s  4.33% 43.61%      0.41s  4.33%  github.com/TomTonic/multimap/internal/page.compare /private/var/folders/0l/vcs81wv15fz2hx942wfs7x9h0000gn/T/arm-run.fVIGoR/src/internal/page/page.go:254 (inline)
     0.37s  3.91% 47.52%      0.37s  3.91%  github.com/TomTonic/multimap/internal/art.(*Tree).find /private/var/folders/0l/vcs81wv15fz2hx942wfs7x9h0000gn/T/arm-run.fVIGoR/src/internal/art/lookup.go:43
     0.30s  3.17% 50.69%      0.30s  3.17%  github.com/TomTonic/multimap/internal/art.(*Tree).find /private/var/folders/0l/vcs81wv15fz2hx942wfs7x9h0000gn/T/arm-run.fVIGoR/src/internal/art/lookup.go:66
     0.27s  2.85% 53.54%      0.27s  2.85%  github.com/TomTonic/multimap/internal/art.(*Tree).find /private/var/folders/0l/vcs81wv15fz2hx942wfs7x9h0000gn/T/arm-run.fVIGoR/src/internal/art/lookup.go:63
     0.26s  2.75% 56.28%      0.26s  2.75%  github.com/TomTonic/multimap/internal/page.compare /private/var/folders/0l/vcs81wv15fz2hx942wfs7x9h0000gn/T/arm-run.fVIGoR/src/internal/page/page.go:260 (inline)
     0.24s  2.53% 58.82%      0.24s  2.53%  github.com/TomTonic/multimap/internal/page.lcp /private/var/folders/0l/vcs81wv15fz2hx942wfs7x9h0000gn/T/arm-run.fVIGoR/src/internal/page/page.go:175
     0.23s  2.43% 61.25%      0.23s  2.43%  github.com/TomTonic/multimap/internal/art.(*Tree).find /private/var/folders/0l/vcs81wv15fz2hx942wfs7x9h0000gn/T/arm-run.fVIGoR/src/internal/art/lookup.go:60
     0.23s  2.43% 63.67%      0.23s  2.43%  github.com/TomTonic/multimap/internal/page.lcp /private/var/folders/0l/vcs81wv15fz2hx942wfs7x9h0000gn/T/arm-run.fVIGoR/src/internal/page/page.go:172
     0.21s  2.22% 65.89%      0.21s  2.22%  github.com/TomTonic/multimap/internal/art.(*Tree).find /private/var/folders/0l/vcs81wv15fz2hx942wfs7x9h0000gn/T/arm-run.fVIGoR/src/internal/art/lookup.go:76
     0.20s  2.11% 68.00%      0.20s  2.11%  github.com/TomTonic/multimap/internal/art.(*Tree).find /private/var/folders/0l/vcs81wv15fz2hx942wfs7x9h0000gn/T/arm-run.fVIGoR/src/internal/art/lookup.go:52
     0.17s  1.80% 69.80%      0.17s  1.80%  github.com/TomTonic/multimap/internal/swar.Index8 /private/var/folders/0l/vcs81wv15fz2hx942wfs7x9h0000gn/T/arm-run.fVIGoR/src/internal/swar/swar.go:25 (inline)
     0.16s  1.69% 71.49%      1.15s 12.14%  github.com/TomTonic/multimap/internal/art.(*Tree).find /private/var/folders/0l/vcs81wv15fz2hx942wfs7x9h0000gn/T/arm-run.fVIGoR/src/internal/art/lookup.go:38
     0.15s  1.58% 73.07%      0.15s  1.58%  github.com/TomTonic/multimap/internal/art.(*Tree).find /private/var/folders/0l/vcs81wv15fz2hx942wfs7x9h0000gn/T/arm-run.fVIGoR/src/internal/art/lookup.go:50
     0.14s  1.48% 74.55%      0.14s  1.48%  github.com/TomTonic/multimap/internal/swar.Rank /private/var/folders/0l/vcs81wv15fz2hx942wfs7x9h0000gn/T/arm-run.fVIGoR/src/internal/swar/swar.go:38 (inline)
     0.11s  1.16% 75.71%      0.11s  1.16%  github.com/TomTonic/multimap/internal/swar.Index8 /private/var/folders/0l/vcs81wv15fz2hx942wfs7x9h0000gn/T/arm-run.fVIGoR/src/internal/swar/swar.go:23 (inline)
     0.10s  1.06% 76.77%      0.14s  1.48%  github.com/TomTonic/multimap/internal/swar.Match8 /private/var/folders/0l/vcs81wv15fz2hx942wfs7x9h0000gn/T/arm-run.fVIGoR/src/internal/swar/swar.go:79 (inline)
     0.09s  0.95% 77.72%      0.09s  0.95%  github.com/TomTonic/multimap/internal/page.locate /private/var/folders/0l/vcs81wv15fz2hx942wfs7x9h0000gn/T/arm-run.fVIGoR/src/internal/page/page.go:225
     0.08s  0.84% 78.56%      0.08s  0.84%  github.com/TomTonic/multimap/internal/art.(*Tree).find /private/var/folders/0l/vcs81wv15fz2hx942wfs7x9h0000gn/T/arm-run.fVIGoR/src/internal/art/lookup.go:62
     0.08s  0.84% 79.41%      0.08s  0.84%  github.com/TomTonic/multimap/internal/page.lcp /private/var/folders/0l/vcs81wv15fz2hx942wfs7x9h0000gn/T/arm-run.fVIGoR/src/internal/page/page.go:173
     0.08s  0.84% 80.25%      0.08s  0.84%  github.com/TomTonic/multimap/internal/page.valuesIn[go.shape.uint64] /private/var/folders/0l/vcs81wv15fz2hx942wfs7x9h0000gn/T/arm-run.fVIGoR/src/internal/page/fixed.go:36 (inline)
     0.07s  0.74% 80.99%      0.11s  1.16%  github.com/TomTonic/multimap/internal/page.(*head).mem /private/var/folders/0l/vcs81wv15fz2hx942wfs7x9h0000gn/T/arm-run.fVIGoR/src/internal/page/page.go:140
     0.07s  0.74% 81.73%      0.62s  6.55%  github.com/TomTonic/multimap/internal/page..EachValue[go.shape.uint64] /private/var/folders/0l/vcs81wv15fz2hx942wfs7x9h0000gn/T/arm-run.fVIGoR/src/internal/page/fixed.go:169
     0.07s  0.74% 82.47%      0.15s  1.58%  github.com/TomTonic/multimap/internal/page..EachValue[go.shape.uint64] /private/var/folders/0l/vcs81wv15fz2hx942wfs7x9h0000gn/T/arm-run.fVIGoR/src/internal/page/fixed.go:179
     0.07s  0.74% 83.21%      2.02s 21.33%  github.com/TomTonic/multimap/internal/page.locate /private/var/folders/0l/vcs81wv15fz2hx942wfs7x9h0000gn/T/arm-run.fVIGoR/src/internal/page/page.go:229
     0.06s  0.63% 83.84%      9.34s 98.63%  github.com/TomTonic/multimap/bench/cmd/bench.(*fixture).valuesFor.func1 /private/var/folders/0l/vcs81wv15fz2hx942wfs7x9h0000gn/T/arm-run.fVIGoR/src/bench/cmd/bench/candidates.go:41
     0.06s  0.63% 84.48%      0.07s  0.74%  github.com/TomTonic/multimap/internal/art.(*Tree).find /private/var/folders/0l/vcs81wv15fz2hx942wfs7x9h0000gn/T/arm-run.fVIGoR/src/internal/art/lookup.go:35
     0.06s  0.63% 85.11%      0.06s  0.63%  github.com/TomTonic/multimap/internal/art.(*Tree).find /private/var/folders/0l/vcs81wv15fz2hx942wfs7x9h0000gn/T/arm-run.fVIGoR/src/internal/art/lookup.go:73
     0.06s  0.63% 85.74%      0.06s  0.63%  runtime.pthread_cond_signal /opt/homebrew/Cellar/go/1.27.2/libexec/src/runtime/sys_darwin.go:491
     0.05s  0.53% 86.27%      3.50s 36.96%  github.com/TomTonic/multimap/internal/art.(*Map[go.shape.uint64]).Each /private/var/folders/0l/vcs81wv15fz2hx942wfs7x9h0000gn/T/arm-run.fVIGoR/src/internal/art/map.go:138
     0.05s  0.53% 86.80%      3.43s 36.22%  github.com/TomTonic/multimap/internal/art.(*Map[go.shape.uint64]).pageEach /private/var/folders/0l/vcs81wv15fz2hx942wfs7x9h0000gn/T/arm-run.fVIGoR/src/internal/art/mkkey.go:391
     0.05s  0.53% 87.33%      0.05s  0.53%  github.com/TomTonic/multimap/internal/page.locate /private/var/folders/0l/vcs81wv15fz2hx942wfs7x9h0000gn/T/arm-run.fVIGoR/src/internal/page/page.go:222
     0.05s  0.53% 87.86%      0.05s  0.53%  github.com/TomTonic/multimap/internal/page.locate /private/var/folders/0l/vcs81wv15fz2hx942wfs7x9h0000gn/T/arm-run.fVIGoR/src/internal/page/page.go:230
     0.04s  0.42% 88.28%      2.28s 24.08%  github.com/TomTonic/multimap/internal/page..EachValue[go.shape.uint64] /private/var/folders/0l/vcs81wv15fz2hx942wfs7x9h0000gn/T/arm-run.fVIGoR/src/internal/page/fixed.go:173
     0.03s  0.32% 88.60%      0.18s  1.90%  github.com/TomTonic/multimap/internal/art.(*Tree).find /private/var/folders/0l/vcs81wv15fz2hx942wfs7x9h0000gn/T/arm-run.fVIGoR/src/internal/art/lookup.go:46
     0.02s  0.21% 88.81%      5.66s 59.77%  github.com/TomTonic/multimap/internal/art.(*Map[go.shape.uint64]).Each /private/var/folders/0l/vcs81wv15fz2hx942wfs7x9h0000gn/T/arm-run.fVIGoR/src/internal/art/map.go:134
     0.02s  0.21% 89.02%      0.12s  1.27%  github.com/TomTonic/multimap/internal/art.(*Tree).find /private/var/folders/0l/vcs81wv15fz2hx942wfs7x9h0000gn/T/arm-run.fVIGoR/src/internal/art/lookup.go:91
     0.02s  0.21% 89.23%      0.06s  0.63%  github.com/TomTonic/multimap/internal/page..EachValue[go.shape.uint64] /private/var/folders/0l/vcs81wv15fz2hx942wfs7x9h0000gn/T/arm-run.fVIGoR/src/internal/page/fixed.go:181
     0.01s  0.11% 89.33%      0.10s  1.06%  github.com/TomTonic/multimap/internal/art.(*Tree).find /private/var/folders/0l/vcs81wv15fz2hx942wfs7x9h0000gn/T/arm-run.fVIGoR/src/internal/art/lookup.go:85
     0.01s  0.11% 89.44%      0.11s  1.16%  github.com/TomTonic/multimap/internal/art.longMatch /private/var/folders/0l/vcs81wv15fz2hx942wfs7x9h0000gn/T/arm-run.fVIGoR/src/internal/art/lookup.go:171
     0.01s  0.11% 89.55%      0.05s  0.53%  github.com/TomTonic/multimap/internal/art.prefixMatches /private/var/folders/0l/vcs81wv15fz2hx942wfs7x9h0000gn/T/arm-run.fVIGoR/src/internal/art/prefix.go:215
     0.01s  0.11% 89.65%      0.10s  1.06%  github.com/TomTonic/multimap/internal/page..EachValue[go.shape.uint64] /private/var/folders/0l/vcs81wv15fz2hx942wfs7x9h0000gn/T/arm-run.fVIGoR/src/internal/page/fixed.go:161
         0     0% 89.65%      9.28s 97.99%  github.com/TomTonic/multimap.(*Ordered[go.shape.uint64]).ValuesForSeq.1 /private/var/folders/0l/vcs81wv15fz2hx942wfs7x9h0000gn/T/arm-run.fVIGoR/src/ordered.go:53 (inline)
         0     0% 89.65%      9.41s 99.37%  github.com/TomTonic/multimap/bench/cmd/bench.TestLookProbe /private/var/folders/0l/vcs81wv15fz2hx942wfs7x9h0000gn/T/arm-run.fVIGoR/src/bench/cmd/bench/lookprobe_test.go:39
         0     0% 89.65%      9.41s 99.37%  github.com/TomTonic/multimap/bench/cmd/bench.lookCase /private/var/folders/0l/vcs81wv15fz2hx942wfs7x9h0000gn/T/arm-run.fVIGoR/src/bench/cmd/bench/lookprobe_test.go:84
         0     0% 89.65%      0.05s  0.53%  github.com/TomTonic/multimap/internal/art.(*Map[go.shape.uint64]).Each /private/var/folders/0l/vcs81wv15fz2hx942wfs7x9h0000gn/T/arm-run.fVIGoR/src/internal/art/map.go:140
         0     0% 89.65%      0.86s  9.08%  github.com/TomTonic/multimap/internal/art.(*Tree).find /private/var/folders/0l/vcs81wv15fz2hx942wfs7x9h0000gn/T/arm-run.fVIGoR/src/internal/art/lookup.go:45
         0     0% 89.65%      0.16s  1.69%  github.com/TomTonic/multimap/internal/art.(*Tree).find /private/var/folders/0l/vcs81wv15fz2hx942wfs7x9h0000gn/T/arm-run.fVIGoR/src/internal/art/lookup.go:65
         0     0% 89.65%      0.11s  1.16%  github.com/TomTonic/multimap/internal/art.(*Tree).find /private/var/folders/0l/vcs81wv15fz2hx942wfs7x9h0000gn/T/arm-run.fVIGoR/src/internal/art/lookup.go:74
         0     0% 89.65%      0.12s  1.27%  github.com/TomTonic/multimap/internal/art.(*singleKeyHead).matches /private/var/folders/0l/vcs81wv15fz2hx942wfs7x9h0000gn/T/arm-run.fVIGoR/src/internal/art/node.go:241 (inline)
         0     0% 89.65%      0.05s  0.53%  github.com/TomTonic/multimap/internal/art.prefixMatches /private/var/folders/0l/vcs81wv15fz2hx942wfs7x9h0000gn/T/arm-run.fVIGoR/src/internal/art/prefix.go:212
         0     0% 89.65%      0.06s  0.63%  runtime.gopreempt_m /opt/homebrew/Cellar/go/1.27.2/libexec/src/runtime/proc.go:4377 (inline)
         0     0% 89.65%      0.06s  0.63%  runtime.goschedImpl /opt/homebrew/Cellar/go/1.27.2/libexec/src/runtime/proc.go:4357
         0     0% 89.65%      0.06s  0.63%  runtime.morestack /opt/homebrew/Cellar/go/1.27.2/libexec/src/runtime/asm_arm64.s:487
         0     0% 89.65%      0.06s  0.63%  runtime.newstack /opt/homebrew/Cellar/go/1.27.2/libexec/src/runtime/stack.go:1174
         0     0% 89.65%      0.06s  0.63%  runtime.notewakeup /opt/homebrew/Cellar/go/1.27.2/libexec/src/runtime/lock_sema.go:42
         0     0% 89.65%      0.06s  0.63%  runtime.semawakeup /opt/homebrew/Cellar/go/1.27.2/libexec/src/runtime/os_darwin.go:85
         0     0% 89.65%      0.06s  0.63%  runtime.startm /opt/homebrew/Cellar/go/1.27.2/libexec/src/runtime/proc.go:3136
         0     0% 89.65%      0.06s  0.63%  runtime.wakep /opt/homebrew/Cellar/go/1.27.2/libexec/src/runtime/proc.go:3258
         0     0% 89.65%      9.41s 99.37%  testing.tRunner /opt/homebrew/Cellar/go/1.27.2/libexec/src/testing/testing.go:2195

lookups path single-value n=4096: ordered 130.4 ns
lines of path single-value n=16384 (ordered):
File: bench.test
Type: cpu
Time: 2026-10-10 21:25:45 CEST
Duration: 10.19s, Total samples = 9.20s (90.26%)
Showing nodes accounting for 8.47s, 92.07% of 9.20s total
Dropped 55 nodes (cum <= 0.05s)
      flat  flat%   sum%        cum   cum%
     1.12s 12.17% 12.17%      1.12s 12.17%  github.com/TomTonic/multimap/internal/page.compare /private/var/folders/0l/vcs81wv15fz2hx942wfs7x9h0000gn/T/arm-run.fVIGoR/src/internal/page/page.go:252 (inline)
     0.81s  8.80% 20.98%      0.81s  8.80%  github.com/TomTonic/multimap/internal/swar.Match8 /private/var/folders/0l/vcs81wv15fz2hx942wfs7x9h0000gn/T/arm-run.fVIGoR/src/internal/swar/swar.go:76 (inline)
     0.70s  7.61% 28.59%      0.70s  7.61%  github.com/TomTonic/multimap/internal/art.isSingleKey /private/var/folders/0l/vcs81wv15fz2hx942wfs7x9h0000gn/T/arm-run.fVIGoR/src/internal/art/node.go:131 (inline)
     0.67s  7.28% 35.87%      0.67s  7.28%  github.com/TomTonic/multimap/internal/art.(*Tree).find /private/var/folders/0l/vcs81wv15fz2hx942wfs7x9h0000gn/T/arm-run.fVIGoR/src/internal/art/lookup.go:80
     0.37s  4.02% 39.89%      0.37s  4.02%  github.com/TomTonic/multimap/internal/page.compare /private/var/folders/0l/vcs81wv15fz2hx942wfs7x9h0000gn/T/arm-run.fVIGoR/src/internal/page/page.go:254 (inline)
     0.33s  3.59% 43.48%      0.33s  3.59%  github.com/TomTonic/multimap/internal/art.(*Tree).find /private/var/folders/0l/vcs81wv15fz2hx942wfs7x9h0000gn/T/arm-run.fVIGoR/src/internal/art/lookup.go:34
     0.33s  3.59% 47.07%      0.33s  3.59%  github.com/TomTonic/multimap/internal/page.lcp /private/var/folders/0l/vcs81wv15fz2hx942wfs7x9h0000gn/T/arm-run.fVIGoR/src/internal/page/page.go:175
     0.30s  3.26% 50.33%      0.30s  3.26%  github.com/TomTonic/multimap/internal/art.(*Tree).find /private/var/folders/0l/vcs81wv15fz2hx942wfs7x9h0000gn/T/arm-run.fVIGoR/src/internal/art/lookup.go:62
     0.29s  3.15% 53.48%      0.29s  3.15%  github.com/TomTonic/multimap/internal/art.(*Tree).find /private/var/folders/0l/vcs81wv15fz2hx942wfs7x9h0000gn/T/arm-run.fVIGoR/src/internal/art/lookup.go:63
     0.26s  2.83% 56.30%      0.26s  2.83%  github.com/TomTonic/multimap/internal/art.(*Tree).find /private/var/folders/0l/vcs81wv15fz2hx942wfs7x9h0000gn/T/arm-run.fVIGoR/src/internal/art/lookup.go:60
     0.25s  2.72% 59.02%      0.25s  2.72%  github.com/TomTonic/multimap/internal/art.(*Tree).find /private/var/folders/0l/vcs81wv15fz2hx942wfs7x9h0000gn/T/arm-run.fVIGoR/src/internal/art/lookup.go:50
     0.24s  2.61% 61.63%      0.24s  2.61%  github.com/TomTonic/multimap/internal/page.compare /private/var/folders/0l/vcs81wv15fz2hx942wfs7x9h0000gn/T/arm-run.fVIGoR/src/internal/page/page.go:260 (inline)
     0.22s  2.39% 64.02%      0.22s  2.39%  github.com/TomTonic/multimap/internal/art.(*Tree).find /private/var/folders/0l/vcs81wv15fz2hx942wfs7x9h0000gn/T/arm-run.fVIGoR/src/internal/art/lookup.go:43
     0.22s  2.39% 66.41%      0.22s  2.39%  github.com/TomTonic/multimap/internal/swar.Index8 /private/var/folders/0l/vcs81wv15fz2hx942wfs7x9h0000gn/T/arm-run.fVIGoR/src/internal/swar/swar.go:25 (inline)
     0.21s  2.28% 68.70%      0.21s  2.28%  github.com/TomTonic/multimap/internal/art.(*Tree).find /private/var/folders/0l/vcs81wv15fz2hx942wfs7x9h0000gn/T/arm-run.fVIGoR/src/internal/art/lookup.go:76
     0.13s  1.41% 70.11%      9.10s 98.91%  github.com/TomTonic/multimap/bench/cmd/bench.(*fixture).valuesFor.func1 /private/var/folders/0l/vcs81wv15fz2hx942wfs7x9h0000gn/T/arm-run.fVIGoR/src/bench/cmd/bench/candidates.go:41
     0.11s  1.20% 71.30%      0.43s  4.67%  github.com/TomTonic/multimap/internal/art.(*Tree).find /private/var/folders/0l/vcs81wv15fz2hx942wfs7x9h0000gn/T/arm-run.fVIGoR/src/internal/art/lookup.go:46
     0.11s  1.20% 72.50%      0.11s  1.20%  github.com/TomTonic/multimap/internal/art.(*Tree).find /private/var/folders/0l/vcs81wv15fz2hx942wfs7x9h0000gn/T/arm-run.fVIGoR/src/internal/art/lookup.go:52
     0.11s  1.20% 73.70%      0.11s  1.20%  github.com/TomTonic/multimap/internal/art.(*Tree).find /private/var/folders/0l/vcs81wv15fz2hx942wfs7x9h0000gn/T/arm-run.fVIGoR/src/internal/art/lookup.go:66
     0.11s  1.20% 74.89%      0.11s  1.20%  github.com/TomTonic/multimap/internal/swar.Rank /private/var/folders/0l/vcs81wv15fz2hx942wfs7x9h0000gn/T/arm-run.fVIGoR/src/internal/swar/swar.go:38 (inline)
     0.10s  1.09% 75.98%      0.88s  9.57%  github.com/TomTonic/multimap/internal/art.(*Tree).find /private/var/folders/0l/vcs81wv15fz2hx942wfs7x9h0000gn/T/arm-run.fVIGoR/src/internal/art/lookup.go:38
     0.10s  1.09% 77.07%      0.10s  1.09%  github.com/TomTonic/multimap/internal/art.(*Tree).find /private/var/folders/0l/vcs81wv15fz2hx942wfs7x9h0000gn/T/arm-run.fVIGoR/src/internal/art/lookup.go:73
     0.09s  0.98% 78.04%      0.16s  1.74%  github.com/TomTonic/multimap/internal/art.prefixMatches /private/var/folders/0l/vcs81wv15fz2hx942wfs7x9h0000gn/T/arm-run.fVIGoR/src/internal/art/prefix.go:215
     0.09s  0.98% 79.02%      0.10s  1.09%  github.com/TomTonic/multimap/internal/page.(*head).mem /private/var/folders/0l/vcs81wv15fz2hx942wfs7x9h0000gn/T/arm-run.fVIGoR/src/internal/page/page.go:140
     0.08s  0.87% 79.89%      0.08s  0.87%  github.com/TomTonic/multimap/internal/page.locate /private/var/folders/0l/vcs81wv15fz2hx942wfs7x9h0000gn/T/arm-run.fVIGoR/src/internal/page/page.go:225
     0.07s  0.76% 80.65%      0.08s  0.87%  github.com/TomTonic/multimap/internal/art.(*Tree).find /private/var/folders/0l/vcs81wv15fz2hx942wfs7x9h0000gn/T/arm-run.fVIGoR/src/internal/art/lookup.go:35
     0.07s  0.76% 81.41%      0.51s  5.54%  github.com/TomTonic/multimap/internal/page..EachValue[go.shape.uint64] /private/var/folders/0l/vcs81wv15fz2hx942wfs7x9h0000gn/T/arm-run.fVIGoR/src/internal/page/fixed.go:169
     0.07s  0.76% 82.17%      1.84s 20.00%  github.com/TomTonic/multimap/internal/page.locate /private/var/folders/0l/vcs81wv15fz2hx942wfs7x9h0000gn/T/arm-run.fVIGoR/src/internal/page/page.go:229
     0.07s  0.76% 82.93%      0.07s  0.76%  runtime.pthread_cond_signal /opt/homebrew/Cellar/go/1.27.2/libexec/src/runtime/sys_darwin.go:491
     0.06s  0.65% 83.59%      2.08s 22.61%  github.com/TomTonic/multimap/internal/page..EachValue[go.shape.uint64] /private/var/folders/0l/vcs81wv15fz2hx942wfs7x9h0000gn/T/arm-run.fVIGoR/src/internal/page/fixed.go:173
     0.06s  0.65% 84.24%      0.06s  0.65%  github.com/TomTonic/multimap/internal/page.lcp /private/var/folders/0l/vcs81wv15fz2hx942wfs7x9h0000gn/T/arm-run.fVIGoR/src/internal/page/page.go:173
     0.06s  0.65% 84.89%      0.06s  0.65%  github.com/TomTonic/multimap/internal/swar.Has /private/var/folders/0l/vcs81wv15fz2hx942wfs7x9h0000gn/T/arm-run.fVIGoR/src/internal/swar/swar.go:45 (inline)
     0.06s  0.65% 85.54%      0.06s  0.65%  github.com/TomTonic/multimap/internal/swar.Index8 /private/var/folders/0l/vcs81wv15fz2hx942wfs7x9h0000gn/T/arm-run.fVIGoR/src/internal/swar/swar.go:23 (inline)
     0.06s  0.65% 86.20%      0.06s  0.65%  github.com/TomTonic/multimap/internal/swar.Rank /private/var/folders/0l/vcs81wv15fz2hx942wfs7x9h0000gn/T/arm-run.fVIGoR/src/internal/swar/swar.go:37 (inline)
     0.05s  0.54% 86.74%      0.05s  0.54%  encoding/binary.littleEndian.Uint64 /opt/homebrew/Cellar/go/1.27.2/libexec/src/encoding/binary/binary.go:117 (inline)
     0.05s  0.54% 87.28%      0.05s  0.54%  github.com/TomTonic/multimap/bench/cmd/bench.(*fixture).valuesFor.func1-range1 /private/var/folders/0l/vcs81wv15fz2hx942wfs7x9h0000gn/T/arm-run.fVIGoR/src/bench/cmd/bench/candidates.go:41
     0.05s  0.54% 87.83%      0.05s  0.54%  github.com/TomTonic/multimap/internal/art.(*Map[go.shape.uint64]).Each /private/var/folders/0l/vcs81wv15fz2hx942wfs7x9h0000gn/T/arm-run.fVIGoR/src/internal/art/map.go:142
     0.05s  0.54% 88.37%      0.05s  0.54%  github.com/TomTonic/multimap/internal/page.lcp /private/var/folders/0l/vcs81wv15fz2hx942wfs7x9h0000gn/T/arm-run.fVIGoR/src/internal/page/page.go:172
     0.05s  0.54% 88.91%      0.05s  0.54%  github.com/TomTonic/multimap/internal/page.locate /private/var/folders/0l/vcs81wv15fz2hx942wfs7x9h0000gn/T/arm-run.fVIGoR/src/internal/page/page.go:236
     0.05s  0.54% 89.46%      0.10s  1.09%  github.com/TomTonic/multimap/internal/swar.Match8 /private/var/folders/0l/vcs81wv15fz2hx942wfs7x9h0000gn/T/arm-run.fVIGoR/src/internal/swar/swar.go:79 (inline)
     0.04s  0.43% 89.89%      0.12s  1.30%  github.com/TomTonic/multimap/internal/page..EachValue[go.shape.uint64] /private/var/folders/0l/vcs81wv15fz2hx942wfs7x9h0000gn/T/arm-run.fVIGoR/src/internal/page/fixed.go:161
     0.03s  0.33% 90.22%      3.02s 32.83%  github.com/TomTonic/multimap/internal/art.(*Map[go.shape.uint64]).Each /private/var/folders/0l/vcs81wv15fz2hx942wfs7x9h0000gn/T/arm-run.fVIGoR/src/internal/art/map.go:138
     0.03s  0.33% 90.54%      0.05s  0.54%  github.com/TomTonic/multimap/internal/page..EachValue[go.shape.uint64] /private/var/folders/0l/vcs81wv15fz2hx942wfs7x9h0000gn/T/arm-run.fVIGoR/src/internal/page/fixed.go:179
     0.03s  0.33% 90.87%      0.07s  0.76%  github.com/TomTonic/multimap/internal/page..EachValue[go.shape.uint64] /private/var/folders/0l/vcs81wv15fz2hx942wfs7x9h0000gn/T/arm-run.fVIGoR/src/internal/page/fixed.go:181
     0.02s  0.22% 91.09%      8.97s 97.50%  github.com/TomTonic/multimap.(*Ordered[go.shape.uint64]).ValuesForSeq.1 /private/var/folders/0l/vcs81wv15fz2hx942wfs7x9h0000gn/T/arm-run.fVIGoR/src/ordered.go:53 (inline)
     0.02s  0.22% 91.30%      2.98s 32.39%  github.com/TomTonic/multimap/internal/art.(*Map[go.shape.uint64]).pageEach /private/var/folders/0l/vcs81wv15fz2hx942wfs7x9h0000gn/T/arm-run.fVIGoR/src/internal/art/mkkey.go:391
     0.02s  0.22% 91.52%      0.05s  0.54%  github.com/TomTonic/multimap/internal/swar.MatchPrefix /private/var/folders/0l/vcs81wv15fz2hx942wfs7x9h0000gn/T/arm-run.fVIGoR/src/internal/swar/swar.go:68
     0.01s  0.11% 91.63%      5.79s 62.93%  github.com/TomTonic/multimap/internal/art.(*Map[go.shape.uint64]).Each /private/var/folders/0l/vcs81wv15fz2hx942wfs7x9h0000gn/T/arm-run.fVIGoR/src/internal/art/map.go:134
     0.01s  0.11% 91.74%      0.13s  1.41%  github.com/TomTonic/multimap/internal/art.(*Tree).find /private/var/folders/0l/vcs81wv15fz2hx942wfs7x9h0000gn/T/arm-run.fVIGoR/src/internal/art/lookup.go:91
     0.01s  0.11% 91.85%      0.28s  3.04%  github.com/TomTonic/multimap/internal/art.longMatch /private/var/folders/0l/vcs81wv15fz2hx942wfs7x9h0000gn/T/arm-run.fVIGoR/src/internal/art/lookup.go:171
     0.01s  0.11% 91.96%      0.09s  0.98%  github.com/TomTonic/multimap/internal/art.prefixMatches /private/var/folders/0l/vcs81wv15fz2hx942wfs7x9h0000gn/T/arm-run.fVIGoR/src/internal/art/prefix.go:212
     0.01s  0.11% 92.07%      0.05s  0.54%  github.com/TomTonic/multimap/internal/page..EachValue[go.shape.uint64] /private/var/folders/0l/vcs81wv15fz2hx942wfs7x9h0000gn/T/arm-run.fVIGoR/src/internal/page/fixed.go:164
         0     0% 92.07%      9.13s 99.24%  github.com/TomTonic/multimap/bench/cmd/bench.TestLookProbe /private/var/folders/0l/vcs81wv15fz2hx942wfs7x9h0000gn/T/arm-run.fVIGoR/src/bench/cmd/bench/lookprobe_test.go:39
         0     0% 92.07%      9.13s 99.24%  github.com/TomTonic/multimap/bench/cmd/bench.lookCase /private/var/folders/0l/vcs81wv15fz2hx942wfs7x9h0000gn/T/arm-run.fVIGoR/src/bench/cmd/bench/lookprobe_test.go:84
         0     0% 92.07%      0.05s  0.54%  github.com/TomTonic/multimap/internal/art.(*Map[go.shape.uint64]).Each /private/var/folders/0l/vcs81wv15fz2hx942wfs7x9h0000gn/T/arm-run.fVIGoR/src/internal/art/map.go:140
         0     0% 92.07%      0.91s  9.89%  github.com/TomTonic/multimap/internal/art.(*Tree).find /private/var/folders/0l/vcs81wv15fz2hx942wfs7x9h0000gn/T/arm-run.fVIGoR/src/internal/art/lookup.go:45
         0     0% 92.07%      0.19s  2.07%  github.com/TomTonic/multimap/internal/art.(*Tree).find /private/var/folders/0l/vcs81wv15fz2hx942wfs7x9h0000gn/T/arm-run.fVIGoR/src/internal/art/lookup.go:65
         0     0% 92.07%      0.06s  0.65%  github.com/TomTonic/multimap/internal/art.(*Tree).find /private/var/folders/0l/vcs81wv15fz2hx942wfs7x9h0000gn/T/arm-run.fVIGoR/src/internal/art/lookup.go:74
         0     0% 92.07%      0.07s  0.76%  github.com/TomTonic/multimap/internal/art.(*Tree).find /private/var/folders/0l/vcs81wv15fz2hx942wfs7x9h0000gn/T/arm-run.fVIGoR/src/internal/art/lookup.go:85
         0     0% 92.07%      0.07s  0.76%  github.com/TomTonic/multimap/internal/art.(*singleKeyHead).matches /private/var/folders/0l/vcs81wv15fz2hx942wfs7x9h0000gn/T/arm-run.fVIGoR/src/internal/art/node.go:241 (inline)
         0     0% 92.07%      0.07s  0.76%  runtime.gopreempt_m /opt/homebrew/Cellar/go/1.27.2/libexec/src/runtime/proc.go:4377 (inline)
         0     0% 92.07%      0.07s  0.76%  runtime.goschedImpl /opt/homebrew/Cellar/go/1.27.2/libexec/src/runtime/proc.go:4357
         0     0% 92.07%      0.07s  0.76%  runtime.morestack /opt/homebrew/Cellar/go/1.27.2/libexec/src/runtime/asm_arm64.s:487
         0     0% 92.07%      0.07s  0.76%  runtime.newstack /opt/homebrew/Cellar/go/1.27.2/libexec/src/runtime/stack.go:1174
         0     0% 92.07%      0.07s  0.76%  runtime.notewakeup /opt/homebrew/Cellar/go/1.27.2/libexec/src/runtime/lock_sema.go:42
         0     0% 92.07%      0.07s  0.76%  runtime.semawakeup /opt/homebrew/Cellar/go/1.27.2/libexec/src/runtime/os_darwin.go:85
         0     0% 92.07%      0.07s  0.76%  runtime.startm /opt/homebrew/Cellar/go/1.27.2/libexec/src/runtime/proc.go:3136
         0     0% 92.07%      0.07s  0.76%  runtime.wakep /opt/homebrew/Cellar/go/1.27.2/libexec/src/runtime/proc.go:3258
         0     0% 92.07%      9.13s 99.24%  testing.tRunner /opt/homebrew/Cellar/go/1.27.2/libexec/src/testing/testing.go:2195

lookups path single-value n=16384: ordered 160.9 ns
lines of path single-value n=65536 (ordered):
File: bench.test
Type: cpu
Time: 2026-10-10 21:25:56 CEST
Duration: 10.19s, Total samples = 9.16s (89.91%)
Showing nodes accounting for 8.37s, 91.38% of 9.16s total
Dropped 64 nodes (cum <= 0.05s)
      flat  flat%   sum%        cum   cum%
     1.11s 12.12% 12.12%      1.11s 12.12%  github.com/TomTonic/multimap/internal/page.compare /private/var/folders/0l/vcs81wv15fz2hx942wfs7x9h0000gn/T/arm-run.fVIGoR/src/internal/page/page.go:252 (inline)
     0.78s  8.52% 20.63%      0.78s  8.52%  github.com/TomTonic/multimap/internal/art.isSingleKey /private/var/folders/0l/vcs81wv15fz2hx942wfs7x9h0000gn/T/arm-run.fVIGoR/src/internal/art/node.go:131 (inline)
     0.78s  8.52% 29.15%      0.78s  8.52%  github.com/TomTonic/multimap/internal/swar.Match8 /private/var/folders/0l/vcs81wv15fz2hx942wfs7x9h0000gn/T/arm-run.fVIGoR/src/internal/swar/swar.go:76 (inline)
     0.50s  5.46% 34.61%      0.50s  5.46%  github.com/TomTonic/multimap/internal/art.(*Tree).find /private/var/folders/0l/vcs81wv15fz2hx942wfs7x9h0000gn/T/arm-run.fVIGoR/src/internal/art/lookup.go:63
     0.40s  4.37% 38.97%      0.40s  4.37%  github.com/TomTonic/multimap/internal/page.lcp /private/var/folders/0l/vcs81wv15fz2hx942wfs7x9h0000gn/T/arm-run.fVIGoR/src/internal/page/page.go:175
     0.37s  4.04% 43.01%      0.37s  4.04%  github.com/TomTonic/multimap/internal/art.(*Tree).find /private/var/folders/0l/vcs81wv15fz2hx942wfs7x9h0000gn/T/arm-run.fVIGoR/src/internal/art/lookup.go:50
     0.35s  3.82% 46.83%      0.35s  3.82%  github.com/TomTonic/multimap/internal/art.(*Tree).find /private/var/folders/0l/vcs81wv15fz2hx942wfs7x9h0000gn/T/arm-run.fVIGoR/src/internal/art/lookup.go:43
     0.34s  3.71% 50.55%      0.34s  3.71%  github.com/TomTonic/multimap/internal/art.(*Tree).find /private/var/folders/0l/vcs81wv15fz2hx942wfs7x9h0000gn/T/arm-run.fVIGoR/src/internal/art/lookup.go:34
     0.33s  3.60% 54.15%      0.33s  3.60%  github.com/TomTonic/multimap/internal/page.compare /private/var/folders/0l/vcs81wv15fz2hx942wfs7x9h0000gn/T/arm-run.fVIGoR/src/internal/page/page.go:254 (inline)
     0.29s  3.17% 57.31%      0.29s  3.17%  github.com/TomTonic/multimap/internal/art.(*Tree).find /private/var/folders/0l/vcs81wv15fz2hx942wfs7x9h0000gn/T/arm-run.fVIGoR/src/internal/art/lookup.go:62
     0.28s  3.06% 60.37%      0.28s  3.06%  github.com/TomTonic/multimap/internal/art.(*Tree).find /private/var/folders/0l/vcs81wv15fz2hx942wfs7x9h0000gn/T/arm-run.fVIGoR/src/internal/art/lookup.go:80
     0.27s  2.95% 63.32%      0.27s  2.95%  github.com/TomTonic/multimap/internal/art.(*Tree).find /private/var/folders/0l/vcs81wv15fz2hx942wfs7x9h0000gn/T/arm-run.fVIGoR/src/internal/art/lookup.go:66
     0.25s  2.73% 66.05%      0.25s  2.73%  github.com/TomTonic/multimap/internal/swar.Index8 /private/var/folders/0l/vcs81wv15fz2hx942wfs7x9h0000gn/T/arm-run.fVIGoR/src/internal/swar/swar.go:25 (inline)
     0.21s  2.29% 68.34%      0.21s  2.29%  github.com/TomTonic/multimap/internal/page.compare /private/var/folders/0l/vcs81wv15fz2hx942wfs7x9h0000gn/T/arm-run.fVIGoR/src/internal/page/page.go:260 (inline)
     0.20s  2.18% 70.52%      0.20s  2.18%  github.com/TomTonic/multimap/internal/swar.Rank /private/var/folders/0l/vcs81wv15fz2hx942wfs7x9h0000gn/T/arm-run.fVIGoR/src/internal/swar/swar.go:38 (inline)
     0.18s  1.97% 72.49%      0.18s  1.97%  github.com/TomTonic/multimap/internal/art.(*Tree).find /private/var/folders/0l/vcs81wv15fz2hx942wfs7x9h0000gn/T/arm-run.fVIGoR/src/internal/art/lookup.go:76
     0.16s  1.75% 74.24%      0.16s  1.75%  github.com/TomTonic/multimap/internal/art.(*Tree).find /private/var/folders/0l/vcs81wv15fz2hx942wfs7x9h0000gn/T/arm-run.fVIGoR/src/internal/art/lookup.go:60
     0.14s  1.53% 75.76%      0.40s  4.37%  github.com/TomTonic/multimap/internal/art.(*Tree).find /private/var/folders/0l/vcs81wv15fz2hx942wfs7x9h0000gn/T/arm-run.fVIGoR/src/internal/art/lookup.go:46
     0.13s  1.42% 77.18%      0.95s 10.37%  github.com/TomTonic/multimap/internal/art.(*Tree).find /private/var/folders/0l/vcs81wv15fz2hx942wfs7x9h0000gn/T/arm-run.fVIGoR/src/internal/art/lookup.go:38
     0.10s  1.09% 78.28%      0.10s  1.09%  github.com/TomTonic/multimap/internal/page.lcp /private/var/folders/0l/vcs81wv15fz2hx942wfs7x9h0000gn/T/arm-run.fVIGoR/src/internal/page/page.go:172
     0.09s  0.98% 79.26%      0.09s  0.98%  github.com/TomTonic/multimap/internal/art.(*Tree).find /private/var/folders/0l/vcs81wv15fz2hx942wfs7x9h0000gn/T/arm-run.fVIGoR/src/internal/art/lookup.go:52
     0.09s  0.98% 80.24%      0.09s  0.98%  runtime.pthread_cond_signal /opt/homebrew/Cellar/go/1.27.2/libexec/src/runtime/sys_darwin.go:491
     0.08s  0.87% 81.11%      0.08s  0.87%  github.com/TomTonic/multimap/internal/page.locate /private/var/folders/0l/vcs81wv15fz2hx942wfs7x9h0000gn/T/arm-run.fVIGoR/src/internal/page/page.go:225
     0.08s  0.87% 81.99%      0.08s  0.87%  github.com/TomTonic/multimap/internal/swar.Rank /private/var/folders/0l/vcs81wv15fz2hx942wfs7x9h0000gn/T/arm-run.fVIGoR/src/internal/swar/swar.go:37 (inline)
     0.07s  0.76% 82.75%      0.07s  0.76%  github.com/TomTonic/multimap/internal/page.lcp /private/var/folders/0l/vcs81wv15fz2hx942wfs7x9h0000gn/T/arm-run.fVIGoR/src/internal/page/page.go:173
     0.07s  0.76% 83.52%      1.75s 19.10%  github.com/TomTonic/multimap/internal/page.locate /private/var/folders/0l/vcs81wv15fz2hx942wfs7x9h0000gn/T/arm-run.fVIGoR/src/internal/page/page.go:229
     0.06s  0.66% 84.17%      9.03s 98.58%  github.com/TomTonic/multimap/bench/cmd/bench.(*fixture).valuesFor.func1 /private/var/folders/0l/vcs81wv15fz2hx942wfs7x9h0000gn/T/arm-run.fVIGoR/src/bench/cmd/bench/candidates.go:41
     0.06s  0.66% 84.83%      0.08s  0.87%  github.com/TomTonic/multimap/internal/art.(*Tree).find /private/var/folders/0l/vcs81wv15fz2hx942wfs7x9h0000gn/T/arm-run.fVIGoR/src/internal/art/lookup.go:35
     0.06s  0.66% 85.48%      0.06s  0.66%  github.com/TomTonic/multimap/internal/page.locate /private/var/folders/0l/vcs81wv15fz2hx942wfs7x9h0000gn/T/arm-run.fVIGoR/src/internal/page/page.go:230
     0.05s  0.55% 86.03%      0.05s  0.55%  encoding/binary.littleEndian.Uint64 /opt/homebrew/Cellar/go/1.27.2/libexec/src/encoding/binary/binary.go:117 (inline)
     0.05s  0.55% 86.57%      0.05s  0.55%  github.com/TomTonic/multimap/internal/art.(*Tree).find /private/var/folders/0l/vcs81wv15fz2hx942wfs7x9h0000gn/T/arm-run.fVIGoR/src/internal/art/lookup.go:73
     0.05s  0.55% 87.12%      0.05s  0.55%  github.com/TomTonic/multimap/internal/page.(*head).one /private/var/folders/0l/vcs81wv15fz2hx942wfs7x9h0000gn/T/arm-run.fVIGoR/src/internal/page/page.go:121 (partial-inline)
     0.05s  0.55% 87.66%      0.09s  0.98%  github.com/TomTonic/multimap/internal/swar.Match8 /private/var/folders/0l/vcs81wv15fz2hx942wfs7x9h0000gn/T/arm-run.fVIGoR/src/internal/swar/swar.go:79 (inline)
     0.04s  0.44% 88.10%      0.10s  1.09%  github.com/TomTonic/multimap/internal/art.prefixMatches /private/var/folders/0l/vcs81wv15fz2hx942wfs7x9h0000gn/T/arm-run.fVIGoR/src/internal/art/prefix.go:212
     0.04s  0.44% 88.54%      0.12s  1.31%  github.com/TomTonic/multimap/internal/art.prefixMatches /private/var/folders/0l/vcs81wv15fz2hx942wfs7x9h0000gn/T/arm-run.fVIGoR/src/internal/art/prefix.go:215
     0.04s  0.44% 88.97%      0.06s  0.66%  github.com/TomTonic/multimap/internal/page.(*head).mem /private/var/folders/0l/vcs81wv15fz2hx942wfs7x9h0000gn/T/arm-run.fVIGoR/src/internal/page/page.go:140
     0.04s  0.44% 89.41%         2s 21.83%  github.com/TomTonic/multimap/internal/page..EachValue[go.shape.uint64] /private/var/folders/0l/vcs81wv15fz2hx942wfs7x9h0000gn/T/arm-run.fVIGoR/src/internal/page/fixed.go:173
     0.04s  0.44% 89.85%      0.08s  0.87%  github.com/TomTonic/multimap/internal/page..EachValue[go.shape.uint64] /private/var/folders/0l/vcs81wv15fz2hx942wfs7x9h0000gn/T/arm-run.fVIGoR/src/internal/page/fixed.go:179
     0.03s  0.33% 90.17%      2.88s 31.44%  github.com/TomTonic/multimap/internal/art.(*Map[go.shape.uint64]).pageEach /private/var/folders/0l/vcs81wv15fz2hx942wfs7x9h0000gn/T/arm-run.fVIGoR/src/internal/art/mkkey.go:391
     0.03s  0.33% 90.50%      0.60s  6.55%  github.com/TomTonic/multimap/internal/page..EachValue[go.shape.uint64] /private/var/folders/0l/vcs81wv15fz2hx942wfs7x9h0000gn/T/arm-run.fVIGoR/src/internal/page/fixed.go:169
     0.02s  0.22% 90.72%      8.97s 97.93%  github.com/TomTonic/multimap.(*Ordered[go.shape.uint64]).ValuesForSeq.1 /private/var/folders/0l/vcs81wv15fz2hx942wfs7x9h0000gn/T/arm-run.fVIGoR/src/ordered.go:53 (inline)
     0.02s  0.22% 90.94%      5.91s 64.52%  github.com/TomTonic/multimap/internal/art.(*Map[go.shape.uint64]).Each /private/var/folders/0l/vcs81wv15fz2hx942wfs7x9h0000gn/T/arm-run.fVIGoR/src/internal/art/map.go:134
     0.01s  0.11% 91.05%      2.92s 31.88%  github.com/TomTonic/multimap/internal/art.(*Map[go.shape.uint64]).Each /private/var/folders/0l/vcs81wv15fz2hx942wfs7x9h0000gn/T/arm-run.fVIGoR/src/internal/art/map.go:138
     0.01s  0.11% 91.16%      0.21s  2.29%  github.com/TomTonic/multimap/internal/art.(*Tree).find /private/var/folders/0l/vcs81wv15fz2hx942wfs7x9h0000gn/T/arm-run.fVIGoR/src/internal/art/lookup.go:65
     0.01s  0.11% 91.27%      0.14s  1.53%  github.com/TomTonic/multimap/internal/art.(*Tree).find /private/var/folders/0l/vcs81wv15fz2hx942wfs7x9h0000gn/T/arm-run.fVIGoR/src/internal/art/lookup.go:85
     0.01s  0.11% 91.38%      0.23s  2.51%  github.com/TomTonic/multimap/internal/art.longMatch /private/var/folders/0l/vcs81wv15fz2hx942wfs7x9h0000gn/T/arm-run.fVIGoR/src/internal/art/lookup.go:171
         0     0% 91.38%      0.06s  0.66%  bytes.Equal /opt/homebrew/Cellar/go/1.27.2/libexec/src/bytes/bytes.go:22 (inline)
         0     0% 91.38%      9.06s 98.91%  github.com/TomTonic/multimap/bench/cmd/bench.TestLookProbe /private/var/folders/0l/vcs81wv15fz2hx942wfs7x9h0000gn/T/arm-run.fVIGoR/src/bench/cmd/bench/lookprobe_test.go:39
         0     0% 91.38%      9.06s 98.91%  github.com/TomTonic/multimap/bench/cmd/bench.lookCase /private/var/folders/0l/vcs81wv15fz2hx942wfs7x9h0000gn/T/arm-run.fVIGoR/src/bench/cmd/bench/lookprobe_test.go:84
         0     0% 91.38%      0.87s  9.50%  github.com/TomTonic/multimap/internal/art.(*Tree).find /private/var/folders/0l/vcs81wv15fz2hx942wfs7x9h0000gn/T/arm-run.fVIGoR/src/internal/art/lookup.go:45
         0     0% 91.38%      0.05s  0.55%  github.com/TomTonic/multimap/internal/art.(*Tree).find /private/var/folders/0l/vcs81wv15fz2hx942wfs7x9h0000gn/T/arm-run.fVIGoR/src/internal/art/lookup.go:72
         0     0% 91.38%      0.15s  1.64%  github.com/TomTonic/multimap/internal/art.(*Tree).find /private/var/folders/0l/vcs81wv15fz2hx942wfs7x9h0000gn/T/arm-run.fVIGoR/src/internal/art/lookup.go:91
         0     0% 91.38%      0.10s  1.09%  runtime.gopreempt_m /opt/homebrew/Cellar/go/1.27.2/libexec/src/runtime/proc.go:4377 (inline)
         0     0% 91.38%      0.09s  0.98%  runtime.goschedImpl /opt/homebrew/Cellar/go/1.27.2/libexec/src/runtime/proc.go:4357
         0     0% 91.38%      0.10s  1.09%  runtime.morestack /opt/homebrew/Cellar/go/1.27.2/libexec/src/runtime/asm_arm64.s:487
         0     0% 91.38%      0.10s  1.09%  runtime.newstack /opt/homebrew/Cellar/go/1.27.2/libexec/src/runtime/stack.go:1174
         0     0% 91.38%      0.09s  0.98%  runtime.notewakeup /opt/homebrew/Cellar/go/1.27.2/libexec/src/runtime/lock_sema.go:42
         0     0% 91.38%      0.09s  0.98%  runtime.semawakeup /opt/homebrew/Cellar/go/1.27.2/libexec/src/runtime/os_darwin.go:85
         0     0% 91.38%      0.09s  0.98%  runtime.startm /opt/homebrew/Cellar/go/1.27.2/libexec/src/runtime/proc.go:3136
         0     0% 91.38%      0.09s  0.98%  runtime.wakep /opt/homebrew/Cellar/go/1.27.2/libexec/src/runtime/proc.go:3258
         0     0% 91.38%      9.06s 98.91%  testing.tRunner /opt/homebrew/Cellar/go/1.27.2/libexec/src/testing/testing.go:2195

lookups path single-value n=65536: ordered 197.0 ns
lines of street single-value n=4096 (ordered):
File: bench.test
Type: cpu
Time: 2026-10-10 21:26:08 CEST
Duration: 10.17s, Total samples = 9.60s (94.40%)
Showing nodes accounting for 9.07s, 94.48% of 9.60s total
Dropped 30 nodes (cum <= 0.05s)
      flat  flat%   sum%        cum   cum%
     1.78s 18.54% 18.54%      1.78s 18.54%  github.com/TomTonic/multimap/internal/page.compare /private/var/folders/0l/vcs81wv15fz2hx942wfs7x9h0000gn/T/arm-run.fVIGoR/src/internal/page/page.go:252 (inline)
     0.86s  8.96% 27.50%      0.86s  8.96%  github.com/TomTonic/multimap/internal/page.compare /private/var/folders/0l/vcs81wv15fz2hx942wfs7x9h0000gn/T/arm-run.fVIGoR/src/internal/page/page.go:254 (inline)
     0.82s  8.54% 36.04%      0.82s  8.54%  github.com/TomTonic/multimap/internal/art.(*Tree).find /private/var/folders/0l/vcs81wv15fz2hx942wfs7x9h0000gn/T/arm-run.fVIGoR/src/internal/art/lookup.go:80
     0.71s  7.40% 43.44%      0.71s  7.40%  github.com/TomTonic/multimap/internal/art.isSingleKey /private/var/folders/0l/vcs81wv15fz2hx942wfs7x9h0000gn/T/arm-run.fVIGoR/src/internal/art/node.go:131 (inline)
     0.50s  5.21% 48.65%      0.50s  5.21%  github.com/TomTonic/multimap/internal/page.compare /private/var/folders/0l/vcs81wv15fz2hx942wfs7x9h0000gn/T/arm-run.fVIGoR/src/internal/page/page.go:260 (inline)
     0.45s  4.69% 53.33%      0.45s  4.69%  github.com/TomTonic/multimap/internal/art.(*Tree).find /private/var/folders/0l/vcs81wv15fz2hx942wfs7x9h0000gn/T/arm-run.fVIGoR/src/internal/art/lookup.go:43
     0.33s  3.44% 56.77%      0.33s  3.44%  github.com/TomTonic/multimap/internal/page.locate /private/var/folders/0l/vcs81wv15fz2hx942wfs7x9h0000gn/T/arm-run.fVIGoR/src/internal/page/page.go:225
     0.29s  3.02% 59.79%      3.48s 36.25%  github.com/TomTonic/multimap/internal/page.locate /private/var/folders/0l/vcs81wv15fz2hx942wfs7x9h0000gn/T/arm-run.fVIGoR/src/internal/page/page.go:229
     0.20s  2.08% 61.88%      0.20s  2.08%  github.com/TomTonic/multimap/internal/swar.Rank /private/var/folders/0l/vcs81wv15fz2hx942wfs7x9h0000gn/T/arm-run.fVIGoR/src/internal/swar/swar.go:38 (inline)
     0.19s  1.98% 63.85%      0.19s  1.98%  github.com/TomTonic/multimap/internal/swar.Index8 /private/var/folders/0l/vcs81wv15fz2hx942wfs7x9h0000gn/T/arm-run.fVIGoR/src/internal/swar/swar.go:23 (inline)
     0.18s  1.88% 65.73%      0.18s  1.88%  github.com/TomTonic/multimap/internal/art.(*Tree).find /private/var/folders/0l/vcs81wv15fz2hx942wfs7x9h0000gn/T/arm-run.fVIGoR/src/internal/art/lookup.go:66
     0.17s  1.77% 67.50%      9.44s 98.33%  github.com/TomTonic/multimap/bench/cmd/bench.(*fixture).valuesFor.func1 /private/var/folders/0l/vcs81wv15fz2hx942wfs7x9h0000gn/T/arm-run.fVIGoR/src/bench/cmd/bench/candidates.go:41
     0.16s  1.67% 69.17%      0.16s  1.67%  github.com/TomTonic/multimap/internal/art.(*Tree).find /private/var/folders/0l/vcs81wv15fz2hx942wfs7x9h0000gn/T/arm-run.fVIGoR/src/internal/art/lookup.go:34
     0.14s  1.46% 70.62%      0.86s  8.96%  github.com/TomTonic/multimap/internal/art.(*Tree).find /private/var/folders/0l/vcs81wv15fz2hx942wfs7x9h0000gn/T/arm-run.fVIGoR/src/internal/art/lookup.go:38
     0.13s  1.35% 71.98%      0.17s  1.77%  github.com/TomTonic/multimap/internal/page.(*head).mem /private/var/folders/0l/vcs81wv15fz2hx942wfs7x9h0000gn/T/arm-run.fVIGoR/src/internal/page/page.go:140
     0.13s  1.35% 73.33%      0.13s  1.35%  github.com/TomTonic/multimap/internal/page.lcp /private/var/folders/0l/vcs81wv15fz2hx942wfs7x9h0000gn/T/arm-run.fVIGoR/src/internal/page/page.go:172
     0.12s  1.25% 74.58%      0.13s  1.35%  github.com/TomTonic/multimap/internal/art.(*Tree).find /private/var/folders/0l/vcs81wv15fz2hx942wfs7x9h0000gn/T/arm-run.fVIGoR/src/internal/art/lookup.go:35
     0.11s  1.15% 75.73%      0.11s  1.15%  github.com/TomTonic/multimap/internal/page.locate /private/var/folders/0l/vcs81wv15fz2hx942wfs7x9h0000gn/T/arm-run.fVIGoR/src/internal/page/page.go:230
     0.11s  1.15% 76.88%      0.11s  1.15%  github.com/TomTonic/multimap/internal/page.valuesIn[go.shape.uint64] /private/var/folders/0l/vcs81wv15fz2hx942wfs7x9h0000gn/T/arm-run.fVIGoR/src/internal/page/fixed.go:36 (inline)
     0.11s  1.15% 78.02%      0.11s  1.15%  github.com/TomTonic/multimap/internal/swar.Match8 /private/var/folders/0l/vcs81wv15fz2hx942wfs7x9h0000gn/T/arm-run.fVIGoR/src/internal/swar/swar.go:76 (inline)
     0.09s  0.94% 78.96%      0.09s  0.94%  github.com/TomTonic/multimap/internal/swar.Rank /private/var/folders/0l/vcs81wv15fz2hx942wfs7x9h0000gn/T/arm-run.fVIGoR/src/internal/swar/swar.go:37 (inline)
     0.08s  0.83% 79.79%      0.08s  0.83%  github.com/TomTonic/multimap/internal/art.(*Tree).find /private/var/folders/0l/vcs81wv15fz2hx942wfs7x9h0000gn/T/arm-run.fVIGoR/src/internal/art/lookup.go:63
     0.08s  0.83% 80.62%      0.08s  0.83%  github.com/TomTonic/multimap/internal/art.(*Tree).find /private/var/folders/0l/vcs81wv15fz2hx942wfs7x9h0000gn/T/arm-run.fVIGoR/src/internal/art/lookup.go:86
     0.08s  0.83% 81.46%      0.08s  0.83%  github.com/TomTonic/multimap/internal/page..EachValue[go.shape.uint64] /private/var/folders/0l/vcs81wv15fz2hx942wfs7x9h0000gn/T/arm-run.fVIGoR/src/internal/page/fixed.go:176
     0.08s  0.83% 82.29%      0.08s  0.83%  github.com/TomTonic/multimap/internal/page.locate /private/var/folders/0l/vcs81wv15fz2hx942wfs7x9h0000gn/T/arm-run.fVIGoR/src/internal/page/page.go:236
     0.08s  0.83% 83.12%      0.08s  0.83%  runtime.pthread_cond_signal /opt/homebrew/Cellar/go/1.27.2/libexec/src/runtime/sys_darwin.go:491
     0.07s  0.73% 83.85%      0.07s  0.73%  github.com/TomTonic/multimap/internal/art.(*Tree).find /private/var/folders/0l/vcs81wv15fz2hx942wfs7x9h0000gn/T/arm-run.fVIGoR/src/internal/art/lookup.go:60
     0.07s  0.73% 84.58%      0.29s  3.02%  github.com/TomTonic/multimap/internal/page..EachValue[go.shape.uint64] /private/var/folders/0l/vcs81wv15fz2hx942wfs7x9h0000gn/T/arm-run.fVIGoR/src/internal/page/fixed.go:169
     0.07s  0.73% 85.31%      4.10s 42.71%  github.com/TomTonic/multimap/internal/page..EachValue[go.shape.uint64] /private/var/folders/0l/vcs81wv15fz2hx942wfs7x9h0000gn/T/arm-run.fVIGoR/src/internal/page/fixed.go:173
     0.07s  0.73% 86.04%      0.07s  0.73%  github.com/TomTonic/multimap/internal/page.lcp /private/var/folders/0l/vcs81wv15fz2hx942wfs7x9h0000gn/T/arm-run.fVIGoR/src/internal/page/page.go:175
     0.06s  0.62% 86.67%      0.06s  0.62%  github.com/TomTonic/multimap/bench/cmd/bench.(*fixture).valuesFor.func1 /private/var/folders/0l/vcs81wv15fz2hx942wfs7x9h0000gn/T/arm-run.fVIGoR/src/bench/cmd/bench/candidates.go:44
     0.06s  0.62% 87.29%      0.06s  0.62%  github.com/TomTonic/multimap/bench/cmd/bench.(*fixture).valuesFor.func1-range1 /private/var/folders/0l/vcs81wv15fz2hx942wfs7x9h0000gn/T/arm-run.fVIGoR/src/bench/cmd/bench/candidates.go:41
     0.06s  0.62% 87.92%      5.14s 53.54%  github.com/TomTonic/multimap/internal/art.(*Map[go.shape.uint64]).pageEach /private/var/folders/0l/vcs81wv15fz2hx942wfs7x9h0000gn/T/arm-run.fVIGoR/src/internal/art/mkkey.go:391
     0.06s  0.62% 88.54%      0.06s  0.62%  github.com/TomTonic/multimap/internal/art.(*Tree).find /private/var/folders/0l/vcs81wv15fz2hx942wfs7x9h0000gn/T/arm-run.fVIGoR/src/internal/art/lookup.go:39
     0.06s  0.62% 89.17%      0.06s  0.62%  github.com/TomTonic/multimap/internal/art.(*Tree).find /private/var/folders/0l/vcs81wv15fz2hx942wfs7x9h0000gn/T/arm-run.fVIGoR/src/internal/art/lookup.go:52
     0.06s  0.62% 89.79%      0.06s  0.62%  github.com/TomTonic/multimap/internal/swar.Index8 /private/var/folders/0l/vcs81wv15fz2hx942wfs7x9h0000gn/T/arm-run.fVIGoR/src/internal/swar/swar.go:25 (inline)
     0.05s  0.52% 90.31%      9.27s 96.56%  github.com/TomTonic/multimap.(*Ordered[go.shape.uint64]).ValuesForSeq.1 /private/var/folders/0l/vcs81wv15fz2hx942wfs7x9h0000gn/T/arm-run.fVIGoR/src/ordered.go:53 (inline)
     0.05s  0.52% 90.83%      0.05s  0.52%  github.com/TomTonic/multimap/internal/art.(*Map[go.shape.uint64]).pageEach /private/var/folders/0l/vcs81wv15fz2hx942wfs7x9h0000gn/T/arm-run.fVIGoR/src/internal/art/mkkey.go:387
     0.05s  0.52% 91.35%      0.05s  0.52%  github.com/TomTonic/multimap/internal/art.(*Tree).find /private/var/folders/0l/vcs81wv15fz2hx942wfs7x9h0000gn/T/arm-run.fVIGoR/src/internal/art/lookup.go:31
     0.05s  0.52% 91.88%      0.05s  0.52%  github.com/TomTonic/multimap/internal/art.(*Tree).find /private/var/folders/0l/vcs81wv15fz2hx942wfs7x9h0000gn/T/arm-run.fVIGoR/src/internal/art/lookup.go:73
     0.05s  0.52% 92.40%      0.05s  0.52%  github.com/TomTonic/multimap/internal/page..EachValue[go.shape.uint64] /private/var/folders/0l/vcs81wv15fz2hx942wfs7x9h0000gn/T/arm-run.fVIGoR/src/internal/page/fixed.go:160
     0.05s  0.52% 92.92%      0.14s  1.46%  github.com/TomTonic/multimap/internal/page..EachValue[go.shape.uint64] /private/var/folders/0l/vcs81wv15fz2hx942wfs7x9h0000gn/T/arm-run.fVIGoR/src/internal/page/fixed.go:181
     0.05s  0.52% 93.44%      0.05s  0.52%  github.com/TomTonic/multimap/internal/page.compare /private/var/folders/0l/vcs81wv15fz2hx942wfs7x9h0000gn/T/arm-run.fVIGoR/src/internal/page/page.go:253 (inline)
     0.04s  0.42% 93.85%      0.15s  1.56%  github.com/TomTonic/multimap/internal/page..EachValue[go.shape.uint64] /private/var/folders/0l/vcs81wv15fz2hx942wfs7x9h0000gn/T/arm-run.fVIGoR/src/internal/page/fixed.go:179
     0.02s  0.21% 94.06%      3.86s 40.21%  github.com/TomTonic/multimap/internal/art.(*Map[go.shape.uint64]).Each /private/var/folders/0l/vcs81wv15fz2hx942wfs7x9h0000gn/T/arm-run.fVIGoR/src/internal/art/map.go:134
     0.02s  0.21% 94.27%      5.24s 54.58%  github.com/TomTonic/multimap/internal/art.(*Map[go.shape.uint64]).Each /private/var/folders/0l/vcs81wv15fz2hx942wfs7x9h0000gn/T/arm-run.fVIGoR/src/internal/art/map.go:138
     0.02s  0.21% 94.48%      0.19s  1.98%  github.com/TomTonic/multimap/internal/page..EachValue[go.shape.uint64] /private/var/folders/0l/vcs81wv15fz2hx942wfs7x9h0000gn/T/arm-run.fVIGoR/src/internal/page/fixed.go:161
         0     0% 94.48%      9.52s 99.17%  github.com/TomTonic/multimap/bench/cmd/bench.TestLookProbe /private/var/folders/0l/vcs81wv15fz2hx942wfs7x9h0000gn/T/arm-run.fVIGoR/src/bench/cmd/bench/lookprobe_test.go:39
         0     0% 94.48%      9.52s 99.17%  github.com/TomTonic/multimap/bench/cmd/bench.lookCase /private/var/folders/0l/vcs81wv15fz2hx942wfs7x9h0000gn/T/arm-run.fVIGoR/src/bench/cmd/bench/lookprobe_test.go:84
         0     0% 94.48%      0.11s  1.15%  github.com/TomTonic/multimap/internal/art.(*Tree).find /private/var/folders/0l/vcs81wv15fz2hx942wfs7x9h0000gn/T/arm-run.fVIGoR/src/internal/art/lookup.go:45
         0     0% 94.48%      0.19s  1.98%  github.com/TomTonic/multimap/internal/art.(*Tree).find /private/var/folders/0l/vcs81wv15fz2hx942wfs7x9h0000gn/T/arm-run.fVIGoR/src/internal/art/lookup.go:74
         0     0% 94.48%      0.11s  1.15%  github.com/TomTonic/multimap/internal/art.(*Tree).find /private/var/folders/0l/vcs81wv15fz2hx942wfs7x9h0000gn/T/arm-run.fVIGoR/src/internal/art/lookup.go:85
         0     0% 94.48%      0.21s  2.19%  github.com/TomTonic/multimap/internal/art.(*Tree).find /private/var/folders/0l/vcs81wv15fz2hx942wfs7x9h0000gn/T/arm-run.fVIGoR/src/internal/art/lookup.go:91
         0     0% 94.48%      0.08s  0.83%  runtime.gopreempt_m /opt/homebrew/Cellar/go/1.27.2/libexec/src/runtime/proc.go:4377 (inline)
         0     0% 94.48%      0.08s  0.83%  runtime.goschedImpl /opt/homebrew/Cellar/go/1.27.2/libexec/src/runtime/proc.go:4357
         0     0% 94.48%      0.08s  0.83%  runtime.morestack /opt/homebrew/Cellar/go/1.27.2/libexec/src/runtime/asm_arm64.s:487
         0     0% 94.48%      0.08s  0.83%  runtime.newstack /opt/homebrew/Cellar/go/1.27.2/libexec/src/runtime/stack.go:1174
         0     0% 94.48%      0.08s  0.83%  runtime.notewakeup /opt/homebrew/Cellar/go/1.27.2/libexec/src/runtime/lock_sema.go:42
         0     0% 94.48%      0.08s  0.83%  runtime.semawakeup /opt/homebrew/Cellar/go/1.27.2/libexec/src/runtime/os_darwin.go:85
         0     0% 94.48%      0.08s  0.83%  runtime.startm /opt/homebrew/Cellar/go/1.27.2/libexec/src/runtime/proc.go:3136
         0     0% 94.48%      0.08s  0.83%  runtime.wakep /opt/homebrew/Cellar/go/1.27.2/libexec/src/runtime/proc.go:3258
         0     0% 94.48%      9.52s 99.17%  testing.tRunner /opt/homebrew/Cellar/go/1.27.2/libexec/src/testing/testing.go:2195

lookups street single-value n=4096: ordered 79.5 ns
lines of street single-value n=16384 (ordered):
File: bench.test
Type: cpu
Time: 2026-10-10 21:26:19 CEST
Duration: 10.16s, Total samples = 9.53s (93.75%)
Showing nodes accounting for 8.76s, 91.92% of 9.53s total
Dropped 48 nodes (cum <= 0.05s)
      flat  flat%   sum%        cum   cum%
     1.85s 19.41% 19.41%      1.85s 19.41%  github.com/TomTonic/multimap/internal/page.compare /private/var/folders/0l/vcs81wv15fz2hx942wfs7x9h0000gn/T/arm-run.fVIGoR/src/internal/page/page.go:252 (inline)
     0.66s  6.93% 26.34%      0.66s  6.93%  github.com/TomTonic/multimap/internal/art.isSingleKey /private/var/folders/0l/vcs81wv15fz2hx942wfs7x9h0000gn/T/arm-run.fVIGoR/src/internal/art/node.go:131 (inline)
     0.63s  6.61% 32.95%      0.63s  6.61%  github.com/TomTonic/multimap/internal/art.(*Tree).find /private/var/folders/0l/vcs81wv15fz2hx942wfs7x9h0000gn/T/arm-run.fVIGoR/src/internal/art/lookup.go:80
     0.61s  6.40% 39.35%      0.61s  6.40%  github.com/TomTonic/multimap/internal/art.(*Tree).find /private/var/folders/0l/vcs81wv15fz2hx942wfs7x9h0000gn/T/arm-run.fVIGoR/src/internal/art/lookup.go:43
     0.56s  5.88% 45.23%      0.56s  5.88%  github.com/TomTonic/multimap/internal/art.(*Tree).find /private/var/folders/0l/vcs81wv15fz2hx942wfs7x9h0000gn/T/arm-run.fVIGoR/src/internal/art/lookup.go:63
     0.55s  5.77% 51.00%      0.55s  5.77%  github.com/TomTonic/multimap/internal/page.compare /private/var/folders/0l/vcs81wv15fz2hx942wfs7x9h0000gn/T/arm-run.fVIGoR/src/internal/page/page.go:254 (inline)
     0.44s  4.62% 55.61%      0.44s  4.62%  github.com/TomTonic/multimap/internal/page.compare /private/var/folders/0l/vcs81wv15fz2hx942wfs7x9h0000gn/T/arm-run.fVIGoR/src/internal/page/page.go:260 (inline)
     0.27s  2.83% 58.45%      0.27s  2.83%  github.com/TomTonic/multimap/internal/art.(*Tree).find /private/var/folders/0l/vcs81wv15fz2hx942wfs7x9h0000gn/T/arm-run.fVIGoR/src/internal/art/lookup.go:34
     0.22s  2.31% 60.76%      0.22s  2.31%  github.com/TomTonic/multimap/internal/page.lcp /private/var/folders/0l/vcs81wv15fz2hx942wfs7x9h0000gn/T/arm-run.fVIGoR/src/internal/page/page.go:172
     0.22s  2.31% 63.06%      3.10s 32.53%  github.com/TomTonic/multimap/internal/page.locate /private/var/folders/0l/vcs81wv15fz2hx942wfs7x9h0000gn/T/arm-run.fVIGoR/src/internal/page/page.go:229
     0.21s  2.20% 65.27%      0.21s  2.20%  github.com/TomTonic/multimap/internal/page.locate /private/var/folders/0l/vcs81wv15fz2hx942wfs7x9h0000gn/T/arm-run.fVIGoR/src/internal/page/page.go:225
     0.18s  1.89% 67.16%      0.18s  1.89%  github.com/TomTonic/multimap/internal/art.(*Tree).find /private/var/folders/0l/vcs81wv15fz2hx942wfs7x9h0000gn/T/arm-run.fVIGoR/src/internal/art/lookup.go:66
     0.16s  1.68% 68.84%      0.16s  1.68%  github.com/TomTonic/multimap/internal/art.(*Tree).find /private/var/folders/0l/vcs81wv15fz2hx942wfs7x9h0000gn/T/arm-run.fVIGoR/src/internal/art/lookup.go:60
     0.14s  1.47% 70.30%      0.14s  1.47%  github.com/TomTonic/multimap/internal/swar.Rank /private/var/folders/0l/vcs81wv15fz2hx942wfs7x9h0000gn/T/arm-run.fVIGoR/src/internal/swar/swar.go:38 (inline)
     0.13s  1.36% 71.67%      9.36s 98.22%  github.com/TomTonic/multimap/bench/cmd/bench.(*fixture).valuesFor.func1 /private/var/folders/0l/vcs81wv15fz2hx942wfs7x9h0000gn/T/arm-run.fVIGoR/src/bench/cmd/bench/candidates.go:41
     0.12s  1.26% 72.93%      0.18s  1.89%  github.com/TomTonic/multimap/internal/page.(*head).mem /private/var/folders/0l/vcs81wv15fz2hx942wfs7x9h0000gn/T/arm-run.fVIGoR/src/internal/page/page.go:140
     0.12s  1.26% 74.19%      0.12s  1.26%  github.com/TomTonic/multimap/internal/swar.Match8 /private/var/folders/0l/vcs81wv15fz2hx942wfs7x9h0000gn/T/arm-run.fVIGoR/src/internal/swar/swar.go:76 (inline)
     0.11s  1.15% 75.34%      0.80s  8.39%  github.com/TomTonic/multimap/internal/art.(*Tree).find /private/var/folders/0l/vcs81wv15fz2hx942wfs7x9h0000gn/T/arm-run.fVIGoR/src/internal/art/lookup.go:38
     0.11s  1.15% 76.50%      0.11s  1.15%  github.com/TomTonic/multimap/internal/page.(*head).one /private/var/folders/0l/vcs81wv15fz2hx942wfs7x9h0000gn/T/arm-run.fVIGoR/src/internal/page/page.go:121 (partial-inline)
     0.11s  1.15% 77.65%      0.41s  4.30%  github.com/TomTonic/multimap/internal/page..EachValue[go.shape.uint64] /private/var/folders/0l/vcs81wv15fz2hx942wfs7x9h0000gn/T/arm-run.fVIGoR/src/internal/page/fixed.go:169
     0.11s  1.15% 78.80%      0.11s  1.15%  github.com/TomTonic/multimap/internal/swar.Index8 /private/var/folders/0l/vcs81wv15fz2hx942wfs7x9h0000gn/T/arm-run.fVIGoR/src/internal/swar/swar.go:23 (inline)
     0.10s  1.05% 79.85%      0.20s  2.10%  github.com/TomTonic/multimap/internal/page..EachValue[go.shape.uint64] /private/var/folders/0l/vcs81wv15fz2hx942wfs7x9h0000gn/T/arm-run.fVIGoR/src/internal/page/fixed.go:181
     0.10s  1.05% 80.90%      0.10s  1.05%  github.com/TomTonic/multimap/internal/swar.Rank /private/var/folders/0l/vcs81wv15fz2hx942wfs7x9h0000gn/T/arm-run.fVIGoR/src/internal/swar/swar.go:37 (inline)
     0.09s  0.94% 81.85%      0.09s  0.94%  github.com/TomTonic/multimap/bench/cmd/bench.(*fixture).valuesFor.func1-range1 /private/var/folders/0l/vcs81wv15fz2hx942wfs7x9h0000gn/T/arm-run.fVIGoR/src/bench/cmd/bench/candidates.go:41
     0.09s  0.94% 82.79%      0.11s  1.15%  github.com/TomTonic/multimap/internal/art.(*Tree).find /private/var/folders/0l/vcs81wv15fz2hx942wfs7x9h0000gn/T/arm-run.fVIGoR/src/internal/art/lookup.go:35
     0.09s  0.94% 83.74%      0.09s  0.94%  runtime.pthread_cond_signal /opt/homebrew/Cellar/go/1.27.2/libexec/src/runtime/sys_darwin.go:491
     0.08s  0.84% 84.58%      0.08s  0.84%  github.com/TomTonic/multimap/internal/art.(*Tree).find /private/var/folders/0l/vcs81wv15fz2hx942wfs7x9h0000gn/T/arm-run.fVIGoR/src/internal/art/lookup.go:52
     0.08s  0.84% 85.41%      3.51s 36.83%  github.com/TomTonic/multimap/internal/page..EachValue[go.shape.uint64] /private/var/folders/0l/vcs81wv15fz2hx942wfs7x9h0000gn/T/arm-run.fVIGoR/src/internal/page/fixed.go:173
     0.08s  0.84% 86.25%      0.08s  0.84%  github.com/TomTonic/multimap/internal/page.valuesIn[go.shape.uint64] /private/var/folders/0l/vcs81wv15fz2hx942wfs7x9h0000gn/T/arm-run.fVIGoR/src/internal/page/fixed.go:36 (inline)
     0.07s  0.73% 86.99%      0.15s  1.57%  github.com/TomTonic/multimap/internal/page..EachValue[go.shape.uint64] /private/var/folders/0l/vcs81wv15fz2hx942wfs7x9h0000gn/T/arm-run.fVIGoR/src/internal/page/fixed.go:179
     0.07s  0.73% 87.72%      0.07s  0.73%  github.com/TomTonic/multimap/internal/page.lcp /private/var/folders/0l/vcs81wv15fz2hx942wfs7x9h0000gn/T/arm-run.fVIGoR/src/internal/page/page.go:175
     0.06s  0.63% 88.35%      0.06s  0.63%  github.com/TomTonic/multimap/internal/art.(*Tree).find /private/var/folders/0l/vcs81wv15fz2hx942wfs7x9h0000gn/T/arm-run.fVIGoR/src/internal/art/lookup.go:73
     0.06s  0.63% 88.98%      0.06s  0.63%  github.com/TomTonic/multimap/internal/page..EachValue[go.shape.uint64] /private/var/folders/0l/vcs81wv15fz2hx942wfs7x9h0000gn/T/arm-run.fVIGoR/src/internal/page/fixed.go:176
     0.06s  0.63% 89.61%      0.06s  0.63%  github.com/TomTonic/multimap/internal/page.locate /private/var/folders/0l/vcs81wv15fz2hx942wfs7x9h0000gn/T/arm-run.fVIGoR/src/internal/page/page.go:230
     0.05s  0.52% 90.14%      0.05s  0.52%  github.com/TomTonic/multimap/internal/art.(*Tree).find /private/var/folders/0l/vcs81wv15fz2hx942wfs7x9h0000gn/T/arm-run.fVIGoR/src/internal/art/lookup.go:50
     0.05s  0.52% 90.66%      0.05s  0.52%  github.com/TomTonic/multimap/internal/art.(*Tree).find /private/var/folders/0l/vcs81wv15fz2hx942wfs7x9h0000gn/T/arm-run.fVIGoR/src/internal/art/lookup.go:62
     0.03s  0.31% 90.98%      4.28s 44.91%  github.com/TomTonic/multimap/internal/art.(*Map[go.shape.uint64]).Each /private/var/folders/0l/vcs81wv15fz2hx942wfs7x9h0000gn/T/arm-run.fVIGoR/src/internal/art/map.go:134
     0.03s  0.31% 91.29%      0.21s  2.20%  github.com/TomTonic/multimap/internal/page..EachValue[go.shape.uint64] /private/var/folders/0l/vcs81wv15fz2hx942wfs7x9h0000gn/T/arm-run.fVIGoR/src/internal/page/fixed.go:161
     0.02s  0.21% 91.50%      9.23s 96.85%  github.com/TomTonic/multimap.(*Ordered[go.shape.uint64]).ValuesForSeq.1 /private/var/folders/0l/vcs81wv15fz2hx942wfs7x9h0000gn/T/arm-run.fVIGoR/src/ordered.go:53 (inline)
     0.02s  0.21% 91.71%      4.83s 50.68%  github.com/TomTonic/multimap/internal/art.(*Map[go.shape.uint64]).Each /private/var/folders/0l/vcs81wv15fz2hx942wfs7x9h0000gn/T/arm-run.fVIGoR/src/internal/art/map.go:138
     0.01s   0.1% 91.82%      4.73s 49.63%  github.com/TomTonic/multimap/internal/art.(*Map[go.shape.uint64]).pageEach /private/var/folders/0l/vcs81wv15fz2hx942wfs7x9h0000gn/T/arm-run.fVIGoR/src/internal/art/mkkey.go:391
     0.01s   0.1% 91.92%      0.13s  1.36%  github.com/TomTonic/multimap/internal/art.(*Tree).find /private/var/folders/0l/vcs81wv15fz2hx942wfs7x9h0000gn/T/arm-run.fVIGoR/src/internal/art/lookup.go:85
         0     0% 91.92%      9.44s 99.06%  github.com/TomTonic/multimap/bench/cmd/bench.TestLookProbe /private/var/folders/0l/vcs81wv15fz2hx942wfs7x9h0000gn/T/arm-run.fVIGoR/src/bench/cmd/bench/lookprobe_test.go:39
         0     0% 91.92%      9.41s 98.74%  github.com/TomTonic/multimap/bench/cmd/bench.lookCase /private/var/folders/0l/vcs81wv15fz2hx942wfs7x9h0000gn/T/arm-run.fVIGoR/src/bench/cmd/bench/lookprobe_test.go:84
         0     0% 91.92%      0.13s  1.36%  github.com/TomTonic/multimap/internal/art.(*Tree).find /private/var/folders/0l/vcs81wv15fz2hx942wfs7x9h0000gn/T/arm-run.fVIGoR/src/internal/art/lookup.go:45
         0     0% 91.92%      0.11s  1.15%  github.com/TomTonic/multimap/internal/art.(*Tree).find /private/var/folders/0l/vcs81wv15fz2hx942wfs7x9h0000gn/T/arm-run.fVIGoR/src/internal/art/lookup.go:74
         0     0% 91.92%      0.13s  1.36%  github.com/TomTonic/multimap/internal/art.(*Tree).find /private/var/folders/0l/vcs81wv15fz2hx942wfs7x9h0000gn/T/arm-run.fVIGoR/src/internal/art/lookup.go:91
         0     0% 91.92%      0.05s  0.52%  github.com/TomTonic/multimap/internal/page.(*head).class /private/var/folders/0l/vcs81wv15fz2hx942wfs7x9h0000gn/T/arm-run.fVIGoR/src/internal/page/page.go:124 (inline)
         0     0% 91.92%      0.06s  0.63%  github.com/TomTonic/multimap/internal/page..EachValue[go.shape.uint64] /private/var/folders/0l/vcs81wv15fz2hx942wfs7x9h0000gn/T/arm-run.fVIGoR/src/internal/page/fixed.go:164
         0     0% 91.92%      0.09s  0.94%  runtime.gopreempt_m /opt/homebrew/Cellar/go/1.27.2/libexec/src/runtime/proc.go:4377 (inline)
         0     0% 91.92%      0.09s  0.94%  runtime.goschedImpl /opt/homebrew/Cellar/go/1.27.2/libexec/src/runtime/proc.go:4357
         0     0% 91.92%      0.09s  0.94%  runtime.morestack /opt/homebrew/Cellar/go/1.27.2/libexec/src/runtime/asm_arm64.s:487
         0     0% 91.92%      0.09s  0.94%  runtime.newstack /opt/homebrew/Cellar/go/1.27.2/libexec/src/runtime/stack.go:1174
         0     0% 91.92%      0.09s  0.94%  runtime.notewakeup /opt/homebrew/Cellar/go/1.27.2/libexec/src/runtime/lock_sema.go:42
         0     0% 91.92%      0.09s  0.94%  runtime.semawakeup /opt/homebrew/Cellar/go/1.27.2/libexec/src/runtime/os_darwin.go:85
         0     0% 91.92%      0.09s  0.94%  runtime.startm /opt/homebrew/Cellar/go/1.27.2/libexec/src/runtime/proc.go:3136
         0     0% 91.92%      0.09s  0.94%  runtime.wakep /opt/homebrew/Cellar/go/1.27.2/libexec/src/runtime/proc.go:3258
         0     0% 91.92%      9.44s 99.06%  testing.tRunner /opt/homebrew/Cellar/go/1.27.2/libexec/src/testing/testing.go:2195

lookups street single-value n=16384: ordered 98.3 ns
lines of street single-value n=65536 (ordered):
File: bench.test
Type: cpu
Time: 2026-10-10 21:26:30 CEST
Duration: 10.18s, Total samples = 9.39s (92.24%)
Showing nodes accounting for 8.82s, 93.93% of 9.39s total
Dropped 38 nodes (cum <= 0.05s)
      flat  flat%   sum%        cum   cum%
     1.57s 16.72% 16.72%      1.57s 16.72%  github.com/TomTonic/multimap/internal/page.compare /private/var/folders/0l/vcs81wv15fz2hx942wfs7x9h0000gn/T/arm-run.fVIGoR/src/internal/page/page.go:252 (inline)
     0.92s  9.80% 26.52%      0.92s  9.80%  github.com/TomTonic/multimap/internal/art.isSingleKey /private/var/folders/0l/vcs81wv15fz2hx942wfs7x9h0000gn/T/arm-run.fVIGoR/src/internal/art/node.go:131 (inline)
     0.75s  7.99% 34.50%      0.75s  7.99%  github.com/TomTonic/multimap/internal/art.(*Tree).find /private/var/folders/0l/vcs81wv15fz2hx942wfs7x9h0000gn/T/arm-run.fVIGoR/src/internal/art/lookup.go:63
     0.60s  6.39% 40.89%      0.60s  6.39%  github.com/TomTonic/multimap/internal/art.(*Tree).find /private/var/folders/0l/vcs81wv15fz2hx942wfs7x9h0000gn/T/arm-run.fVIGoR/src/internal/art/lookup.go:80
     0.48s  5.11% 46.01%      0.48s  5.11%  github.com/TomTonic/multimap/internal/page.compare /private/var/folders/0l/vcs81wv15fz2hx942wfs7x9h0000gn/T/arm-run.fVIGoR/src/internal/page/page.go:254 (inline)
     0.45s  4.79% 50.80%      0.45s  4.79%  github.com/TomTonic/multimap/internal/art.(*Tree).find /private/var/folders/0l/vcs81wv15fz2hx942wfs7x9h0000gn/T/arm-run.fVIGoR/src/internal/art/lookup.go:43
     0.42s  4.47% 55.27%      0.42s  4.47%  github.com/TomTonic/multimap/internal/page.compare /private/var/folders/0l/vcs81wv15fz2hx942wfs7x9h0000gn/T/arm-run.fVIGoR/src/internal/page/page.go:260 (inline)
     0.26s  2.77% 58.04%      0.26s  2.77%  github.com/TomTonic/multimap/internal/art.(*Tree).find /private/var/folders/0l/vcs81wv15fz2hx942wfs7x9h0000gn/T/arm-run.fVIGoR/src/internal/art/lookup.go:66
     0.25s  2.66% 60.70%      0.25s  2.66%  github.com/TomTonic/multimap/internal/art.(*Tree).find /private/var/folders/0l/vcs81wv15fz2hx942wfs7x9h0000gn/T/arm-run.fVIGoR/src/internal/art/lookup.go:86
     0.25s  2.66% 63.37%      0.25s  2.66%  github.com/TomTonic/multimap/internal/swar.Rank /private/var/folders/0l/vcs81wv15fz2hx942wfs7x9h0000gn/T/arm-run.fVIGoR/src/internal/swar/swar.go:38 (inline)
     0.24s  2.56% 65.92%      0.24s  2.56%  github.com/TomTonic/multimap/internal/page.locate /private/var/folders/0l/vcs81wv15fz2hx942wfs7x9h0000gn/T/arm-run.fVIGoR/src/internal/page/page.go:225
     0.22s  2.34% 68.26%      0.22s  2.34%  github.com/TomTonic/multimap/internal/art.(*Tree).find /private/var/folders/0l/vcs81wv15fz2hx942wfs7x9h0000gn/T/arm-run.fVIGoR/src/internal/art/lookup.go:34
     0.20s  2.13% 70.39%      0.20s  2.13%  github.com/TomTonic/multimap/internal/swar.Rank /private/var/folders/0l/vcs81wv15fz2hx942wfs7x9h0000gn/T/arm-run.fVIGoR/src/internal/swar/swar.go:37 (inline)
     0.17s  1.81% 72.20%      2.68s 28.54%  github.com/TomTonic/multimap/internal/page.locate /private/var/folders/0l/vcs81wv15fz2hx942wfs7x9h0000gn/T/arm-run.fVIGoR/src/internal/page/page.go:229
     0.16s  1.70% 73.91%      0.16s  1.70%  github.com/TomTonic/multimap/internal/swar.Match8 /private/var/folders/0l/vcs81wv15fz2hx942wfs7x9h0000gn/T/arm-run.fVIGoR/src/internal/swar/swar.go:76 (inline)
     0.12s  1.28% 75.19%      1.06s 11.29%  github.com/TomTonic/multimap/internal/art.(*Tree).find /private/var/folders/0l/vcs81wv15fz2hx942wfs7x9h0000gn/T/arm-run.fVIGoR/src/internal/art/lookup.go:38
     0.12s  1.28% 76.46%      0.12s  1.28%  github.com/TomTonic/multimap/internal/page.lcp /private/var/folders/0l/vcs81wv15fz2hx942wfs7x9h0000gn/T/arm-run.fVIGoR/src/internal/page/page.go:172
     0.11s  1.17% 77.64%      0.11s  1.17%  github.com/TomTonic/multimap/internal/swar.Index8 /private/var/folders/0l/vcs81wv15fz2hx942wfs7x9h0000gn/T/arm-run.fVIGoR/src/internal/swar/swar.go:23 (inline)
     0.10s  1.06% 78.70%      0.10s  1.06%  github.com/TomTonic/multimap/internal/page.locate /private/var/folders/0l/vcs81wv15fz2hx942wfs7x9h0000gn/T/arm-run.fVIGoR/src/internal/page/page.go:230
     0.08s  0.85% 79.55%      0.08s  0.85%  github.com/TomTonic/multimap/internal/art.(*Tree).find /private/var/folders/0l/vcs81wv15fz2hx942wfs7x9h0000gn/T/arm-run.fVIGoR/src/internal/art/lookup.go:60
     0.08s  0.85% 80.40%      0.08s  0.85%  github.com/TomTonic/multimap/internal/swar.Has /private/var/folders/0l/vcs81wv15fz2hx942wfs7x9h0000gn/T/arm-run.fVIGoR/src/internal/swar/swar.go:45 (inline)
     0.07s  0.75% 81.15%      9.27s 98.72%  github.com/TomTonic/multimap/bench/cmd/bench.(*fixture).valuesFor.func1 /private/var/folders/0l/vcs81wv15fz2hx942wfs7x9h0000gn/T/arm-run.fVIGoR/src/bench/cmd/bench/candidates.go:41
     0.07s  0.75% 81.90%      0.08s  0.85%  github.com/TomTonic/multimap/internal/art.(*Tree).find /private/var/folders/0l/vcs81wv15fz2hx942wfs7x9h0000gn/T/arm-run.fVIGoR/src/internal/art/lookup.go:35
     0.07s  0.75% 82.64%      0.07s  0.75%  github.com/TomTonic/multimap/internal/art.(*Tree).find /private/var/folders/0l/vcs81wv15fz2hx942wfs7x9h0000gn/T/arm-run.fVIGoR/src/internal/art/lookup.go:50
     0.07s  0.75% 83.39%      0.07s  0.75%  github.com/TomTonic/multimap/internal/page.lcp /private/var/folders/0l/vcs81wv15fz2hx942wfs7x9h0000gn/T/arm-run.fVIGoR/src/internal/page/page.go:175
     0.06s  0.64% 84.03%      0.06s  0.64%  github.com/TomTonic/multimap/internal/art.(*Tree).find /private/var/folders/0l/vcs81wv15fz2hx942wfs7x9h0000gn/T/arm-run.fVIGoR/src/internal/art/lookup.go:39
     0.06s  0.64% 84.66%      0.06s  0.64%  github.com/TomTonic/multimap/internal/art.(*Tree).find /private/var/folders/0l/vcs81wv15fz2hx942wfs7x9h0000gn/T/arm-run.fVIGoR/src/internal/art/lookup.go:62
     0.06s  0.64% 85.30%      0.11s  1.17%  github.com/TomTonic/multimap/internal/art.(*Tree).find /private/var/folders/0l/vcs81wv15fz2hx942wfs7x9h0000gn/T/arm-run.fVIGoR/src/internal/art/lookup.go:82
     0.06s  0.64% 85.94%      0.06s  0.64%  github.com/TomTonic/multimap/internal/page..EachValue[go.shape.uint64] /private/var/folders/0l/vcs81wv15fz2hx942wfs7x9h0000gn/T/arm-run.fVIGoR/src/internal/page/fixed.go:160
     0.06s  0.64% 86.58%      0.25s  2.66%  github.com/TomTonic/multimap/internal/page..EachValue[go.shape.uint64] /private/var/folders/0l/vcs81wv15fz2hx942wfs7x9h0000gn/T/arm-run.fVIGoR/src/internal/page/fixed.go:169
     0.06s  0.64% 87.22%      0.06s  0.64%  github.com/TomTonic/multimap/internal/page.locate /private/var/folders/0l/vcs81wv15fz2hx942wfs7x9h0000gn/T/arm-run.fVIGoR/src/internal/page/page.go:222
     0.06s  0.64% 87.86%      0.06s  0.64%  github.com/TomTonic/multimap/internal/page.locate /private/var/folders/0l/vcs81wv15fz2hx942wfs7x9h0000gn/T/arm-run.fVIGoR/src/internal/page/page.go:236
     0.06s  0.64% 88.50%      0.06s  0.64%  runtime.pthread_cond_signal /opt/homebrew/Cellar/go/1.27.2/libexec/src/runtime/sys_darwin.go:491
     0.05s  0.53% 89.03%      0.05s  0.53%  github.com/TomTonic/multimap/internal/art.(*Map[go.shape.uint64]).Each /private/var/folders/0l/vcs81wv15fz2hx942wfs7x9h0000gn/T/arm-run.fVIGoR/src/internal/art/map.go:133
     0.05s  0.53% 89.56%      0.05s  0.53%  github.com/TomTonic/multimap/internal/art.(*Map[go.shape.uint64]).Each /private/var/folders/0l/vcs81wv15fz2hx942wfs7x9h0000gn/T/arm-run.fVIGoR/src/internal/art/map.go:142
     0.05s  0.53% 90.10%      0.05s  0.53%  github.com/TomTonic/multimap/internal/page.(*head).one /private/var/folders/0l/vcs81wv15fz2hx942wfs7x9h0000gn/T/arm-run.fVIGoR/src/internal/page/page.go:121 (partial-inline)
     0.05s  0.53% 90.63%      0.05s  0.53%  github.com/TomTonic/multimap/internal/page..EachValue[go.shape.uint64] /private/var/folders/0l/vcs81wv15fz2hx942wfs7x9h0000gn/T/arm-run.fVIGoR/src/internal/page/fixed.go:176
     0.05s  0.53% 91.16%      0.08s  0.85%  github.com/TomTonic/multimap/internal/page..EachValue[go.shape.uint64] /private/var/folders/0l/vcs81wv15fz2hx942wfs7x9h0000gn/T/arm-run.fVIGoR/src/internal/page/fixed.go:181
     0.05s  0.53% 91.69%      0.05s  0.53%  github.com/TomTonic/multimap/internal/swar.Index8 /private/var/folders/0l/vcs81wv15fz2hx942wfs7x9h0000gn/T/arm-run.fVIGoR/src/internal/swar/swar.go:25 (inline)
     0.04s  0.43% 92.12%      0.35s  3.73%  github.com/TomTonic/multimap/internal/art.(*Tree).find /private/var/folders/0l/vcs81wv15fz2hx942wfs7x9h0000gn/T/arm-run.fVIGoR/src/internal/art/lookup.go:85
     0.04s  0.43% 92.55%      0.10s  1.06%  github.com/TomTonic/multimap/internal/page.(*head).mem /private/var/folders/0l/vcs81wv15fz2hx942wfs7x9h0000gn/T/arm-run.fVIGoR/src/internal/page/page.go:140
     0.03s  0.32% 92.86%      3.99s 42.49%  github.com/TomTonic/multimap/internal/art.(*Map[go.shape.uint64]).Each /private/var/folders/0l/vcs81wv15fz2hx942wfs7x9h0000gn/T/arm-run.fVIGoR/src/internal/art/map.go:138
     0.03s  0.32% 93.18%      3.88s 41.32%  github.com/TomTonic/multimap/internal/art.(*Map[go.shape.uint64]).pageEach /private/var/folders/0l/vcs81wv15fz2hx942wfs7x9h0000gn/T/arm-run.fVIGoR/src/internal/art/mkkey.go:391
     0.03s  0.32% 93.50%      3.17s 33.76%  github.com/TomTonic/multimap/internal/page..EachValue[go.shape.uint64] /private/var/folders/0l/vcs81wv15fz2hx942wfs7x9h0000gn/T/arm-run.fVIGoR/src/internal/page/fixed.go:173
     0.03s  0.32% 93.82%      0.06s  0.64%  github.com/TomTonic/multimap/internal/page..EachValue[go.shape.uint64] /private/var/folders/0l/vcs81wv15fz2hx942wfs7x9h0000gn/T/arm-run.fVIGoR/src/internal/page/fixed.go:179
     0.01s  0.11% 93.93%      0.10s  1.06%  github.com/TomTonic/multimap/internal/page..EachValue[go.shape.uint64] /private/var/folders/0l/vcs81wv15fz2hx942wfs7x9h0000gn/T/arm-run.fVIGoR/src/internal/page/fixed.go:161
         0     0% 93.93%      9.20s 97.98%  github.com/TomTonic/multimap.(*Ordered[go.shape.uint64]).ValuesForSeq.1 /private/var/folders/0l/vcs81wv15fz2hx942wfs7x9h0000gn/T/arm-run.fVIGoR/src/ordered.go:53 (inline)
         0     0% 93.93%      9.33s 99.36%  github.com/TomTonic/multimap/bench/cmd/bench.TestLookProbe /private/var/folders/0l/vcs81wv15fz2hx942wfs7x9h0000gn/T/arm-run.fVIGoR/src/bench/cmd/bench/lookprobe_test.go:39
         0     0% 93.93%      9.30s 99.04%  github.com/TomTonic/multimap/bench/cmd/bench.lookCase /private/var/folders/0l/vcs81wv15fz2hx942wfs7x9h0000gn/T/arm-run.fVIGoR/src/bench/cmd/bench/lookprobe_test.go:84
         0     0% 93.93%      5.04s 53.67%  github.com/TomTonic/multimap/internal/art.(*Map[go.shape.uint64]).Each /private/var/folders/0l/vcs81wv15fz2hx942wfs7x9h0000gn/T/arm-run.fVIGoR/src/internal/art/map.go:134
         0     0% 93.93%      0.16s  1.70%  github.com/TomTonic/multimap/internal/art.(*Tree).find /private/var/folders/0l/vcs81wv15fz2hx942wfs7x9h0000gn/T/arm-run.fVIGoR/src/internal/art/lookup.go:45
         0     0% 93.93%      0.11s  1.17%  github.com/TomTonic/multimap/internal/art.(*Tree).find /private/var/folders/0l/vcs81wv15fz2hx942wfs7x9h0000gn/T/arm-run.fVIGoR/src/internal/art/lookup.go:74
         0     0% 93.93%      0.15s  1.60%  github.com/TomTonic/multimap/internal/art.(*Tree).find /private/var/folders/0l/vcs81wv15fz2hx942wfs7x9h0000gn/T/arm-run.fVIGoR/src/internal/art/lookup.go:91
         0     0% 93.93%      0.06s  0.64%  runtime.gopreempt_m /opt/homebrew/Cellar/go/1.27.2/libexec/src/runtime/proc.go:4377 (inline)
         0     0% 93.93%      0.06s  0.64%  runtime.goschedImpl /opt/homebrew/Cellar/go/1.27.2/libexec/src/runtime/proc.go:4357
         0     0% 93.93%      0.06s  0.64%  runtime.morestack /opt/homebrew/Cellar/go/1.27.2/libexec/src/runtime/asm_arm64.s:487
         0     0% 93.93%      0.06s  0.64%  runtime.newstack /opt/homebrew/Cellar/go/1.27.2/libexec/src/runtime/stack.go:1174
         0     0% 93.93%      0.06s  0.64%  runtime.notewakeup /opt/homebrew/Cellar/go/1.27.2/libexec/src/runtime/lock_sema.go:42
         0     0% 93.93%      0.06s  0.64%  runtime.semawakeup /opt/homebrew/Cellar/go/1.27.2/libexec/src/runtime/os_darwin.go:85
         0     0% 93.93%      0.06s  0.64%  runtime.startm /opt/homebrew/Cellar/go/1.27.2/libexec/src/runtime/proc.go:3136
         0     0% 93.93%      0.06s  0.64%  runtime.wakep /opt/homebrew/Cellar/go/1.27.2/libexec/src/runtime/proc.go:3258
         0     0% 93.93%      9.33s 99.36%  testing.tRunner /opt/homebrew/Cellar/go/1.27.2/libexec/src/testing/testing.go:2195

lookups street single-value n=65536: ordered 117.4 ns
lines of dirs single-value n=4096 (ordered):
File: bench.test
Type: cpu
Time: 2026-10-10 21:26:42 CEST
Duration: 10.16s, Total samples = 9.37s (92.22%)
Showing nodes accounting for 8.54s, 91.14% of 9.37s total
Dropped 55 nodes (cum <= 0.05s)
      flat  flat%   sum%        cum   cum%
     1.44s 15.37% 15.37%      1.44s 15.37%  github.com/TomTonic/multimap/internal/page.compare /private/var/folders/0l/vcs81wv15fz2hx942wfs7x9h0000gn/T/arm-run.fVIGoR/src/internal/page/page.go:252 (inline)
     0.73s  7.79% 23.16%      0.73s  7.79%  github.com/TomTonic/multimap/internal/art.(*Tree).find /private/var/folders/0l/vcs81wv15fz2hx942wfs7x9h0000gn/T/arm-run.fVIGoR/src/internal/art/lookup.go:80
     0.72s  7.68% 30.84%      0.72s  7.68%  github.com/TomTonic/multimap/internal/art.isSingleKey /private/var/folders/0l/vcs81wv15fz2hx942wfs7x9h0000gn/T/arm-run.fVIGoR/src/internal/art/node.go:131 (inline)
     0.54s  5.76% 36.61%      0.54s  5.76%  github.com/TomTonic/multimap/internal/page.compare /private/var/folders/0l/vcs81wv15fz2hx942wfs7x9h0000gn/T/arm-run.fVIGoR/src/internal/page/page.go:254 (inline)
     0.47s  5.02% 41.62%      0.47s  5.02%  github.com/TomTonic/multimap/internal/swar.Match8 /private/var/folders/0l/vcs81wv15fz2hx942wfs7x9h0000gn/T/arm-run.fVIGoR/src/internal/swar/swar.go:76 (inline)
     0.36s  3.84% 45.46%      0.36s  3.84%  github.com/TomTonic/multimap/internal/art.(*Tree).find /private/var/folders/0l/vcs81wv15fz2hx942wfs7x9h0000gn/T/arm-run.fVIGoR/src/internal/art/lookup.go:34
     0.34s  3.63% 49.09%      0.34s  3.63%  github.com/TomTonic/multimap/internal/page.compare /private/var/folders/0l/vcs81wv15fz2hx942wfs7x9h0000gn/T/arm-run.fVIGoR/src/internal/page/page.go:260 (inline)
     0.27s  2.88% 51.97%      0.27s  2.88%  github.com/TomTonic/multimap/internal/art.(*Tree).find /private/var/folders/0l/vcs81wv15fz2hx942wfs7x9h0000gn/T/arm-run.fVIGoR/src/internal/art/lookup.go:43
     0.22s  2.35% 54.32%      0.22s  2.35%  github.com/TomTonic/multimap/internal/art.(*Tree).find /private/var/folders/0l/vcs81wv15fz2hx942wfs7x9h0000gn/T/arm-run.fVIGoR/src/internal/art/lookup.go:50
     0.21s  2.24% 56.56%      0.21s  2.24%  github.com/TomTonic/multimap/internal/art.(*Tree).find /private/var/folders/0l/vcs81wv15fz2hx942wfs7x9h0000gn/T/arm-run.fVIGoR/src/internal/art/lookup.go:63
     0.21s  2.24% 58.80%      0.21s  2.24%  github.com/TomTonic/multimap/internal/swar.Index8 /private/var/folders/0l/vcs81wv15fz2hx942wfs7x9h0000gn/T/arm-run.fVIGoR/src/internal/swar/swar.go:25 (inline)
     0.18s  1.92% 60.73%      0.18s  1.92%  github.com/TomTonic/multimap/internal/art.(*Tree).find /private/var/folders/0l/vcs81wv15fz2hx942wfs7x9h0000gn/T/arm-run.fVIGoR/src/internal/art/lookup.go:66
     0.18s  1.92% 62.65%      0.18s  1.92%  github.com/TomTonic/multimap/internal/page.lcp /private/var/folders/0l/vcs81wv15fz2hx942wfs7x9h0000gn/T/arm-run.fVIGoR/src/internal/page/page.go:172
     0.17s  1.81% 64.46%      0.17s  1.81%  github.com/TomTonic/multimap/internal/art.(*Tree).find /private/var/folders/0l/vcs81wv15fz2hx942wfs7x9h0000gn/T/arm-run.fVIGoR/src/internal/art/lookup.go:52
     0.15s  1.60% 66.06%      0.15s  1.60%  github.com/TomTonic/multimap/internal/page.lcp /private/var/folders/0l/vcs81wv15fz2hx942wfs7x9h0000gn/T/arm-run.fVIGoR/src/internal/page/page.go:175
     0.14s  1.49% 67.56%      2.50s 26.68%  github.com/TomTonic/multimap/internal/page.locate /private/var/folders/0l/vcs81wv15fz2hx942wfs7x9h0000gn/T/arm-run.fVIGoR/src/internal/page/page.go:229
     0.13s  1.39% 68.94%      0.13s  1.39%  runtime.pthread_cond_signal /opt/homebrew/Cellar/go/1.27.2/libexec/src/runtime/sys_darwin.go:491
     0.12s  1.28% 70.22%      0.12s  1.28%  github.com/TomTonic/multimap/internal/art.(*Tree).find /private/var/folders/0l/vcs81wv15fz2hx942wfs7x9h0000gn/T/arm-run.fVIGoR/src/internal/art/lookup.go:60
     0.12s  1.28% 71.50%      0.12s  1.28%  github.com/TomTonic/multimap/internal/swar.Rank /private/var/folders/0l/vcs81wv15fz2hx942wfs7x9h0000gn/T/arm-run.fVIGoR/src/internal/swar/swar.go:37 (inline)
     0.10s  1.07% 72.57%      9.23s 98.51%  github.com/TomTonic/multimap/bench/cmd/bench.(*fixture).valuesFor.func1 /private/var/folders/0l/vcs81wv15fz2hx942wfs7x9h0000gn/T/arm-run.fVIGoR/src/bench/cmd/bench/candidates.go:41
     0.10s  1.07% 73.64%      0.11s  1.17%  github.com/TomTonic/multimap/internal/art.(*Tree).find /private/var/folders/0l/vcs81wv15fz2hx942wfs7x9h0000gn/T/arm-run.fVIGoR/src/internal/art/lookup.go:35
     0.10s  1.07% 74.71%      0.24s  2.56%  github.com/TomTonic/multimap/internal/art.(*Tree).find /private/var/folders/0l/vcs81wv15fz2hx942wfs7x9h0000gn/T/arm-run.fVIGoR/src/internal/art/lookup.go:46
     0.10s  1.07% 75.77%      0.10s  1.07%  github.com/TomTonic/multimap/internal/art.(*Tree).find /private/var/folders/0l/vcs81wv15fz2hx942wfs7x9h0000gn/T/arm-run.fVIGoR/src/internal/art/lookup.go:76
     0.10s  1.07% 76.84%      0.10s  1.07%  github.com/TomTonic/multimap/internal/page.locate /private/var/folders/0l/vcs81wv15fz2hx942wfs7x9h0000gn/T/arm-run.fVIGoR/src/internal/page/page.go:225
     0.10s  1.07% 77.91%      0.10s  1.07%  github.com/TomTonic/multimap/internal/swar.Rank /private/var/folders/0l/vcs81wv15fz2hx942wfs7x9h0000gn/T/arm-run.fVIGoR/src/internal/swar/swar.go:38 (inline)
     0.09s  0.96% 78.87%      0.09s  0.96%  github.com/TomTonic/multimap/internal/art.(*Tree).find /private/var/folders/0l/vcs81wv15fz2hx942wfs7x9h0000gn/T/arm-run.fVIGoR/src/internal/art/lookup.go:62
     0.08s  0.85% 79.72%      0.88s  9.39%  github.com/TomTonic/multimap/internal/art.(*Tree).find /private/var/folders/0l/vcs81wv15fz2hx942wfs7x9h0000gn/T/arm-run.fVIGoR/src/internal/art/lookup.go:38
     0.08s  0.85% 80.58%      0.08s  0.85%  github.com/TomTonic/multimap/internal/page.(*head).one /private/var/folders/0l/vcs81wv15fz2hx942wfs7x9h0000gn/T/arm-run.fVIGoR/src/internal/page/page.go:121 (partial-inline)
     0.08s  0.85% 81.43%      2.80s 29.88%  github.com/TomTonic/multimap/internal/page..EachValue[go.shape.uint64] /private/var/folders/0l/vcs81wv15fz2hx942wfs7x9h0000gn/T/arm-run.fVIGoR/src/internal/page/fixed.go:173
     0.08s  0.85% 82.28%      0.11s  1.17%  github.com/TomTonic/multimap/internal/page..EachValue[go.shape.uint64] /private/var/folders/0l/vcs81wv15fz2hx942wfs7x9h0000gn/T/arm-run.fVIGoR/src/internal/page/fixed.go:181
     0.07s  0.75% 83.03%      0.09s  0.96%  github.com/TomTonic/multimap/internal/art.(*Tree).find /private/var/folders/0l/vcs81wv15fz2hx942wfs7x9h0000gn/T/arm-run.fVIGoR/src/internal/art/lookup.go:82
     0.07s  0.75% 83.78%      0.13s  1.39%  github.com/TomTonic/multimap/internal/page.(*head).mem /private/var/folders/0l/vcs81wv15fz2hx942wfs7x9h0000gn/T/arm-run.fVIGoR/src/internal/page/page.go:140
     0.07s  0.75% 84.53%      0.10s  1.07%  github.com/TomTonic/multimap/internal/swar.Match8 /private/var/folders/0l/vcs81wv15fz2hx942wfs7x9h0000gn/T/arm-run.fVIGoR/src/internal/swar/swar.go:79 (inline)
     0.06s  0.64% 85.17%      0.06s  0.64%  github.com/TomTonic/multimap/internal/page..EachValue[go.shape.uint64] /private/var/folders/0l/vcs81wv15fz2hx942wfs7x9h0000gn/T/arm-run.fVIGoR/src/internal/page/fixed.go:176
     0.06s  0.64% 85.81%      0.06s  0.64%  github.com/TomTonic/multimap/internal/page.lcp /private/var/folders/0l/vcs81wv15fz2hx942wfs7x9h0000gn/T/arm-run.fVIGoR/src/internal/page/page.go:173
     0.05s  0.53% 86.34%      9.13s 97.44%  github.com/TomTonic/multimap.(*Ordered[go.shape.uint64]).ValuesForSeq.1 /private/var/folders/0l/vcs81wv15fz2hx942wfs7x9h0000gn/T/arm-run.fVIGoR/src/ordered.go:53 (inline)
     0.05s  0.53% 86.87%      0.05s  0.53%  github.com/TomTonic/multimap/internal/art.(*Tree).find /private/var/folders/0l/vcs81wv15fz2hx942wfs7x9h0000gn/T/arm-run.fVIGoR/src/internal/art/lookup.go:86
     0.05s  0.53% 87.41%      0.05s  0.53%  github.com/TomTonic/multimap/internal/page.locate /private/var/folders/0l/vcs81wv15fz2hx942wfs7x9h0000gn/T/arm-run.fVIGoR/src/internal/page/page.go:236
     0.05s  0.53% 87.94%      0.05s  0.53%  github.com/TomTonic/multimap/internal/page.valuesIn[go.shape.uint64] /private/var/folders/0l/vcs81wv15fz2hx942wfs7x9h0000gn/T/arm-run.fVIGoR/src/internal/page/fixed.go:36 (inline)
     0.05s  0.53% 88.47%      0.05s  0.53%  github.com/TomTonic/multimap/internal/swar.Has /private/var/folders/0l/vcs81wv15fz2hx942wfs7x9h0000gn/T/arm-run.fVIGoR/src/internal/swar/swar.go:45 (inline)
     0.05s  0.53% 89.01%      0.05s  0.53%  github.com/TomTonic/multimap/internal/swar.MatchPrefix /private/var/folders/0l/vcs81wv15fz2hx942wfs7x9h0000gn/T/arm-run.fVIGoR/src/internal/swar/swar.go:59
     0.04s  0.43% 89.43%      0.44s  4.70%  github.com/TomTonic/multimap/internal/page..EachValue[go.shape.uint64] /private/var/folders/0l/vcs81wv15fz2hx942wfs7x9h0000gn/T/arm-run.fVIGoR/src/internal/page/fixed.go:169
     0.04s  0.43% 89.86%      0.09s  0.96%  github.com/TomTonic/multimap/internal/page..EachValue[go.shape.uint64] /private/var/folders/0l/vcs81wv15fz2hx942wfs7x9h0000gn/T/arm-run.fVIGoR/src/internal/page/fixed.go:179
     0.03s  0.32% 90.18%      5.04s 53.79%  github.com/TomTonic/multimap/internal/art.(*Map[go.shape.uint64]).Each /private/var/folders/0l/vcs81wv15fz2hx942wfs7x9h0000gn/T/arm-run.fVIGoR/src/internal/art/map.go:134
     0.03s  0.32% 90.50%      3.87s 41.30%  github.com/TomTonic/multimap/internal/art.(*Map[go.shape.uint64]).Each /private/var/folders/0l/vcs81wv15fz2hx942wfs7x9h0000gn/T/arm-run.fVIGoR/src/internal/art/map.go:138
     0.03s  0.32% 90.82%      3.79s 40.45%  github.com/TomTonic/multimap/internal/art.(*Map[go.shape.uint64]).pageEach /private/var/folders/0l/vcs81wv15fz2hx942wfs7x9h0000gn/T/arm-run.fVIGoR/src/internal/art/mkkey.go:391
     0.01s  0.11% 90.93%      0.05s  0.53%  github.com/TomTonic/multimap/internal/art.eachValue[go.shape.uint64] /private/var/folders/0l/vcs81wv15fz2hx942wfs7x9h0000gn/T/arm-run.fVIGoR/src/internal/art/map.go:154
     0.01s  0.11% 91.04%      0.06s  0.64%  github.com/TomTonic/multimap/internal/art.prefixMatches /private/var/folders/0l/vcs81wv15fz2hx942wfs7x9h0000gn/T/arm-run.fVIGoR/src/internal/art/prefix.go:215
     0.01s  0.11% 91.14%      0.12s  1.28%  github.com/TomTonic/multimap/internal/page..EachValue[go.shape.uint64] /private/var/folders/0l/vcs81wv15fz2hx942wfs7x9h0000gn/T/arm-run.fVIGoR/src/internal/page/fixed.go:161
         0     0% 91.14%      9.24s 98.61%  github.com/TomTonic/multimap/bench/cmd/bench.TestLookProbe /private/var/folders/0l/vcs81wv15fz2hx942wfs7x9h0000gn/T/arm-run.fVIGoR/src/bench/cmd/bench/lookprobe_test.go:39
         0     0% 91.14%      9.24s 98.61%  github.com/TomTonic/multimap/bench/cmd/bench.lookCase /private/var/folders/0l/vcs81wv15fz2hx942wfs7x9h0000gn/T/arm-run.fVIGoR/src/bench/cmd/bench/lookprobe_test.go:84
         0     0% 91.14%      0.05s  0.53%  github.com/TomTonic/multimap/internal/art.(*Map[go.shape.uint64]).Each /private/var/folders/0l/vcs81wv15fz2hx942wfs7x9h0000gn/T/arm-run.fVIGoR/src/internal/art/map.go:140
         0     0% 91.14%      0.57s  6.08%  github.com/TomTonic/multimap/internal/art.(*Tree).find /private/var/folders/0l/vcs81wv15fz2hx942wfs7x9h0000gn/T/arm-run.fVIGoR/src/internal/art/lookup.go:45
         0     0% 91.14%      0.19s  2.03%  github.com/TomTonic/multimap/internal/art.(*Tree).find /private/var/folders/0l/vcs81wv15fz2hx942wfs7x9h0000gn/T/arm-run.fVIGoR/src/internal/art/lookup.go:65
         0     0% 91.14%      0.12s  1.28%  github.com/TomTonic/multimap/internal/art.(*Tree).find /private/var/folders/0l/vcs81wv15fz2hx942wfs7x9h0000gn/T/arm-run.fVIGoR/src/internal/art/lookup.go:85
         0     0% 91.14%      0.12s  1.28%  github.com/TomTonic/multimap/internal/art.(*Tree).find /private/var/folders/0l/vcs81wv15fz2hx942wfs7x9h0000gn/T/arm-run.fVIGoR/src/internal/art/lookup.go:91
         0     0% 91.14%      0.08s  0.85%  github.com/TomTonic/multimap/internal/art.(*singleKeyHead).matches /private/var/folders/0l/vcs81wv15fz2hx942wfs7x9h0000gn/T/arm-run.fVIGoR/src/internal/art/node.go:241 (inline)
         0     0% 91.14%      0.13s  1.39%  github.com/TomTonic/multimap/internal/art.longMatch /private/var/folders/0l/vcs81wv15fz2hx942wfs7x9h0000gn/T/arm-run.fVIGoR/src/internal/art/lookup.go:171
         0     0% 91.14%      0.07s  0.75%  github.com/TomTonic/multimap/internal/art.prefixMatches /private/var/folders/0l/vcs81wv15fz2hx942wfs7x9h0000gn/T/arm-run.fVIGoR/src/internal/art/prefix.go:212
         0     0% 91.14%      0.06s  0.64%  github.com/TomTonic/multimap/internal/page.(*head).class /private/var/folders/0l/vcs81wv15fz2hx942wfs7x9h0000gn/T/arm-run.fVIGoR/src/internal/page/page.go:124 (inline)
         0     0% 91.14%      0.12s  1.28%  runtime.gopreempt_m /opt/homebrew/Cellar/go/1.27.2/libexec/src/runtime/proc.go:4377 (inline)
         0     0% 91.14%      0.12s  1.28%  runtime.goschedImpl /opt/homebrew/Cellar/go/1.27.2/libexec/src/runtime/proc.go:4357
         0     0% 91.14%      0.12s  1.28%  runtime.morestack /opt/homebrew/Cellar/go/1.27.2/libexec/src/runtime/asm_arm64.s:487
         0     0% 91.14%      0.12s  1.28%  runtime.newstack /opt/homebrew/Cellar/go/1.27.2/libexec/src/runtime/stack.go:1174
         0     0% 91.14%      0.13s  1.39%  runtime.notewakeup /opt/homebrew/Cellar/go/1.27.2/libexec/src/runtime/lock_sema.go:42
         0     0% 91.14%      0.13s  1.39%  runtime.semawakeup /opt/homebrew/Cellar/go/1.27.2/libexec/src/runtime/os_darwin.go:85
         0     0% 91.14%      0.13s  1.39%  runtime.startm /opt/homebrew/Cellar/go/1.27.2/libexec/src/runtime/proc.go:3136
         0     0% 91.14%      0.13s  1.39%  runtime.wakep /opt/homebrew/Cellar/go/1.27.2/libexec/src/runtime/proc.go:3258
         0     0% 91.14%      9.24s 98.61%  testing.tRunner /opt/homebrew/Cellar/go/1.27.2/libexec/src/testing/testing.go:2195

lookups dirs single-value n=4096: ordered 123.2 ns
lines of dirs single-value n=16384 (ordered):
File: bench.test
Type: cpu
Time: 2026-10-10 21:26:53 CEST
Duration: 10.19s, Total samples = 9.10s (89.29%)
Showing nodes accounting for 8.39s, 92.20% of 9.10s total
Dropped 54 nodes (cum <= 0.05s)
      flat  flat%   sum%        cum   cum%
     1.12s 12.31% 12.31%      1.12s 12.31%  github.com/TomTonic/multimap/internal/page.compare /private/var/folders/0l/vcs81wv15fz2hx942wfs7x9h0000gn/T/arm-run.fVIGoR/src/internal/page/page.go:252 (inline)
     0.83s  9.12% 21.43%      0.83s  9.12%  github.com/TomTonic/multimap/internal/swar.Match8 /private/var/folders/0l/vcs81wv15fz2hx942wfs7x9h0000gn/T/arm-run.fVIGoR/src/internal/swar/swar.go:76 (inline)
     0.74s  8.13% 29.56%      0.74s  8.13%  github.com/TomTonic/multimap/internal/art.(*Tree).find /private/var/folders/0l/vcs81wv15fz2hx942wfs7x9h0000gn/T/arm-run.fVIGoR/src/internal/art/lookup.go:63
     0.66s  7.25% 36.81%      0.66s  7.25%  github.com/TomTonic/multimap/internal/art.isSingleKey /private/var/folders/0l/vcs81wv15fz2hx942wfs7x9h0000gn/T/arm-run.fVIGoR/src/internal/art/node.go:131 (inline)
     0.52s  5.71% 42.53%      0.52s  5.71%  github.com/TomTonic/multimap/internal/page.compare /private/var/folders/0l/vcs81wv15fz2hx942wfs7x9h0000gn/T/arm-run.fVIGoR/src/internal/page/page.go:254 (inline)
     0.49s  5.38% 47.91%      0.49s  5.38%  github.com/TomTonic/multimap/internal/art.(*Tree).find /private/var/folders/0l/vcs81wv15fz2hx942wfs7x9h0000gn/T/arm-run.fVIGoR/src/internal/art/lookup.go:43
     0.37s  4.07% 51.98%      0.37s  4.07%  github.com/TomTonic/multimap/internal/art.(*Tree).find /private/var/folders/0l/vcs81wv15fz2hx942wfs7x9h0000gn/T/arm-run.fVIGoR/src/internal/art/lookup.go:34
     0.28s  3.08% 55.05%      0.28s  3.08%  github.com/TomTonic/multimap/internal/page.compare /private/var/folders/0l/vcs81wv15fz2hx942wfs7x9h0000gn/T/arm-run.fVIGoR/src/internal/page/page.go:260 (inline)
     0.21s  2.31% 57.36%      0.21s  2.31%  github.com/TomTonic/multimap/internal/art.(*Tree).find /private/var/folders/0l/vcs81wv15fz2hx942wfs7x9h0000gn/T/arm-run.fVIGoR/src/internal/art/lookup.go:50
     0.20s  2.20% 59.56%      0.20s  2.20%  github.com/TomTonic/multimap/internal/swar.Index8 /private/var/folders/0l/vcs81wv15fz2hx942wfs7x9h0000gn/T/arm-run.fVIGoR/src/internal/swar/swar.go:25 (inline)
     0.19s  2.09% 61.65%      0.19s  2.09%  github.com/TomTonic/multimap/internal/art.(*Tree).find /private/var/folders/0l/vcs81wv15fz2hx942wfs7x9h0000gn/T/arm-run.fVIGoR/src/internal/art/lookup.go:60
     0.17s  1.87% 63.52%      0.17s  1.87%  github.com/TomTonic/multimap/internal/art.(*Tree).find /private/var/folders/0l/vcs81wv15fz2hx942wfs7x9h0000gn/T/arm-run.fVIGoR/src/internal/art/lookup.go:80
     0.17s  1.87% 65.38%      0.17s  1.87%  runtime.pthread_cond_signal /opt/homebrew/Cellar/go/1.27.2/libexec/src/runtime/sys_darwin.go:491
     0.16s  1.76% 67.14%      0.16s  1.76%  github.com/TomTonic/multimap/internal/page.lcp /private/var/folders/0l/vcs81wv15fz2hx942wfs7x9h0000gn/T/arm-run.fVIGoR/src/internal/page/page.go:172
     0.16s  1.76% 68.90%      0.16s  1.76%  github.com/TomTonic/multimap/internal/page.lcp /private/var/folders/0l/vcs81wv15fz2hx942wfs7x9h0000gn/T/arm-run.fVIGoR/src/internal/page/page.go:175
     0.15s  1.65% 70.55%      0.15s  1.65%  github.com/TomTonic/multimap/internal/art.(*Tree).find /private/var/folders/0l/vcs81wv15fz2hx942wfs7x9h0000gn/T/arm-run.fVIGoR/src/internal/art/lookup.go:66
     0.13s  1.43% 71.98%      0.13s  1.43%  github.com/TomTonic/multimap/internal/art.(*Tree).find /private/var/folders/0l/vcs81wv15fz2hx942wfs7x9h0000gn/T/arm-run.fVIGoR/src/internal/art/lookup.go:52
     0.13s  1.43% 73.41%      0.13s  1.43%  github.com/TomTonic/multimap/internal/art.(*Tree).find /private/var/folders/0l/vcs81wv15fz2hx942wfs7x9h0000gn/T/arm-run.fVIGoR/src/internal/art/lookup.go:62
     0.12s  1.32% 74.73%      0.40s  4.40%  github.com/TomTonic/multimap/internal/art.(*Tree).find /private/var/folders/0l/vcs81wv15fz2hx942wfs7x9h0000gn/T/arm-run.fVIGoR/src/internal/art/lookup.go:46
     0.12s  1.32% 76.04%      0.12s  1.32%  github.com/TomTonic/multimap/internal/page.locate /private/var/folders/0l/vcs81wv15fz2hx942wfs7x9h0000gn/T/arm-run.fVIGoR/src/internal/page/page.go:225
     0.12s  1.32% 77.36%      0.12s  1.32%  github.com/TomTonic/multimap/internal/swar.Rank /private/var/folders/0l/vcs81wv15fz2hx942wfs7x9h0000gn/T/arm-run.fVIGoR/src/internal/swar/swar.go:38 (inline)
     0.11s  1.21% 78.57%      2.05s 22.53%  github.com/TomTonic/multimap/internal/page.locate /private/var/folders/0l/vcs81wv15fz2hx942wfs7x9h0000gn/T/arm-run.fVIGoR/src/internal/page/page.go:229
     0.11s  1.21% 79.78%      0.11s  1.21%  github.com/TomTonic/multimap/internal/swar.Index8 /private/var/folders/0l/vcs81wv15fz2hx942wfs7x9h0000gn/T/arm-run.fVIGoR/src/internal/swar/swar.go:23 (inline)
     0.08s  0.88% 80.66%      8.88s 97.58%  github.com/TomTonic/multimap/bench/cmd/bench.(*fixture).valuesFor.func1 /private/var/folders/0l/vcs81wv15fz2hx942wfs7x9h0000gn/T/arm-run.fVIGoR/src/bench/cmd/bench/candidates.go:41
     0.08s  0.88% 81.54%      0.08s  0.88%  github.com/TomTonic/multimap/internal/page.lcp /private/var/folders/0l/vcs81wv15fz2hx942wfs7x9h0000gn/T/arm-run.fVIGoR/src/internal/page/page.go:173
     0.07s  0.77% 82.31%      0.07s  0.77%  encoding/binary.littleEndian.Uint64 /opt/homebrew/Cellar/go/1.27.2/libexec/src/encoding/binary/binary.go:117 (inline)
     0.07s  0.77% 83.08%      0.08s  0.88%  github.com/TomTonic/multimap/internal/art.(*Tree).find /private/var/folders/0l/vcs81wv15fz2hx942wfs7x9h0000gn/T/arm-run.fVIGoR/src/internal/art/lookup.go:35
     0.07s  0.77% 83.85%      0.07s  0.77%  github.com/TomTonic/multimap/internal/art.(*Tree).find /private/var/folders/0l/vcs81wv15fz2hx942wfs7x9h0000gn/T/arm-run.fVIGoR/src/internal/art/lookup.go:73
     0.07s  0.77% 84.62%      0.07s  0.77%  github.com/TomTonic/multimap/internal/page.locate /private/var/folders/0l/vcs81wv15fz2hx942wfs7x9h0000gn/T/arm-run.fVIGoR/src/internal/page/page.go:236
     0.06s  0.66% 85.27%      0.07s  0.77%  github.com/TomTonic/multimap/internal/art.(*Tree).find /private/var/folders/0l/vcs81wv15fz2hx942wfs7x9h0000gn/T/arm-run.fVIGoR/src/internal/art/lookup.go:82
     0.06s  0.66% 85.93%      0.06s  0.66%  github.com/TomTonic/multimap/internal/page.locate /private/var/folders/0l/vcs81wv15fz2hx942wfs7x9h0000gn/T/arm-run.fVIGoR/src/internal/page/page.go:230
     0.06s  0.66% 86.59%      0.12s  1.32%  github.com/TomTonic/multimap/internal/swar.Match8 /private/var/folders/0l/vcs81wv15fz2hx942wfs7x9h0000gn/T/arm-run.fVIGoR/src/internal/swar/swar.go:79 (inline)
     0.05s  0.55% 87.14%      0.76s  8.35%  github.com/TomTonic/multimap/internal/art.(*Tree).find /private/var/folders/0l/vcs81wv15fz2hx942wfs7x9h0000gn/T/arm-run.fVIGoR/src/internal/art/lookup.go:38
     0.05s  0.55% 87.69%      0.05s  0.55%  github.com/TomTonic/multimap/internal/art.(*Tree).find /private/var/folders/0l/vcs81wv15fz2hx942wfs7x9h0000gn/T/arm-run.fVIGoR/src/internal/art/lookup.go:61
     0.05s  0.55% 88.24%      0.05s  0.55%  github.com/TomTonic/multimap/internal/art.(*Tree).find /private/var/folders/0l/vcs81wv15fz2hx942wfs7x9h0000gn/T/arm-run.fVIGoR/src/internal/art/lookup.go:76
     0.05s  0.55% 88.79%      0.05s  0.55%  github.com/TomTonic/multimap/internal/page.(*head).one /private/var/folders/0l/vcs81wv15fz2hx942wfs7x9h0000gn/T/arm-run.fVIGoR/src/internal/page/page.go:121 (partial-inline)
     0.04s  0.44% 89.23%      0.08s  0.88%  github.com/TomTonic/multimap/internal/art.prefixMatches /private/var/folders/0l/vcs81wv15fz2hx942wfs7x9h0000gn/T/arm-run.fVIGoR/src/internal/art/prefix.go:212
     0.03s  0.33% 89.56%      3.05s 33.52%  github.com/TomTonic/multimap/internal/art.(*Map[go.shape.uint64]).pageEach /private/var/folders/0l/vcs81wv15fz2hx942wfs7x9h0000gn/T/arm-run.fVIGoR/src/internal/art/mkkey.go:391
     0.03s  0.33% 89.89%      0.15s  1.65%  github.com/TomTonic/multimap/internal/art.prefixMatches /private/var/folders/0l/vcs81wv15fz2hx942wfs7x9h0000gn/T/arm-run.fVIGoR/src/internal/art/prefix.go:215
     0.03s  0.33% 90.22%      0.08s  0.88%  github.com/TomTonic/multimap/internal/page.(*head).mem /private/var/folders/0l/vcs81wv15fz2hx942wfs7x9h0000gn/T/arm-run.fVIGoR/src/internal/page/page.go:140
     0.03s  0.33% 90.55%      2.34s 25.71%  github.com/TomTonic/multimap/internal/page..EachValue[go.shape.uint64] /private/var/folders/0l/vcs81wv15fz2hx942wfs7x9h0000gn/T/arm-run.fVIGoR/src/internal/page/fixed.go:173
     0.03s  0.33% 90.88%      0.05s  0.55%  github.com/TomTonic/multimap/internal/page..EachValue[go.shape.uint64] /private/var/folders/0l/vcs81wv15fz2hx942wfs7x9h0000gn/T/arm-run.fVIGoR/src/internal/page/fixed.go:179
     0.02s  0.22% 91.10%      8.80s 96.70%  github.com/TomTonic/multimap.(*Ordered[go.shape.uint64]).ValuesForSeq.1 /private/var/folders/0l/vcs81wv15fz2hx942wfs7x9h0000gn/T/arm-run.fVIGoR/src/ordered.go:53 (inline)
     0.02s  0.22% 91.32%      3.10s 34.07%  github.com/TomTonic/multimap/internal/art.(*Map[go.shape.uint64]).Each /private/var/folders/0l/vcs81wv15fz2hx942wfs7x9h0000gn/T/arm-run.fVIGoR/src/internal/art/map.go:138
     0.02s  0.22% 91.54%      0.13s  1.43%  github.com/TomTonic/multimap/internal/art.(*Tree).find /private/var/folders/0l/vcs81wv15fz2hx942wfs7x9h0000gn/T/arm-run.fVIGoR/src/internal/art/lookup.go:85
     0.02s  0.22% 91.76%      0.42s  4.62%  github.com/TomTonic/multimap/internal/page..EachValue[go.shape.uint64] /private/var/folders/0l/vcs81wv15fz2hx942wfs7x9h0000gn/T/arm-run.fVIGoR/src/internal/page/fixed.go:169
     0.01s  0.11% 91.87%      5.66s 62.20%  github.com/TomTonic/multimap/internal/art.(*Map[go.shape.uint64]).Each /private/var/folders/0l/vcs81wv15fz2hx942wfs7x9h0000gn/T/arm-run.fVIGoR/src/internal/art/map.go:134
     0.01s  0.11% 91.98%      0.05s  0.55%  github.com/TomTonic/multimap/internal/art.(*singleKeyHead).matches /private/var/folders/0l/vcs81wv15fz2hx942wfs7x9h0000gn/T/arm-run.fVIGoR/src/internal/art/node.go:241 (inline)
     0.01s  0.11% 92.09%      0.24s  2.64%  github.com/TomTonic/multimap/internal/art.longMatch /private/var/folders/0l/vcs81wv15fz2hx942wfs7x9h0000gn/T/arm-run.fVIGoR/src/internal/art/lookup.go:171
     0.01s  0.11% 92.20%      0.09s  0.99%  github.com/TomTonic/multimap/internal/page..EachValue[go.shape.uint64] /private/var/folders/0l/vcs81wv15fz2hx942wfs7x9h0000gn/T/arm-run.fVIGoR/src/internal/page/fixed.go:161
         0     0% 92.20%      0.08s  0.88%  bytes.Equal /opt/homebrew/Cellar/go/1.27.2/libexec/src/bytes/bytes.go:22 (inline)
         0     0% 92.20%      8.92s 98.02%  github.com/TomTonic/multimap/bench/cmd/bench.TestLookProbe /private/var/folders/0l/vcs81wv15fz2hx942wfs7x9h0000gn/T/arm-run.fVIGoR/src/bench/cmd/bench/lookprobe_test.go:39
         0     0% 92.20%      8.92s 98.02%  github.com/TomTonic/multimap/bench/cmd/bench.lookCase /private/var/folders/0l/vcs81wv15fz2hx942wfs7x9h0000gn/T/arm-run.fVIGoR/src/bench/cmd/bench/lookprobe_test.go:84
         0     0% 92.20%      0.95s 10.44%  github.com/TomTonic/multimap/internal/art.(*Tree).find /private/var/folders/0l/vcs81wv15fz2hx942wfs7x9h0000gn/T/arm-run.fVIGoR/src/internal/art/lookup.go:45
         0     0% 92.20%      0.19s  2.09%  github.com/TomTonic/multimap/internal/art.(*Tree).find /private/var/folders/0l/vcs81wv15fz2hx942wfs7x9h0000gn/T/arm-run.fVIGoR/src/internal/art/lookup.go:65
         0     0% 92.20%      0.11s  1.21%  github.com/TomTonic/multimap/internal/art.(*Tree).find /private/var/folders/0l/vcs81wv15fz2hx942wfs7x9h0000gn/T/arm-run.fVIGoR/src/internal/art/lookup.go:74
         0     0% 92.20%      0.08s  0.88%  github.com/TomTonic/multimap/internal/art.(*Tree).find /private/var/folders/0l/vcs81wv15fz2hx942wfs7x9h0000gn/T/arm-run.fVIGoR/src/internal/art/lookup.go:91
         0     0% 92.20%      0.17s  1.87%  runtime.gopreempt_m /opt/homebrew/Cellar/go/1.27.2/libexec/src/runtime/proc.go:4377 (inline)
         0     0% 92.20%      0.17s  1.87%  runtime.goschedImpl /opt/homebrew/Cellar/go/1.27.2/libexec/src/runtime/proc.go:4357
         0     0% 92.20%      0.17s  1.87%  runtime.morestack /opt/homebrew/Cellar/go/1.27.2/libexec/src/runtime/asm_arm64.s:487
         0     0% 92.20%      0.17s  1.87%  runtime.newstack /opt/homebrew/Cellar/go/1.27.2/libexec/src/runtime/stack.go:1174
         0     0% 92.20%      0.17s  1.87%  runtime.notewakeup /opt/homebrew/Cellar/go/1.27.2/libexec/src/runtime/lock_sema.go:42
         0     0% 92.20%      0.17s  1.87%  runtime.semawakeup /opt/homebrew/Cellar/go/1.27.2/libexec/src/runtime/os_darwin.go:85
         0     0% 92.20%      0.17s  1.87%  runtime.startm /opt/homebrew/Cellar/go/1.27.2/libexec/src/runtime/proc.go:3136
         0     0% 92.20%      0.17s  1.87%  runtime.wakep /opt/homebrew/Cellar/go/1.27.2/libexec/src/runtime/proc.go:3258
         0     0% 92.20%      8.92s 98.02%  testing.tRunner /opt/homebrew/Cellar/go/1.27.2/libexec/src/testing/testing.go:2195

lookups dirs single-value n=16384: ordered 152.0 ns
lines of dirs single-value n=65536 (ordered):
File: bench.test
Type: cpu
Time: 2026-10-10 21:27:05 CEST
Duration: 10.19s, Total samples = 9.18s (90.13%)
Showing nodes accounting for 8.45s, 92.05% of 9.18s total
Dropped 59 nodes (cum <= 0.05s)
      flat  flat%   sum%        cum   cum%
     0.84s  9.15%  9.15%      0.84s  9.15%  github.com/TomTonic/multimap/internal/page.compare /private/var/folders/0l/vcs81wv15fz2hx942wfs7x9h0000gn/T/arm-run.fVIGoR/src/internal/page/page.go:252 (inline)
     0.76s  8.28% 17.43%      0.76s  8.28%  github.com/TomTonic/multimap/internal/swar.Match8 /private/var/folders/0l/vcs81wv15fz2hx942wfs7x9h0000gn/T/arm-run.fVIGoR/src/internal/swar/swar.go:76 (inline)
     0.72s  7.84% 25.27%      0.72s  7.84%  github.com/TomTonic/multimap/internal/art.isSingleKey /private/var/folders/0l/vcs81wv15fz2hx942wfs7x9h0000gn/T/arm-run.fVIGoR/src/internal/art/node.go:131 (inline)
     0.40s  4.36% 29.63%      0.40s  4.36%  github.com/TomTonic/multimap/internal/art.(*Tree).find /private/var/folders/0l/vcs81wv15fz2hx942wfs7x9h0000gn/T/arm-run.fVIGoR/src/internal/art/lookup.go:62
     0.39s  4.25% 33.88%      0.39s  4.25%  github.com/TomTonic/multimap/internal/art.(*Tree).find /private/var/folders/0l/vcs81wv15fz2hx942wfs7x9h0000gn/T/arm-run.fVIGoR/src/internal/art/lookup.go:63
     0.38s  4.14% 38.02%      0.38s  4.14%  github.com/TomTonic/multimap/internal/page.compare /private/var/folders/0l/vcs81wv15fz2hx942wfs7x9h0000gn/T/arm-run.fVIGoR/src/internal/page/page.go:254 (inline)
     0.34s  3.70% 41.72%      0.34s  3.70%  github.com/TomTonic/multimap/internal/art.(*Tree).find /private/var/folders/0l/vcs81wv15fz2hx942wfs7x9h0000gn/T/arm-run.fVIGoR/src/internal/art/lookup.go:34
     0.34s  3.70% 45.42%      0.34s  3.70%  github.com/TomTonic/multimap/internal/art.(*Tree).find /private/var/folders/0l/vcs81wv15fz2hx942wfs7x9h0000gn/T/arm-run.fVIGoR/src/internal/art/lookup.go:43
     0.34s  3.70% 49.13%      0.34s  3.70%  github.com/TomTonic/multimap/internal/art.(*Tree).find /private/var/folders/0l/vcs81wv15fz2hx942wfs7x9h0000gn/T/arm-run.fVIGoR/src/internal/art/lookup.go:50
     0.31s  3.38% 52.51%      0.31s  3.38%  github.com/TomTonic/multimap/internal/page.lcp /private/var/folders/0l/vcs81wv15fz2hx942wfs7x9h0000gn/T/arm-run.fVIGoR/src/internal/page/page.go:175
     0.28s  3.05% 55.56%      0.28s  3.05%  github.com/TomTonic/multimap/internal/art.(*Tree).find /private/var/folders/0l/vcs81wv15fz2hx942wfs7x9h0000gn/T/arm-run.fVIGoR/src/internal/art/lookup.go:80
     0.25s  2.72% 58.28%      0.27s  2.94%  github.com/TomTonic/multimap/internal/art.(*Tree).find /private/var/folders/0l/vcs81wv15fz2hx942wfs7x9h0000gn/T/arm-run.fVIGoR/src/internal/art/lookup.go:35
     0.25s  2.72% 61.00%      0.25s  2.72%  github.com/TomTonic/multimap/internal/page.compare /private/var/folders/0l/vcs81wv15fz2hx942wfs7x9h0000gn/T/arm-run.fVIGoR/src/internal/page/page.go:260 (inline)
     0.23s  2.51% 63.51%      0.23s  2.51%  github.com/TomTonic/multimap/internal/swar.Index8 /private/var/folders/0l/vcs81wv15fz2hx942wfs7x9h0000gn/T/arm-run.fVIGoR/src/internal/swar/swar.go:25 (inline)
     0.22s  2.40% 65.90%      0.22s  2.40%  github.com/TomTonic/multimap/internal/art.(*Tree).find /private/var/folders/0l/vcs81wv15fz2hx942wfs7x9h0000gn/T/arm-run.fVIGoR/src/internal/art/lookup.go:76
     0.22s  2.40% 68.30%      0.22s  2.40%  github.com/TomTonic/multimap/internal/swar.Rank /private/var/folders/0l/vcs81wv15fz2hx942wfs7x9h0000gn/T/arm-run.fVIGoR/src/internal/swar/swar.go:38 (inline)
     0.16s  1.74% 70.04%      0.16s  1.74%  github.com/TomTonic/multimap/internal/swar.Rank /private/var/folders/0l/vcs81wv15fz2hx942wfs7x9h0000gn/T/arm-run.fVIGoR/src/internal/swar/swar.go:37 (inline)
     0.14s  1.53% 71.57%      1.64s 17.86%  github.com/TomTonic/multimap/internal/page.locate /private/var/folders/0l/vcs81wv15fz2hx942wfs7x9h0000gn/T/arm-run.fVIGoR/src/internal/page/page.go:229
     0.14s  1.53% 73.09%      0.14s  1.53%  runtime.pthread_cond_signal /opt/homebrew/Cellar/go/1.27.2/libexec/src/runtime/sys_darwin.go:491
     0.13s  1.42% 74.51%      0.13s  1.42%  github.com/TomTonic/multimap/internal/page.lcp /private/var/folders/0l/vcs81wv15fz2hx942wfs7x9h0000gn/T/arm-run.fVIGoR/src/internal/page/page.go:172
     0.12s  1.31% 75.82%      0.38s  4.14%  github.com/TomTonic/multimap/internal/art.(*Tree).find /private/var/folders/0l/vcs81wv15fz2hx942wfs7x9h0000gn/T/arm-run.fVIGoR/src/internal/art/lookup.go:46
     0.11s  1.20% 77.02%      0.11s  1.20%  github.com/TomTonic/multimap/internal/art.(*Tree).find /private/var/folders/0l/vcs81wv15fz2hx942wfs7x9h0000gn/T/arm-run.fVIGoR/src/internal/art/lookup.go:66
     0.11s  1.20% 78.21%      0.11s  1.20%  github.com/TomTonic/multimap/internal/page.locate /private/var/folders/0l/vcs81wv15fz2hx942wfs7x9h0000gn/T/arm-run.fVIGoR/src/internal/page/page.go:225
     0.09s  0.98% 79.19%      0.09s  0.98%  github.com/TomTonic/multimap/internal/art.(*Tree).find /private/var/folders/0l/vcs81wv15fz2hx942wfs7x9h0000gn/T/arm-run.fVIGoR/src/internal/art/lookup.go:52
     0.09s  0.98% 80.17%      0.09s  0.98%  github.com/TomTonic/multimap/internal/art.(*Tree).find /private/var/folders/0l/vcs81wv15fz2hx942wfs7x9h0000gn/T/arm-run.fVIGoR/src/internal/art/lookup.go:60
     0.09s  0.98% 81.15%      1.97s 21.46%  github.com/TomTonic/multimap/internal/page..EachValue[go.shape.uint64] /private/var/folders/0l/vcs81wv15fz2hx942wfs7x9h0000gn/T/arm-run.fVIGoR/src/internal/page/fixed.go:173
     0.09s  0.98% 82.14%      0.09s  0.98%  github.com/TomTonic/multimap/internal/swar.Index8 /private/var/folders/0l/vcs81wv15fz2hx942wfs7x9h0000gn/T/arm-run.fVIGoR/src/internal/swar/swar.go:23 (inline)
     0.08s  0.87% 83.01%      0.08s  0.87%  github.com/TomTonic/multimap/internal/page.lcp /private/var/folders/0l/vcs81wv15fz2hx942wfs7x9h0000gn/T/arm-run.fVIGoR/src/internal/page/page.go:173
     0.07s  0.76% 83.77%      0.07s  0.76%  github.com/TomTonic/multimap/internal/art.(*Tree).find /private/var/folders/0l/vcs81wv15fz2hx942wfs7x9h0000gn/T/arm-run.fVIGoR/src/internal/art/lookup.go:86
     0.06s  0.65% 84.42%      0.08s  0.87%  github.com/TomTonic/multimap/internal/page..EachValue[go.shape.uint64] /private/var/folders/0l/vcs81wv15fz2hx942wfs7x9h0000gn/T/arm-run.fVIGoR/src/internal/page/fixed.go:179
     0.06s  0.65% 85.08%      0.06s  0.65%  github.com/TomTonic/multimap/internal/page.locate /private/var/folders/0l/vcs81wv15fz2hx942wfs7x9h0000gn/T/arm-run.fVIGoR/src/internal/page/page.go:230
     0.05s  0.54% 85.62%      0.05s  0.54%  github.com/TomTonic/multimap/bench/cmd/bench.(*fixture).valuesFor.func1 /private/var/folders/0l/vcs81wv15fz2hx942wfs7x9h0000gn/T/arm-run.fVIGoR/src/bench/cmd/bench/candidates.go:44
     0.05s  0.54% 86.17%      0.05s  0.54%  github.com/TomTonic/multimap/internal/art.(*Tree).find /private/var/folders/0l/vcs81wv15fz2hx942wfs7x9h0000gn/T/arm-run.fVIGoR/src/internal/art/lookup.go:61
     0.05s  0.54% 86.71%      0.27s  2.94%  github.com/TomTonic/multimap/internal/art.(*Tree).find /private/var/folders/0l/vcs81wv15fz2hx942wfs7x9h0000gn/T/arm-run.fVIGoR/src/internal/art/lookup.go:85
     0.05s  0.54% 87.25%      0.10s  1.09%  github.com/TomTonic/multimap/internal/art.prefixMatches /private/var/folders/0l/vcs81wv15fz2hx942wfs7x9h0000gn/T/arm-run.fVIGoR/src/internal/art/prefix.go:215
     0.05s  0.54% 87.80%      0.05s  0.54%  github.com/TomTonic/multimap/internal/page..EachValue[go.shape.uint64] /private/var/folders/0l/vcs81wv15fz2hx942wfs7x9h0000gn/T/arm-run.fVIGoR/src/internal/page/fixed.go:176
     0.05s  0.54% 88.34%      0.07s  0.76%  github.com/TomTonic/multimap/internal/page..EachValue[go.shape.uint64] /private/var/folders/0l/vcs81wv15fz2hx942wfs7x9h0000gn/T/arm-run.fVIGoR/src/internal/page/fixed.go:181
     0.05s  0.54% 88.89%      0.05s  0.54%  github.com/TomTonic/multimap/internal/swar.Rank /private/var/folders/0l/vcs81wv15fz2hx942wfs7x9h0000gn/T/arm-run.fVIGoR/src/internal/swar/swar.go:36 (inline)
     0.04s  0.44% 89.32%      8.98s 97.82%  github.com/TomTonic/multimap/bench/cmd/bench.(*fixture).valuesFor.func1 /private/var/folders/0l/vcs81wv15fz2hx942wfs7x9h0000gn/T/arm-run.fVIGoR/src/bench/cmd/bench/candidates.go:41
     0.04s  0.44% 89.76%      0.80s  8.71%  github.com/TomTonic/multimap/internal/art.(*Tree).find /private/var/folders/0l/vcs81wv15fz2hx942wfs7x9h0000gn/T/arm-run.fVIGoR/src/internal/art/lookup.go:38
     0.04s  0.44% 90.20%      0.08s  0.87%  github.com/TomTonic/multimap/internal/page..EachValue[go.shape.uint64] /private/var/folders/0l/vcs81wv15fz2hx942wfs7x9h0000gn/T/arm-run.fVIGoR/src/internal/page/fixed.go:161
     0.04s  0.44% 90.63%      0.56s  6.10%  github.com/TomTonic/multimap/internal/page..EachValue[go.shape.uint64] /private/var/folders/0l/vcs81wv15fz2hx942wfs7x9h0000gn/T/arm-run.fVIGoR/src/internal/page/fixed.go:169
     0.04s  0.44% 91.07%      0.08s  0.87%  github.com/TomTonic/multimap/internal/swar.Match8 /private/var/folders/0l/vcs81wv15fz2hx942wfs7x9h0000gn/T/arm-run.fVIGoR/src/internal/swar/swar.go:79 (inline)
     0.03s  0.33% 91.39%      0.06s  0.65%  github.com/TomTonic/multimap/internal/swar.MatchPrefix /private/var/folders/0l/vcs81wv15fz2hx942wfs7x9h0000gn/T/arm-run.fVIGoR/src/internal/swar/swar.go:68
     0.02s  0.22% 91.61%      8.94s 97.39%  github.com/TomTonic/multimap.(*Ordered[go.shape.uint64]).ValuesForSeq.1 /private/var/folders/0l/vcs81wv15fz2hx942wfs7x9h0000gn/T/arm-run.fVIGoR/src/ordered.go:53 (inline)
     0.02s  0.22% 91.83%      0.23s  2.51%  github.com/TomTonic/multimap/internal/art.(*Tree).find /private/var/folders/0l/vcs81wv15fz2hx942wfs7x9h0000gn/T/arm-run.fVIGoR/src/internal/art/lookup.go:91
     0.01s  0.11% 91.94%      5.96s 64.92%  github.com/TomTonic/multimap/internal/art.(*Map[go.shape.uint64]).Each /private/var/folders/0l/vcs81wv15fz2hx942wfs7x9h0000gn/T/arm-run.fVIGoR/src/internal/art/map.go:134
     0.01s  0.11% 92.05%      0.19s  2.07%  github.com/TomTonic/multimap/internal/art.longMatch /private/var/folders/0l/vcs81wv15fz2hx942wfs7x9h0000gn/T/arm-run.fVIGoR/src/internal/art/lookup.go:171
         0     0% 92.05%      9.03s 98.37%  github.com/TomTonic/multimap/bench/cmd/bench.TestLookProbe /private/var/folders/0l/vcs81wv15fz2hx942wfs7x9h0000gn/T/arm-run.fVIGoR/src/bench/cmd/bench/lookprobe_test.go:39
         0     0% 92.05%      9.03s 98.37%  github.com/TomTonic/multimap/bench/cmd/bench.lookCase /private/var/folders/0l/vcs81wv15fz2hx942wfs7x9h0000gn/T/arm-run.fVIGoR/src/bench/cmd/bench/lookprobe_test.go:84
         0     0% 92.05%      2.88s 31.37%  github.com/TomTonic/multimap/internal/art.(*Map[go.shape.uint64]).Each /private/var/folders/0l/vcs81wv15fz2hx942wfs7x9h0000gn/T/arm-run.fVIGoR/src/internal/art/map.go:138
         0     0% 92.05%      2.86s 31.15%  github.com/TomTonic/multimap/internal/art.(*Map[go.shape.uint64]).pageEach /private/var/folders/0l/vcs81wv15fz2hx942wfs7x9h0000gn/T/arm-run.fVIGoR/src/internal/art/mkkey.go:391
         0     0% 92.05%      0.84s  9.15%  github.com/TomTonic/multimap/internal/art.(*Tree).find /private/var/folders/0l/vcs81wv15fz2hx942wfs7x9h0000gn/T/arm-run.fVIGoR/src/internal/art/lookup.go:45
         0     0% 92.05%      0.19s  2.07%  github.com/TomTonic/multimap/internal/art.(*Tree).find /private/var/folders/0l/vcs81wv15fz2hx942wfs7x9h0000gn/T/arm-run.fVIGoR/src/internal/art/lookup.go:65
         0     0% 92.05%      0.09s  0.98%  github.com/TomTonic/multimap/internal/art.(*Tree).find /private/var/folders/0l/vcs81wv15fz2hx942wfs7x9h0000gn/T/arm-run.fVIGoR/src/internal/art/lookup.go:74
         0     0% 92.05%      0.07s  0.76%  github.com/TomTonic/multimap/internal/art.prefixMatches /private/var/folders/0l/vcs81wv15fz2hx942wfs7x9h0000gn/T/arm-run.fVIGoR/src/internal/art/prefix.go:212
         0     0% 92.05%      0.14s  1.53%  runtime.gopreempt_m /opt/homebrew/Cellar/go/1.27.2/libexec/src/runtime/proc.go:4377 (inline)
         0     0% 92.05%      0.14s  1.53%  runtime.goschedImpl /opt/homebrew/Cellar/go/1.27.2/libexec/src/runtime/proc.go:4357
         0     0% 92.05%      0.14s  1.53%  runtime.morestack /opt/homebrew/Cellar/go/1.27.2/libexec/src/runtime/asm_arm64.s:487
         0     0% 92.05%      0.14s  1.53%  runtime.newstack /opt/homebrew/Cellar/go/1.27.2/libexec/src/runtime/stack.go:1174
         0     0% 92.05%      0.14s  1.53%  runtime.notewakeup /opt/homebrew/Cellar/go/1.27.2/libexec/src/runtime/lock_sema.go:42
         0     0% 92.05%      0.14s  1.53%  runtime.semawakeup /opt/homebrew/Cellar/go/1.27.2/libexec/src/runtime/os_darwin.go:85
         0     0% 92.05%      0.14s  1.53%  runtime.startm /opt/homebrew/Cellar/go/1.27.2/libexec/src/runtime/proc.go:3136
         0     0% 92.05%      0.14s  1.53%  runtime.wakep /opt/homebrew/Cellar/go/1.27.2/libexec/src/runtime/proc.go:3258
         0     0% 92.05%      9.03s 98.37%  testing.tRunner /opt/homebrew/Cellar/go/1.27.2/libexec/src/testing/testing.go:2195

lookups dirs single-value n=65536: ordered 185.4 ns
--- PASS: TestLookProbe (206.03s)
PASS
ok  	github.com/TomTonic/multimap/bench/cmd/bench	206.413s
