== street unique n=4096 valuesFor: ordered vs btree-map
A: 67.36 ns per operation (median)
B: 125.5 ns per operation (median)
A needs 46.1% less time than B: B takes 1.86 times as long as A.
With 95% confidence the difference lies between 45.7% and 47.2% less time (B takes between 1.84 and 1.89 times as long as A).
Noise floor: 1.29%. Identical code measured against itself on this setup can look that different, so smaller differences mean nothing.
Neighbouring measurements are nearly independent (autocorrelation -0.47), so they were resampled one by one.

Verdict: RESOLVED. A is faster than B: the difference is real, as its interval excludes zero and it exceeds the noise floor.

Warnings:
  - the program holds 64 MB of live data, more than the caches of many machines; for data that size, where it lies in memory can shift the result by several points in ways the interval does not cover, and differently in the next process; run the comparison in several processes with the multiproc package

== street unique n=4096 valuesFor: ordered vs ordered-lpage
A: 68.04 ns per operation (median)
B: 127.1 ns per operation (median)
A needs 46.6% less time than B: B takes 1.87 times as long as A.
With 95% confidence the difference lies between 45.6% and 47% less time (B takes between 1.84 and 1.89 times as long as A).
Noise floor: 0.645%. Identical code measured against itself on this setup can look that different, so smaller differences mean nothing.
Neighbouring measurements are nearly independent (autocorrelation -0.42), so they were resampled one by one.

Verdict: RESOLVED. A is faster than B: the difference is real, as its interval excludes zero and it exceeds the noise floor.

Warnings:
  - the program holds 67 MB of live data, more than the caches of many machines; for data that size, where it lies in memory can shift the result by several points in ways the interval does not cover, and differently in the next process; run the comparison in several processes with the multiproc package
  - candidate A drifted during the run: its measurements were 2.93% higher in the second half than in the first, so the machine did not hold still
  - candidate B drifted during the run: its measurements were 2.18% higher in the second half than in the first, so the machine did not hold still

== street unique n=4096 valuesFor: ordered vs ordered-lpage-zc
A: 67.05 ns per operation (median)
B: 107.3 ns per operation (median)
A needs 37.7% less time than B: B takes 1.61 times as long as A.
With 95% confidence the difference lies between 36.5% and 38.2% less time (B takes between 1.57 and 1.62 times as long as A).
Noise floor: 1.44%. Identical code measured against itself on this setup can look that different, so smaller differences mean nothing.
Neighbouring measurements are nearly independent (autocorrelation -0.66), so they were resampled one by one.

Verdict: RESOLVED. A is faster than B: the difference is real, as its interval excludes zero and it exceeds the noise floor.

Warnings:
  - the program holds 67 MB of live data, more than the caches of many machines; for data that size, where it lies in memory can shift the result by several points in ways the interval does not cover, and differently in the next process; run the comparison in several processes with the multiproc package

== street unique n=4096 valuesBetween: ordered vs btree-map
A: 2511 ns per operation (median)
B: 1599 ns per operation (median)
A needs 55.9% more time than B: B takes only 0.64 times as long as A.
With 95% confidence the difference lies between 53.1% and 60.2% more time (B takes between 0.624 and 0.65 times as long as A).
Noise floor: 1.93%. Identical code measured against itself on this setup can look that different, so smaller differences mean nothing.
Neighbouring measurements are nearly independent (autocorrelation -0.70), so they were resampled one by one.

Verdict: RESOLVED. A is slower than B: the difference is real, as its interval excludes zero and it exceeds the noise floor.

Warnings:
  - the program holds 67 MB of live data, more than the caches of many machines; for data that size, where it lies in memory can shift the result by several points in ways the interval does not cover, and differently in the next process; run the comparison in several processes with the multiproc package

== street unique n=4096 valuesBetween: ordered vs ordered-lpage
A: 2493 ns per operation (median)
B: 1315 ns per operation (median)
A needs 86.8% more time than B: B takes only 0.54 times as long as A.
With 95% confidence the difference lies between 83.5% and 92.8% more time (B takes between 0.519 and 0.54 times as long as A).
Noise floor: 1.59%. Identical code measured against itself on this setup can look that different, so smaller differences mean nothing.
Neighbouring measurements are nearly independent (autocorrelation +0.04), so they were resampled one by one.

Verdict: RESOLVED. A is slower than B: the difference is real, as its interval excludes zero and it exceeds the noise floor.

Warnings:
  - the program holds 67 MB of live data, more than the caches of many machines; for data that size, where it lies in memory can shift the result by several points in ways the interval does not cover, and differently in the next process; run the comparison in several processes with the multiproc package
  - 5.7% of bootstrap replicates tied, so the measurement is coarse relative to the question; lower CollectOptions.MaxQuantizationError to lengthen the batches

== street unique n=4096 valuesBetween: ordered vs ordered-lpage-zc
A: 2488 ns per operation (median)
B: 1062 ns per operation (median)
A needs 134% more time than B: B takes only 0.43 times as long as A.
With 95% confidence the difference lies between 130% and 143% more time (B takes between 0.411 and 0.43 times as long as A).
Noise floor: 2.27%. Identical code measured against itself on this setup can look that different, so smaller differences mean nothing.
Neighbouring measurements are nearly independent (autocorrelation -0.67), so they were resampled one by one.

Verdict: RESOLVED. A is slower than B: the difference is real, as its interval excludes zero and it exceeds the noise floor.

Warnings:
  - the program holds 69 MB of live data, more than the caches of many machines; for data that size, where it lies in memory can shift the result by several points in ways the interval does not cover, and differently in the next process; run the comparison in several processes with the multiproc package

== street unique n=4096 prefix: ordered vs btree-map
A: 285.3 ns per operation (median)
B: 248.5 ns per operation (median)
A needs 16.1% more time than B: B takes only 0.86 times as long as A.
With 95% confidence the difference lies between 14.4% and 18.2% more time (B takes between 0.846 and 0.87 times as long as A).
Noise floor: 3.26%. Identical code measured against itself on this setup can look that different, so smaller differences mean nothing.
Neighbouring measurements are nearly independent (autocorrelation -0.84), so they were resampled one by one.

Verdict: RESOLVED. A is slower than B: the difference is real, as its interval excludes zero and it exceeds the noise floor.

Warnings:
  - the program holds 69 MB of live data, more than the caches of many machines; for data that size, where it lies in memory can shift the result by several points in ways the interval does not cover, and differently in the next process; run the comparison in several processes with the multiproc package

== street unique n=4096 prefix: ordered vs ordered-lpage
A: 284.5 ns per operation (median)
B: 273 ns per operation (median)
A needs 4.76% more time than B: B takes only 0.95 times as long as A.
With 95% confidence the difference lies between 2.42% and 6.56% more time (B takes between 0.938 and 0.98 times as long as A).
Noise floor: 0.57%. Identical code measured against itself on this setup can look that different, so smaller differences mean nothing.
Neighbouring measurements are nearly independent (autocorrelation +0.04), so they were resampled one by one.

Verdict: RESOLVED. A is slower than B: the difference is real, as its interval excludes zero and it exceeds the noise floor.

Warnings:
  - the program holds 68 MB of live data, more than the caches of many machines; for data that size, where it lies in memory can shift the result by several points in ways the interval does not cover, and differently in the next process; run the comparison in several processes with the multiproc package

== street unique n=4096 prefix: ordered vs ordered-lpage-zc
A: 283.6 ns per operation (median)
B: 233.8 ns per operation (median)
A needs 21.1% more time than B: B takes only 0.83 times as long as A.
With 95% confidence the difference lies between 19.4% and 24.2% more time (B takes between 0.805 and 0.84 times as long as A).
Noise floor: 0.944%. Identical code measured against itself on this setup can look that different, so smaller differences mean nothing.
Neighbouring measurements are nearly independent (autocorrelation -0.74), so they were resampled one by one.

Verdict: RESOLVED. A is slower than B: the difference is real, as its interval excludes zero and it exceeds the noise floor.

Warnings:
  - the program holds 68 MB of live data, more than the caches of many machines; for data that size, where it lies in memory can shift the result by several points in ways the interval does not cover, and differently in the next process; run the comparison in several processes with the multiproc package

== street unique n=4096 churn and build: ordered vs btree-map
steady state, per insertion or deletion in a structure of 4096 elements (cycle of 10684 operations, first pass untimed):
  A: 159.3 ns per operation (median)
  B: 187.1 ns per operation (median)
  A needs 14.6% less time than B: B takes 1.17 times as long as A.
  With 95% confidence the difference lies between 12.9% and 16.3% less time (B takes between 1.15 and 1.20 times as long as A).
  Noise floor: 0.741%. Identical code measured against itself on this setup can look that different, so smaller differences mean nothing.
  Neighbouring measurements are nearly independent (autocorrelation -0.05), so they were resampled one by one.
  
  Verdict: RESOLVED. A is faster than B: the difference is real, as its interval excludes zero and it exceeds the noise floor.
  
  Warnings:
    - the program holds 68 MB of live data, more than the caches of many machines; for data that size, where it lies in memory can shift the result by several points in ways the interval does not cover, and differently in the next process; run the comparison in several processes with the multiproc package

build from empty to 4096 elements, per whole build (14748 operations):
  A: 2.182e+06 ns per operation (median)
  B: 2.753e+06 ns per operation (median)
  A needs 21% less time than B: B takes 1.27 times as long as A.
  With 95% confidence the difference lies between 20.3% and 21.1% less time (B takes between 1.26 and 1.27 times as long as A).
  Noise floor: 0.412%. Identical code measured against itself on this setup can look that different, so smaller differences mean nothing.
  Neighbouring measurements are nearly independent (autocorrelation -0.06), so they were resampled one by one.
  
  Verdict: RESOLVED. A is faster than B: the difference is real, as its interval excludes zero and it exceeds the noise floor.
  
  Warnings:
    - the program holds 67 MB of live data, more than the caches of many machines; for data that size, where it lies in memory can shift the result by several points in ways the interval does not cover, and differently in the next process; run the comparison in several processes with the multiproc package

== street unique n=4096 churn and build: ordered vs ordered-lpage
steady state, per insertion or deletion in a structure of 4096 elements (cycle of 10684 operations, first pass untimed):
  A: 159 ns per operation (median)
  B: 242.4 ns per operation (median)
  A needs 34.8% less time than B: B takes 1.53 times as long as A.
  With 95% confidence the difference lies between 33.8% and 35.3% less time (B takes between 1.51 and 1.55 times as long as A).
  Noise floor: 0.699%. Identical code measured against itself on this setup can look that different, so smaller differences mean nothing.
  Neighbouring measurements are correlated (autocorrelation +0.22), so they were resampled in blocks of 3.
  
  Verdict: RESOLVED. A is faster than B: the difference is real, as its interval excludes zero and it exceeds the noise floor.
  
  Warnings:
    - the program holds 68 MB of live data, more than the caches of many machines; for data that size, where it lies in memory can shift the result by several points in ways the interval does not cover, and differently in the next process; run the comparison in several processes with the multiproc package
    - in 50% of A/A runs this setup reported a difference between identical code, well above the 10% expected; treat any confidence from it with suspicion

build from empty to 4096 elements, per whole build (14748 operations):
  A: 2.191e+06 ns per operation (median)
  B: 3.973e+06 ns per operation (median)
  A needs 44.9% less time than B: B takes 1.82 times as long as A.
  With 95% confidence the difference lies between 44.4% and 45.1% less time (B takes between 1.8 and 1.82 times as long as A).
  Noise floor: 0.315%. Identical code measured against itself on this setup can look that different, so smaller differences mean nothing.
  Neighbouring measurements are nearly independent (autocorrelation +0.09), so they were resampled one by one.
  
  Verdict: RESOLVED. A is faster than B: the difference is real, as its interval excludes zero and it exceeds the noise floor.
  
  Warnings:
    - the program holds 67 MB of live data, more than the caches of many machines; for data that size, where it lies in memory can shift the result by several points in ways the interval does not cover, and differently in the next process; run the comparison in several processes with the multiproc package

== street unique n=4096 churn and build: ordered vs ordered-lpage-zc
steady state, per insertion or deletion in a structure of 4096 elements (cycle of 10684 operations, first pass untimed):
  A: 163.6 ns per operation (median)
  B: 315.6 ns per operation (median)
  A needs 48.9% less time than B: B takes 1.96 times as long as A.
  With 95% confidence the difference lies between 47.7% and 49.4% less time (B takes between 1.91 and 1.98 times as long as A).
  Noise floor: 1.08%. Identical code measured against itself on this setup can look that different, so smaller differences mean nothing.
  Neighbouring measurements are correlated (autocorrelation +0.46), so they were resampled in blocks of 3.
  
  Verdict: RESOLVED. A is faster than B: the difference is real, as its interval excludes zero and it exceeds the noise floor.
  
  Warnings:
    - the program holds 70 MB of live data, more than the caches of many machines; for data that size, where it lies in memory can shift the result by several points in ways the interval does not cover, and differently in the next process; run the comparison in several processes with the multiproc package

build from empty to 4096 elements, per whole build (14748 operations):
  A: 2.193e+06 ns per operation (median)
  B: 4.948e+06 ns per operation (median)
  A needs 55.7% less time than B: B takes 2.26 times as long as A.
  With 95% confidence the difference lies between 55.4% and 57.3% less time (B takes between 2.24 and 2.34 times as long as A).
  Noise floor: 0.992%. Identical code measured against itself on this setup can look that different, so smaller differences mean nothing.
  Neighbouring measurements are correlated (autocorrelation +0.26), so they were resampled in blocks of 3.
  
  Verdict: RESOLVED. A is faster than B: the difference is real, as its interval excludes zero and it exceeds the noise floor.
  
  Warnings:
    - the program holds 67 MB of live data, more than the caches of many machines; for data that size, where it lies in memory can shift the result by several points in ways the interval does not cover, and differently in the next process; run the comparison in several processes with the multiproc package

checksum 12416110627920817575
== street unique n=4096 valuesFor: ordered vs btree-map
A: 67.44 ns per operation (median)
B: 126.5 ns per operation (median)
A needs 46% less time than B: B takes 1.85 times as long as A.
With 95% confidence the difference lies between 45.8% and 47.6% less time (B takes between 1.84 and 1.91 times as long as A).
Noise floor: 1.14%. Identical code measured against itself on this setup can look that different, so smaller differences mean nothing.
Neighbouring measurements are nearly independent (autocorrelation -0.46), so they were resampled one by one.

Verdict: RESOLVED. A is faster than B: the difference is real, as its interval excludes zero and it exceeds the noise floor.

Warnings:
  - the program holds 55 MB of live data, more than the caches of many machines; for data that size, where it lies in memory can shift the result by several points in ways the interval does not cover, and differently in the next process; run the comparison in several processes with the multiproc package

== street unique n=4096 valuesFor: ordered vs ordered-lpage
A: 67.61 ns per operation (median)
B: 127.8 ns per operation (median)
A needs 47.1% less time than B: B takes 1.89 times as long as A.
With 95% confidence the difference lies between 46.6% and 47.4% less time (B takes between 1.87 and 1.90 times as long as A).
Noise floor: 0.996%. Identical code measured against itself on this setup can look that different, so smaller differences mean nothing.
Neighbouring measurements are nearly independent (autocorrelation -0.18), so they were resampled one by one.

Verdict: RESOLVED. A is faster than B: the difference is real, as its interval excludes zero and it exceeds the noise floor.

Warnings:
  - the program holds 67 MB of live data, more than the caches of many machines; for data that size, where it lies in memory can shift the result by several points in ways the interval does not cover, and differently in the next process; run the comparison in several processes with the multiproc package
  - candidate A drifted during the run: its measurements were 1.49% higher in the second half than in the first, so the machine did not hold still
  - candidate B drifted during the run: its measurements were 2.62% higher in the second half than in the first, so the machine did not hold still

== street unique n=4096 valuesFor: ordered vs ordered-lpage-zc
A: 67.17 ns per operation (median)
B: 107.1 ns per operation (median)
A needs 37.3% less time than B: B takes 1.60 times as long as A.
With 95% confidence the difference lies between 36.5% and 38.4% less time (B takes between 1.58 and 1.62 times as long as A).
Noise floor: 0.797%. Identical code measured against itself on this setup can look that different, so smaller differences mean nothing.
Neighbouring measurements are nearly independent (autocorrelation -0.38), so they were resampled one by one.

Verdict: RESOLVED. A is faster than B: the difference is real, as its interval excludes zero and it exceeds the noise floor.

Warnings:
  - the program holds 67 MB of live data, more than the caches of many machines; for data that size, where it lies in memory can shift the result by several points in ways the interval does not cover, and differently in the next process; run the comparison in several processes with the multiproc package

== street unique n=4096 valuesBetween: ordered vs btree-map
A: 2523 ns per operation (median)
B: 1610 ns per operation (median)
A needs 57.8% more time than B: B takes only 0.63 times as long as A.
With 95% confidence the difference lies between 53.3% and 61.5% more time (B takes between 0.619 and 0.65 times as long as A).
Noise floor: 1.69%. Identical code measured against itself on this setup can look that different, so smaller differences mean nothing.
Neighbouring measurements are nearly independent (autocorrelation -0.49), so they were resampled one by one.

Verdict: RESOLVED. A is slower than B: the difference is real, as its interval excludes zero and it exceeds the noise floor.

Warnings:
  - the program holds 67 MB of live data, more than the caches of many machines; for data that size, where it lies in memory can shift the result by several points in ways the interval does not cover, and differently in the next process; run the comparison in several processes with the multiproc package

== street unique n=4096 valuesBetween: ordered vs ordered-lpage
A: 2508 ns per operation (median)
B: 1390 ns per operation (median)
A needs 79% more time than B: B takes only 0.56 times as long as A.
With 95% confidence the difference lies between 76.2% and 80.6% more time (B takes between 0.554 and 0.57 times as long as A).
Noise floor: 0.578%. Identical code measured against itself on this setup can look that different, so smaller differences mean nothing.
Neighbouring measurements are nearly independent (autocorrelation -0.21), so they were resampled one by one.

Verdict: RESOLVED. A is slower than B: the difference is real, as its interval excludes zero and it exceeds the noise floor.

Warnings:
  - the program holds 68 MB of live data, more than the caches of many machines; for data that size, where it lies in memory can shift the result by several points in ways the interval does not cover, and differently in the next process; run the comparison in several processes with the multiproc package

== street unique n=4096 valuesBetween: ordered vs ordered-lpage-zc
A: 2532 ns per operation (median)
B: 1067 ns per operation (median)
A needs 134% more time than B: B takes only 0.43 times as long as A.
With 95% confidence the difference lies between 130% and 144% more time (B takes between 0.41 and 0.43 times as long as A).
Noise floor: 2.51%. Identical code measured against itself on this setup can look that different, so smaller differences mean nothing.
Neighbouring measurements are nearly independent (autocorrelation -0.48), so they were resampled one by one.

Verdict: RESOLVED. A is slower than B: the difference is real, as its interval excludes zero and it exceeds the noise floor.

Warnings:
  - the program holds 68 MB of live data, more than the caches of many machines; for data that size, where it lies in memory can shift the result by several points in ways the interval does not cover, and differently in the next process; run the comparison in several processes with the multiproc package

== street unique n=4096 prefix: ordered vs btree-map
A: 285.4 ns per operation (median)
B: 248.2 ns per operation (median)
A needs 16.7% more time than B: B takes only 0.86 times as long as A.
With 95% confidence the difference lies between 11.3% and 19.7% more time (B takes between 0.835 and 0.90 times as long as A).
Noise floor: 2.6%. Identical code measured against itself on this setup can look that different, so smaller differences mean nothing.
Neighbouring measurements are nearly independent (autocorrelation -0.87), so they were resampled one by one.

Verdict: RESOLVED. A is slower than B: the difference is real, as its interval excludes zero and it exceeds the noise floor.

Warnings:
  - the program holds 68 MB of live data, more than the caches of many machines; for data that size, where it lies in memory can shift the result by several points in ways the interval does not cover, and differently in the next process; run the comparison in several processes with the multiproc package

== street unique n=4096 prefix: ordered vs ordered-lpage
A: 284.7 ns per operation (median)
B: 270.4 ns per operation (median)
A needs 3.89% more time than B: B takes only 0.96 times as long as A.
With 95% confidence the difference lies between 3.35% and 7.54% more time (B takes between 0.93 and 0.97 times as long as A).
Noise floor: 0.977%. Identical code measured against itself on this setup can look that different, so smaller differences mean nothing.
Neighbouring measurements are nearly independent (autocorrelation -0.38), so they were resampled one by one.

Verdict: RESOLVED. A is slower than B: the difference is real, as its interval excludes zero and it exceeds the noise floor.

Warnings:
  - the program holds 67 MB of live data, more than the caches of many machines; for data that size, where it lies in memory can shift the result by several points in ways the interval does not cover, and differently in the next process; run the comparison in several processes with the multiproc package

== street unique n=4096 prefix: ordered vs ordered-lpage-zc
A: 282.4 ns per operation (median)
B: 234 ns per operation (median)
A needs 20.2% more time than B: B takes only 0.83 times as long as A.
With 95% confidence the difference lies between 18.6% and 24% more time (B takes between 0.807 and 0.84 times as long as A).
Noise floor: 0.795%. Identical code measured against itself on this setup can look that different, so smaller differences mean nothing.
Neighbouring measurements are nearly independent (autocorrelation -0.44), so they were resampled one by one.

Verdict: RESOLVED. A is slower than B: the difference is real, as its interval excludes zero and it exceeds the noise floor.

Warnings:
  - the program holds 67 MB of live data, more than the caches of many machines; for data that size, where it lies in memory can shift the result by several points in ways the interval does not cover, and differently in the next process; run the comparison in several processes with the multiproc package

== street unique n=4096 churn and build: ordered vs btree-map
steady state, per insertion or deletion in a structure of 4096 elements (cycle of 10684 operations, first pass untimed):
  A: 159.2 ns per operation (median)
  B: 188.5 ns per operation (median)
  A needs 15.5% less time than B: B takes 1.18 times as long as A.
  With 95% confidence the difference lies between 14.4% and 16.8% less time (B takes between 1.17 and 1.20 times as long as A).
  Noise floor: 1.26%. Identical code measured against itself on this setup can look that different, so smaller differences mean nothing.
  Neighbouring measurements are nearly independent (autocorrelation -0.03), so they were resampled one by one.
  
  Verdict: RESOLVED. A is faster than B: the difference is real, as its interval excludes zero and it exceeds the noise floor.
  
  Warnings:
    - the program holds 68 MB of live data, more than the caches of many machines; for data that size, where it lies in memory can shift the result by several points in ways the interval does not cover, and differently in the next process; run the comparison in several processes with the multiproc package
    - candidate B drifted during the run: its measurements were 1.28% lower in the second half than in the first, so the machine did not hold still

build from empty to 4096 elements, per whole build (14748 operations):
  A: 2.194e+06 ns per operation (median)
  B: 2.75e+06 ns per operation (median)
  A needs 20.1% less time than B: B takes 1.25 times as long as A.
  With 95% confidence the difference lies between 19.5% and 20.6% less time (B takes between 1.24 and 1.26 times as long as A).
  Noise floor: 0.606%. Identical code measured against itself on this setup can look that different, so smaller differences mean nothing.
  Neighbouring measurements are nearly independent (autocorrelation -0.02), so they were resampled one by one.
  
  Verdict: RESOLVED. A is faster than B: the difference is real, as its interval excludes zero and it exceeds the noise floor.
  
  Warnings:
    - the program holds 67 MB of live data, more than the caches of many machines; for data that size, where it lies in memory can shift the result by several points in ways the interval does not cover, and differently in the next process; run the comparison in several processes with the multiproc package

== street unique n=4096 churn and build: ordered vs ordered-lpage
steady state, per insertion or deletion in a structure of 4096 elements (cycle of 10684 operations, first pass untimed):
  A: 161.6 ns per operation (median)
  B: 246.4 ns per operation (median)
  A needs 34.3% less time than B: B takes 1.52 times as long as A.
  With 95% confidence the difference lies between 33.1% and 35.4% less time (B takes between 1.49 and 1.55 times as long as A).
  Noise floor: 0.805%. Identical code measured against itself on this setup can look that different, so smaller differences mean nothing.
  Neighbouring measurements are nearly independent (autocorrelation +0.01), so they were resampled one by one.
  
  Verdict: RESOLVED. A is faster than B: the difference is real, as its interval excludes zero and it exceeds the noise floor.
  
  Warnings:
    - the program holds 68 MB of live data, more than the caches of many machines; for data that size, where it lies in memory can shift the result by several points in ways the interval does not cover, and differently in the next process; run the comparison in several processes with the multiproc package

build from empty to 4096 elements, per whole build (14748 operations):
  A: 2.251e+06 ns per operation (median)
  B: 4.002e+06 ns per operation (median)
  A needs 44.6% less time than B: B takes 1.80 times as long as A.
  With 95% confidence the difference lies between 44% and 45% less time (B takes between 1.78 and 1.82 times as long as A).
  Noise floor: 0.816%. Identical code measured against itself on this setup can look that different, so smaller differences mean nothing.
  Neighbouring measurements are nearly independent (autocorrelation +0.01), so they were resampled one by one.
  
  Verdict: RESOLVED. A is faster than B: the difference is real, as its interval excludes zero and it exceeds the noise floor.
  
  Warnings:
    - the program holds 67 MB of live data, more than the caches of many machines; for data that size, where it lies in memory can shift the result by several points in ways the interval does not cover, and differently in the next process; run the comparison in several processes with the multiproc package

== street unique n=4096 churn and build: ordered vs ordered-lpage-zc
steady state, per insertion or deletion in a structure of 4096 elements (cycle of 10684 operations, first pass untimed):
  A: 162 ns per operation (median)
  B: 312.1 ns per operation (median)
  A needs 47.7% less time than B: B takes 1.91 times as long as A.
  With 95% confidence the difference lies between 47.2% and 48.4% less time (B takes between 1.89 and 1.94 times as long as A).
  Noise floor: 0.773%. Identical code measured against itself on this setup can look that different, so smaller differences mean nothing.
  Neighbouring measurements are correlated (autocorrelation +0.38), so they were resampled in blocks of 3.
  
  Verdict: RESOLVED. A is faster than B: the difference is real, as its interval excludes zero and it exceeds the noise floor.
  
  Warnings:
    - the program holds 68 MB of live data, more than the caches of many machines; for data that size, where it lies in memory can shift the result by several points in ways the interval does not cover, and differently in the next process; run the comparison in several processes with the multiproc package
    - candidate A drifted during the run: its measurements were 2.86% lower in the second half than in the first, so the machine did not hold still
    - the ratio B/A was 3.45% higher in the second half of the run than in the first, so the candidates had not reached a steady state and the difference depends on how long the run was; a common cause is a head start for whichever candidate ran alone last before the comparison or had its data built last, which a longer CollectOptions.WarmupDuration removes

build from empty to 4096 elements, per whole build (14748 operations):
  A: 2.192e+06 ns per operation (median)
  B: 4.933e+06 ns per operation (median)
  A needs 55.6% less time than B: B takes 2.25 times as long as A.
  With 95% confidence the difference lies between 55% and 55.9% less time (B takes between 2.22 and 2.27 times as long as A).
  Noise floor: 1.02%. Identical code measured against itself on this setup can look that different, so smaller differences mean nothing.
  Neighbouring measurements are nearly independent (autocorrelation -0.11), so they were resampled one by one.
  
  Verdict: RESOLVED. A is faster than B: the difference is real, as its interval excludes zero and it exceeds the noise floor.
  
  Warnings:
    - the program holds 67 MB of live data, more than the caches of many machines; for data that size, where it lies in memory can shift the result by several points in ways the interval does not cover, and differently in the next process; run the comparison in several processes with the multiproc package
    - the ratio B/A was 1.35% higher in the second half of the run than in the first, so the candidates had not reached a steady state and the difference depends on how long the run was; a common cause is a head start for whichever candidate ran alone last before the comparison or had its data built last, which a longer CollectOptions.WarmupDuration removes
    - in 50% of A/A runs this setup reported a difference between identical code, well above the 10% expected; treat any confidence from it with suspicion

checksum 12213222766136369959
== street unique n=4096 valuesFor: ordered vs btree-map
A: 67.46 ns per operation (median)
B: 125.1 ns per operation (median)
A needs 45.8% less time than B: B takes 1.85 times as long as A.
With 95% confidence the difference lies between 45.4% and 46.8% less time (B takes between 1.83 and 1.88 times as long as A).
Noise floor: 1.18%. Identical code measured against itself on this setup can look that different, so smaller differences mean nothing.
Neighbouring measurements are nearly independent (autocorrelation -0.24), so they were resampled one by one.

Verdict: RESOLVED. A is faster than B: the difference is real, as its interval excludes zero and it exceeds the noise floor.

Warnings:
  - the program holds 71 MB of live data, more than the caches of many machines; for data that size, where it lies in memory can shift the result by several points in ways the interval does not cover, and differently in the next process; run the comparison in several processes with the multiproc package

== street unique n=4096 valuesFor: ordered vs ordered-lpage
A: 67.17 ns per operation (median)
B: 127.1 ns per operation (median)
A needs 47.2% less time than B: B takes 1.89 times as long as A.
With 95% confidence the difference lies between 47% and 47.4% less time (B takes between 1.89 and 1.90 times as long as A).
Noise floor: 0.959%. Identical code measured against itself on this setup can look that different, so smaller differences mean nothing.
Neighbouring measurements are correlated (autocorrelation +0.37), so they were resampled in blocks of 3.

Verdict: RESOLVED. A is faster than B: the difference is real, as its interval excludes zero and it exceeds the noise floor.

Warnings:
  - the program holds 71 MB of live data, more than the caches of many machines; for data that size, where it lies in memory can shift the result by several points in ways the interval does not cover, and differently in the next process; run the comparison in several processes with the multiproc package

== street unique n=4096 valuesFor: ordered vs ordered-lpage-zc
A: 67.05 ns per operation (median)
B: 107 ns per operation (median)
A needs 37.4% less time than B: B takes 1.60 times as long as A.
With 95% confidence the difference lies between 36.5% and 38% less time (B takes between 1.58 and 1.61 times as long as A).
Noise floor: 0.642%. Identical code measured against itself on this setup can look that different, so smaller differences mean nothing.
Neighbouring measurements are nearly independent (autocorrelation -0.23), so they were resampled one by one.

Verdict: RESOLVED. A is faster than B: the difference is real, as its interval excludes zero and it exceeds the noise floor.

Warnings:
  - the program holds 68 MB of live data, more than the caches of many machines; for data that size, where it lies in memory can shift the result by several points in ways the interval does not cover, and differently in the next process; run the comparison in several processes with the multiproc package

== street unique n=4096 valuesBetween: ordered vs btree-map
A: 2505 ns per operation (median)
B: 1585 ns per operation (median)
A needs 56.7% more time than B: B takes only 0.64 times as long as A.
With 95% confidence the difference lies between 53.7% and 62.1% more time (B takes between 0.617 and 0.65 times as long as A).
Noise floor: 1.67%. Identical code measured against itself on this setup can look that different, so smaller differences mean nothing.
Neighbouring measurements are nearly independent (autocorrelation -0.73), so they were resampled one by one.

Verdict: RESOLVED. A is slower than B: the difference is real, as its interval excludes zero and it exceeds the noise floor.

Warnings:
  - the program holds 68 MB of live data, more than the caches of many machines; for data that size, where it lies in memory can shift the result by several points in ways the interval does not cover, and differently in the next process; run the comparison in several processes with the multiproc package

== street unique n=4096 valuesBetween: ordered vs ordered-lpage
A: 2501 ns per operation (median)
B: 1316 ns per operation (median)
A needs 90.2% more time than B: B takes only 0.53 times as long as A.
With 95% confidence the difference lies between 85.9% and 93.2% more time (B takes between 0.518 and 0.54 times as long as A).
Noise floor: 1.62%. Identical code measured against itself on this setup can look that different, so smaller differences mean nothing.
Neighbouring measurements are nearly independent (autocorrelation -0.21), so they were resampled one by one.

Verdict: RESOLVED. A is slower than B: the difference is real, as its interval excludes zero and it exceeds the noise floor.

Warnings:
  - the program holds 68 MB of live data, more than the caches of many machines; for data that size, where it lies in memory can shift the result by several points in ways the interval does not cover, and differently in the next process; run the comparison in several processes with the multiproc package

== street unique n=4096 valuesBetween: ordered vs ordered-lpage-zc
A: 2491 ns per operation (median)
B: 1059 ns per operation (median)
A needs 134% more time than B: B takes only 0.43 times as long as A.
With 95% confidence the difference lies between 131% and 143% more time (B takes between 0.411 and 0.43 times as long as A).
Noise floor: 2.44%. Identical code measured against itself on this setup can look that different, so smaller differences mean nothing.
Neighbouring measurements are nearly independent (autocorrelation -0.27), so they were resampled one by one.

Verdict: RESOLVED. A is slower than B: the difference is real, as its interval excludes zero and it exceeds the noise floor.

Warnings:
  - the program holds 68 MB of live data, more than the caches of many machines; for data that size, where it lies in memory can shift the result by several points in ways the interval does not cover, and differently in the next process; run the comparison in several processes with the multiproc package

== street unique n=4096 prefix: ordered vs btree-map
A: 284.8 ns per operation (median)
B: 246 ns per operation (median)
A needs 18.6% more time than B: B takes only 0.84 times as long as A.
With 95% confidence the difference lies between 14.5% and 20% more time (B takes between 0.834 and 0.87 times as long as A).
Noise floor: 2.61%. Identical code measured against itself on this setup can look that different, so smaller differences mean nothing.
Neighbouring measurements are nearly independent (autocorrelation -0.17), so they were resampled one by one.

Verdict: RESOLVED. A is slower than B: the difference is real, as its interval excludes zero and it exceeds the noise floor.

Warnings:
  - the program holds 67 MB of live data, more than the caches of many machines; for data that size, where it lies in memory can shift the result by several points in ways the interval does not cover, and differently in the next process; run the comparison in several processes with the multiproc package

== street unique n=4096 prefix: ordered vs ordered-lpage
A: 296.9 ns per operation (median)
B: 281.6 ns per operation (median)
A needs 5.41% more time than B: B takes only 0.95 times as long as A.
With 95% confidence the difference lies between 3.48% and 7.73% more time (B takes between 0.928 and 0.97 times as long as A).
Noise floor: 0.748%. Identical code measured against itself on this setup can look that different, so smaller differences mean nothing.
Neighbouring measurements are nearly independent (autocorrelation -0.11), so they were resampled one by one.

Verdict: RESOLVED. A is slower than B: the difference is real, as its interval excludes zero and it exceeds the noise floor.

Warnings:
  - the program holds 67 MB of live data, more than the caches of many machines; for data that size, where it lies in memory can shift the result by several points in ways the interval does not cover, and differently in the next process; run the comparison in several processes with the multiproc package
  - candidate B drifted during the run: its measurements were 4.87% higher in the second half than in the first, so the machine did not hold still

== street unique n=4096 prefix: ordered vs ordered-lpage-zc
A: 283.2 ns per operation (median)
B: 233.5 ns per operation (median)
A needs 22.1% more time than B: B takes only 0.82 times as long as A.
With 95% confidence the difference lies between 19.6% and 23.5% more time (B takes between 0.81 and 0.84 times as long as A).
Noise floor: 0.602%. Identical code measured against itself on this setup can look that different, so smaller differences mean nothing.
Neighbouring measurements are nearly independent (autocorrelation -0.82), so they were resampled one by one.

Verdict: RESOLVED. A is slower than B: the difference is real, as its interval excludes zero and it exceeds the noise floor.

Warnings:
  - the program holds 67 MB of live data, more than the caches of many machines; for data that size, where it lies in memory can shift the result by several points in ways the interval does not cover, and differently in the next process; run the comparison in several processes with the multiproc package

== street unique n=4096 churn and build: ordered vs btree-map
steady state, per insertion or deletion in a structure of 4096 elements (cycle of 10684 operations, first pass untimed):
  A: 158.9 ns per operation (median)
  B: 187 ns per operation (median)
  A needs 14.6% less time than B: B takes 1.17 times as long as A.
  With 95% confidence the difference lies between 13.6% and 16.9% less time (B takes between 1.16 and 1.20 times as long as A).
  Noise floor: 0.999%. Identical code measured against itself on this setup can look that different, so smaller differences mean nothing.
  Neighbouring measurements are nearly independent (autocorrelation -0.03), so they were resampled one by one.
  
  Verdict: RESOLVED. A is faster than B: the difference is real, as its interval excludes zero and it exceeds the noise floor.
  
  Warnings:
    - the program holds 68 MB of live data, more than the caches of many machines; for data that size, where it lies in memory can shift the result by several points in ways the interval does not cover, and differently in the next process; run the comparison in several processes with the multiproc package

build from empty to 4096 elements, per whole build (14748 operations):
  A: 2.179e+06 ns per operation (median)
  B: 2.765e+06 ns per operation (median)
  A needs 21.2% less time than B: B takes 1.27 times as long as A.
  With 95% confidence the difference lies between 21% and 21.6% less time (B takes between 1.27 and 1.28 times as long as A).
  Noise floor: 0.392%. Identical code measured against itself on this setup can look that different, so smaller differences mean nothing.
  Neighbouring measurements are nearly independent (autocorrelation +0.06), so they were resampled one by one.
  
  Verdict: RESOLVED. A is faster than B: the difference is real, as its interval excludes zero and it exceeds the noise floor.
  
  Warnings:
    - the program holds 67 MB of live data, more than the caches of many machines; for data that size, where it lies in memory can shift the result by several points in ways the interval does not cover, and differently in the next process; run the comparison in several processes with the multiproc package

== street unique n=4096 churn and build: ordered vs ordered-lpage
steady state, per insertion or deletion in a structure of 4096 elements (cycle of 10684 operations, first pass untimed):
  A: 159.7 ns per operation (median)
  B: 244.2 ns per operation (median)
  A needs 33.9% less time than B: B takes 1.51 times as long as A.
  With 95% confidence the difference lies between 33% and 34.8% less time (B takes between 1.49 and 1.53 times as long as A).
  Noise floor: 1.24%. Identical code measured against itself on this setup can look that different, so smaller differences mean nothing.
  Neighbouring measurements are correlated (autocorrelation +0.22), so they were resampled in blocks of 3.
  
  Verdict: RESOLVED. A is faster than B: the difference is real, as its interval excludes zero and it exceeds the noise floor.
  
  Warnings:
    - the program holds 68 MB of live data, more than the caches of many machines; for data that size, where it lies in memory can shift the result by several points in ways the interval does not cover, and differently in the next process; run the comparison in several processes with the multiproc package
    - candidate A drifted during the run: its measurements were 1.66% lower in the second half than in the first, so the machine did not hold still
    - the ratio B/A was 2.36% higher in the second half of the run than in the first, so the candidates had not reached a steady state and the difference depends on how long the run was; a common cause is a head start for whichever candidate ran alone last before the comparison or had its data built last, which a longer CollectOptions.WarmupDuration removes
    - in 50% of A/A runs this setup reported a difference between identical code, well above the 10% expected; treat any confidence from it with suspicion

build from empty to 4096 elements, per whole build (14748 operations):
  A: 2.209e+06 ns per operation (median)
  B: 4.027e+06 ns per operation (median)
  A needs 45.1% less time than B: B takes 1.82 times as long as A.
  With 95% confidence the difference lies between 44.7% and 46% less time (B takes between 1.81 and 1.85 times as long as A).
  Noise floor: 0.507%. Identical code measured against itself on this setup can look that different, so smaller differences mean nothing.
  Neighbouring measurements are nearly independent (autocorrelation -0.35), so they were resampled one by one.
  
  Verdict: RESOLVED. A is faster than B: the difference is real, as its interval excludes zero and it exceeds the noise floor.
  
  Warnings:
    - the program holds 67 MB of live data, more than the caches of many machines; for data that size, where it lies in memory can shift the result by several points in ways the interval does not cover, and differently in the next process; run the comparison in several processes with the multiproc package

== street unique n=4096 churn and build: ordered vs ordered-lpage-zc
steady state, per insertion or deletion in a structure of 4096 elements (cycle of 10684 operations, first pass untimed):
  A: 160.4 ns per operation (median)
  B: 310.7 ns per operation (median)
  A needs 47.8% less time than B: B takes 1.92 times as long as A.
  With 95% confidence the difference lies between 47.4% and 48.9% less time (B takes between 1.9 and 1.96 times as long as A).
  Noise floor: 1.56%. Identical code measured against itself on this setup can look that different, so smaller differences mean nothing.
  Neighbouring measurements are correlated (autocorrelation +0.31), so they were resampled in blocks of 3.
  
  Verdict: RESOLVED. A is faster than B: the difference is real, as its interval excludes zero and it exceeds the noise floor.
  
  Warnings:
    - the program holds 69 MB of live data, more than the caches of many machines; for data that size, where it lies in memory can shift the result by several points in ways the interval does not cover, and differently in the next process; run the comparison in several processes with the multiproc package

build from empty to 4096 elements, per whole build (14748 operations):
  A: 2.189e+06 ns per operation (median)
  B: 4.918e+06 ns per operation (median)
  A needs 55.5% less time than B: B takes 2.25 times as long as A.
  With 95% confidence the difference lies between 54.7% and 56% less time (B takes between 2.21 and 2.27 times as long as A).
  Noise floor: 1.93%. Identical code measured against itself on this setup can look that different, so smaller differences mean nothing.
  Neighbouring measurements are nearly independent (autocorrelation +0.08), so they were resampled one by one.
  
  Verdict: RESOLVED. A is faster than B: the difference is real, as its interval excludes zero and it exceeds the noise floor.
  
  Warnings:
    - the program holds 67 MB of live data, more than the caches of many machines; for data that size, where it lies in memory can shift the result by several points in ways the interval does not cover, and differently in the next process; run the comparison in several processes with the multiproc package
    - in 50% of A/A runs this setup reported a difference between identical code, well above the 10% expected; treat any confidence from it with suspicion

checksum 9786507877848748855
== street unique n=4096 valuesFor: ordered vs btree-map
A: 67.08 ns per operation (median)
B: 127.7 ns per operation (median)
A needs 47.4% less time than B: B takes 1.90 times as long as A.
With 95% confidence the difference lies between 46.4% and 48.1% less time (B takes between 1.87 and 1.93 times as long as A).
Noise floor: 0.839%. Identical code measured against itself on this setup can look that different, so smaller differences mean nothing.
Neighbouring measurements are nearly independent (autocorrelation -0.41), so they were resampled one by one.

Verdict: RESOLVED. A is faster than B: the difference is real, as its interval excludes zero and it exceeds the noise floor.

Warnings:
  - the program holds 70 MB of live data, more than the caches of many machines; for data that size, where it lies in memory can shift the result by several points in ways the interval does not cover, and differently in the next process; run the comparison in several processes with the multiproc package

== street unique n=4096 valuesFor: ordered vs ordered-lpage
A: 67.11 ns per operation (median)
B: 125.1 ns per operation (median)
A needs 46.5% less time than B: B takes 1.87 times as long as A.
With 95% confidence the difference lies between 45.8% and 47.1% less time (B takes between 1.84 and 1.89 times as long as A).
Noise floor: 0.627%. Identical code measured against itself on this setup can look that different, so smaller differences mean nothing.
Neighbouring measurements are nearly independent (autocorrelation -0.33), so they were resampled one by one.

Verdict: RESOLVED. A is faster than B: the difference is real, as its interval excludes zero and it exceeds the noise floor.

Warnings:
  - the program holds 67 MB of live data, more than the caches of many machines; for data that size, where it lies in memory can shift the result by several points in ways the interval does not cover, and differently in the next process; run the comparison in several processes with the multiproc package

== street unique n=4096 valuesFor: ordered vs ordered-lpage-zc
A: 67.04 ns per operation (median)
B: 107.2 ns per operation (median)
A needs 37.6% less time than B: B takes 1.60 times as long as A.
With 95% confidence the difference lies between 36.7% and 38.3% less time (B takes between 1.58 and 1.62 times as long as A).
Noise floor: 0.551%. Identical code measured against itself on this setup can look that different, so smaller differences mean nothing.
Neighbouring measurements are nearly independent (autocorrelation +0.05), so they were resampled one by one.

Verdict: RESOLVED. A is faster than B: the difference is real, as its interval excludes zero and it exceeds the noise floor.

Warnings:
  - the program holds 67 MB of live data, more than the caches of many machines; for data that size, where it lies in memory can shift the result by several points in ways the interval does not cover, and differently in the next process; run the comparison in several processes with the multiproc package

== street unique n=4096 valuesBetween: ordered vs btree-map
A: 2501 ns per operation (median)
B: 1598 ns per operation (median)
A needs 55.1% more time than B: B takes only 0.64 times as long as A.
With 95% confidence the difference lies between 52.8% and 60.1% more time (B takes between 0.625 and 0.65 times as long as A).
Noise floor: 2.23%. Identical code measured against itself on this setup can look that different, so smaller differences mean nothing.
Neighbouring measurements are nearly independent (autocorrelation -0.82), so they were resampled one by one.

Verdict: RESOLVED. A is slower than B: the difference is real, as its interval excludes zero and it exceeds the noise floor.

Warnings:
  - the program holds 67 MB of live data, more than the caches of many machines; for data that size, where it lies in memory can shift the result by several points in ways the interval does not cover, and differently in the next process; run the comparison in several processes with the multiproc package

== street unique n=4096 valuesBetween: ordered vs ordered-lpage
A: 2585 ns per operation (median)
B: 1366 ns per operation (median)
A needs 87.6% more time than B: B takes only 0.53 times as long as A.
With 95% confidence the difference lies between 85.2% and 92.8% more time (B takes between 0.519 and 0.54 times as long as A).
Noise floor: 2.01%. Identical code measured against itself on this setup can look that different, so smaller differences mean nothing.
Neighbouring measurements are correlated (autocorrelation +0.25), so they were resampled in blocks of 3.

Verdict: RESOLVED. A is slower than B: the difference is real, as its interval excludes zero and it exceeds the noise floor.

Warnings:
  - the program holds 68 MB of live data, more than the caches of many machines; for data that size, where it lies in memory can shift the result by several points in ways the interval does not cover, and differently in the next process; run the comparison in several processes with the multiproc package
  - in 50% of A/A runs this setup reported a difference between identical code, well above the 10% expected; treat any confidence from it with suspicion

== street unique n=4096 valuesBetween: ordered vs ordered-lpage-zc
A: 2465 ns per operation (median)
B: 1061 ns per operation (median)
A needs 132% more time than B: B takes only 0.43 times as long as A.
With 95% confidence the difference lies between 130% and 142% more time (B takes between 0.414 and 0.44 times as long as A).
Noise floor: 2.74%. Identical code measured against itself on this setup can look that different, so smaller differences mean nothing.
Neighbouring measurements are nearly independent (autocorrelation -0.63), so they were resampled one by one.

Verdict: RESOLVED. A is slower than B: the difference is real, as its interval excludes zero and it exceeds the noise floor.

Warnings:
  - the program holds 68 MB of live data, more than the caches of many machines; for data that size, where it lies in memory can shift the result by several points in ways the interval does not cover, and differently in the next process; run the comparison in several processes with the multiproc package

== street unique n=4096 prefix: ordered vs btree-map
A: 284.5 ns per operation (median)
B: 247.4 ns per operation (median)
A needs 17% more time than B: B takes only 0.85 times as long as A.
With 95% confidence the difference lies between 12% and 18.6% more time (B takes between 0.843 and 0.89 times as long as A).
Noise floor: 2.59%. Identical code measured against itself on this setup can look that different, so smaller differences mean nothing.
Neighbouring measurements are nearly independent (autocorrelation -0.82), so they were resampled one by one.

Verdict: RESOLVED. A is slower than B: the difference is real, as its interval excludes zero and it exceeds the noise floor.

Warnings:
  - the program holds 68 MB of live data, more than the caches of many machines; for data that size, where it lies in memory can shift the result by several points in ways the interval does not cover, and differently in the next process; run the comparison in several processes with the multiproc package

== street unique n=4096 prefix: ordered vs ordered-lpage
A: 284.4 ns per operation (median)
B: 270.6 ns per operation (median)
A needs 4.86% more time than B: B takes only 0.95 times as long as A.
With 95% confidence the difference lies between 3.3% and 7.62% more time (B takes between 0.929 and 0.97 times as long as A).
Noise floor: 0.375%. Identical code measured against itself on this setup can look that different, so smaller differences mean nothing.
Neighbouring measurements are nearly independent (autocorrelation -0.09), so they were resampled one by one.

Verdict: RESOLVED. A is slower than B: the difference is real, as its interval excludes zero and it exceeds the noise floor.

Warnings:
  - the program holds 68 MB of live data, more than the caches of many machines; for data that size, where it lies in memory can shift the result by several points in ways the interval does not cover, and differently in the next process; run the comparison in several processes with the multiproc package

== street unique n=4096 prefix: ordered vs ordered-lpage-zc
A: 285.4 ns per operation (median)
B: 237.2 ns per operation (median)
A needs 18.8% more time than B: B takes only 0.84 times as long as A.
With 95% confidence the difference lies between 18% and 24.5% more time (B takes between 0.803 and 0.85 times as long as A).
Noise floor: 1.51%. Identical code measured against itself on this setup can look that different, so smaller differences mean nothing.
Neighbouring measurements are nearly independent (autocorrelation -0.75), so they were resampled one by one.

Verdict: RESOLVED. A is slower than B: the difference is real, as its interval excludes zero and it exceeds the noise floor.

Warnings:
  - the program holds 68 MB of live data, more than the caches of many machines; for data that size, where it lies in memory can shift the result by several points in ways the interval does not cover, and differently in the next process; run the comparison in several processes with the multiproc package

== street unique n=4096 churn and build: ordered vs btree-map
steady state, per insertion or deletion in a structure of 4096 elements (cycle of 10684 operations, first pass untimed):
  A: 158.5 ns per operation (median)
  B: 187.5 ns per operation (median)
  A needs 14.9% less time than B: B takes 1.18 times as long as A.
  With 95% confidence the difference lies between 13.8% and 16.6% less time (B takes between 1.16 and 1.20 times as long as A).
  Noise floor: 0.672%. Identical code measured against itself on this setup can look that different, so smaller differences mean nothing.
  Neighbouring measurements are nearly independent (autocorrelation -0.47), so they were resampled one by one.
  
  Verdict: RESOLVED. A is faster than B: the difference is real, as its interval excludes zero and it exceeds the noise floor.
  
  Warnings:
    - the program holds 69 MB of live data, more than the caches of many machines; for data that size, where it lies in memory can shift the result by several points in ways the interval does not cover, and differently in the next process; run the comparison in several processes with the multiproc package

build from empty to 4096 elements, per whole build (14748 operations):
  A: 2.172e+06 ns per operation (median)
  B: 2.741e+06 ns per operation (median)
  A needs 20.2% less time than B: B takes 1.25 times as long as A.
  With 95% confidence the difference lies between 20% and 20.8% less time (B takes between 1.25 and 1.26 times as long as A).
  Noise floor: 0.436%. Identical code measured against itself on this setup can look that different, so smaller differences mean nothing.
  Neighbouring measurements are nearly independent (autocorrelation +0.01), so they were resampled one by one.
  
  Verdict: RESOLVED. A is faster than B: the difference is real, as its interval excludes zero and it exceeds the noise floor.
  
  Warnings:
    - the program holds 67 MB of live data, more than the caches of many machines; for data that size, where it lies in memory can shift the result by several points in ways the interval does not cover, and differently in the next process; run the comparison in several processes with the multiproc package
    - in 50% of A/A runs this setup reported a difference between identical code, well above the 10% expected; treat any confidence from it with suspicion

== street unique n=4096 churn and build: ordered vs ordered-lpage
steady state, per insertion or deletion in a structure of 4096 elements (cycle of 10684 operations, first pass untimed):
  A: 159.5 ns per operation (median)
  B: 243.3 ns per operation (median)
  A needs 34.5% less time than B: B takes 1.53 times as long as A.
  With 95% confidence the difference lies between 33.1% and 35.2% less time (B takes between 1.5 and 1.54 times as long as A).
  Noise floor: 0.971%. Identical code measured against itself on this setup can look that different, so smaller differences mean nothing.
  Neighbouring measurements are nearly independent (autocorrelation +0.04), so they were resampled one by one.
  
  Verdict: RESOLVED. A is faster than B: the difference is real, as its interval excludes zero and it exceeds the noise floor.
  
  Warnings:
    - the program holds 68 MB of live data, more than the caches of many machines; for data that size, where it lies in memory can shift the result by several points in ways the interval does not cover, and differently in the next process; run the comparison in several processes with the multiproc package

build from empty to 4096 elements, per whole build (14748 operations):
  A: 2.179e+06 ns per operation (median)
  B: 3.968e+06 ns per operation (median)
  A needs 45% less time than B: B takes 1.82 times as long as A.
  With 95% confidence the difference lies between 44.7% and 45.3% less time (B takes between 1.81 and 1.83 times as long as A).
  Noise floor: 0.879%. Identical code measured against itself on this setup can look that different, so smaller differences mean nothing.
  Neighbouring measurements are nearly independent (autocorrelation -0.04), so they were resampled one by one.
  
  Verdict: RESOLVED. A is faster than B: the difference is real, as its interval excludes zero and it exceeds the noise floor.
  
  Warnings:
    - the program holds 67 MB of live data, more than the caches of many machines; for data that size, where it lies in memory can shift the result by several points in ways the interval does not cover, and differently in the next process; run the comparison in several processes with the multiproc package
    - in 50% of A/A runs this setup reported a difference between identical code, well above the 10% expected; treat any confidence from it with suspicion

== street unique n=4096 churn and build: ordered vs ordered-lpage-zc
steady state, per insertion or deletion in a structure of 4096 elements (cycle of 10684 operations, first pass untimed):
  A: 163.2 ns per operation (median)
  B: 315.4 ns per operation (median)
  A needs 47.6% less time than B: B takes 1.91 times as long as A.
  With 95% confidence the difference lies between 46.9% and 48.7% less time (B takes between 1.88 and 1.95 times as long as A).
  Noise floor: 1.2%. Identical code measured against itself on this setup can look that different, so smaller differences mean nothing.
  Neighbouring measurements are correlated (autocorrelation +0.38), so they were resampled in blocks of 3.
  
  Verdict: RESOLVED. A is faster than B: the difference is real, as its interval excludes zero and it exceeds the noise floor.
  
  Warnings:
    - the program holds 70 MB of live data, more than the caches of many machines; for data that size, where it lies in memory can shift the result by several points in ways the interval does not cover, and differently in the next process; run the comparison in several processes with the multiproc package
    - candidate A drifted during the run: its measurements were 4.31% higher in the second half than in the first, so the machine did not hold still
    - the ratio B/A was 3.58% lower in the second half of the run than in the first, so the candidates had not reached a steady state and the difference depends on how long the run was; a common cause is a head start for whichever candidate ran alone last before the comparison or had its data built last, which a longer CollectOptions.WarmupDuration removes

build from empty to 4096 elements, per whole build (14748 operations):
  A: 2.179e+06 ns per operation (median)
  B: 4.944e+06 ns per operation (median)
  A needs 55.9% less time than B: B takes 2.27 times as long as A.
  With 95% confidence the difference lies between 55.5% and 56.2% less time (B takes between 2.25 and 2.28 times as long as A).
  Noise floor: 0.875%. Identical code measured against itself on this setup can look that different, so smaller differences mean nothing.
  Neighbouring measurements are nearly independent (autocorrelation +0.00), so they were resampled one by one.
  
  Verdict: RESOLVED. A is faster than B: the difference is real, as its interval excludes zero and it exceeds the noise floor.
  
  Warnings:
    - the program holds 67 MB of live data, more than the caches of many machines; for data that size, where it lies in memory can shift the result by several points in ways the interval does not cover, and differently in the next process; run the comparison in several processes with the multiproc package

checksum 17075256084036994799
== street unique n=4096 valuesFor: ordered vs btree-map
A: 67.09 ns per operation (median)
B: 125.9 ns per operation (median)
A needs 46.5% less time than B: B takes 1.87 times as long as A.
With 95% confidence the difference lies between 45.9% and 47.4% less time (B takes between 1.85 and 1.90 times as long as A).
Noise floor: 0.875%. Identical code measured against itself on this setup can look that different, so smaller differences mean nothing.
Neighbouring measurements are nearly independent (autocorrelation -0.25), so they were resampled one by one.

Verdict: RESOLVED. A is faster than B: the difference is real, as its interval excludes zero and it exceeds the noise floor.

Warnings:
  - the program holds 68 MB of live data, more than the caches of many machines; for data that size, where it lies in memory can shift the result by several points in ways the interval does not cover, and differently in the next process; run the comparison in several processes with the multiproc package

== street unique n=4096 valuesFor: ordered vs ordered-lpage
A: 67.07 ns per operation (median)
B: 127.3 ns per operation (median)
A needs 47.5% less time than B: B takes 1.91 times as long as A.
With 95% confidence the difference lies between 46.6% and 47.9% less time (B takes between 1.87 and 1.92 times as long as A).
Noise floor: 0.468%. Identical code measured against itself on this setup can look that different, so smaller differences mean nothing.
Neighbouring measurements are nearly independent (autocorrelation -0.24), so they were resampled one by one.

Verdict: RESOLVED. A is faster than B: the difference is real, as its interval excludes zero and it exceeds the noise floor.

Warnings:
  - the program holds 68 MB of live data, more than the caches of many machines; for data that size, where it lies in memory can shift the result by several points in ways the interval does not cover, and differently in the next process; run the comparison in several processes with the multiproc package

== street unique n=4096 valuesFor: ordered vs ordered-lpage-zc
A: 67.27 ns per operation (median)
B: 106.9 ns per operation (median)
A needs 37% less time than B: B takes 1.59 times as long as A.
With 95% confidence the difference lies between 36.2% and 38.1% less time (B takes between 1.57 and 1.61 times as long as A).
Noise floor: 0.346%. Identical code measured against itself on this setup can look that different, so smaller differences mean nothing.
Neighbouring measurements are nearly independent (autocorrelation -0.01), so they were resampled one by one.

Verdict: RESOLVED. A is faster than B: the difference is real, as its interval excludes zero and it exceeds the noise floor.

Warnings:
  - the program holds 68 MB of live data, more than the caches of many machines; for data that size, where it lies in memory can shift the result by several points in ways the interval does not cover, and differently in the next process; run the comparison in several processes with the multiproc package

== street unique n=4096 valuesBetween: ordered vs btree-map
A: 2511 ns per operation (median)
B: 1603 ns per operation (median)
A needs 58.8% more time than B: B takes only 0.63 times as long as A.
With 95% confidence the difference lies between 53.2% and 60.9% more time (B takes between 0.621 and 0.65 times as long as A).
Noise floor: 1.94%. Identical code measured against itself on this setup can look that different, so smaller differences mean nothing.
Neighbouring measurements are nearly independent (autocorrelation -0.41), so they were resampled one by one.

Verdict: RESOLVED. A is slower than B: the difference is real, as its interval excludes zero and it exceeds the noise floor.

Warnings:
  - the program holds 68 MB of live data, more than the caches of many machines; for data that size, where it lies in memory can shift the result by several points in ways the interval does not cover, and differently in the next process; run the comparison in several processes with the multiproc package

== street unique n=4096 valuesBetween: ordered vs ordered-lpage
A: 2472 ns per operation (median)
B: 1311 ns per operation (median)
A needs 88.1% more time than B: B takes only 0.53 times as long as A.
With 95% confidence the difference lies between 85.2% and 93.4% more time (B takes between 0.517 and 0.54 times as long as A).
Noise floor: 1.13%. Identical code measured against itself on this setup can look that different, so smaller differences mean nothing.
Neighbouring measurements are nearly independent (autocorrelation +0.01), so they were resampled one by one.

Verdict: RESOLVED. A is slower than B: the difference is real, as its interval excludes zero and it exceeds the noise floor.

Warnings:
  - the program holds 68 MB of live data, more than the caches of many machines; for data that size, where it lies in memory can shift the result by several points in ways the interval does not cover, and differently in the next process; run the comparison in several processes with the multiproc package

== street unique n=4096 valuesBetween: ordered vs ordered-lpage-zc
A: 2489 ns per operation (median)
B: 1059 ns per operation (median)
A needs 135% more time than B: B takes only 0.43 times as long as A.
With 95% confidence the difference lies between 130% and 143% more time (B takes between 0.411 and 0.43 times as long as A).
Noise floor: 2.76%. Identical code measured against itself on this setup can look that different, so smaller differences mean nothing.
Neighbouring measurements are nearly independent (autocorrelation -0.76), so they were resampled one by one.

Verdict: RESOLVED. A is slower than B: the difference is real, as its interval excludes zero and it exceeds the noise floor.

Warnings:
  - the program holds 68 MB of live data, more than the caches of many machines; for data that size, where it lies in memory can shift the result by several points in ways the interval does not cover, and differently in the next process; run the comparison in several processes with the multiproc package

== street unique n=4096 prefix: ordered vs btree-map
A: 285.5 ns per operation (median)
B: 246 ns per operation (median)
A needs 18.3% more time than B: B takes only 0.84 times as long as A.
With 95% confidence the difference lies between 15.5% and 19% more time (B takes between 0.84 and 0.87 times as long as A).
Noise floor: 3.36%. Identical code measured against itself on this setup can look that different, so smaller differences mean nothing.
Neighbouring measurements are nearly independent (autocorrelation -0.81), so they were resampled one by one.

Verdict: RESOLVED. A is slower than B: the difference is real, as its interval excludes zero and it exceeds the noise floor.

Warnings:
  - the program holds 68 MB of live data, more than the caches of many machines; for data that size, where it lies in memory can shift the result by several points in ways the interval does not cover, and differently in the next process; run the comparison in several processes with the multiproc package

== street unique n=4096 prefix: ordered vs ordered-lpage
A: 285.1 ns per operation (median)
B: 277.7 ns per operation (median)
A needs 2.04% more time than B: B takes only 0.98 times as long as A.
With 95% confidence the difference lies between 0.39% and 3.96% more time (B takes between 0.962 and 1.00 times as long as A).
Noise floor: 0.689%. Identical code measured against itself on this setup can look that different, so smaller differences mean nothing.
Neighbouring measurements are correlated (autocorrelation +0.26), so they were resampled in blocks of 3.

Verdict: RESOLVED. A is slower than B: the difference is real, as its interval excludes zero and it exceeds the noise floor.

Warnings:
  - the program holds 68 MB of live data, more than the caches of many machines; for data that size, where it lies in memory can shift the result by several points in ways the interval does not cover, and differently in the next process; run the comparison in several processes with the multiproc package
  - candidate B drifted during the run: its measurements were 3.77% lower in the second half than in the first, so the machine did not hold still

== street unique n=4096 prefix: ordered vs ordered-lpage-zc
A: 284.2 ns per operation (median)
B: 236.7 ns per operation (median)
A needs 20% more time than B: B takes only 0.83 times as long as A.
With 95% confidence the difference lies between 18.6% and 24% more time (B takes between 0.807 and 0.84 times as long as A).
Noise floor: 1.32%. Identical code measured against itself on this setup can look that different, so smaller differences mean nothing.
Neighbouring measurements are nearly independent (autocorrelation -0.73), so they were resampled one by one.

Verdict: RESOLVED. A is slower than B: the difference is real, as its interval excludes zero and it exceeds the noise floor.

Warnings:
  - the program holds 68 MB of live data, more than the caches of many machines; for data that size, where it lies in memory can shift the result by several points in ways the interval does not cover, and differently in the next process; run the comparison in several processes with the multiproc package

== street unique n=4096 churn and build: ordered vs btree-map
steady state, per insertion or deletion in a structure of 4096 elements (cycle of 10684 operations, first pass untimed):
  A: 158.4 ns per operation (median)
  B: 187.2 ns per operation (median)
  A needs 15.7% less time than B: B takes 1.19 times as long as A.
  With 95% confidence the difference lies between 13.9% and 16.6% less time (B takes between 1.16 and 1.20 times as long as A).
  Noise floor: 1.12%. Identical code measured against itself on this setup can look that different, so smaller differences mean nothing.
  Neighbouring measurements are nearly independent (autocorrelation -0.01), so they were resampled one by one.
  
  Verdict: RESOLVED. A is faster than B: the difference is real, as its interval excludes zero and it exceeds the noise floor.
  
  Warnings:
    - the program holds 68 MB of live data, more than the caches of many machines; for data that size, where it lies in memory can shift the result by several points in ways the interval does not cover, and differently in the next process; run the comparison in several processes with the multiproc package

build from empty to 4096 elements, per whole build (14748 operations):
  A: 2.182e+06 ns per operation (median)
  B: 2.737e+06 ns per operation (median)
  A needs 20.3% less time than B: B takes 1.25 times as long as A.
  With 95% confidence the difference lies between 19.9% and 20.8% less time (B takes between 1.25 and 1.26 times as long as A).
  Noise floor: 0.279%. Identical code measured against itself on this setup can look that different, so smaller differences mean nothing.
  Neighbouring measurements are nearly independent (autocorrelation +0.11), so they were resampled one by one.
  
  Verdict: RESOLVED. A is faster than B: the difference is real, as its interval excludes zero and it exceeds the noise floor.
  
  Warnings:
    - the program holds 67 MB of live data, more than the caches of many machines; for data that size, where it lies in memory can shift the result by several points in ways the interval does not cover, and differently in the next process; run the comparison in several processes with the multiproc package

== street unique n=4096 churn and build: ordered vs ordered-lpage
steady state, per insertion or deletion in a structure of 4096 elements (cycle of 10684 operations, first pass untimed):
  A: 160.1 ns per operation (median)
  B: 242.5 ns per operation (median)
  A needs 34.3% less time than B: B takes 1.52 times as long as A.
  With 95% confidence the difference lies between 33.1% and 35.2% less time (B takes between 1.49 and 1.54 times as long as A).
  Noise floor: 0.644%. Identical code measured against itself on this setup can look that different, so smaller differences mean nothing.
  Neighbouring measurements are nearly independent (autocorrelation -0.04), so they were resampled one by one.
  
  Verdict: RESOLVED. A is faster than B: the difference is real, as its interval excludes zero and it exceeds the noise floor.
  
  Warnings:
    - the program holds 68 MB of live data, more than the caches of many machines; for data that size, where it lies in memory can shift the result by several points in ways the interval does not cover, and differently in the next process; run the comparison in several processes with the multiproc package
    - candidate A drifted during the run: its measurements were 1.32% lower in the second half than in the first, so the machine did not hold still

build from empty to 4096 elements, per whole build (14748 operations):
  A: 2.193e+06 ns per operation (median)
  B: 3.97e+06 ns per operation (median)
  A needs 44.6% less time than B: B takes 1.81 times as long as A.
  With 95% confidence the difference lies between 44% and 45.3% less time (B takes between 1.79 and 1.83 times as long as A).
  Noise floor: 0.683%. Identical code measured against itself on this setup can look that different, so smaller differences mean nothing.
  Neighbouring measurements are correlated (autocorrelation +0.42), so they were resampled in blocks of 3.
  
  Verdict: RESOLVED. A is faster than B: the difference is real, as its interval excludes zero and it exceeds the noise floor.
  
  Warnings:
    - the program holds 67 MB of live data, more than the caches of many machines; for data that size, where it lies in memory can shift the result by several points in ways the interval does not cover, and differently in the next process; run the comparison in several processes with the multiproc package

== street unique n=4096 churn and build: ordered vs ordered-lpage-zc
steady state, per insertion or deletion in a structure of 4096 elements (cycle of 10684 operations, first pass untimed):
  A: 162.2 ns per operation (median)
  B: 312.4 ns per operation (median)
  A needs 47.4% less time than B: B takes 1.90 times as long as A.
  With 95% confidence the difference lies between 46.7% and 48.8% less time (B takes between 1.88 and 1.95 times as long as A).
  Noise floor: 0.717%. Identical code measured against itself on this setup can look that different, so smaller differences mean nothing.
  Neighbouring measurements are correlated (autocorrelation +0.41), so they were resampled in blocks of 3.
  
  Verdict: RESOLVED. A is faster than B: the difference is real, as its interval excludes zero and it exceeds the noise floor.
  
  Warnings:
    - the program holds 70 MB of live data, more than the caches of many machines; for data that size, where it lies in memory can shift the result by several points in ways the interval does not cover, and differently in the next process; run the comparison in several processes with the multiproc package

build from empty to 4096 elements, per whole build (14748 operations):
  A: 2.173e+06 ns per operation (median)
  B: 4.946e+06 ns per operation (median)
  A needs 56.1% less time than B: B takes 2.28 times as long as A.
  With 95% confidence the difference lies between 55% and 56.4% less time (B takes between 2.22 and 2.29 times as long as A).
  Noise floor: 1.46%. Identical code measured against itself on this setup can look that different, so smaller differences mean nothing.
  Neighbouring measurements are nearly independent (autocorrelation -0.15), so they were resampled one by one.
  
  Verdict: RESOLVED. A is faster than B: the difference is real, as its interval excludes zero and it exceeds the noise floor.
  
  Warnings:
    - the program holds 67 MB of live data, more than the caches of many machines; for data that size, where it lies in memory can shift the result by several points in ways the interval does not cover, and differently in the next process; run the comparison in several processes with the multiproc package

checksum 4830927247781762564
== street unique n=4096 valuesFor: ordered vs btree-map
A: 67.21 ns per operation (median)
B: 127.2 ns per operation (median)
A needs 47.2% less time than B: B takes 1.89 times as long as A.
With 95% confidence the difference lies between 45.9% and 48% less time (B takes between 1.85 and 1.92 times as long as A).
Noise floor: 1.61%. Identical code measured against itself on this setup can look that different, so smaller differences mean nothing.
Neighbouring measurements are nearly independent (autocorrelation -0.14), so they were resampled one by one.

Verdict: RESOLVED. A is faster than B: the difference is real, as its interval excludes zero and it exceeds the noise floor.

Warnings:
  - the program holds 64 MB of live data, more than the caches of many machines; for data that size, where it lies in memory can shift the result by several points in ways the interval does not cover, and differently in the next process; run the comparison in several processes with the multiproc package

== street unique n=4096 valuesFor: ordered vs ordered-lpage
A: 67.09 ns per operation (median)
B: 125.5 ns per operation (median)
A needs 46.4% less time than B: B takes 1.87 times as long as A.
With 95% confidence the difference lies between 45.9% and 47.1% less time (B takes between 1.85 and 1.89 times as long as A).
Noise floor: 0.959%. Identical code measured against itself on this setup can look that different, so smaller differences mean nothing.
Neighbouring measurements are correlated (autocorrelation +0.35), so they were resampled in blocks of 3.

Verdict: RESOLVED. A is faster than B: the difference is real, as its interval excludes zero and it exceeds the noise floor.

Warnings:
  - the program holds 67 MB of live data, more than the caches of many machines; for data that size, where it lies in memory can shift the result by several points in ways the interval does not cover, and differently in the next process; run the comparison in several processes with the multiproc package

== street unique n=4096 valuesFor: ordered vs ordered-lpage-zc
A: 66.96 ns per operation (median)
B: 106.6 ns per operation (median)
A needs 37.3% less time than B: B takes 1.60 times as long as A.
With 95% confidence the difference lies between 36.7% and 38.1% less time (B takes between 1.58 and 1.62 times as long as A).
Noise floor: 0.501%. Identical code measured against itself on this setup can look that different, so smaller differences mean nothing.
Neighbouring measurements are nearly independent (autocorrelation -0.27), so they were resampled one by one.

Verdict: RESOLVED. A is faster than B: the difference is real, as its interval excludes zero and it exceeds the noise floor.

Warnings:
  - the program holds 67 MB of live data, more than the caches of many machines; for data that size, where it lies in memory can shift the result by several points in ways the interval does not cover, and differently in the next process; run the comparison in several processes with the multiproc package

== street unique n=4096 valuesBetween: ordered vs btree-map
A: 2520 ns per operation (median)
B: 1614 ns per operation (median)
A needs 55.2% more time than B: B takes only 0.64 times as long as A.
With 95% confidence the difference lies between 52.4% and 60.9% more time (B takes between 0.622 and 0.66 times as long as A).
Noise floor: 1.96%. Identical code measured against itself on this setup can look that different, so smaller differences mean nothing.
Neighbouring measurements are nearly independent (autocorrelation -0.63), so they were resampled one by one.

Verdict: RESOLVED. A is slower than B: the difference is real, as its interval excludes zero and it exceeds the noise floor.

Warnings:
  - the program holds 67 MB of live data, more than the caches of many machines; for data that size, where it lies in memory can shift the result by several points in ways the interval does not cover, and differently in the next process; run the comparison in several processes with the multiproc package

== street unique n=4096 valuesBetween: ordered vs ordered-lpage
A: 2501 ns per operation (median)
B: 1320 ns per operation (median)
A needs 86.1% more time than B: B takes only 0.54 times as long as A.
With 95% confidence the difference lies between 84.2% and 92.6% more time (B takes between 0.519 and 0.54 times as long as A).
Noise floor: 1.58%. Identical code measured against itself on this setup can look that different, so smaller differences mean nothing.
Neighbouring measurements are nearly independent (autocorrelation -0.66), so they were resampled one by one.

Verdict: RESOLVED. A is slower than B: the difference is real, as its interval excludes zero and it exceeds the noise floor.

Warnings:
  - the program holds 67 MB of live data, more than the caches of many machines; for data that size, where it lies in memory can shift the result by several points in ways the interval does not cover, and differently in the next process; run the comparison in several processes with the multiproc package

== street unique n=4096 valuesBetween: ordered vs ordered-lpage-zc
A: 2490 ns per operation (median)
B: 1058 ns per operation (median)
A needs 134% more time than B: B takes only 0.43 times as long as A.
With 95% confidence the difference lies between 131% and 144% more time (B takes between 0.41 and 0.43 times as long as A).
Noise floor: 2.8%. Identical code measured against itself on this setup can look that different, so smaller differences mean nothing.
Neighbouring measurements are nearly independent (autocorrelation -0.67), so they were resampled one by one.

Verdict: RESOLVED. A is slower than B: the difference is real, as its interval excludes zero and it exceeds the noise floor.

Warnings:
  - the program holds 67 MB of live data, more than the caches of many machines; for data that size, where it lies in memory can shift the result by several points in ways the interval does not cover, and differently in the next process; run the comparison in several processes with the multiproc package

== street unique n=4096 prefix: ordered vs btree-map
A: 285.9 ns per operation (median)
B: 250 ns per operation (median)
A needs 16.5% more time than B: B takes only 0.86 times as long as A.
With 95% confidence the difference lies between 12.9% and 18.5% more time (B takes between 0.844 and 0.89 times as long as A).
Noise floor: 2.65%. Identical code measured against itself on this setup can look that different, so smaller differences mean nothing.
Neighbouring measurements are nearly independent (autocorrelation -0.76), so they were resampled one by one.

Verdict: RESOLVED. A is slower than B: the difference is real, as its interval excludes zero and it exceeds the noise floor.

Warnings:
  - the program holds 67 MB of live data, more than the caches of many machines; for data that size, where it lies in memory can shift the result by several points in ways the interval does not cover, and differently in the next process; run the comparison in several processes with the multiproc package

== street unique n=4096 prefix: ordered vs ordered-lpage
A: 284.6 ns per operation (median)
B: 267.5 ns per operation (median)
A needs 6.01% more time than B: B takes only 0.94 times as long as A.
With 95% confidence the difference lies between 3.75% and 8.44% more time (B takes between 0.922 and 0.96 times as long as A).
Noise floor: 0.395%. Identical code measured against itself on this setup can look that different, so smaller differences mean nothing.
Neighbouring measurements are nearly independent (autocorrelation -0.43), so they were resampled one by one.

Verdict: RESOLVED. A is slower than B: the difference is real, as its interval excludes zero and it exceeds the noise floor.

Warnings:
  - the program holds 67 MB of live data, more than the caches of many machines; for data that size, where it lies in memory can shift the result by several points in ways the interval does not cover, and differently in the next process; run the comparison in several processes with the multiproc package

== street unique n=4096 prefix: ordered vs ordered-lpage-zc
A: 284.1 ns per operation (median)
B: 234.9 ns per operation (median)
A needs 20.5% more time than B: B takes only 0.83 times as long as A.
With 95% confidence the difference lies between 19.6% and 23.3% more time (B takes between 0.811 and 0.84 times as long as A).
Noise floor: 1.03%. Identical code measured against itself on this setup can look that different, so smaller differences mean nothing.
Neighbouring measurements are nearly independent (autocorrelation -0.80), so they were resampled one by one.

Verdict: RESOLVED. A is slower than B: the difference is real, as its interval excludes zero and it exceeds the noise floor.

Warnings:
  - the program holds 67 MB of live data, more than the caches of many machines; for data that size, where it lies in memory can shift the result by several points in ways the interval does not cover, and differently in the next process; run the comparison in several processes with the multiproc package

== street unique n=4096 churn and build: ordered vs btree-map
steady state, per insertion or deletion in a structure of 4096 elements (cycle of 10684 operations, first pass untimed):
  A: 158.4 ns per operation (median)
  B: 188 ns per operation (median)
  A needs 15.8% less time than B: B takes 1.19 times as long as A.
  With 95% confidence the difference lies between 13.2% and 16.3% less time (B takes between 1.15 and 1.19 times as long as A).
  Noise floor: 0.803%. Identical code measured against itself on this setup can look that different, so smaller differences mean nothing.
  Neighbouring measurements are nearly independent (autocorrelation -0.54), so they were resampled one by one.
  
  Verdict: RESOLVED. A is faster than B: the difference is real, as its interval excludes zero and it exceeds the noise floor.
  
  Warnings:
    - the program holds 68 MB of live data, more than the caches of many machines; for data that size, where it lies in memory can shift the result by several points in ways the interval does not cover, and differently in the next process; run the comparison in several processes with the multiproc package

build from empty to 4096 elements, per whole build (14748 operations):
  A: 2.19e+06 ns per operation (median)
  B: 2.757e+06 ns per operation (median)
  A needs 20.3% less time than B: B takes 1.26 times as long as A.
  With 95% confidence the difference lies between 20.2% and 21% less time (B takes between 1.25 and 1.27 times as long as A).
  Noise floor: 0.561%. Identical code measured against itself on this setup can look that different, so smaller differences mean nothing.
  Neighbouring measurements are nearly independent (autocorrelation -0.05), so they were resampled one by one.
  
  Verdict: RESOLVED. A is faster than B: the difference is real, as its interval excludes zero and it exceeds the noise floor.
  
  Warnings:
    - the program holds 67 MB of live data, more than the caches of many machines; for data that size, where it lies in memory can shift the result by several points in ways the interval does not cover, and differently in the next process; run the comparison in several processes with the multiproc package
    - candidate B drifted during the run: its measurements were 2.25% higher in the second half than in the first, so the machine did not hold still
    - in 50% of A/A runs this setup reported a difference between identical code, well above the 10% expected; treat any confidence from it with suspicion

== street unique n=4096 churn and build: ordered vs ordered-lpage
steady state, per insertion or deletion in a structure of 4096 elements (cycle of 10684 operations, first pass untimed):
  A: 160.4 ns per operation (median)
  B: 244 ns per operation (median)
  A needs 33.9% less time than B: B takes 1.51 times as long as A.
  With 95% confidence the difference lies between 32.9% and 35.5% less time (B takes between 1.49 and 1.55 times as long as A).
  Noise floor: 0.455%. Identical code measured against itself on this setup can look that different, so smaller differences mean nothing.
  Neighbouring measurements are nearly independent (autocorrelation +0.18), so they were resampled one by one.
  
  Verdict: RESOLVED. A is faster than B: the difference is real, as its interval excludes zero and it exceeds the noise floor.
  
  Warnings:
    - the program holds 68 MB of live data, more than the caches of many machines; for data that size, where it lies in memory can shift the result by several points in ways the interval does not cover, and differently in the next process; run the comparison in several processes with the multiproc package

build from empty to 4096 elements, per whole build (14748 operations):
  A: 2.202e+06 ns per operation (median)
  B: 3.975e+06 ns per operation (median)
  A needs 44.4% less time than B: B takes 1.80 times as long as A.
  With 95% confidence the difference lies between 44% and 45.1% less time (B takes between 1.79 and 1.82 times as long as A).
  Noise floor: 0.299%. Identical code measured against itself on this setup can look that different, so smaller differences mean nothing.
  Neighbouring measurements are nearly independent (autocorrelation -0.14), so they were resampled one by one.
  
  Verdict: RESOLVED. A is faster than B: the difference is real, as its interval excludes zero and it exceeds the noise floor.
  
  Warnings:
    - the program holds 67 MB of live data, more than the caches of many machines; for data that size, where it lies in memory can shift the result by several points in ways the interval does not cover, and differently in the next process; run the comparison in several processes with the multiproc package

== street unique n=4096 churn and build: ordered vs ordered-lpage-zc
steady state, per insertion or deletion in a structure of 4096 elements (cycle of 10684 operations, first pass untimed):
  A: 163.3 ns per operation (median)
  B: 313.6 ns per operation (median)
  A needs 47.7% less time than B: B takes 1.91 times as long as A.
  With 95% confidence the difference lies between 46.8% and 48.5% less time (B takes between 1.88 and 1.94 times as long as A).
  Noise floor: 2.67%. Identical code measured against itself on this setup can look that different, so smaller differences mean nothing.
  Neighbouring measurements are correlated (autocorrelation +0.39), so they were resampled in blocks of 3.
  
  Verdict: RESOLVED. A is faster than B: the difference is real, as its interval excludes zero and it exceeds the noise floor.
  
  Warnings:
    - the program holds 69 MB of live data, more than the caches of many machines; for data that size, where it lies in memory can shift the result by several points in ways the interval does not cover, and differently in the next process; run the comparison in several processes with the multiproc package
    - in 50% of A/A runs this setup reported a difference between identical code, well above the 10% expected; treat any confidence from it with suspicion

build from empty to 4096 elements, per whole build (14748 operations):
  A: 2.187e+06 ns per operation (median)
  B: 4.956e+06 ns per operation (median)
  A needs 56% less time than B: B takes 2.27 times as long as A.
  With 95% confidence the difference lies between 55% and 56.1% less time (B takes between 2.22 and 2.28 times as long as A).
  Noise floor: 1.06%. Identical code measured against itself on this setup can look that different, so smaller differences mean nothing.
  Neighbouring measurements are nearly independent (autocorrelation +0.06), so they were resampled one by one.
  
  Verdict: RESOLVED. A is faster than B: the difference is real, as its interval excludes zero and it exceeds the noise floor.
  
  Warnings:
    - the program holds 67 MB of live data, more than the caches of many machines; for data that size, where it lies in memory can shift the result by several points in ways the interval does not cover, and differently in the next process; run the comparison in several processes with the multiproc package

checksum 15007742075360769925
== street unique n=4096 valuesFor: ordered vs btree-map
A: 67.77 ns per operation (median)
B: 128.1 ns per operation (median)
A needs 46.8% less time than B: B takes 1.88 times as long as A.
With 95% confidence the difference lies between 46.1% and 47.8% less time (B takes between 1.86 and 1.92 times as long as A).
Noise floor: 1.11%. Identical code measured against itself on this setup can look that different, so smaller differences mean nothing.
Neighbouring measurements are nearly independent (autocorrelation -0.56), so they were resampled one by one.

Verdict: RESOLVED. A is faster than B: the difference is real, as its interval excludes zero and it exceeds the noise floor.

Warnings:
  - the program holds 57 MB of live data, more than the caches of many machines; for data that size, where it lies in memory can shift the result by several points in ways the interval does not cover, and differently in the next process; run the comparison in several processes with the multiproc package

== street unique n=4096 valuesFor: ordered vs ordered-lpage
A: 67.66 ns per operation (median)
B: 126.8 ns per operation (median)
A needs 46.8% less time than B: B takes 1.88 times as long as A.
With 95% confidence the difference lies between 46.2% and 47.2% less time (B takes between 1.86 and 1.89 times as long as A).
Noise floor: 0.836%. Identical code measured against itself on this setup can look that different, so smaller differences mean nothing.
Neighbouring measurements are nearly independent (autocorrelation -0.41), so they were resampled one by one.

Verdict: RESOLVED. A is faster than B: the difference is real, as its interval excludes zero and it exceeds the noise floor.

Warnings:
  - the program holds 67 MB of live data, more than the caches of many machines; for data that size, where it lies in memory can shift the result by several points in ways the interval does not cover, and differently in the next process; run the comparison in several processes with the multiproc package

== street unique n=4096 valuesFor: ordered vs ordered-lpage-zc
A: 67.55 ns per operation (median)
B: 109 ns per operation (median)
A needs 38.1% less time than B: B takes 1.62 times as long as A.
With 95% confidence the difference lies between 37.1% and 38.6% less time (B takes between 1.59 and 1.63 times as long as A).
Noise floor: 0.684%. Identical code measured against itself on this setup can look that different, so smaller differences mean nothing.
Neighbouring measurements are nearly independent (autocorrelation -0.50), so they were resampled one by one.

Verdict: RESOLVED. A is faster than B: the difference is real, as its interval excludes zero and it exceeds the noise floor.

Warnings:
  - the program holds 67 MB of live data, more than the caches of many machines; for data that size, where it lies in memory can shift the result by several points in ways the interval does not cover, and differently in the next process; run the comparison in several processes with the multiproc package

== street unique n=4096 valuesBetween: ordered vs btree-map
A: 2492 ns per operation (median)
B: 1610 ns per operation (median)
A needs 54% more time than B: B takes only 0.65 times as long as A.
With 95% confidence the difference lies between 52.7% and 60.4% more time (B takes between 0.624 and 0.65 times as long as A).
Noise floor: 1.95%. Identical code measured against itself on this setup can look that different, so smaller differences mean nothing.
Neighbouring measurements are nearly independent (autocorrelation -0.76), so they were resampled one by one.

Verdict: RESOLVED. A is slower than B: the difference is real, as its interval excludes zero and it exceeds the noise floor.

Warnings:
  - the program holds 67 MB of live data, more than the caches of many machines; for data that size, where it lies in memory can shift the result by several points in ways the interval does not cover, and differently in the next process; run the comparison in several processes with the multiproc package

== street unique n=4096 valuesBetween: ordered vs ordered-lpage
A: 2525 ns per operation (median)
B: 1334 ns per operation (median)
A needs 93.2% more time than B: B takes only 0.52 times as long as A.
With 95% confidence the difference lies between 85.2% and 95.4% more time (B takes between 0.512 and 0.54 times as long as A).
Noise floor: 1.36%. Identical code measured against itself on this setup can look that different, so smaller differences mean nothing.
Neighbouring measurements are nearly independent (autocorrelation +0.20), so they were resampled one by one.

Verdict: RESOLVED. A is slower than B: the difference is real, as its interval excludes zero and it exceeds the noise floor.

Warnings:
  - the program holds 68 MB of live data, more than the caches of many machines; for data that size, where it lies in memory can shift the result by several points in ways the interval does not cover, and differently in the next process; run the comparison in several processes with the multiproc package

== street unique n=4096 valuesBetween: ordered vs ordered-lpage-zc
A: 2498 ns per operation (median)
B: 1059 ns per operation (median)
A needs 136% more time than B: B takes only 0.42 times as long as A.
With 95% confidence the difference lies between 131% and 143% more time (B takes between 0.411 and 0.43 times as long as A).
Noise floor: 2.8%. Identical code measured against itself on this setup can look that different, so smaller differences mean nothing.
Neighbouring measurements are nearly independent (autocorrelation -0.10), so they were resampled one by one.

Verdict: RESOLVED. A is slower than B: the difference is real, as its interval excludes zero and it exceeds the noise floor.

Warnings:
  - the program holds 68 MB of live data, more than the caches of many machines; for data that size, where it lies in memory can shift the result by several points in ways the interval does not cover, and differently in the next process; run the comparison in several processes with the multiproc package

== street unique n=4096 prefix: ordered vs btree-map
A: 286.1 ns per operation (median)
B: 250.7 ns per operation (median)
A needs 14.1% more time than B: B takes only 0.88 times as long as A.
With 95% confidence the difference lies between 12.8% and 17.1% more time (B takes between 0.854 and 0.89 times as long as A).
Noise floor: 2.76%. Identical code measured against itself on this setup can look that different, so smaller differences mean nothing.
Neighbouring measurements are nearly independent (autocorrelation -0.78), so they were resampled one by one.

Verdict: RESOLVED. A is slower than B: the difference is real, as its interval excludes zero and it exceeds the noise floor.

Warnings:
  - the program holds 68 MB of live data, more than the caches of many machines; for data that size, where it lies in memory can shift the result by several points in ways the interval does not cover, and differently in the next process; run the comparison in several processes with the multiproc package

== street unique n=4096 prefix: ordered vs ordered-lpage
A: 287.1 ns per operation (median)
B: 272.6 ns per operation (median)
A needs 4.74% more time than B: B takes only 0.95 times as long as A.
With 95% confidence the difference lies between 3.06% and 7.5% more time (B takes between 0.93 and 0.97 times as long as A).
Noise floor: 0.591%. Identical code measured against itself on this setup can look that different, so smaller differences mean nothing.
Neighbouring measurements are nearly independent (autocorrelation -0.14), so they were resampled one by one.

Verdict: RESOLVED. A is slower than B: the difference is real, as its interval excludes zero and it exceeds the noise floor.

Warnings:
  - the program holds 67 MB of live data, more than the caches of many machines; for data that size, where it lies in memory can shift the result by several points in ways the interval does not cover, and differently in the next process; run the comparison in several processes with the multiproc package
  - candidate B drifted during the run: its measurements were 3.45% higher in the second half than in the first, so the machine did not hold still

== street unique n=4096 prefix: ordered vs ordered-lpage-zc
A: 284.5 ns per operation (median)
B: 235.6 ns per operation (median)
A needs 21.2% more time than B: B takes only 0.83 times as long as A.
With 95% confidence the difference lies between 19.4% and 23.2% more time (B takes between 0.811 and 0.84 times as long as A).
Noise floor: 1.83%. Identical code measured against itself on this setup can look that different, so smaller differences mean nothing.
Neighbouring measurements are nearly independent (autocorrelation -0.74), so they were resampled one by one.

Verdict: RESOLVED. A is slower than B: the difference is real, as its interval excludes zero and it exceeds the noise floor.

Warnings:
  - the program holds 67 MB of live data, more than the caches of many machines; for data that size, where it lies in memory can shift the result by several points in ways the interval does not cover, and differently in the next process; run the comparison in several processes with the multiproc package

== street unique n=4096 churn and build: ordered vs btree-map
steady state, per insertion or deletion in a structure of 4096 elements (cycle of 10684 operations, first pass untimed):
  A: 168.6 ns per operation (median)
  B: 201.1 ns per operation (median)
  A needs 15% less time than B: B takes 1.18 times as long as A.
  With 95% confidence the difference lies between 13.8% and 17.3% less time (B takes between 1.16 and 1.21 times as long as A).
  Noise floor: 0.96%. Identical code measured against itself on this setup can look that different, so smaller differences mean nothing.
  Neighbouring measurements are nearly independent (autocorrelation +0.14), so they were resampled one by one.
  
  Verdict: RESOLVED. A is faster than B: the difference is real, as its interval excludes zero and it exceeds the noise floor.
  
  Warnings:
    - the program holds 69 MB of live data, more than the caches of many machines; for data that size, where it lies in memory can shift the result by several points in ways the interval does not cover, and differently in the next process; run the comparison in several processes with the multiproc package
    - candidate B drifted during the run: its measurements were 2.82% lower in the second half than in the first, so the machine did not hold still

build from empty to 4096 elements, per whole build (14748 operations):
  A: 2.194e+06 ns per operation (median)
  B: 2.742e+06 ns per operation (median)
  A needs 20.4% less time than B: B takes 1.26 times as long as A.
  With 95% confidence the difference lies between 19.8% and 20.7% less time (B takes between 1.25 and 1.26 times as long as A).
  Noise floor: 0.226%. Identical code measured against itself on this setup can look that different, so smaller differences mean nothing.
  Neighbouring measurements are nearly independent (autocorrelation -0.06), so they were resampled one by one.
  
  Verdict: RESOLVED. A is faster than B: the difference is real, as its interval excludes zero and it exceeds the noise floor.
  
  Warnings:
    - the program holds 67 MB of live data, more than the caches of many machines; for data that size, where it lies in memory can shift the result by several points in ways the interval does not cover, and differently in the next process; run the comparison in several processes with the multiproc package
    - candidate A drifted during the run: its measurements were 1.91% higher in the second half than in the first, so the machine did not hold still

== street unique n=4096 churn and build: ordered vs ordered-lpage
steady state, per insertion or deletion in a structure of 4096 elements (cycle of 10684 operations, first pass untimed):
  A: 160.6 ns per operation (median)
  B: 242.8 ns per operation (median)
  A needs 34.1% less time than B: B takes 1.52 times as long as A.
  With 95% confidence the difference lies between 32.7% and 35% less time (B takes between 1.49 and 1.54 times as long as A).
  Noise floor: 0.495%. Identical code measured against itself on this setup can look that different, so smaller differences mean nothing.
  Neighbouring measurements are nearly independent (autocorrelation -0.15), so they were resampled one by one.
  
  Verdict: RESOLVED. A is faster than B: the difference is real, as its interval excludes zero and it exceeds the noise floor.
  
  Warnings:
    - the program holds 68 MB of live data, more than the caches of many machines; for data that size, where it lies in memory can shift the result by several points in ways the interval does not cover, and differently in the next process; run the comparison in several processes with the multiproc package

build from empty to 4096 elements, per whole build (14748 operations):
  A: 2.187e+06 ns per operation (median)
  B: 3.966e+06 ns per operation (median)
  A needs 44.8% less time than B: B takes 1.81 times as long as A.
  With 95% confidence the difference lies between 44.4% and 45.2% less time (B takes between 1.8 and 1.82 times as long as A).
  Noise floor: 0.715%. Identical code measured against itself on this setup can look that different, so smaller differences mean nothing.
  Neighbouring measurements are nearly independent (autocorrelation -0.20), so they were resampled one by one.
  
  Verdict: RESOLVED. A is faster than B: the difference is real, as its interval excludes zero and it exceeds the noise floor.
  
  Warnings:
    - the program holds 67 MB of live data, more than the caches of many machines; for data that size, where it lies in memory can shift the result by several points in ways the interval does not cover, and differently in the next process; run the comparison in several processes with the multiproc package

== street unique n=4096 churn and build: ordered vs ordered-lpage-zc
steady state, per insertion or deletion in a structure of 4096 elements (cycle of 10684 operations, first pass untimed):
  A: 162.4 ns per operation (median)
  B: 312.3 ns per operation (median)
  A needs 47.7% less time than B: B takes 1.91 times as long as A.
  With 95% confidence the difference lies between 46.6% and 48.8% less time (B takes between 1.87 and 1.95 times as long as A).
  Noise floor: 1.4%. Identical code measured against itself on this setup can look that different, so smaller differences mean nothing.
  Neighbouring measurements are correlated (autocorrelation +0.42), so they were resampled in blocks of 3.
  
  Verdict: RESOLVED. A is faster than B: the difference is real, as its interval excludes zero and it exceeds the noise floor.
  
  Warnings:
    - the program holds 69 MB of live data, more than the caches of many machines; for data that size, where it lies in memory can shift the result by several points in ways the interval does not cover, and differently in the next process; run the comparison in several processes with the multiproc package
    - candidate A drifted during the run: its measurements were 2.51% lower in the second half than in the first, so the machine did not hold still
    - the ratio B/A was 3.94% higher in the second half of the run than in the first, so the candidates had not reached a steady state and the difference depends on how long the run was; a common cause is a head start for whichever candidate ran alone last before the comparison or had its data built last, which a longer CollectOptions.WarmupDuration removes
    - in 50% of A/A runs this setup reported a difference between identical code, well above the 10% expected; treat any confidence from it with suspicion

build from empty to 4096 elements, per whole build (14748 operations):
  A: 2.186e+06 ns per operation (median)
  B: 4.91e+06 ns per operation (median)
  A needs 55.3% less time than B: B takes 2.24 times as long as A.
  With 95% confidence the difference lies between 55.1% and 55.5% less time (B takes between 2.23 and 2.25 times as long as A).
  Noise floor: 1.4%. Identical code measured against itself on this setup can look that different, so smaller differences mean nothing.
  Neighbouring measurements are nearly independent (autocorrelation +0.16), so they were resampled one by one.
  
  Verdict: RESOLVED. A is faster than B: the difference is real, as its interval excludes zero and it exceeds the noise floor.
  
  Warnings:
    - the program holds 67 MB of live data, more than the caches of many machines; for data that size, where it lies in memory can shift the result by several points in ways the interval does not cover, and differently in the next process; run the comparison in several processes with the multiproc package

checksum 15737895460645859881
== street unique n=4096 valuesFor: ordered vs btree-map
A: 67.38 ns per operation (median)
B: 126.8 ns per operation (median)
A needs 47.2% less time than B: B takes 1.89 times as long as A.
With 95% confidence the difference lies between 46% and 47.6% less time (B takes between 1.85 and 1.91 times as long as A).
Noise floor: 0.684%. Identical code measured against itself on this setup can look that different, so smaller differences mean nothing.
Neighbouring measurements are nearly independent (autocorrelation +0.03), so they were resampled one by one.

Verdict: RESOLVED. A is faster than B: the difference is real, as its interval excludes zero and it exceeds the noise floor.

Warnings:
  - the program holds 68 MB of live data, more than the caches of many machines; for data that size, where it lies in memory can shift the result by several points in ways the interval does not cover, and differently in the next process; run the comparison in several processes with the multiproc package

== street unique n=4096 valuesFor: ordered vs ordered-lpage
A: 67.77 ns per operation (median)
B: 128.8 ns per operation (median)
A needs 47.3% less time than B: B takes 1.90 times as long as A.
With 95% confidence the difference lies between 46.3% and 47.5% less time (B takes between 1.86 and 1.90 times as long as A).
Noise floor: 0.739%. Identical code measured against itself on this setup can look that different, so smaller differences mean nothing.
Neighbouring measurements are nearly independent (autocorrelation +0.08), so they were resampled one by one.

Verdict: RESOLVED. A is faster than B: the difference is real, as its interval excludes zero and it exceeds the noise floor.

Warnings:
  - the program holds 68 MB of live data, more than the caches of many machines; for data that size, where it lies in memory can shift the result by several points in ways the interval does not cover, and differently in the next process; run the comparison in several processes with the multiproc package

== street unique n=4096 valuesFor: ordered vs ordered-lpage-zc
A: 67.14 ns per operation (median)
B: 106.7 ns per operation (median)
A needs 37.2% less time than B: B takes 1.59 times as long as A.
With 95% confidence the difference lies between 36.3% and 38% less time (B takes between 1.57 and 1.61 times as long as A).
Noise floor: 0.845%. Identical code measured against itself on this setup can look that different, so smaller differences mean nothing.
Neighbouring measurements are nearly independent (autocorrelation -0.46), so they were resampled one by one.

Verdict: RESOLVED. A is faster than B: the difference is real, as its interval excludes zero and it exceeds the noise floor.

Warnings:
  - the program holds 68 MB of live data, more than the caches of many machines; for data that size, where it lies in memory can shift the result by several points in ways the interval does not cover, and differently in the next process; run the comparison in several processes with the multiproc package

== street unique n=4096 valuesBetween: ordered vs btree-map
A: 2496 ns per operation (median)
B: 1597 ns per operation (median)
A needs 54.7% more time than B: B takes only 0.65 times as long as A.
With 95% confidence the difference lies between 53.7% and 61.5% more time (B takes between 0.619 and 0.65 times as long as A).
Noise floor: 1.9%. Identical code measured against itself on this setup can look that different, so smaller differences mean nothing.
Neighbouring measurements are nearly independent (autocorrelation -0.70), so they were resampled one by one.

Verdict: RESOLVED. A is slower than B: the difference is real, as its interval excludes zero and it exceeds the noise floor.

Warnings:
  - the program holds 68 MB of live data, more than the caches of many machines; for data that size, where it lies in memory can shift the result by several points in ways the interval does not cover, and differently in the next process; run the comparison in several processes with the multiproc package

== street unique n=4096 valuesBetween: ordered vs ordered-lpage
A: 2505 ns per operation (median)
B: 1303 ns per operation (median)
A needs 89.7% more time than B: B takes only 0.53 times as long as A.
With 95% confidence the difference lies between 86.1% and 94.1% more time (B takes between 0.515 and 0.54 times as long as A).
Noise floor: 1.56%. Identical code measured against itself on this setup can look that different, so smaller differences mean nothing.
Neighbouring measurements are nearly independent (autocorrelation -0.19), so they were resampled one by one.

Verdict: RESOLVED. A is slower than B: the difference is real, as its interval excludes zero and it exceeds the noise floor.

Warnings:
  - the program holds 68 MB of live data, more than the caches of many machines; for data that size, where it lies in memory can shift the result by several points in ways the interval does not cover, and differently in the next process; run the comparison in several processes with the multiproc package

== street unique n=4096 valuesBetween: ordered vs ordered-lpage-zc
A: 2484 ns per operation (median)
B: 1060 ns per operation (median)
A needs 133% more time than B: B takes only 0.43 times as long as A.
With 95% confidence the difference lies between 130% and 144% more time (B takes between 0.409 and 0.43 times as long as A).
Noise floor: 3.02%. Identical code measured against itself on this setup can look that different, so smaller differences mean nothing.
Neighbouring measurements are nearly independent (autocorrelation -0.67), so they were resampled one by one.

Verdict: RESOLVED. A is slower than B: the difference is real, as its interval excludes zero and it exceeds the noise floor.

Warnings:
  - the program holds 67 MB of live data, more than the caches of many machines; for data that size, where it lies in memory can shift the result by several points in ways the interval does not cover, and differently in the next process; run the comparison in several processes with the multiproc package

== street unique n=4096 prefix: ordered vs btree-map
A: 284.4 ns per operation (median)
B: 246.8 ns per operation (median)
A needs 15.4% more time than B: B takes only 0.87 times as long as A.
With 95% confidence the difference lies between 14.4% and 17.4% more time (B takes between 0.852 and 0.87 times as long as A).
Noise floor: 4.33%. Identical code measured against itself on this setup can look that different, so smaller differences mean nothing.
Neighbouring measurements are nearly independent (autocorrelation -0.85), so they were resampled one by one.

Verdict: RESOLVED. A is slower than B: the difference is real, as its interval excludes zero and it exceeds the noise floor.

Warnings:
  - the program holds 67 MB of live data, more than the caches of many machines; for data that size, where it lies in memory can shift the result by several points in ways the interval does not cover, and differently in the next process; run the comparison in several processes with the multiproc package

== street unique n=4096 prefix: ordered vs ordered-lpage
A: 283.3 ns per operation (median)
B: 279.6 ns per operation (median)
A needs 1.27% more time than B: B takes only 0.99 times as long as A.
With 95% confidence the difference lies between 0.386% and 2.52% more time (B takes between 0.975 and 1.00 times as long as A).
Noise floor: 0.97%. Identical code measured against itself on this setup can look that different, so smaller differences mean nothing.
Neighbouring measurements are nearly independent (autocorrelation +0.15), so they were resampled one by one.

Verdict: RESOLVED. A is slower than B: the difference is real, as its interval excludes zero and it exceeds the noise floor.

Warnings:
  - the program holds 67 MB of live data, more than the caches of many machines; for data that size, where it lies in memory can shift the result by several points in ways the interval does not cover, and differently in the next process; run the comparison in several processes with the multiproc package
  - candidate B drifted during the run: its measurements were 4.26% lower in the second half than in the first, so the machine did not hold still
  - the ratio B/A was 2.6% lower in the second half of the run than in the first, so the candidates had not reached a steady state and the difference depends on how long the run was; a common cause is a head start for whichever candidate ran alone last before the comparison or had its data built last, which a longer CollectOptions.WarmupDuration removes

== street unique n=4096 prefix: ordered vs ordered-lpage-zc
A: 282.6 ns per operation (median)
B: 234.5 ns per operation (median)
A needs 20.8% more time than B: B takes only 0.83 times as long as A.
With 95% confidence the difference lies between 19.5% and 23.1% more time (B takes between 0.812 and 0.84 times as long as A).
Noise floor: 0.689%. Identical code measured against itself on this setup can look that different, so smaller differences mean nothing.
Neighbouring measurements are nearly independent (autocorrelation -0.57), so they were resampled one by one.

Verdict: RESOLVED. A is slower than B: the difference is real, as its interval excludes zero and it exceeds the noise floor.

Warnings:
  - the program holds 67 MB of live data, more than the caches of many machines; for data that size, where it lies in memory can shift the result by several points in ways the interval does not cover, and differently in the next process; run the comparison in several processes with the multiproc package

== street unique n=4096 churn and build: ordered vs btree-map
steady state, per insertion or deletion in a structure of 4096 elements (cycle of 10684 operations, first pass untimed):
  A: 164.6 ns per operation (median)
  B: 190.1 ns per operation (median)
  A needs 12.9% less time than B: B takes 1.15 times as long as A.
  With 95% confidence the difference lies between 11.5% and 15.6% less time (B takes between 1.13 and 1.18 times as long as A).
  Noise floor: 0.438%. Identical code measured against itself on this setup can look that different, so smaller differences mean nothing.
  Neighbouring measurements are nearly independent (autocorrelation -0.03), so they were resampled one by one.
  
  Verdict: RESOLVED. A is faster than B: the difference is real, as its interval excludes zero and it exceeds the noise floor.
  
  Warnings:
    - the program holds 68 MB of live data, more than the caches of many machines; for data that size, where it lies in memory can shift the result by several points in ways the interval does not cover, and differently in the next process; run the comparison in several processes with the multiproc package

build from empty to 4096 elements, per whole build (14748 operations):
  A: 2.181e+06 ns per operation (median)
  B: 2.833e+06 ns per operation (median)
  A needs 22.7% less time than B: B takes 1.29 times as long as A.
  With 95% confidence the difference lies between 22% and 23.7% less time (B takes between 1.28 and 1.31 times as long as A).
  Noise floor: 0.862%. Identical code measured against itself on this setup can look that different, so smaller differences mean nothing.
  Neighbouring measurements are nearly independent (autocorrelation +0.01), so they were resampled one by one.
  
  Verdict: RESOLVED. A is faster than B: the difference is real, as its interval excludes zero and it exceeds the noise floor.
  
  Warnings:
    - the program holds 67 MB of live data, more than the caches of many machines; for data that size, where it lies in memory can shift the result by several points in ways the interval does not cover, and differently in the next process; run the comparison in several processes with the multiproc package
    - in 50% of A/A runs this setup reported a difference between identical code, well above the 10% expected; treat any confidence from it with suspicion

== street unique n=4096 churn and build: ordered vs ordered-lpage
steady state, per insertion or deletion in a structure of 4096 elements (cycle of 10684 operations, first pass untimed):
  A: 160.2 ns per operation (median)
  B: 242.2 ns per operation (median)
  A needs 34.2% less time than B: B takes 1.52 times as long as A.
  With 95% confidence the difference lies between 32.6% and 35.3% less time (B takes between 1.48 and 1.55 times as long as A).
  Noise floor: 0.38%. Identical code measured against itself on this setup can look that different, so smaller differences mean nothing.
  Neighbouring measurements are nearly independent (autocorrelation -0.12), so they were resampled one by one.
  
  Verdict: RESOLVED. A is faster than B: the difference is real, as its interval excludes zero and it exceeds the noise floor.
  
  Warnings:
    - the program holds 68 MB of live data, more than the caches of many machines; for data that size, where it lies in memory can shift the result by several points in ways the interval does not cover, and differently in the next process; run the comparison in several processes with the multiproc package

build from empty to 4096 elements, per whole build (14748 operations):
  A: 2.193e+06 ns per operation (median)
  B: 3.995e+06 ns per operation (median)
  A needs 45.2% less time than B: B takes 1.82 times as long as A.
  With 95% confidence the difference lies between 44.7% and 45.6% less time (B takes between 1.81 and 1.84 times as long as A).
  Noise floor: 0.4%. Identical code measured against itself on this setup can look that different, so smaller differences mean nothing.
  Neighbouring measurements are nearly independent (autocorrelation -0.23), so they were resampled one by one.
  
  Verdict: RESOLVED. A is faster than B: the difference is real, as its interval excludes zero and it exceeds the noise floor.
  
  Warnings:
    - the program holds 67 MB of live data, more than the caches of many machines; for data that size, where it lies in memory can shift the result by several points in ways the interval does not cover, and differently in the next process; run the comparison in several processes with the multiproc package

== street unique n=4096 churn and build: ordered vs ordered-lpage-zc
steady state, per insertion or deletion in a structure of 4096 elements (cycle of 10684 operations, first pass untimed):
  A: 163.3 ns per operation (median)
  B: 312.6 ns per operation (median)
  A needs 47.5% less time than B: B takes 1.90 times as long as A.
  With 95% confidence the difference lies between 46.8% and 49.4% less time (B takes between 1.88 and 1.98 times as long as A).
  Noise floor: 1.48%. Identical code measured against itself on this setup can look that different, so smaller differences mean nothing.
  Neighbouring measurements are correlated (autocorrelation +0.31), so they were resampled in blocks of 3.
  
  Verdict: RESOLVED. A is faster than B: the difference is real, as its interval excludes zero and it exceeds the noise floor.
  
  Warnings:
    - the program holds 70 MB of live data, more than the caches of many machines; for data that size, where it lies in memory can shift the result by several points in ways the interval does not cover, and differently in the next process; run the comparison in several processes with the multiproc package
    - candidate A drifted during the run: its measurements were 2.31% lower in the second half than in the first, so the machine did not hold still

build from empty to 4096 elements, per whole build (14748 operations):
  A: 2.203e+06 ns per operation (median)
  B: 4.964e+06 ns per operation (median)
  A needs 55% less time than B: B takes 2.22 times as long as A.
  With 95% confidence the difference lies between 54.6% and 55.8% less time (B takes between 2.2 and 2.26 times as long as A).
  Noise floor: 1.32%. Identical code measured against itself on this setup can look that different, so smaller differences mean nothing.
  Neighbouring measurements are correlated (autocorrelation +0.21), so they were resampled in blocks of 3.
  
  Verdict: RESOLVED. A is faster than B: the difference is real, as its interval excludes zero and it exceeds the noise floor.
  
  Warnings:
    - the program holds 67 MB of live data, more than the caches of many machines; for data that size, where it lies in memory can shift the result by several points in ways the interval does not cover, and differently in the next process; run the comparison in several processes with the multiproc package

checksum 4286723820609430553
