== street unique n=16384 valuesFor: ordered vs btree-map
A: 87.65 ns per operation (median)
B: 171.7 ns per operation (median)
A needs 49.1% less time than B: B takes 1.96 times as long as A.
With 95% confidence the difference lies between 48.2% and 49.6% less time (B takes between 1.93 and 1.98 times as long as A).
Noise floor: 0.756%. Identical code measured against itself on this setup can look that different, so smaller differences mean nothing.
Neighbouring measurements are nearly independent (autocorrelation -0.36), so they were resampled one by one.

Verdict: RESOLVED. A is faster than B: the difference is real, as its interval excludes zero and it exceeds the noise floor.

Warnings:
  - the program holds 68 MB of live data, more than the caches of many machines; for data that size, where it lies in memory can shift the result by several points in ways the interval does not cover, and differently in the next process; run the comparison in several processes with the multiproc package

== street unique n=16384 valuesFor: ordered vs ordered-lpage
A: 87.46 ns per operation (median)
B: 147.4 ns per operation (median)
A needs 40.7% less time than B: B takes 1.69 times as long as A.
With 95% confidence the difference lies between 40.4% and 41.3% less time (B takes between 1.68 and 1.70 times as long as A).
Noise floor: 0.997%. Identical code measured against itself on this setup can look that different, so smaller differences mean nothing.
Neighbouring measurements are nearly independent (autocorrelation -0.29), so they were resampled one by one.

Verdict: RESOLVED. A is faster than B: the difference is real, as its interval excludes zero and it exceeds the noise floor.

Warnings:
  - the program holds 82 MB of live data, more than the caches of many machines; for data that size, where it lies in memory can shift the result by several points in ways the interval does not cover, and differently in the next process; run the comparison in several processes with the multiproc package

== street unique n=16384 valuesFor: ordered vs ordered-lpage-zc
A: 87.66 ns per operation (median)
B: 129 ns per operation (median)
A needs 31.9% less time than B: B takes 1.47 times as long as A.
With 95% confidence the difference lies between 31.5% and 32.8% less time (B takes between 1.46 and 1.49 times as long as A).
Noise floor: 0.653%. Identical code measured against itself on this setup can look that different, so smaller differences mean nothing.
Neighbouring measurements are nearly independent (autocorrelation -0.26), so they were resampled one by one.

Verdict: RESOLVED. A is faster than B: the difference is real, as its interval excludes zero and it exceeds the noise floor.

Warnings:
  - the program holds 82 MB of live data, more than the caches of many machines; for data that size, where it lies in memory can shift the result by several points in ways the interval does not cover, and differently in the next process; run the comparison in several processes with the multiproc package

== street unique n=16384 valuesBetween: ordered vs btree-map
A: 2721 ns per operation (median)
B: 1737 ns per operation (median)
A needs 57.5% more time than B: B takes only 0.63 times as long as A.
With 95% confidence the difference lies between 55.4% and 58.3% more time (B takes between 0.632 and 0.64 times as long as A).
Noise floor: 0.523%. Identical code measured against itself on this setup can look that different, so smaller differences mean nothing.
Neighbouring measurements are nearly independent (autocorrelation -0.02), so they were resampled one by one.

Verdict: RESOLVED. A is slower than B: the difference is real, as its interval excludes zero and it exceeds the noise floor.

Warnings:
  - the program holds 82 MB of live data, more than the caches of many machines; for data that size, where it lies in memory can shift the result by several points in ways the interval does not cover, and differently in the next process; run the comparison in several processes with the multiproc package
  - candidate B drifted during the run: its measurements were 1.72% lower in the second half than in the first, so the machine did not hold still

== street unique n=16384 valuesBetween: ordered vs ordered-lpage
A: 2694 ns per operation (median)
B: 1457 ns per operation (median)
A needs 85.8% more time than B: B takes only 0.54 times as long as A.
With 95% confidence the difference lies between 84% and 88% more time (B takes between 0.532 and 0.54 times as long as A).
Noise floor: 1.17%. Identical code measured against itself on this setup can look that different, so smaller differences mean nothing.
Neighbouring measurements are nearly independent (autocorrelation -0.17), so they were resampled one by one.

Verdict: RESOLVED. A is slower than B: the difference is real, as its interval excludes zero and it exceeds the noise floor.

Warnings:
  - the program holds 83 MB of live data, more than the caches of many machines; for data that size, where it lies in memory can shift the result by several points in ways the interval does not cover, and differently in the next process; run the comparison in several processes with the multiproc package

== street unique n=16384 valuesBetween: ordered vs ordered-lpage-zc
A: 2691 ns per operation (median)
B: 1135 ns per operation (median)
A needs 137% more time than B: B takes only 0.42 times as long as A.
With 95% confidence the difference lies between 134% and 140% more time (B takes between 0.416 and 0.43 times as long as A).
Noise floor: 0.415%. Identical code measured against itself on this setup can look that different, so smaller differences mean nothing.
Neighbouring measurements are correlated (autocorrelation +0.53), so they were resampled in blocks of 3.

Verdict: RESOLVED. A is slower than B: the difference is real, as its interval excludes zero and it exceeds the noise floor.

Warnings:
  - the program holds 83 MB of live data, more than the caches of many machines; for data that size, where it lies in memory can shift the result by several points in ways the interval does not cover, and differently in the next process; run the comparison in several processes with the multiproc package

== street unique n=16384 prefix: ordered vs btree-map
A: 958.5 ns per operation (median)
B: 736.1 ns per operation (median)
A needs 29.9% more time than B: B takes only 0.77 times as long as A.
With 95% confidence the difference lies between 29.4% and 32.4% more time (B takes between 0.756 and 0.77 times as long as A).
Noise floor: 4.83%. Identical code measured against itself on this setup can look that different, so smaller differences mean nothing.
Neighbouring measurements are nearly independent (autocorrelation -0.24), so they were resampled one by one.

Verdict: RESOLVED. A is slower than B: the difference is real, as its interval excludes zero and it exceeds the noise floor.

Warnings:
  - the program holds 83 MB of live data, more than the caches of many machines; for data that size, where it lies in memory can shift the result by several points in ways the interval does not cover, and differently in the next process; run the comparison in several processes with the multiproc package
  - in 50% of A/A runs this setup reported a difference between identical code, well above the 10% expected; treat any confidence from it with suspicion

== street unique n=16384 prefix: ordered vs ordered-lpage
A: 921.1 ns per operation (median)
B: 553 ns per operation (median)
A needs 67.8% more time than B: B takes only 0.60 times as long as A.
With 95% confidence the difference lies between 61.2% and 69.6% more time (B takes between 0.59 and 0.62 times as long as A).
Noise floor: 1.16%. Identical code measured against itself on this setup can look that different, so smaller differences mean nothing.
Neighbouring measurements are nearly independent (autocorrelation +0.14), so they were resampled one by one.

Verdict: RESOLVED. A is slower than B: the difference is real, as its interval excludes zero and it exceeds the noise floor.

Warnings:
  - the program holds 83 MB of live data, more than the caches of many machines; for data that size, where it lies in memory can shift the result by several points in ways the interval does not cover, and differently in the next process; run the comparison in several processes with the multiproc package

== street unique n=16384 prefix: ordered vs ordered-lpage-zc
A: 904.1 ns per operation (median)
B: 434.3 ns per operation (median)
A needs 108% more time than B: B takes only 0.48 times as long as A.
With 95% confidence the difference lies between 104% and 113% more time (B takes between 0.47 and 0.49 times as long as A).
Noise floor: 2.75%. Identical code measured against itself on this setup can look that different, so smaller differences mean nothing.
Neighbouring measurements are nearly independent (autocorrelation -0.17), so they were resampled one by one.

Verdict: RESOLVED. A is slower than B: the difference is real, as its interval excludes zero and it exceeds the noise floor.

Warnings:
  - the program holds 83 MB of live data, more than the caches of many machines; for data that size, where it lies in memory can shift the result by several points in ways the interval does not cover, and differently in the next process; run the comparison in several processes with the multiproc package

== street unique n=16384 churn and build: ordered vs btree-map
steady state, per insertion or deletion in a structure of 16384 elements (cycle of 42814 operations, first pass untimed):
  A: 201.3 ns per operation (median)
  B: 239.5 ns per operation (median)
  A needs 15.8% less time than B: B takes 1.19 times as long as A.
  With 95% confidence the difference lies between 15.2% and 16.8% less time (B takes between 1.18 and 1.20 times as long as A).
  Noise floor: 0.479%. Identical code measured against itself on this setup can look that different, so smaller differences mean nothing.
  Neighbouring measurements are nearly independent (autocorrelation +0.07), so they were resampled one by one.
  
  Verdict: RESOLVED. A is faster than B: the difference is real, as its interval excludes zero and it exceeds the noise floor.
  
  Warnings:
    - the program holds 86 MB of live data, more than the caches of many machines; for data that size, where it lies in memory can shift the result by several points in ways the interval does not cover, and differently in the next process; run the comparison in several processes with the multiproc package

build from empty to 16384 elements, per whole build (58716 operations):
  A: 1.063e+07 ns per operation (median)
  B: 1.407e+07 ns per operation (median)
  A needs 24.4% less time than B: B takes 1.32 times as long as A.
  With 95% confidence the difference lies between 24.3% and 24.7% less time (B takes between 1.32 and 1.33 times as long as A).
  Noise floor: 0.616%. Identical code measured against itself on this setup can look that different, so smaller differences mean nothing.
  Neighbouring measurements are nearly independent (autocorrelation +0.18), so they were resampled one by one.
  
  Verdict: RESOLVED. A is faster than B: the difference is real, as its interval excludes zero and it exceeds the noise floor.
  
  Warnings:
    - the program holds 83 MB of live data, more than the caches of many machines; for data that size, where it lies in memory can shift the result by several points in ways the interval does not cover, and differently in the next process; run the comparison in several processes with the multiproc package
    - in 50% of A/A runs this setup reported a difference between identical code, well above the 10% expected; treat any confidence from it with suspicion

== street unique n=16384 churn and build: ordered vs ordered-lpage
steady state, per insertion or deletion in a structure of 16384 elements (cycle of 42814 operations, first pass untimed):
  A: 201.7 ns per operation (median)
  B: 273.8 ns per operation (median)
  A needs 26.4% less time than B: B takes 1.36 times as long as A.
  With 95% confidence the difference lies between 25.2% and 27.4% less time (B takes between 1.34 and 1.38 times as long as A).
  Noise floor: 0.696%. Identical code measured against itself on this setup can look that different, so smaller differences mean nothing.
  Neighbouring measurements are nearly independent (autocorrelation +0.06), so they were resampled one by one.
  
  Verdict: RESOLVED. A is faster than B: the difference is real, as its interval excludes zero and it exceeds the noise floor.
  
  Warnings:
    - the program holds 86 MB of live data, more than the caches of many machines; for data that size, where it lies in memory can shift the result by several points in ways the interval does not cover, and differently in the next process; run the comparison in several processes with the multiproc package

build from empty to 16384 elements, per whole build (58716 operations):
  A: 1.063e+07 ns per operation (median)
  B: 1.762e+07 ns per operation (median)
  A needs 39.8% less time than B: B takes 1.66 times as long as A.
  With 95% confidence the difference lies between 39.4% and 40.2% less time (B takes between 1.65 and 1.67 times as long as A).
  Noise floor: 0.187%. Identical code measured against itself on this setup can look that different, so smaller differences mean nothing.
  Neighbouring measurements are nearly independent (autocorrelation +0.19), so they were resampled one by one.
  
  Verdict: RESOLVED. A is faster than B: the difference is real, as its interval excludes zero and it exceeds the noise floor.
  
  Warnings:
    - the program holds 83 MB of live data, more than the caches of many machines; for data that size, where it lies in memory can shift the result by several points in ways the interval does not cover, and differently in the next process; run the comparison in several processes with the multiproc package

== street unique n=16384 churn and build: ordered vs ordered-lpage-zc
steady state, per insertion or deletion in a structure of 16384 elements (cycle of 42814 operations, first pass untimed):
  A: 220.4 ns per operation (median)
  B: 357 ns per operation (median)
  A needs 37.1% less time than B: B takes 1.59 times as long as A.
  With 95% confidence the difference lies between 36.6% and 39.1% less time (B takes between 1.58 and 1.64 times as long as A).
  Noise floor: 1.39%. Identical code measured against itself on this setup can look that different, so smaller differences mean nothing.
  Neighbouring measurements are correlated (autocorrelation +0.38), so they were resampled in blocks of 3.
  
  Verdict: RESOLVED. A is faster than B: the difference is real, as its interval excludes zero and it exceeds the noise floor.
  
  Warnings:
    - the program holds 87 MB of live data, more than the caches of many machines; for data that size, where it lies in memory can shift the result by several points in ways the interval does not cover, and differently in the next process; run the comparison in several processes with the multiproc package
    - candidate A drifted during the run: its measurements were 3.84% lower in the second half than in the first, so the machine did not hold still
    - candidate B drifted during the run: its measurements were 2.61% lower in the second half than in the first, so the machine did not hold still
    - the ratio B/A was 1.44% higher in the second half of the run than in the first, so the candidates had not reached a steady state and the difference depends on how long the run was; a common cause is a head start for whichever candidate ran alone last before the comparison or had its data built last, which a longer CollectOptions.WarmupDuration removes

build from empty to 16384 elements, per whole build (58716 operations):
  A: 1.067e+07 ns per operation (median)
  B: 2.271e+07 ns per operation (median)
  A needs 52.1% less time than B: B takes 2.09 times as long as A.
  With 95% confidence the difference lies between 51.2% and 53.2% less time (B takes between 2.05 and 2.14 times as long as A).
  Noise floor: 4.68%. Identical code measured against itself on this setup can look that different, so smaller differences mean nothing.
  Neighbouring measurements are nearly independent (autocorrelation -0.02), so they were resampled one by one.
  
  Verdict: RESOLVED. A is faster than B: the difference is real, as its interval excludes zero and it exceeds the noise floor.
  
  Warnings:
    - the program holds 83 MB of live data, more than the caches of many machines; for data that size, where it lies in memory can shift the result by several points in ways the interval does not cover, and differently in the next process; run the comparison in several processes with the multiproc package

checksum 5195691282894941761
== street unique n=16384 valuesFor: ordered vs btree-map
A: 88.13 ns per operation (median)
B: 174.6 ns per operation (median)
A needs 49.4% less time than B: B takes 1.98 times as long as A.
With 95% confidence the difference lies between 48.8% and 50% less time (B takes between 1.95 and 2.00 times as long as A).
Noise floor: 0.814%. Identical code measured against itself on this setup can look that different, so smaller differences mean nothing.
Neighbouring measurements are nearly independent (autocorrelation -0.59), so they were resampled one by one.

Verdict: RESOLVED. A is faster than B: the difference is real, as its interval excludes zero and it exceeds the noise floor.

Warnings:
  - the program holds 84 MB of live data, more than the caches of many machines; for data that size, where it lies in memory can shift the result by several points in ways the interval does not cover, and differently in the next process; run the comparison in several processes with the multiproc package

== street unique n=16384 valuesFor: ordered vs ordered-lpage
A: 89.7 ns per operation (median)
B: 149.4 ns per operation (median)
A needs 39.9% less time than B: B takes 1.66 times as long as A.
With 95% confidence the difference lies between 39.3% and 40.2% less time (B takes between 1.65 and 1.67 times as long as A).
Noise floor: 0.439%. Identical code measured against itself on this setup can look that different, so smaller differences mean nothing.
Neighbouring measurements are nearly independent (autocorrelation +0.20), so they were resampled one by one.

Verdict: RESOLVED. A is faster than B: the difference is real, as its interval excludes zero and it exceeds the noise floor.

Warnings:
  - the program holds 82 MB of live data, more than the caches of many machines; for data that size, where it lies in memory can shift the result by several points in ways the interval does not cover, and differently in the next process; run the comparison in several processes with the multiproc package

== street unique n=16384 valuesFor: ordered vs ordered-lpage-zc
A: 87.59 ns per operation (median)
B: 129.1 ns per operation (median)
A needs 32.4% less time than B: B takes 1.48 times as long as A.
With 95% confidence the difference lies between 31.7% and 33% less time (B takes between 1.46 and 1.49 times as long as A).
Noise floor: 0.932%. Identical code measured against itself on this setup can look that different, so smaller differences mean nothing.
Neighbouring measurements are nearly independent (autocorrelation +0.06), so they were resampled one by one.

Verdict: RESOLVED. A is faster than B: the difference is real, as its interval excludes zero and it exceeds the noise floor.

Warnings:
  - the program holds 82 MB of live data, more than the caches of many machines; for data that size, where it lies in memory can shift the result by several points in ways the interval does not cover, and differently in the next process; run the comparison in several processes with the multiproc package

== street unique n=16384 valuesBetween: ordered vs btree-map
A: 2702 ns per operation (median)
B: 1734 ns per operation (median)
A needs 55.6% more time than B: B takes only 0.64 times as long as A.
With 95% confidence the difference lies between 54.7% and 56.7% more time (B takes between 0.638 and 0.65 times as long as A).
Noise floor: 0.744%. Identical code measured against itself on this setup can look that different, so smaller differences mean nothing.
Neighbouring measurements are nearly independent (autocorrelation -0.20), so they were resampled one by one.

Verdict: RESOLVED. A is slower than B: the difference is real, as its interval excludes zero and it exceeds the noise floor.

Warnings:
  - the program holds 82 MB of live data, more than the caches of many machines; for data that size, where it lies in memory can shift the result by several points in ways the interval does not cover, and differently in the next process; run the comparison in several processes with the multiproc package

== street unique n=16384 valuesBetween: ordered vs ordered-lpage
A: 2719 ns per operation (median)
B: 1437 ns per operation (median)
A needs 89.5% more time than B: B takes only 0.53 times as long as A.
With 95% confidence the difference lies between 86.7% and 91.3% more time (B takes between 0.523 and 0.54 times as long as A).
Noise floor: 0.731%. Identical code measured against itself on this setup can look that different, so smaller differences mean nothing.
Neighbouring measurements are correlated (autocorrelation +0.26), so they were resampled in blocks of 3.

Verdict: RESOLVED. A is slower than B: the difference is real, as its interval excludes zero and it exceeds the noise floor.

Warnings:
  - the program holds 83 MB of live data, more than the caches of many machines; for data that size, where it lies in memory can shift the result by several points in ways the interval does not cover, and differently in the next process; run the comparison in several processes with the multiproc package
  - candidate A drifted during the run: its measurements were 4.62% higher in the second half than in the first, so the machine did not hold still
  - candidate B drifted during the run: its measurements were 5.1% higher in the second half than in the first, so the machine did not hold still

== street unique n=16384 valuesBetween: ordered vs ordered-lpage-zc
A: 2688 ns per operation (median)
B: 1142 ns per operation (median)
A needs 137% more time than B: B takes only 0.42 times as long as A.
With 95% confidence the difference lies between 132% and 140% more time (B takes between 0.416 and 0.43 times as long as A).
Noise floor: 1.4%. Identical code measured against itself on this setup can look that different, so smaller differences mean nothing.
Neighbouring measurements are nearly independent (autocorrelation -0.32), so they were resampled one by one.

Verdict: RESOLVED. A is slower than B: the difference is real, as its interval excludes zero and it exceeds the noise floor.

Warnings:
  - the program holds 83 MB of live data, more than the caches of many machines; for data that size, where it lies in memory can shift the result by several points in ways the interval does not cover, and differently in the next process; run the comparison in several processes with the multiproc package

== street unique n=16384 prefix: ordered vs btree-map
A: 910.5 ns per operation (median)
B: 700.4 ns per operation (median)
A needs 31.3% more time than B: B takes only 0.76 times as long as A.
With 95% confidence the difference lies between 28.4% and 34.8% more time (B takes between 0.742 and 0.78 times as long as A).
Noise floor: 2.31%. Identical code measured against itself on this setup can look that different, so smaller differences mean nothing.
Neighbouring measurements are nearly independent (autocorrelation -0.11), so they were resampled one by one.

Verdict: RESOLVED. A is slower than B: the difference is real, as its interval excludes zero and it exceeds the noise floor.

Warnings:
  - the program holds 83 MB of live data, more than the caches of many machines; for data that size, where it lies in memory can shift the result by several points in ways the interval does not cover, and differently in the next process; run the comparison in several processes with the multiproc package

== street unique n=16384 prefix: ordered vs ordered-lpage
A: 912.2 ns per operation (median)
B: 540.3 ns per operation (median)
A needs 71.7% more time than B: B takes only 0.58 times as long as A.
With 95% confidence the difference lies between 68.9% and 72.7% more time (B takes between 0.579 and 0.59 times as long as A).
Noise floor: 1.41%. Identical code measured against itself on this setup can look that different, so smaller differences mean nothing.
Neighbouring measurements are correlated (autocorrelation +0.24), so they were resampled in blocks of 3.

Verdict: RESOLVED. A is slower than B: the difference is real, as its interval excludes zero and it exceeds the noise floor.

Warnings:
  - the program holds 83 MB of live data, more than the caches of many machines; for data that size, where it lies in memory can shift the result by several points in ways the interval does not cover, and differently in the next process; run the comparison in several processes with the multiproc package

== street unique n=16384 prefix: ordered vs ordered-lpage-zc
A: 902.2 ns per operation (median)
B: 439.1 ns per operation (median)
A needs 107% more time than B: B takes only 0.48 times as long as A.
With 95% confidence the difference lies between 102% and 112% more time (B takes between 0.471 and 0.50 times as long as A).
Noise floor: 0.384%. Identical code measured against itself on this setup can look that different, so smaller differences mean nothing.
Neighbouring measurements are nearly independent (autocorrelation -0.06), so they were resampled one by one.

Verdict: RESOLVED. A is slower than B: the difference is real, as its interval excludes zero and it exceeds the noise floor.

Warnings:
  - the program holds 83 MB of live data, more than the caches of many machines; for data that size, where it lies in memory can shift the result by several points in ways the interval does not cover, and differently in the next process; run the comparison in several processes with the multiproc package

== street unique n=16384 churn and build: ordered vs btree-map
steady state, per insertion or deletion in a structure of 16384 elements (cycle of 42814 operations, first pass untimed):
  A: 201.9 ns per operation (median)
  B: 244.6 ns per operation (median)
  A needs 17.6% less time than B: B takes 1.21 times as long as A.
  With 95% confidence the difference lies between 16% and 18.9% less time (B takes between 1.19 and 1.23 times as long as A).
  Noise floor: 0.695%. Identical code measured against itself on this setup can look that different, so smaller differences mean nothing.
  Neighbouring measurements are nearly independent (autocorrelation -0.06), so they were resampled one by one.
  
  Verdict: RESOLVED. A is faster than B: the difference is real, as its interval excludes zero and it exceeds the noise floor.
  
  Warnings:
    - the program holds 86 MB of live data, more than the caches of many machines; for data that size, where it lies in memory can shift the result by several points in ways the interval does not cover, and differently in the next process; run the comparison in several processes with the multiproc package

build from empty to 16384 elements, per whole build (58716 operations):
  A: 1.071e+07 ns per operation (median)
  B: 1.401e+07 ns per operation (median)
  A needs 23.5% less time than B: B takes 1.31 times as long as A.
  With 95% confidence the difference lies between 23.2% and 23.8% less time (B takes between 1.3 and 1.31 times as long as A).
  Noise floor: 0.453%. Identical code measured against itself on this setup can look that different, so smaller differences mean nothing.
  Neighbouring measurements are nearly independent (autocorrelation +0.19), so they were resampled one by one.
  
  Verdict: RESOLVED. A is faster than B: the difference is real, as its interval excludes zero and it exceeds the noise floor.
  
  Warnings:
    - the program holds 83 MB of live data, more than the caches of many machines; for data that size, where it lies in memory can shift the result by several points in ways the interval does not cover, and differently in the next process; run the comparison in several processes with the multiproc package
    - in 50% of A/A runs this setup reported a difference between identical code, well above the 10% expected; treat any confidence from it with suspicion

== street unique n=16384 churn and build: ordered vs ordered-lpage
steady state, per insertion or deletion in a structure of 16384 elements (cycle of 42814 operations, first pass untimed):
  A: 200.2 ns per operation (median)
  B: 274.4 ns per operation (median)
  A needs 26.9% less time than B: B takes 1.37 times as long as A.
  With 95% confidence the difference lies between 25.8% and 28% less time (B takes between 1.35 and 1.39 times as long as A).
  Noise floor: 1.25%. Identical code measured against itself on this setup can look that different, so smaller differences mean nothing.
  Neighbouring measurements are correlated (autocorrelation +0.46), so they were resampled in blocks of 3.
  
  Verdict: RESOLVED. A is faster than B: the difference is real, as its interval excludes zero and it exceeds the noise floor.
  
  Warnings:
    - the program holds 86 MB of live data, more than the caches of many machines; for data that size, where it lies in memory can shift the result by several points in ways the interval does not cover, and differently in the next process; run the comparison in several processes with the multiproc package
    - in 50% of A/A runs this setup reported a difference between identical code, well above the 10% expected; treat any confidence from it with suspicion

build from empty to 16384 elements, per whole build (58716 operations):
  A: 1.064e+07 ns per operation (median)
  B: 1.762e+07 ns per operation (median)
  A needs 39.5% less time than B: B takes 1.65 times as long as A.
  With 95% confidence the difference lies between 39.4% and 39.7% less time (B takes between 1.65 and 1.66 times as long as A).
  Noise floor: 0.427%. Identical code measured against itself on this setup can look that different, so smaller differences mean nothing.
  Neighbouring measurements are nearly independent (autocorrelation -0.09), so they were resampled one by one.
  
  Verdict: RESOLVED. A is faster than B: the difference is real, as its interval excludes zero and it exceeds the noise floor.
  
  Warnings:
    - the program holds 83 MB of live data, more than the caches of many machines; for data that size, where it lies in memory can shift the result by several points in ways the interval does not cover, and differently in the next process; run the comparison in several processes with the multiproc package

== street unique n=16384 churn and build: ordered vs ordered-lpage-zc
steady state, per insertion or deletion in a structure of 16384 elements (cycle of 42814 operations, first pass untimed):
  A: 219.3 ns per operation (median)
  B: 349.3 ns per operation (median)
  A needs 37.2% less time than B: B takes 1.59 times as long as A.
  With 95% confidence the difference lies between 36% and 38.4% less time (B takes between 1.56 and 1.62 times as long as A).
  Noise floor: 1.4%. Identical code measured against itself on this setup can look that different, so smaller differences mean nothing.
  Neighbouring measurements are correlated (autocorrelation +0.45), so they were resampled in blocks of 3.
  
  Verdict: RESOLVED. A is faster than B: the difference is real, as its interval excludes zero and it exceeds the noise floor.
  
  Warnings:
    - the program holds 87 MB of live data, more than the caches of many machines; for data that size, where it lies in memory can shift the result by several points in ways the interval does not cover, and differently in the next process; run the comparison in several processes with the multiproc package
    - candidate A drifted during the run: its measurements were 3.63% lower in the second half than in the first, so the machine did not hold still
    - the ratio B/A was 3.12% higher in the second half of the run than in the first, so the candidates had not reached a steady state and the difference depends on how long the run was; a common cause is a head start for whichever candidate ran alone last before the comparison or had its data built last, which a longer CollectOptions.WarmupDuration removes

build from empty to 16384 elements, per whole build (58716 operations):
  A: 1.073e+07 ns per operation (median)
  B: 2.247e+07 ns per operation (median)
  A needs 51.6% less time than B: B takes 2.06 times as long as A.
  With 95% confidence the difference lies between 50.4% and 52.7% less time (B takes between 2.02 and 2.11 times as long as A).
  Noise floor: 4.61%. Identical code measured against itself on this setup can look that different, so smaller differences mean nothing.
  Neighbouring measurements are nearly independent (autocorrelation -0.01), so they were resampled one by one.
  
  Verdict: RESOLVED. A is faster than B: the difference is real, as its interval excludes zero and it exceeds the noise floor.
  
  Warnings:
    - the program holds 83 MB of live data, more than the caches of many machines; for data that size, where it lies in memory can shift the result by several points in ways the interval does not cover, and differently in the next process; run the comparison in several processes with the multiproc package

checksum 7721184879326245908
== street unique n=16384 valuesFor: ordered vs btree-map
A: 89.3 ns per operation (median)
B: 178.5 ns per operation (median)
A needs 49.9% less time than B: B takes 1.99 times as long as A.
With 95% confidence the difference lies between 49.3% and 51.2% less time (B takes between 1.97 and 2.05 times as long as A).
Noise floor: 1.07%. Identical code measured against itself on this setup can look that different, so smaller differences mean nothing.
Neighbouring measurements are nearly independent (autocorrelation -0.02), so they were resampled one by one.

Verdict: RESOLVED. A is faster than B: the difference is real, as its interval excludes zero and it exceeds the noise floor.

Warnings:
  - the program holds 67 MB of live data, more than the caches of many machines; for data that size, where it lies in memory can shift the result by several points in ways the interval does not cover, and differently in the next process; run the comparison in several processes with the multiproc package
  - candidate A drifted during the run: its measurements were 12.9% higher in the second half than in the first, so the machine did not hold still
  - candidate B drifted during the run: its measurements were 9.3% higher in the second half than in the first, so the machine did not hold still

== street unique n=16384 valuesFor: ordered vs ordered-lpage
A: 87.68 ns per operation (median)
B: 148.4 ns per operation (median)
A needs 41% less time than B: B takes 1.69 times as long as A.
With 95% confidence the difference lies between 40.6% and 41.5% less time (B takes between 1.68 and 1.71 times as long as A).
Noise floor: 0.796%. Identical code measured against itself on this setup can look that different, so smaller differences mean nothing.
Neighbouring measurements are correlated (autocorrelation +0.38), so they were resampled in blocks of 3.

Verdict: RESOLVED. A is faster than B: the difference is real, as its interval excludes zero and it exceeds the noise floor.

Warnings:
  - the program holds 83 MB of live data, more than the caches of many machines; for data that size, where it lies in memory can shift the result by several points in ways the interval does not cover, and differently in the next process; run the comparison in several processes with the multiproc package

== street unique n=16384 valuesFor: ordered vs ordered-lpage-zc
A: 87.39 ns per operation (median)
B: 128.5 ns per operation (median)
A needs 32% less time than B: B takes 1.47 times as long as A.
With 95% confidence the difference lies between 31.3% and 32.7% less time (B takes between 1.46 and 1.49 times as long as A).
Noise floor: 0.591%. Identical code measured against itself on this setup can look that different, so smaller differences mean nothing.
Neighbouring measurements are nearly independent (autocorrelation -0.29), so they were resampled one by one.

Verdict: RESOLVED. A is faster than B: the difference is real, as its interval excludes zero and it exceeds the noise floor.

Warnings:
  - the program holds 83 MB of live data, more than the caches of many machines; for data that size, where it lies in memory can shift the result by several points in ways the interval does not cover, and differently in the next process; run the comparison in several processes with the multiproc package

== street unique n=16384 valuesBetween: ordered vs btree-map
A: 2688 ns per operation (median)
B: 1740 ns per operation (median)
A needs 54.1% more time than B: B takes only 0.65 times as long as A.
With 95% confidence the difference lies between 53.5% and 55.5% more time (B takes between 0.643 and 0.65 times as long as A).
Noise floor: 0.682%. Identical code measured against itself on this setup can look that different, so smaller differences mean nothing.
Neighbouring measurements are nearly independent (autocorrelation -0.22), so they were resampled one by one.

Verdict: RESOLVED. A is slower than B: the difference is real, as its interval excludes zero and it exceeds the noise floor.

Warnings:
  - the program holds 83 MB of live data, more than the caches of many machines; for data that size, where it lies in memory can shift the result by several points in ways the interval does not cover, and differently in the next process; run the comparison in several processes with the multiproc package

== street unique n=16384 valuesBetween: ordered vs ordered-lpage
A: 2684 ns per operation (median)
B: 1435 ns per operation (median)
A needs 85.7% more time than B: B takes only 0.54 times as long as A.
With 95% confidence the difference lies between 84.5% and 87.9% more time (B takes between 0.532 and 0.54 times as long as A).
Noise floor: 0.81%. Identical code measured against itself on this setup can look that different, so smaller differences mean nothing.
Neighbouring measurements are correlated (autocorrelation +0.30), so they were resampled in blocks of 3.

Verdict: RESOLVED. A is slower than B: the difference is real, as its interval excludes zero and it exceeds the noise floor.

Warnings:
  - the program holds 83 MB of live data, more than the caches of many machines; for data that size, where it lies in memory can shift the result by several points in ways the interval does not cover, and differently in the next process; run the comparison in several processes with the multiproc package

== street unique n=16384 valuesBetween: ordered vs ordered-lpage-zc
A: 2680 ns per operation (median)
B: 1130 ns per operation (median)
A needs 136% more time than B: B takes only 0.42 times as long as A.
With 95% confidence the difference lies between 133% and 141% more time (B takes between 0.415 and 0.43 times as long as A).
Noise floor: 0.529%. Identical code measured against itself on this setup can look that different, so smaller differences mean nothing.
Neighbouring measurements are nearly independent (autocorrelation -0.29), so they were resampled one by one.

Verdict: RESOLVED. A is slower than B: the difference is real, as its interval excludes zero and it exceeds the noise floor.

Warnings:
  - the program holds 83 MB of live data, more than the caches of many machines; for data that size, where it lies in memory can shift the result by several points in ways the interval does not cover, and differently in the next process; run the comparison in several processes with the multiproc package

== street unique n=16384 prefix: ordered vs btree-map
A: 905.6 ns per operation (median)
B: 706 ns per operation (median)
A needs 30.8% more time than B: B takes only 0.76 times as long as A.
With 95% confidence the difference lies between 26.7% and 32.7% more time (B takes between 0.753 and 0.79 times as long as A).
Noise floor: 2.4%. Identical code measured against itself on this setup can look that different, so smaller differences mean nothing.
Neighbouring measurements are nearly independent (autocorrelation -0.09), so they were resampled one by one.

Verdict: RESOLVED. A is slower than B: the difference is real, as its interval excludes zero and it exceeds the noise floor.

Warnings:
  - the program holds 83 MB of live data, more than the caches of many machines; for data that size, where it lies in memory can shift the result by several points in ways the interval does not cover, and differently in the next process; run the comparison in several processes with the multiproc package

== street unique n=16384 prefix: ordered vs ordered-lpage
A: 910 ns per operation (median)
B: 535.4 ns per operation (median)
A needs 69% more time than B: B takes only 0.59 times as long as A.
With 95% confidence the difference lies between 67.8% and 74% more time (B takes between 0.575 and 0.60 times as long as A).
Noise floor: 1.32%. Identical code measured against itself on this setup can look that different, so smaller differences mean nothing.
Neighbouring measurements are correlated (autocorrelation +0.27), so they were resampled in blocks of 3.

Verdict: RESOLVED. A is slower than B: the difference is real, as its interval excludes zero and it exceeds the noise floor.

Warnings:
  - the program holds 83 MB of live data, more than the caches of many machines; for data that size, where it lies in memory can shift the result by several points in ways the interval does not cover, and differently in the next process; run the comparison in several processes with the multiproc package

== street unique n=16384 prefix: ordered vs ordered-lpage-zc
A: 904.4 ns per operation (median)
B: 437.2 ns per operation (median)
A needs 108% more time than B: B takes only 0.48 times as long as A.
With 95% confidence the difference lies between 101% and 115% more time (B takes between 0.465 and 0.50 times as long as A).
Noise floor: 1.19%. Identical code measured against itself on this setup can look that different, so smaller differences mean nothing.
Neighbouring measurements are nearly independent (autocorrelation -0.27), so they were resampled one by one.

Verdict: RESOLVED. A is slower than B: the difference is real, as its interval excludes zero and it exceeds the noise floor.

Warnings:
  - the program holds 83 MB of live data, more than the caches of many machines; for data that size, where it lies in memory can shift the result by several points in ways the interval does not cover, and differently in the next process; run the comparison in several processes with the multiproc package

== street unique n=16384 churn and build: ordered vs btree-map
steady state, per insertion or deletion in a structure of 16384 elements (cycle of 42814 operations, first pass untimed):
  A: 202 ns per operation (median)
  B: 239.5 ns per operation (median)
  A needs 15.8% less time than B: B takes 1.19 times as long as A.
  With 95% confidence the difference lies between 15% and 16.6% less time (B takes between 1.18 and 1.20 times as long as A).
  Noise floor: 0.385%. Identical code measured against itself on this setup can look that different, so smaller differences mean nothing.
  Neighbouring measurements are nearly independent (autocorrelation +0.03), so they were resampled one by one.
  
  Verdict: RESOLVED. A is faster than B: the difference is real, as its interval excludes zero and it exceeds the noise floor.
  
  Warnings:
    - the program holds 86 MB of live data, more than the caches of many machines; for data that size, where it lies in memory can shift the result by several points in ways the interval does not cover, and differently in the next process; run the comparison in several processes with the multiproc package

build from empty to 16384 elements, per whole build (58716 operations):
  A: 1.062e+07 ns per operation (median)
  B: 1.392e+07 ns per operation (median)
  A needs 23.8% less time than B: B takes 1.31 times as long as A.
  With 95% confidence the difference lies between 23.4% and 24% less time (B takes between 1.31 and 1.32 times as long as A).
  Noise floor: 0.236%. Identical code measured against itself on this setup can look that different, so smaller differences mean nothing.
  Neighbouring measurements are nearly independent (autocorrelation -0.03), so they were resampled one by one.
  
  Verdict: RESOLVED. A is faster than B: the difference is real, as its interval excludes zero and it exceeds the noise floor.
  
  Warnings:
    - the program holds 83 MB of live data, more than the caches of many machines; for data that size, where it lies in memory can shift the result by several points in ways the interval does not cover, and differently in the next process; run the comparison in several processes with the multiproc package

== street unique n=16384 churn and build: ordered vs ordered-lpage
steady state, per insertion or deletion in a structure of 16384 elements (cycle of 42814 operations, first pass untimed):
  A: 201.1 ns per operation (median)
  B: 274.7 ns per operation (median)
  A needs 26.8% less time than B: B takes 1.37 times as long as A.
  With 95% confidence the difference lies between 25.6% and 27.6% less time (B takes between 1.34 and 1.38 times as long as A).
  Noise floor: 0.79%. Identical code measured against itself on this setup can look that different, so smaller differences mean nothing.
  Neighbouring measurements are nearly independent (autocorrelation -0.05), so they were resampled one by one.
  
  Verdict: RESOLVED. A is faster than B: the difference is real, as its interval excludes zero and it exceeds the noise floor.
  
  Warnings:
    - the program holds 86 MB of live data, more than the caches of many machines; for data that size, where it lies in memory can shift the result by several points in ways the interval does not cover, and differently in the next process; run the comparison in several processes with the multiproc package

build from empty to 16384 elements, per whole build (58716 operations):
  A: 1.055e+07 ns per operation (median)
  B: 1.754e+07 ns per operation (median)
  A needs 39.8% less time than B: B takes 1.66 times as long as A.
  With 95% confidence the difference lies between 39.7% and 40.1% less time (B takes between 1.66 and 1.67 times as long as A).
  Noise floor: 0.418%. Identical code measured against itself on this setup can look that different, so smaller differences mean nothing.
  Neighbouring measurements are nearly independent (autocorrelation +0.02), so they were resampled one by one.
  
  Verdict: RESOLVED. A is faster than B: the difference is real, as its interval excludes zero and it exceeds the noise floor.
  
  Warnings:
    - the program holds 83 MB of live data, more than the caches of many machines; for data that size, where it lies in memory can shift the result by several points in ways the interval does not cover, and differently in the next process; run the comparison in several processes with the multiproc package

== street unique n=16384 churn and build: ordered vs ordered-lpage-zc
steady state, per insertion or deletion in a structure of 16384 elements (cycle of 42814 operations, first pass untimed):
  A: 225.6 ns per operation (median)
  B: 348.9 ns per operation (median)
  A needs 35.6% less time than B: B takes 1.55 times as long as A.
  With 95% confidence the difference lies between 33.5% and 37.4% less time (B takes between 1.5 and 1.60 times as long as A).
  Noise floor: 1.34%. Identical code measured against itself on this setup can look that different, so smaller differences mean nothing.
  Neighbouring measurements are correlated (autocorrelation +0.47), so they were resampled in blocks of 3.
  
  Verdict: RESOLVED. A is faster than B: the difference is real, as its interval excludes zero and it exceeds the noise floor.
  
  Warnings:
    - the program holds 87 MB of live data, more than the caches of many machines; for data that size, where it lies in memory can shift the result by several points in ways the interval does not cover, and differently in the next process; run the comparison in several processes with the multiproc package
    - in 50% of A/A runs this setup reported a difference between identical code, well above the 10% expected; treat any confidence from it with suspicion

build from empty to 16384 elements, per whole build (58716 operations):
  A: 1.059e+07 ns per operation (median)
  B: 2.27e+07 ns per operation (median)
  A needs 52.8% less time than B: B takes 2.12 times as long as A.
  With 95% confidence the difference lies between 50.9% and 53.5% less time (B takes between 2.04 and 2.15 times as long as A).
  Noise floor: 4.85%. Identical code measured against itself on this setup can look that different, so smaller differences mean nothing.
  Neighbouring measurements are nearly independent (autocorrelation -0.01), so they were resampled one by one.
  
  Verdict: RESOLVED. A is faster than B: the difference is real, as its interval excludes zero and it exceeds the noise floor.
  
  Warnings:
    - the program holds 83 MB of live data, more than the caches of many machines; for data that size, where it lies in memory can shift the result by several points in ways the interval does not cover, and differently in the next process; run the comparison in several processes with the multiproc package

checksum 16416936483728075770
== street unique n=16384 valuesFor: ordered vs btree-map
A: 88.39 ns per operation (median)
B: 173.9 ns per operation (median)
A needs 49.1% less time than B: B takes 1.96 times as long as A.
With 95% confidence the difference lies between 48.6% and 49.7% less time (B takes between 1.94 and 1.99 times as long as A).
Noise floor: 1.18%. Identical code measured against itself on this setup can look that different, so smaller differences mean nothing.
Neighbouring measurements are nearly independent (autocorrelation -0.04), so they were resampled one by one.

Verdict: RESOLVED. A is faster than B: the difference is real, as its interval excludes zero and it exceeds the noise floor.

Warnings:
  - the program holds 84 MB of live data, more than the caches of many machines; for data that size, where it lies in memory can shift the result by several points in ways the interval does not cover, and differently in the next process; run the comparison in several processes with the multiproc package

== street unique n=16384 valuesFor: ordered vs ordered-lpage
A: 92.25 ns per operation (median)
B: 154.4 ns per operation (median)
A needs 40.1% less time than B: B takes 1.67 times as long as A.
With 95% confidence the difference lies between 39% and 40.7% less time (B takes between 1.64 and 1.69 times as long as A).
Noise floor: 0.991%. Identical code measured against itself on this setup can look that different, so smaller differences mean nothing.
Neighbouring measurements are nearly independent (autocorrelation -0.26), so they were resampled one by one.

Verdict: RESOLVED. A is faster than B: the difference is real, as its interval excludes zero and it exceeds the noise floor.

Warnings:
  - the program holds 84 MB of live data, more than the caches of many machines; for data that size, where it lies in memory can shift the result by several points in ways the interval does not cover, and differently in the next process; run the comparison in several processes with the multiproc package

== street unique n=16384 valuesFor: ordered vs ordered-lpage-zc
A: 87.55 ns per operation (median)
B: 128.7 ns per operation (median)
A needs 31.9% less time than B: B takes 1.47 times as long as A.
With 95% confidence the difference lies between 31.5% and 32.2% less time (B takes between 1.46 and 1.48 times as long as A).
Noise floor: 0.631%. Identical code measured against itself on this setup can look that different, so smaller differences mean nothing.
Neighbouring measurements are nearly independent (autocorrelation -0.34), so they were resampled one by one.

Verdict: RESOLVED. A is faster than B: the difference is real, as its interval excludes zero and it exceeds the noise floor.

Warnings:
  - the program holds 84 MB of live data, more than the caches of many machines; for data that size, where it lies in memory can shift the result by several points in ways the interval does not cover, and differently in the next process; run the comparison in several processes with the multiproc package

== street unique n=16384 valuesBetween: ordered vs btree-map
A: 2700 ns per operation (median)
B: 1721 ns per operation (median)
A needs 57.5% more time than B: B takes only 0.63 times as long as A.
With 95% confidence the difference lies between 55.5% and 58.5% more time (B takes between 0.631 and 0.64 times as long as A).
Noise floor: 0.575%. Identical code measured against itself on this setup can look that different, so smaller differences mean nothing.
Neighbouring measurements are nearly independent (autocorrelation -0.23), so they were resampled one by one.

Verdict: RESOLVED. A is slower than B: the difference is real, as its interval excludes zero and it exceeds the noise floor.

Warnings:
  - the program holds 84 MB of live data, more than the caches of many machines; for data that size, where it lies in memory can shift the result by several points in ways the interval does not cover, and differently in the next process; run the comparison in several processes with the multiproc package

== street unique n=16384 valuesBetween: ordered vs ordered-lpage
A: 2684 ns per operation (median)
B: 1430 ns per operation (median)
A needs 87.3% more time than B: B takes only 0.53 times as long as A.
With 95% confidence the difference lies between 85.7% and 89.9% more time (B takes between 0.527 and 0.54 times as long as A).
Noise floor: 1.12%. Identical code measured against itself on this setup can look that different, so smaller differences mean nothing.
Neighbouring measurements are correlated (autocorrelation +0.27), so they were resampled in blocks of 3.

Verdict: RESOLVED. A is slower than B: the difference is real, as its interval excludes zero and it exceeds the noise floor.

Warnings:
  - the program holds 83 MB of live data, more than the caches of many machines; for data that size, where it lies in memory can shift the result by several points in ways the interval does not cover, and differently in the next process; run the comparison in several processes with the multiproc package

== street unique n=16384 valuesBetween: ordered vs ordered-lpage-zc
A: 2678 ns per operation (median)
B: 1130 ns per operation (median)
A needs 135% more time than B: B takes only 0.42 times as long as A.
With 95% confidence the difference lies between 134% and 140% more time (B takes between 0.417 and 0.43 times as long as A).
Noise floor: 1.03%. Identical code measured against itself on this setup can look that different, so smaller differences mean nothing.
Neighbouring measurements are nearly independent (autocorrelation -0.45), so they were resampled one by one.

Verdict: RESOLVED. A is slower than B: the difference is real, as its interval excludes zero and it exceeds the noise floor.

Warnings:
  - the program holds 83 MB of live data, more than the caches of many machines; for data that size, where it lies in memory can shift the result by several points in ways the interval does not cover, and differently in the next process; run the comparison in several processes with the multiproc package

== street unique n=16384 prefix: ordered vs btree-map
A: 921.1 ns per operation (median)
B: 697.9 ns per operation (median)
A needs 29.8% more time than B: B takes only 0.77 times as long as A.
With 95% confidence the difference lies between 26.1% and 34.3% more time (B takes between 0.745 and 0.79 times as long as A).
Noise floor: 1.77%. Identical code measured against itself on this setup can look that different, so smaller differences mean nothing.
Neighbouring measurements are nearly independent (autocorrelation -0.13), so they were resampled one by one.

Verdict: RESOLVED. A is slower than B: the difference is real, as its interval excludes zero and it exceeds the noise floor.

Warnings:
  - the program holds 83 MB of live data, more than the caches of many machines; for data that size, where it lies in memory can shift the result by several points in ways the interval does not cover, and differently in the next process; run the comparison in several processes with the multiproc package

== street unique n=16384 prefix: ordered vs ordered-lpage
A: 917 ns per operation (median)
B: 542.2 ns per operation (median)
A needs 69.5% more time than B: B takes only 0.59 times as long as A.
With 95% confidence the difference lies between 68.2% and 75.2% more time (B takes between 0.571 and 0.59 times as long as A).
Noise floor: 1.4%. Identical code measured against itself on this setup can look that different, so smaller differences mean nothing.
Neighbouring measurements are correlated (autocorrelation +0.20), so they were resampled in blocks of 3.

Verdict: RESOLVED. A is slower than B: the difference is real, as its interval excludes zero and it exceeds the noise floor.

Warnings:
  - the program holds 83 MB of live data, more than the caches of many machines; for data that size, where it lies in memory can shift the result by several points in ways the interval does not cover, and differently in the next process; run the comparison in several processes with the multiproc package

== street unique n=16384 prefix: ordered vs ordered-lpage-zc
A: 909.2 ns per operation (median)
B: 435 ns per operation (median)
A needs 109% more time than B: B takes only 0.48 times as long as A.
With 95% confidence the difference lies between 100% and 116% more time (B takes between 0.464 and 0.50 times as long as A).
Noise floor: 1.21%. Identical code measured against itself on this setup can look that different, so smaller differences mean nothing.
Neighbouring measurements are nearly independent (autocorrelation -0.18), so they were resampled one by one.

Verdict: RESOLVED. A is slower than B: the difference is real, as its interval excludes zero and it exceeds the noise floor.

Warnings:
  - the program holds 83 MB of live data, more than the caches of many machines; for data that size, where it lies in memory can shift the result by several points in ways the interval does not cover, and differently in the next process; run the comparison in several processes with the multiproc package

== street unique n=16384 churn and build: ordered vs btree-map
steady state, per insertion or deletion in a structure of 16384 elements (cycle of 42814 operations, first pass untimed):
  A: 204.6 ns per operation (median)
  B: 242.8 ns per operation (median)
  A needs 15.2% less time than B: B takes 1.18 times as long as A.
  With 95% confidence the difference lies between 14.9% and 16.5% less time (B takes between 1.17 and 1.20 times as long as A).
  Noise floor: 0.719%. Identical code measured against itself on this setup can look that different, so smaller differences mean nothing.
  Neighbouring measurements are correlated (autocorrelation +0.51), so they were resampled in blocks of 3.
  
  Verdict: RESOLVED. A is faster than B: the difference is real, as its interval excludes zero and it exceeds the noise floor.
  
  Warnings:
    - the program holds 86 MB of live data, more than the caches of many machines; for data that size, where it lies in memory can shift the result by several points in ways the interval does not cover, and differently in the next process; run the comparison in several processes with the multiproc package
    - candidate B drifted during the run: its measurements were 3.64% higher in the second half than in the first, so the machine did not hold still

build from empty to 16384 elements, per whole build (58716 operations):
  A: 1.064e+07 ns per operation (median)
  B: 1.404e+07 ns per operation (median)
  A needs 24.3% less time than B: B takes 1.32 times as long as A.
  With 95% confidence the difference lies between 23.9% and 24.4% less time (B takes between 1.31 and 1.32 times as long as A).
  Noise floor: 0.735%. Identical code measured against itself on this setup can look that different, so smaller differences mean nothing.
  Neighbouring measurements are correlated (autocorrelation +0.25), so they were resampled in blocks of 3.
  
  Verdict: RESOLVED. A is faster than B: the difference is real, as its interval excludes zero and it exceeds the noise floor.
  
  Warnings:
    - the program holds 83 MB of live data, more than the caches of many machines; for data that size, where it lies in memory can shift the result by several points in ways the interval does not cover, and differently in the next process; run the comparison in several processes with the multiproc package

== street unique n=16384 churn and build: ordered vs ordered-lpage
steady state, per insertion or deletion in a structure of 16384 elements (cycle of 42814 operations, first pass untimed):
  A: 205.5 ns per operation (median)
  B: 275.7 ns per operation (median)
  A needs 25.7% less time than B: B takes 1.35 times as long as A.
  With 95% confidence the difference lies between 24.9% and 26.3% less time (B takes between 1.33 and 1.36 times as long as A).
  Noise floor: 1.1%. Identical code measured against itself on this setup can look that different, so smaller differences mean nothing.
  Neighbouring measurements are correlated (autocorrelation +0.53), so they were resampled in blocks of 3.
  
  Verdict: RESOLVED. A is faster than B: the difference is real, as its interval excludes zero and it exceeds the noise floor.
  
  Warnings:
    - the program holds 86 MB of live data, more than the caches of many machines; for data that size, where it lies in memory can shift the result by several points in ways the interval does not cover, and differently in the next process; run the comparison in several processes with the multiproc package
    - candidate A drifted during the run: its measurements were 3.4% lower in the second half than in the first, so the machine did not hold still
    - the ratio B/A was 2.26% higher in the second half of the run than in the first, so the candidates had not reached a steady state and the difference depends on how long the run was; a common cause is a head start for whichever candidate ran alone last before the comparison or had its data built last, which a longer CollectOptions.WarmupDuration removes

build from empty to 16384 elements, per whole build (58716 operations):
  A: 1.07e+07 ns per operation (median)
  B: 1.769e+07 ns per operation (median)
  A needs 39.5% less time than B: B takes 1.65 times as long as A.
  With 95% confidence the difference lies between 39.2% and 40% less time (B takes between 1.64 and 1.67 times as long as A).
  Noise floor: 0.599%. Identical code measured against itself on this setup can look that different, so smaller differences mean nothing.
  Neighbouring measurements are nearly independent (autocorrelation -0.06), so they were resampled one by one.
  
  Verdict: RESOLVED. A is faster than B: the difference is real, as its interval excludes zero and it exceeds the noise floor.
  
  Warnings:
    - the program holds 83 MB of live data, more than the caches of many machines; for data that size, where it lies in memory can shift the result by several points in ways the interval does not cover, and differently in the next process; run the comparison in several processes with the multiproc package

== street unique n=16384 churn and build: ordered vs ordered-lpage-zc
steady state, per insertion or deletion in a structure of 16384 elements (cycle of 42814 operations, first pass untimed):
  A: 219.2 ns per operation (median)
  B: 348.9 ns per operation (median)
  A needs 37% less time than B: B takes 1.59 times as long as A.
  With 95% confidence the difference lies between 35.2% and 37.9% less time (B takes between 1.54 and 1.61 times as long as A).
  Noise floor: 1.06%. Identical code measured against itself on this setup can look that different, so smaller differences mean nothing.
  Neighbouring measurements are correlated (autocorrelation +0.45), so they were resampled in blocks of 3.
  
  Verdict: RESOLVED. A is faster than B: the difference is real, as its interval excludes zero and it exceeds the noise floor.
  
  Warnings:
    - the program holds 88 MB of live data, more than the caches of many machines; for data that size, where it lies in memory can shift the result by several points in ways the interval does not cover, and differently in the next process; run the comparison in several processes with the multiproc package
    - candidate A drifted during the run: its measurements were 4.15% lower in the second half than in the first, so the machine did not hold still
    - the ratio B/A was 5.58% higher in the second half of the run than in the first, so the candidates had not reached a steady state and the difference depends on how long the run was; a common cause is a head start for whichever candidate ran alone last before the comparison or had its data built last, which a longer CollectOptions.WarmupDuration removes
    - in 50% of A/A runs this setup reported a difference between identical code, well above the 10% expected; treat any confidence from it with suspicion

build from empty to 16384 elements, per whole build (58716 operations):
  A: 1.068e+07 ns per operation (median)
  B: 2.238e+07 ns per operation (median)
  A needs 50.9% less time than B: B takes 2.04 times as long as A.
  With 95% confidence the difference lies between 50.5% and 52.5% less time (B takes between 2.02 and 2.10 times as long as A).
  Noise floor: 3.04%. Identical code measured against itself on this setup can look that different, so smaller differences mean nothing.
  Neighbouring measurements are nearly independent (autocorrelation -0.06), so they were resampled one by one.
  
  Verdict: RESOLVED. A is faster than B: the difference is real, as its interval excludes zero and it exceeds the noise floor.
  
  Warnings:
    - the program holds 83 MB of live data, more than the caches of many machines; for data that size, where it lies in memory can shift the result by several points in ways the interval does not cover, and differently in the next process; run the comparison in several processes with the multiproc package

checksum 9322834555314310756
== street unique n=16384 valuesFor: ordered vs btree-map
A: 88.96 ns per operation (median)
B: 173.6 ns per operation (median)
A needs 48.1% less time than B: B takes 1.93 times as long as A.
With 95% confidence the difference lies between 47.8% and 48.9% less time (B takes between 1.92 and 1.96 times as long as A).
Noise floor: 0.464%. Identical code measured against itself on this setup can look that different, so smaller differences mean nothing.
Neighbouring measurements are nearly independent (autocorrelation -0.40), so they were resampled one by one.

Verdict: RESOLVED. A is faster than B: the difference is real, as its interval excludes zero and it exceeds the noise floor.

Warnings:
  - the program holds 69 MB of live data, more than the caches of many machines; for data that size, where it lies in memory can shift the result by several points in ways the interval does not cover, and differently in the next process; run the comparison in several processes with the multiproc package
  - candidate A drifted during the run: its measurements were 5.78% higher in the second half than in the first, so the machine did not hold still
  - candidate B drifted during the run: its measurements were 3.52% higher in the second half than in the first, so the machine did not hold still
  - the ratio B/A was 2.11% lower in the second half of the run than in the first, so the candidates had not reached a steady state and the difference depends on how long the run was; a common cause is a head start for whichever candidate ran alone last before the comparison or had its data built last, which a longer CollectOptions.WarmupDuration removes

== street unique n=16384 valuesFor: ordered vs ordered-lpage
A: 87.45 ns per operation (median)
B: 148.7 ns per operation (median)
A needs 41.7% less time than B: B takes 1.72 times as long as A.
With 95% confidence the difference lies between 40.5% and 42.2% less time (B takes between 1.68 and 1.73 times as long as A).
Noise floor: 0.752%. Identical code measured against itself on this setup can look that different, so smaller differences mean nothing.
Neighbouring measurements are nearly independent (autocorrelation -0.21), so they were resampled one by one.

Verdict: RESOLVED. A is faster than B: the difference is real, as its interval excludes zero and it exceeds the noise floor.

Warnings:
  - the program holds 82 MB of live data, more than the caches of many machines; for data that size, where it lies in memory can shift the result by several points in ways the interval does not cover, and differently in the next process; run the comparison in several processes with the multiproc package

== street unique n=16384 valuesFor: ordered vs ordered-lpage-zc
A: 87.53 ns per operation (median)
B: 129.1 ns per operation (median)
A needs 32.3% less time than B: B takes 1.48 times as long as A.
With 95% confidence the difference lies between 31.7% and 32.8% less time (B takes between 1.46 and 1.49 times as long as A).
Noise floor: 0.775%. Identical code measured against itself on this setup can look that different, so smaller differences mean nothing.
Neighbouring measurements are nearly independent (autocorrelation -0.28), so they were resampled one by one.

Verdict: RESOLVED. A is faster than B: the difference is real, as its interval excludes zero and it exceeds the noise floor.

Warnings:
  - the program holds 82 MB of live data, more than the caches of many machines; for data that size, where it lies in memory can shift the result by several points in ways the interval does not cover, and differently in the next process; run the comparison in several processes with the multiproc package

== street unique n=16384 valuesBetween: ordered vs btree-map
A: 2693 ns per operation (median)
B: 1723 ns per operation (median)
A needs 56.4% more time than B: B takes only 0.64 times as long as A.
With 95% confidence the difference lies between 54.9% and 57.4% more time (B takes between 0.635 and 0.65 times as long as A).
Noise floor: 1.02%. Identical code measured against itself on this setup can look that different, so smaller differences mean nothing.
Neighbouring measurements are correlated (autocorrelation +0.45), so they were resampled in blocks of 3.

Verdict: RESOLVED. A is slower than B: the difference is real, as its interval excludes zero and it exceeds the noise floor.

Warnings:
  - the program holds 82 MB of live data, more than the caches of many machines; for data that size, where it lies in memory can shift the result by several points in ways the interval does not cover, and differently in the next process; run the comparison in several processes with the multiproc package

== street unique n=16384 valuesBetween: ordered vs ordered-lpage
A: 2681 ns per operation (median)
B: 1427 ns per operation (median)
A needs 88.2% more time than B: B takes only 0.53 times as long as A.
With 95% confidence the difference lies between 86.1% and 90.4% more time (B takes between 0.525 and 0.54 times as long as A).
Noise floor: 0.728%. Identical code measured against itself on this setup can look that different, so smaller differences mean nothing.
Neighbouring measurements are nearly independent (autocorrelation -0.31), so they were resampled one by one.

Verdict: RESOLVED. A is slower than B: the difference is real, as its interval excludes zero and it exceeds the noise floor.

Warnings:
  - the program holds 83 MB of live data, more than the caches of many machines; for data that size, where it lies in memory can shift the result by several points in ways the interval does not cover, and differently in the next process; run the comparison in several processes with the multiproc package

== street unique n=16384 valuesBetween: ordered vs ordered-lpage-zc
A: 2682 ns per operation (median)
B: 1135 ns per operation (median)
A needs 135% more time than B: B takes only 0.43 times as long as A.
With 95% confidence the difference lies between 134% and 141% more time (B takes between 0.415 and 0.43 times as long as A).
Noise floor: 0.488%. Identical code measured against itself on this setup can look that different, so smaller differences mean nothing.
Neighbouring measurements are nearly independent (autocorrelation -0.54), so they were resampled one by one.

Verdict: RESOLVED. A is slower than B: the difference is real, as its interval excludes zero and it exceeds the noise floor.

Warnings:
  - the program holds 83 MB of live data, more than the caches of many machines; for data that size, where it lies in memory can shift the result by several points in ways the interval does not cover, and differently in the next process; run the comparison in several processes with the multiproc package

== street unique n=16384 prefix: ordered vs btree-map
A: 917.3 ns per operation (median)
B: 700.6 ns per operation (median)
A needs 32.7% more time than B: B takes only 0.75 times as long as A.
With 95% confidence the difference lies between 24.6% and 36.7% more time (B takes between 0.731 and 0.80 times as long as A).
Noise floor: 1.01%. Identical code measured against itself on this setup can look that different, so smaller differences mean nothing.
Neighbouring measurements are nearly independent (autocorrelation -0.21), so they were resampled one by one.

Verdict: RESOLVED. A is slower than B: the difference is real, as its interval excludes zero and it exceeds the noise floor.

Warnings:
  - the program holds 82 MB of live data, more than the caches of many machines; for data that size, where it lies in memory can shift the result by several points in ways the interval does not cover, and differently in the next process; run the comparison in several processes with the multiproc package
  - in 50% of A/A runs this setup reported a difference between identical code, well above the 10% expected; treat any confidence from it with suspicion

== street unique n=16384 prefix: ordered vs ordered-lpage
A: 911.8 ns per operation (median)
B: 539.1 ns per operation (median)
A needs 69% more time than B: B takes only 0.59 times as long as A.
With 95% confidence the difference lies between 67.1% and 72.5% more time (B takes between 0.58 and 0.60 times as long as A).
Noise floor: 0.77%. Identical code measured against itself on this setup can look that different, so smaller differences mean nothing.
Neighbouring measurements are nearly independent (autocorrelation +0.15), so they were resampled one by one.

Verdict: RESOLVED. A is slower than B: the difference is real, as its interval excludes zero and it exceeds the noise floor.

Warnings:
  - the program holds 83 MB of live data, more than the caches of many machines; for data that size, where it lies in memory can shift the result by several points in ways the interval does not cover, and differently in the next process; run the comparison in several processes with the multiproc package

== street unique n=16384 prefix: ordered vs ordered-lpage-zc
A: 902.1 ns per operation (median)
B: 434.5 ns per operation (median)
A needs 108% more time than B: B takes only 0.48 times as long as A.
With 95% confidence the difference lies between 104% and 111% more time (B takes between 0.474 and 0.49 times as long as A).
Noise floor: 0.535%. Identical code measured against itself on this setup can look that different, so smaller differences mean nothing.
Neighbouring measurements are nearly independent (autocorrelation -0.18), so they were resampled one by one.

Verdict: RESOLVED. A is slower than B: the difference is real, as its interval excludes zero and it exceeds the noise floor.

Warnings:
  - the program holds 83 MB of live data, more than the caches of many machines; for data that size, where it lies in memory can shift the result by several points in ways the interval does not cover, and differently in the next process; run the comparison in several processes with the multiproc package

== street unique n=16384 churn and build: ordered vs btree-map
steady state, per insertion or deletion in a structure of 16384 elements (cycle of 42814 operations, first pass untimed):
  A: 202.4 ns per operation (median)
  B: 238.8 ns per operation (median)
  A needs 15.2% less time than B: B takes 1.18 times as long as A.
  With 95% confidence the difference lies between 13.9% and 16.6% less time (B takes between 1.16 and 1.20 times as long as A).
  Noise floor: 1.97%. Identical code measured against itself on this setup can look that different, so smaller differences mean nothing.
  Neighbouring measurements are correlated (autocorrelation +0.51), so they were resampled in blocks of 3.
  
  Verdict: RESOLVED. A is faster than B: the difference is real, as its interval excludes zero and it exceeds the noise floor.
  
  Warnings:
    - the program holds 86 MB of live data, more than the caches of many machines; for data that size, where it lies in memory can shift the result by several points in ways the interval does not cover, and differently in the next process; run the comparison in several processes with the multiproc package
    - candidate A drifted during the run: its measurements were 7.38% higher in the second half than in the first, so the machine did not hold still
    - candidate B drifted during the run: its measurements were 3.95% higher in the second half than in the first, so the machine did not hold still
    - the ratio B/A was 2.51% lower in the second half of the run than in the first, so the candidates had not reached a steady state and the difference depends on how long the run was; a common cause is a head start for whichever candidate ran alone last before the comparison or had its data built last, which a longer CollectOptions.WarmupDuration removes
    - in 50% of A/A runs this setup reported a difference between identical code, well above the 10% expected; treat any confidence from it with suspicion

build from empty to 16384 elements, per whole build (58716 operations):
  A: 1.065e+07 ns per operation (median)
  B: 1.413e+07 ns per operation (median)
  A needs 24.6% less time than B: B takes 1.33 times as long as A.
  With 95% confidence the difference lies between 24.5% and 24.7% less time (B takes between 1.32 and 1.33 times as long as A).
  Noise floor: 0.497%. Identical code measured against itself on this setup can look that different, so smaller differences mean nothing.
  Neighbouring measurements are nearly independent (autocorrelation -0.02), so they were resampled one by one.
  
  Verdict: RESOLVED. A is faster than B: the difference is real, as its interval excludes zero and it exceeds the noise floor.
  
  Warnings:
    - the program holds 83 MB of live data, more than the caches of many machines; for data that size, where it lies in memory can shift the result by several points in ways the interval does not cover, and differently in the next process; run the comparison in several processes with the multiproc package

== street unique n=16384 churn and build: ordered vs ordered-lpage
steady state, per insertion or deletion in a structure of 16384 elements (cycle of 42814 operations, first pass untimed):
  A: 201.6 ns per operation (median)
  B: 274 ns per operation (median)
  A needs 27% less time than B: B takes 1.37 times as long as A.
  With 95% confidence the difference lies between 25.5% and 27.5% less time (B takes between 1.34 and 1.38 times as long as A).
  Noise floor: 0.798%. Identical code measured against itself on this setup can look that different, so smaller differences mean nothing.
  Neighbouring measurements are nearly independent (autocorrelation -0.21), so they were resampled one by one.
  
  Verdict: RESOLVED. A is faster than B: the difference is real, as its interval excludes zero and it exceeds the noise floor.
  
  Warnings:
    - the program holds 86 MB of live data, more than the caches of many machines; for data that size, where it lies in memory can shift the result by several points in ways the interval does not cover, and differently in the next process; run the comparison in several processes with the multiproc package

build from empty to 16384 elements, per whole build (58716 operations):
  A: 1.06e+07 ns per operation (median)
  B: 1.765e+07 ns per operation (median)
  A needs 39.9% less time than B: B takes 1.66 times as long as A.
  With 95% confidence the difference lies between 39.5% and 40% less time (B takes between 1.65 and 1.67 times as long as A).
  Noise floor: 0.328%. Identical code measured against itself on this setup can look that different, so smaller differences mean nothing.
  Neighbouring measurements are nearly independent (autocorrelation +0.03), so they were resampled one by one.
  
  Verdict: RESOLVED. A is faster than B: the difference is real, as its interval excludes zero and it exceeds the noise floor.
  
  Warnings:
    - the program holds 83 MB of live data, more than the caches of many machines; for data that size, where it lies in memory can shift the result by several points in ways the interval does not cover, and differently in the next process; run the comparison in several processes with the multiproc package

== street unique n=16384 churn and build: ordered vs ordered-lpage-zc
steady state, per insertion or deletion in a structure of 16384 elements (cycle of 42814 operations, first pass untimed):
  A: 226.3 ns per operation (median)
  B: 350.4 ns per operation (median)
  A needs 35.2% less time than B: B takes 1.54 times as long as A.
  With 95% confidence the difference lies between 32.4% and 36% less time (B takes between 1.48 and 1.56 times as long as A).
  Noise floor: 1.59%. Identical code measured against itself on this setup can look that different, so smaller differences mean nothing.
  Neighbouring measurements are correlated (autocorrelation +0.41), so they were resampled in blocks of 3.
  
  Verdict: RESOLVED. A is faster than B: the difference is real, as its interval excludes zero and it exceeds the noise floor.
  
  Warnings:
    - the program holds 86 MB of live data, more than the caches of many machines; for data that size, where it lies in memory can shift the result by several points in ways the interval does not cover, and differently in the next process; run the comparison in several processes with the multiproc package
    - in 50% of A/A runs this setup reported a difference between identical code, well above the 10% expected; treat any confidence from it with suspicion

build from empty to 16384 elements, per whole build (58716 operations):
  A: 1.127e+07 ns per operation (median)
  B: 2.341e+07 ns per operation (median)
  A needs 52.5% less time than B: B takes 2.11 times as long as A.
  With 95% confidence the difference lies between 51.7% and 52.9% less time (B takes between 2.07 and 2.12 times as long as A).
  Noise floor: 4.03%. Identical code measured against itself on this setup can look that different, so smaller differences mean nothing.
  Neighbouring measurements are nearly independent (autocorrelation +0.19), so they were resampled one by one.
  
  Verdict: RESOLVED. A is faster than B: the difference is real, as its interval excludes zero and it exceeds the noise floor.
  
  Warnings:
    - the program holds 83 MB of live data, more than the caches of many machines; for data that size, where it lies in memory can shift the result by several points in ways the interval does not cover, and differently in the next process; run the comparison in several processes with the multiproc package

checksum 2524043400783391292
== street unique n=16384 valuesFor: ordered vs btree-map
A: 88.14 ns per operation (median)
B: 176 ns per operation (median)
A needs 49.8% less time than B: B takes 1.99 times as long as A.
With 95% confidence the difference lies between 49.4% and 50.4% less time (B takes between 1.97 and 2.02 times as long as A).
Noise floor: 0.784%. Identical code measured against itself on this setup can look that different, so smaller differences mean nothing.
Neighbouring measurements are correlated (autocorrelation +0.38), so they were resampled in blocks of 3.

Verdict: RESOLVED. A is faster than B: the difference is real, as its interval excludes zero and it exceeds the noise floor.

Warnings:
  - the program holds 83 MB of live data, more than the caches of many machines; for data that size, where it lies in memory can shift the result by several points in ways the interval does not cover, and differently in the next process; run the comparison in several processes with the multiproc package
  - candidate B drifted during the run: its measurements were 1.34% lower in the second half than in the first, so the machine did not hold still

== street unique n=16384 valuesFor: ordered vs ordered-lpage
A: 88.88 ns per operation (median)
B: 153.5 ns per operation (median)
A needs 40.5% less time than B: B takes 1.68 times as long as A.
With 95% confidence the difference lies between 39.8% and 41.2% less time (B takes between 1.66 and 1.70 times as long as A).
Noise floor: 0.727%. Identical code measured against itself on this setup can look that different, so smaller differences mean nothing.
Neighbouring measurements are correlated (autocorrelation +0.43), so they were resampled in blocks of 3.

Verdict: RESOLVED. A is faster than B: the difference is real, as its interval excludes zero and it exceeds the noise floor.

Warnings:
  - the program holds 83 MB of live data, more than the caches of many machines; for data that size, where it lies in memory can shift the result by several points in ways the interval does not cover, and differently in the next process; run the comparison in several processes with the multiproc package
  - candidate A drifted during the run: its measurements were 7.91% higher in the second half than in the first, so the machine did not hold still
  - candidate B drifted during the run: its measurements were 4.61% higher in the second half than in the first, so the machine did not hold still

== street unique n=16384 valuesFor: ordered vs ordered-lpage-zc
A: 87.81 ns per operation (median)
B: 129.4 ns per operation (median)
A needs 32.2% less time than B: B takes 1.47 times as long as A.
With 95% confidence the difference lies between 31.5% and 32.8% less time (B takes between 1.46 and 1.49 times as long as A).
Noise floor: 1.12%. Identical code measured against itself on this setup can look that different, so smaller differences mean nothing.
Neighbouring measurements are correlated (autocorrelation +0.21), so they were resampled in blocks of 3.

Verdict: RESOLVED. A is faster than B: the difference is real, as its interval excludes zero and it exceeds the noise floor.

Warnings:
  - the program holds 83 MB of live data, more than the caches of many machines; for data that size, where it lies in memory can shift the result by several points in ways the interval does not cover, and differently in the next process; run the comparison in several processes with the multiproc package
  - candidate A drifted during the run: its measurements were 1.24% lower in the second half than in the first, so the machine did not hold still

== street unique n=16384 valuesBetween: ordered vs btree-map
A: 2697 ns per operation (median)
B: 1727 ns per operation (median)
A needs 55.5% more time than B: B takes only 0.64 times as long as A.
With 95% confidence the difference lies between 54.9% and 56.4% more time (B takes between 0.64 and 0.65 times as long as A).
Noise floor: 0.504%. Identical code measured against itself on this setup can look that different, so smaller differences mean nothing.
Neighbouring measurements are correlated (autocorrelation +0.34), so they were resampled in blocks of 3.

Verdict: RESOLVED. A is slower than B: the difference is real, as its interval excludes zero and it exceeds the noise floor.

Warnings:
  - the program holds 83 MB of live data, more than the caches of many machines; for data that size, where it lies in memory can shift the result by several points in ways the interval does not cover, and differently in the next process; run the comparison in several processes with the multiproc package

== street unique n=16384 valuesBetween: ordered vs ordered-lpage
A: 2767 ns per operation (median)
B: 1495 ns per operation (median)
A needs 86.1% more time than B: B takes only 0.54 times as long as A.
With 95% confidence the difference lies between 83.6% and 89.3% more time (B takes between 0.528 and 0.54 times as long as A).
Noise floor: 0.771%. Identical code measured against itself on this setup can look that different, so smaller differences mean nothing.
Neighbouring measurements are correlated (autocorrelation +0.32), so they were resampled in blocks of 3.

Verdict: RESOLVED. A is slower than B: the difference is real, as its interval excludes zero and it exceeds the noise floor.

Warnings:
  - the program holds 83 MB of live data, more than the caches of many machines; for data that size, where it lies in memory can shift the result by several points in ways the interval does not cover, and differently in the next process; run the comparison in several processes with the multiproc package

== street unique n=16384 valuesBetween: ordered vs ordered-lpage-zc
A: 2765 ns per operation (median)
B: 1174 ns per operation (median)
A needs 137% more time than B: B takes only 0.42 times as long as A.
With 95% confidence the difference lies between 133% and 140% more time (B takes between 0.417 and 0.43 times as long as A).
Noise floor: 0.309%. Identical code measured against itself on this setup can look that different, so smaller differences mean nothing.
Neighbouring measurements are correlated (autocorrelation +0.37), so they were resampled in blocks of 3.

Verdict: RESOLVED. A is slower than B: the difference is real, as its interval excludes zero and it exceeds the noise floor.

Warnings:
  - the program holds 83 MB of live data, more than the caches of many machines; for data that size, where it lies in memory can shift the result by several points in ways the interval does not cover, and differently in the next process; run the comparison in several processes with the multiproc package
  - candidate A drifted during the run: its measurements were 4.31% lower in the second half than in the first, so the machine did not hold still
  - candidate B drifted during the run: its measurements were 4.33% lower in the second half than in the first, so the machine did not hold still

== street unique n=16384 prefix: ordered vs btree-map
A: 951.9 ns per operation (median)
B: 745.4 ns per operation (median)
A needs 29.6% more time than B: B takes only 0.77 times as long as A.
With 95% confidence the difference lies between 24% and 31.7% more time (B takes between 0.759 and 0.81 times as long as A).
Noise floor: 1.54%. Identical code measured against itself on this setup can look that different, so smaller differences mean nothing.
Neighbouring measurements are nearly independent (autocorrelation -0.07), so they were resampled one by one.

Verdict: RESOLVED. A is slower than B: the difference is real, as its interval excludes zero and it exceeds the noise floor.

Warnings:
  - the program holds 83 MB of live data, more than the caches of many machines; for data that size, where it lies in memory can shift the result by several points in ways the interval does not cover, and differently in the next process; run the comparison in several processes with the multiproc package

== street unique n=16384 prefix: ordered vs ordered-lpage
A: 930 ns per operation (median)
B: 558.3 ns per operation (median)
A needs 62.9% more time than B: B takes only 0.61 times as long as A.
With 95% confidence the difference lies between 60.8% and 71.4% more time (B takes between 0.584 and 0.62 times as long as A).
Noise floor: 2.79%. Identical code measured against itself on this setup can look that different, so smaller differences mean nothing.
Neighbouring measurements are nearly independent (autocorrelation +0.12), so they were resampled one by one.

Verdict: RESOLVED. A is slower than B: the difference is real, as its interval excludes zero and it exceeds the noise floor.

Warnings:
  - the program holds 83 MB of live data, more than the caches of many machines; for data that size, where it lies in memory can shift the result by several points in ways the interval does not cover, and differently in the next process; run the comparison in several processes with the multiproc package
  - in 50% of A/A runs this setup reported a difference between identical code, well above the 10% expected; treat any confidence from it with suspicion

== street unique n=16384 prefix: ordered vs ordered-lpage-zc
A: 936.2 ns per operation (median)
B: 449.4 ns per operation (median)
A needs 109% more time than B: B takes only 0.48 times as long as A.
With 95% confidence the difference lies between 103% and 116% more time (B takes between 0.464 and 0.49 times as long as A).
Noise floor: 0.844%. Identical code measured against itself on this setup can look that different, so smaller differences mean nothing.
Neighbouring measurements are correlated (autocorrelation +0.29), so they were resampled in blocks of 3.

Verdict: RESOLVED. A is slower than B: the difference is real, as its interval excludes zero and it exceeds the noise floor.

Warnings:
  - the program holds 83 MB of live data, more than the caches of many machines; for data that size, where it lies in memory can shift the result by several points in ways the interval does not cover, and differently in the next process; run the comparison in several processes with the multiproc package

== street unique n=16384 churn and build: ordered vs btree-map
steady state, per insertion or deletion in a structure of 16384 elements (cycle of 42814 operations, first pass untimed):
  A: 243 ns per operation (median)
  B: 266.5 ns per operation (median)
  A needs 8.71% less time than B: B takes 1.10 times as long as A.
  With 95% confidence the difference lies between 5.44% and 10.4% less time (B takes between 1.06 and 1.12 times as long as A).
  Noise floor: 1.9%. Identical code measured against itself on this setup can look that different, so smaller differences mean nothing.
  Neighbouring measurements are correlated (autocorrelation +0.52), so they were resampled in blocks of 3.
  
  Verdict: RESOLVED. A is faster than B: the difference is real, as its interval excludes zero and it exceeds the noise floor.
  
  Warnings:
    - the program holds 86 MB of live data, more than the caches of many machines; for data that size, where it lies in memory can shift the result by several points in ways the interval does not cover, and differently in the next process; run the comparison in several processes with the multiproc package
    - candidate A drifted during the run: its measurements were 11.6% lower in the second half than in the first, so the machine did not hold still
    - candidate B drifted during the run: its measurements were 5.89% lower in the second half than in the first, so the machine did not hold still
    - the ratio B/A was 2.83% higher in the second half of the run than in the first, so the candidates had not reached a steady state and the difference depends on how long the run was; a common cause is a head start for whichever candidate ran alone last before the comparison or had its data built last, which a longer CollectOptions.WarmupDuration removes

build from empty to 16384 elements, per whole build (58716 operations):
  A: 1.119e+07 ns per operation (median)
  B: 1.45e+07 ns per operation (median)
  A needs 21.6% less time than B: B takes 1.28 times as long as A.
  With 95% confidence the difference lies between 17.9% and 24.1% less time (B takes between 1.22 and 1.32 times as long as A).
  Noise floor: 1.79%. Identical code measured against itself on this setup can look that different, so smaller differences mean nothing.
  Neighbouring measurements are nearly independent (autocorrelation +0.13), so they were resampled one by one.
  
  Verdict: RESOLVED. A is faster than B: the difference is real, as its interval excludes zero and it exceeds the noise floor.
  
  Warnings:
    - the program holds 83 MB of live data, more than the caches of many machines; for data that size, where it lies in memory can shift the result by several points in ways the interval does not cover, and differently in the next process; run the comparison in several processes with the multiproc package
    - in 50% of A/A runs this setup reported a difference between identical code, well above the 10% expected; treat any confidence from it with suspicion

== street unique n=16384 churn and build: ordered vs ordered-lpage
steady state, per insertion or deletion in a structure of 16384 elements (cycle of 42814 operations, first pass untimed):
  A: 225.3 ns per operation (median)
  B: 286.4 ns per operation (median)
  A needs 21% less time than B: B takes 1.27 times as long as A.
  With 95% confidence the difference lies between 18.2% and 22.9% less time (B takes between 1.22 and 1.30 times as long as A).
  Noise floor: 0.894%. Identical code measured against itself on this setup can look that different, so smaller differences mean nothing.
  Neighbouring measurements are nearly independent (autocorrelation +0.15), so they were resampled one by one.
  
  Verdict: RESOLVED. A is faster than B: the difference is real, as its interval excludes zero and it exceeds the noise floor.
  
  Warnings:
    - the program holds 87 MB of live data, more than the caches of many machines; for data that size, where it lies in memory can shift the result by several points in ways the interval does not cover, and differently in the next process; run the comparison in several processes with the multiproc package
    - candidate A drifted during the run: its measurements were 7.61% lower in the second half than in the first, so the machine did not hold still
    - candidate B drifted during the run: its measurements were 4.33% lower in the second half than in the first, so the machine did not hold still
    - the ratio B/A was 6.61% higher in the second half of the run than in the first, so the candidates had not reached a steady state and the difference depends on how long the run was; a common cause is a head start for whichever candidate ran alone last before the comparison or had its data built last, which a longer CollectOptions.WarmupDuration removes

build from empty to 16384 elements, per whole build (58716 operations):
  A: 1.105e+07 ns per operation (median)
  B: 1.815e+07 ns per operation (median)
  A needs 39.2% less time than B: B takes 1.64 times as long as A.
  With 95% confidence the difference lies between 39.1% and 40.5% less time (B takes between 1.64 and 1.68 times as long as A).
  Noise floor: 0.453%. Identical code measured against itself on this setup can look that different, so smaller differences mean nothing.
  Neighbouring measurements are correlated (autocorrelation +0.22), so they were resampled in blocks of 3.
  
  Verdict: RESOLVED. A is faster than B: the difference is real, as its interval excludes zero and it exceeds the noise floor.
  
  Warnings:
    - the program holds 83 MB of live data, more than the caches of many machines; for data that size, where it lies in memory can shift the result by several points in ways the interval does not cover, and differently in the next process; run the comparison in several processes with the multiproc package

== street unique n=16384 churn and build: ordered vs ordered-lpage-zc
steady state, per insertion or deletion in a structure of 16384 elements (cycle of 42814 operations, first pass untimed):
  A: 244.6 ns per operation (median)
  B: 358.1 ns per operation (median)
  A needs 31.6% less time than B: B takes 1.46 times as long as A.
  With 95% confidence the difference lies between 30.1% and 34% less time (B takes between 1.43 and 1.52 times as long as A).
  Noise floor: 1.09%. Identical code measured against itself on this setup can look that different, so smaller differences mean nothing.
  Neighbouring measurements are nearly independent (autocorrelation +0.20), so they were resampled one by one.
  
  Verdict: RESOLVED. A is faster than B: the difference is real, as its interval excludes zero and it exceeds the noise floor.
  
  Warnings:
    - the program holds 88 MB of live data, more than the caches of many machines; for data that size, where it lies in memory can shift the result by several points in ways the interval does not cover, and differently in the next process; run the comparison in several processes with the multiproc package
    - candidate B drifted during the run: its measurements were 2.62% lower in the second half than in the first, so the machine did not hold still

build from empty to 16384 elements, per whole build (58716 operations):
  A: 1.106e+07 ns per operation (median)
  B: 2.277e+07 ns per operation (median)
  A needs 51.4% less time than B: B takes 2.06 times as long as A.
  With 95% confidence the difference lies between 51% and 52.1% less time (B takes between 2.04 and 2.09 times as long as A).
  Noise floor: 0.581%. Identical code measured against itself on this setup can look that different, so smaller differences mean nothing.
  Neighbouring measurements are correlated (autocorrelation +0.22), so they were resampled in blocks of 3.
  
  Verdict: RESOLVED. A is faster than B: the difference is real, as its interval excludes zero and it exceeds the noise floor.
  
  Warnings:
    - the program holds 83 MB of live data, more than the caches of many machines; for data that size, where it lies in memory can shift the result by several points in ways the interval does not cover, and differently in the next process; run the comparison in several processes with the multiproc package

checksum 7094301531096963163
== street unique n=16384 valuesFor: ordered vs btree-map
A: 90.83 ns per operation (median)
B: 181.4 ns per operation (median)
A needs 50.3% less time than B: B takes 2.01 times as long as A.
With 95% confidence the difference lies between 48.3% and 51% less time (B takes between 1.93 and 2.04 times as long as A).
Noise floor: 0.824%. Identical code measured against itself on this setup can look that different, so smaller differences mean nothing.
Neighbouring measurements are nearly independent (autocorrelation -0.44), so they were resampled one by one.

Verdict: RESOLVED. A is faster than B: the difference is real, as its interval excludes zero and it exceeds the noise floor.

Warnings:
  - the program holds 66 MB of live data, more than the caches of many machines; for data that size, where it lies in memory can shift the result by several points in ways the interval does not cover, and differently in the next process; run the comparison in several processes with the multiproc package

== street unique n=16384 valuesFor: ordered vs ordered-lpage
A: 87.88 ns per operation (median)
B: 148.1 ns per operation (median)
A needs 41% less time than B: B takes 1.70 times as long as A.
With 95% confidence the difference lies between 40.1% and 41.4% less time (B takes between 1.67 and 1.71 times as long as A).
Noise floor: 0.38%. Identical code measured against itself on this setup can look that different, so smaller differences mean nothing.
Neighbouring measurements are correlated (autocorrelation +0.30), so they were resampled in blocks of 3.

Verdict: RESOLVED. A is faster than B: the difference is real, as its interval excludes zero and it exceeds the noise floor.

Warnings:
  - the program holds 82 MB of live data, more than the caches of many machines; for data that size, where it lies in memory can shift the result by several points in ways the interval does not cover, and differently in the next process; run the comparison in several processes with the multiproc package

== street unique n=16384 valuesFor: ordered vs ordered-lpage-zc
A: 88.21 ns per operation (median)
B: 130.8 ns per operation (median)
A needs 32.2% less time than B: B takes 1.48 times as long as A.
With 95% confidence the difference lies between 31.7% and 32.9% less time (B takes between 1.46 and 1.49 times as long as A).
Noise floor: 0.79%. Identical code measured against itself on this setup can look that different, so smaller differences mean nothing.
Neighbouring measurements are nearly independent (autocorrelation -0.02), so they were resampled one by one.

Verdict: RESOLVED. A is faster than B: the difference is real, as its interval excludes zero and it exceeds the noise floor.

Warnings:
  - the program holds 82 MB of live data, more than the caches of many machines; for data that size, where it lies in memory can shift the result by several points in ways the interval does not cover, and differently in the next process; run the comparison in several processes with the multiproc package

== street unique n=16384 valuesBetween: ordered vs btree-map
A: 2735 ns per operation (median)
B: 1759 ns per operation (median)
A needs 54.5% more time than B: B takes only 0.65 times as long as A.
With 95% confidence the difference lies between 53.5% and 56.2% more time (B takes between 0.64 and 0.65 times as long as A).
Noise floor: 0.311%. Identical code measured against itself on this setup can look that different, so smaller differences mean nothing.
Neighbouring measurements are correlated (autocorrelation +0.22), so they were resampled in blocks of 3.

Verdict: RESOLVED. A is slower than B: the difference is real, as its interval excludes zero and it exceeds the noise floor.

Warnings:
  - the program holds 82 MB of live data, more than the caches of many machines; for data that size, where it lies in memory can shift the result by several points in ways the interval does not cover, and differently in the next process; run the comparison in several processes with the multiproc package
  - 6.4% of bootstrap replicates tied, so the measurement is coarse relative to the question; lower CollectOptions.MaxQuantizationError to lengthen the batches

== street unique n=16384 valuesBetween: ordered vs ordered-lpage
A: 2695 ns per operation (median)
B: 1439 ns per operation (median)
A needs 86.9% more time than B: B takes only 0.53 times as long as A.
With 95% confidence the difference lies between 85.4% and 89.4% more time (B takes between 0.528 and 0.54 times as long as A).
Noise floor: 0.884%. Identical code measured against itself on this setup can look that different, so smaller differences mean nothing.
Neighbouring measurements are correlated (autocorrelation +0.21), so they were resampled in blocks of 3.

Verdict: RESOLVED. A is slower than B: the difference is real, as its interval excludes zero and it exceeds the noise floor.

Warnings:
  - the program holds 83 MB of live data, more than the caches of many machines; for data that size, where it lies in memory can shift the result by several points in ways the interval does not cover, and differently in the next process; run the comparison in several processes with the multiproc package

== street unique n=16384 valuesBetween: ordered vs ordered-lpage-zc
A: 2689 ns per operation (median)
B: 1137 ns per operation (median)
A needs 138% more time than B: B takes only 0.42 times as long as A.
With 95% confidence the difference lies between 132% and 141% more time (B takes between 0.415 and 0.43 times as long as A).
Noise floor: 1.79%. Identical code measured against itself on this setup can look that different, so smaller differences mean nothing.
Neighbouring measurements are nearly independent (autocorrelation -0.24), so they were resampled one by one.

Verdict: RESOLVED. A is slower than B: the difference is real, as its interval excludes zero and it exceeds the noise floor.

Warnings:
  - the program holds 83 MB of live data, more than the caches of many machines; for data that size, where it lies in memory can shift the result by several points in ways the interval does not cover, and differently in the next process; run the comparison in several processes with the multiproc package

== street unique n=16384 prefix: ordered vs btree-map
A: 945.3 ns per operation (median)
B: 747.8 ns per operation (median)
A needs 28% more time than B: B takes only 0.78 times as long as A.
With 95% confidence the difference lies between 23% and 31.5% more time (B takes between 0.761 and 0.81 times as long as A).
Noise floor: 1.83%. Identical code measured against itself on this setup can look that different, so smaller differences mean nothing.
Neighbouring measurements are nearly independent (autocorrelation +0.04), so they were resampled one by one.

Verdict: RESOLVED. A is slower than B: the difference is real, as its interval excludes zero and it exceeds the noise floor.

Warnings:
  - the program holds 83 MB of live data, more than the caches of many machines; for data that size, where it lies in memory can shift the result by several points in ways the interval does not cover, and differently in the next process; run the comparison in several processes with the multiproc package

== street unique n=16384 prefix: ordered vs ordered-lpage
A: 915 ns per operation (median)
B: 547.8 ns per operation (median)
A needs 66.9% more time than B: B takes only 0.60 times as long as A.
With 95% confidence the difference lies between 62.4% and 69.3% more time (B takes between 0.591 and 0.62 times as long as A).
Noise floor: 1.03%. Identical code measured against itself on this setup can look that different, so smaller differences mean nothing.
Neighbouring measurements are nearly independent (autocorrelation +0.18), so they were resampled one by one.

Verdict: RESOLVED. A is slower than B: the difference is real, as its interval excludes zero and it exceeds the noise floor.

Warnings:
  - the program holds 83 MB of live data, more than the caches of many machines; for data that size, where it lies in memory can shift the result by several points in ways the interval does not cover, and differently in the next process; run the comparison in several processes with the multiproc package

== street unique n=16384 prefix: ordered vs ordered-lpage-zc
A: 921 ns per operation (median)
B: 447.2 ns per operation (median)
A needs 107% more time than B: B takes only 0.48 times as long as A.
With 95% confidence the difference lies between 101% and 112% more time (B takes between 0.472 and 0.50 times as long as A).
Noise floor: 1.56%. Identical code measured against itself on this setup can look that different, so smaller differences mean nothing.
Neighbouring measurements are nearly independent (autocorrelation -0.05), so they were resampled one by one.

Verdict: RESOLVED. A is slower than B: the difference is real, as its interval excludes zero and it exceeds the noise floor.

Warnings:
  - the program holds 83 MB of live data, more than the caches of many machines; for data that size, where it lies in memory can shift the result by several points in ways the interval does not cover, and differently in the next process; run the comparison in several processes with the multiproc package
  - in 50% of A/A runs this setup reported a difference between identical code, well above the 10% expected; treat any confidence from it with suspicion

== street unique n=16384 churn and build: ordered vs btree-map
steady state, per insertion or deletion in a structure of 16384 elements (cycle of 42814 operations, first pass untimed):
  A: 211.8 ns per operation (median)
  B: 248 ns per operation (median)
  A needs 13.8% less time than B: B takes 1.16 times as long as A.
  With 95% confidence the difference lies between 10.8% and 15.3% less time (B takes between 1.12 and 1.18 times as long as A).
  Noise floor: 1.44%. Identical code measured against itself on this setup can look that different, so smaller differences mean nothing.
  Neighbouring measurements are correlated (autocorrelation +0.48), so they were resampled in blocks of 3.
  
  Verdict: RESOLVED. A is faster than B: the difference is real, as its interval excludes zero and it exceeds the noise floor.
  
  Warnings:
    - the program holds 86 MB of live data, more than the caches of many machines; for data that size, where it lies in memory can shift the result by several points in ways the interval does not cover, and differently in the next process; run the comparison in several processes with the multiproc package
    - candidate A drifted during the run: its measurements were 10.7% higher in the second half than in the first, so the machine did not hold still
    - candidate B drifted during the run: its measurements were 5.29% higher in the second half than in the first, so the machine did not hold still
    - the ratio B/A was 5.69% lower in the second half of the run than in the first, so the candidates had not reached a steady state and the difference depends on how long the run was; a common cause is a head start for whichever candidate ran alone last before the comparison or had its data built last, which a longer CollectOptions.WarmupDuration removes

build from empty to 16384 elements, per whole build (58716 operations):
  A: 1.101e+07 ns per operation (median)
  B: 1.435e+07 ns per operation (median)
  A needs 23.5% less time than B: B takes 1.31 times as long as A.
  With 95% confidence the difference lies between 23% and 24.5% less time (B takes between 1.3 and 1.32 times as long as A).
  Noise floor: 0.947%. Identical code measured against itself on this setup can look that different, so smaller differences mean nothing.
  Neighbouring measurements are correlated (autocorrelation +0.43), so they were resampled in blocks of 3.
  
  Verdict: RESOLVED. A is faster than B: the difference is real, as its interval excludes zero and it exceeds the noise floor.
  
  Warnings:
    - the program holds 83 MB of live data, more than the caches of many machines; for data that size, where it lies in memory can shift the result by several points in ways the interval does not cover, and differently in the next process; run the comparison in several processes with the multiproc package

== street unique n=16384 churn and build: ordered vs ordered-lpage
steady state, per insertion or deletion in a structure of 16384 elements (cycle of 42814 operations, first pass untimed):
  A: 222.4 ns per operation (median)
  B: 285.2 ns per operation (median)
  A needs 21.9% less time than B: B takes 1.28 times as long as A.
  With 95% confidence the difference lies between 20.4% and 22.6% less time (B takes between 1.26 and 1.29 times as long as A).
  Noise floor: 0.765%. Identical code measured against itself on this setup can look that different, so smaller differences mean nothing.
  Neighbouring measurements are correlated (autocorrelation +0.43), so they were resampled in blocks of 3.
  
  Verdict: RESOLVED. A is faster than B: the difference is real, as its interval excludes zero and it exceeds the noise floor.
  
  Warnings:
    - the program holds 86 MB of live data, more than the caches of many machines; for data that size, where it lies in memory can shift the result by several points in ways the interval does not cover, and differently in the next process; run the comparison in several processes with the multiproc package
    - candidate A drifted during the run: its measurements were 2.94% lower in the second half than in the first, so the machine did not hold still
    - the ratio B/A was 1.14% higher in the second half of the run than in the first, so the candidates had not reached a steady state and the difference depends on how long the run was; a common cause is a head start for whichever candidate ran alone last before the comparison or had its data built last, which a longer CollectOptions.WarmupDuration removes

build from empty to 16384 elements, per whole build (58716 operations):
  A: 1.103e+07 ns per operation (median)
  B: 1.817e+07 ns per operation (median)
  A needs 39.2% less time than B: B takes 1.65 times as long as A.
  With 95% confidence the difference lies between 39% and 40.3% less time (B takes between 1.64 and 1.68 times as long as A).
  Noise floor: 2.35%. Identical code measured against itself on this setup can look that different, so smaller differences mean nothing.
  Neighbouring measurements are nearly independent (autocorrelation +0.16), so they were resampled one by one.
  
  Verdict: RESOLVED. A is faster than B: the difference is real, as its interval excludes zero and it exceeds the noise floor.
  
  Warnings:
    - the program holds 83 MB of live data, more than the caches of many machines; for data that size, where it lies in memory can shift the result by several points in ways the interval does not cover, and differently in the next process; run the comparison in several processes with the multiproc package

== street unique n=16384 churn and build: ordered vs ordered-lpage-zc
steady state, per insertion or deletion in a structure of 16384 elements (cycle of 42814 operations, first pass untimed):
  A: 255.8 ns per operation (median)
  B: 376.3 ns per operation (median)
  A needs 32.7% less time than B: B takes 1.49 times as long as A.
  With 95% confidence the difference lies between 31.4% and 33.7% less time (B takes between 1.46 and 1.51 times as long as A).
  Noise floor: 3.87%. Identical code measured against itself on this setup can look that different, so smaller differences mean nothing.
  Neighbouring measurements are correlated (autocorrelation +0.40), so they were resampled in blocks of 3.
  
  Verdict: RESOLVED. A is faster than B: the difference is real, as its interval excludes zero and it exceeds the noise floor.
  
  Warnings:
    - the program holds 87 MB of live data, more than the caches of many machines; for data that size, where it lies in memory can shift the result by several points in ways the interval does not cover, and differently in the next process; run the comparison in several processes with the multiproc package
    - in 50% of A/A runs this setup reported a difference between identical code, well above the 10% expected; treat any confidence from it with suspicion

build from empty to 16384 elements, per whole build (58716 operations):
  A: 1.106e+07 ns per operation (median)
  B: 2.297e+07 ns per operation (median)
  A needs 51.8% less time than B: B takes 2.07 times as long as A.
  With 95% confidence the difference lies between 51.3% and 52.4% less time (B takes between 2.06 and 2.10 times as long as A).
  Noise floor: 1.6%. Identical code measured against itself on this setup can look that different, so smaller differences mean nothing.
  Neighbouring measurements are nearly independent (autocorrelation +0.05), so they were resampled one by one.
  
  Verdict: RESOLVED. A is faster than B: the difference is real, as its interval excludes zero and it exceeds the noise floor.
  
  Warnings:
    - the program holds 83 MB of live data, more than the caches of many machines; for data that size, where it lies in memory can shift the result by several points in ways the interval does not cover, and differently in the next process; run the comparison in several processes with the multiproc package

checksum 7712924938721499384
== street unique n=16384 valuesFor: ordered vs btree-map
A: 88.63 ns per operation (median)
B: 173 ns per operation (median)
A needs 48.7% less time than B: B takes 1.95 times as long as A.
With 95% confidence the difference lies between 48% and 49.2% less time (B takes between 1.92 and 1.97 times as long as A).
Noise floor: 0.741%. Identical code measured against itself on this setup can look that different, so smaller differences mean nothing.
Neighbouring measurements are correlated (autocorrelation +0.24), so they were resampled in blocks of 3.

Verdict: RESOLVED. A is faster than B: the difference is real, as its interval excludes zero and it exceeds the noise floor.

Warnings:
  - the program holds 76 MB of live data, more than the caches of many machines; for data that size, where it lies in memory can shift the result by several points in ways the interval does not cover, and differently in the next process; run the comparison in several processes with the multiproc package

== street unique n=16384 valuesFor: ordered vs ordered-lpage
A: 87.92 ns per operation (median)
B: 148.7 ns per operation (median)
A needs 40.9% less time than B: B takes 1.69 times as long as A.
With 95% confidence the difference lies between 40% and 41.5% less time (B takes between 1.67 and 1.71 times as long as A).
Noise floor: 0.931%. Identical code measured against itself on this setup can look that different, so smaller differences mean nothing.
Neighbouring measurements are nearly independent (autocorrelation -0.08), so they were resampled one by one.

Verdict: RESOLVED. A is faster than B: the difference is real, as its interval excludes zero and it exceeds the noise floor.

Warnings:
  - the program holds 83 MB of live data, more than the caches of many machines; for data that size, where it lies in memory can shift the result by several points in ways the interval does not cover, and differently in the next process; run the comparison in several processes with the multiproc package

== street unique n=16384 valuesFor: ordered vs ordered-lpage-zc
A: 88.75 ns per operation (median)
B: 129.3 ns per operation (median)
A needs 31.1% less time than B: B takes 1.45 times as long as A.
With 95% confidence the difference lies between 30.4% and 32.2% less time (B takes between 1.44 and 1.47 times as long as A).
Noise floor: 0.896%. Identical code measured against itself on this setup can look that different, so smaller differences mean nothing.
Neighbouring measurements are nearly independent (autocorrelation +0.02), so they were resampled one by one.

Verdict: RESOLVED. A is faster than B: the difference is real, as its interval excludes zero and it exceeds the noise floor.

Warnings:
  - the program holds 83 MB of live data, more than the caches of many machines; for data that size, where it lies in memory can shift the result by several points in ways the interval does not cover, and differently in the next process; run the comparison in several processes with the multiproc package

== street unique n=16384 valuesBetween: ordered vs btree-map
A: 2727 ns per operation (median)
B: 1738 ns per operation (median)
A needs 56.9% more time than B: B takes only 0.64 times as long as A.
With 95% confidence the difference lies between 55.1% and 57.8% more time (B takes between 0.634 and 0.64 times as long as A).
Noise floor: 0.402%. Identical code measured against itself on this setup can look that different, so smaller differences mean nothing.
Neighbouring measurements are nearly independent (autocorrelation +0.05), so they were resampled one by one.

Verdict: RESOLVED. A is slower than B: the difference is real, as its interval excludes zero and it exceeds the noise floor.

Warnings:
  - the program holds 83 MB of live data, more than the caches of many machines; for data that size, where it lies in memory can shift the result by several points in ways the interval does not cover, and differently in the next process; run the comparison in several processes with the multiproc package

== street unique n=16384 valuesBetween: ordered vs ordered-lpage
A: 2719 ns per operation (median)
B: 1523 ns per operation (median)
A needs 79.7% more time than B: B takes only 0.56 times as long as A.
With 95% confidence the difference lies between 77.9% and 83.2% more time (B takes between 0.546 and 0.56 times as long as A).
Noise floor: 1.44%. Identical code measured against itself on this setup can look that different, so smaller differences mean nothing.
Neighbouring measurements are nearly independent (autocorrelation +0.15), so they were resampled one by one.

Verdict: RESOLVED. A is slower than B: the difference is real, as its interval excludes zero and it exceeds the noise floor.

Warnings:
  - the program holds 83 MB of live data, more than the caches of many machines; for data that size, where it lies in memory can shift the result by several points in ways the interval does not cover, and differently in the next process; run the comparison in several processes with the multiproc package
  - candidate A drifted during the run: its measurements were 7.43% lower in the second half than in the first, so the machine did not hold still
  - candidate B drifted during the run: its measurements were 6.23% lower in the second half than in the first, so the machine did not hold still

== street unique n=16384 valuesBetween: ordered vs ordered-lpage-zc
A: 2700 ns per operation (median)
B: 1143 ns per operation (median)
A needs 138% more time than B: B takes only 0.42 times as long as A.
With 95% confidence the difference lies between 133% and 142% more time (B takes between 0.414 and 0.43 times as long as A).
Noise floor: 0.448%. Identical code measured against itself on this setup can look that different, so smaller differences mean nothing.
Neighbouring measurements are nearly independent (autocorrelation -0.16), so they were resampled one by one.

Verdict: RESOLVED. A is slower than B: the difference is real, as its interval excludes zero and it exceeds the noise floor.

Warnings:
  - the program holds 83 MB of live data, more than the caches of many machines; for data that size, where it lies in memory can shift the result by several points in ways the interval does not cover, and differently in the next process; run the comparison in several processes with the multiproc package

== street unique n=16384 prefix: ordered vs btree-map
A: 914.3 ns per operation (median)
B: 702.7 ns per operation (median)
A needs 29.8% more time than B: B takes only 0.77 times as long as A.
With 95% confidence the difference lies between 28.3% and 32.5% more time (B takes between 0.755 and 0.78 times as long as A).
Noise floor: 2.9%. Identical code measured against itself on this setup can look that different, so smaller differences mean nothing.
Neighbouring measurements are nearly independent (autocorrelation -0.10), so they were resampled one by one.

Verdict: RESOLVED. A is slower than B: the difference is real, as its interval excludes zero and it exceeds the noise floor.

Warnings:
  - the program holds 83 MB of live data, more than the caches of many machines; for data that size, where it lies in memory can shift the result by several points in ways the interval does not cover, and differently in the next process; run the comparison in several processes with the multiproc package

== street unique n=16384 prefix: ordered vs ordered-lpage
A: 927.6 ns per operation (median)
B: 550.7 ns per operation (median)
A needs 68.3% more time than B: B takes only 0.59 times as long as A.
With 95% confidence the difference lies between 64.8% and 73.2% more time (B takes between 0.577 and 0.61 times as long as A).
Noise floor: 1.16%. Identical code measured against itself on this setup can look that different, so smaller differences mean nothing.
Neighbouring measurements are nearly independent (autocorrelation +0.13), so they were resampled one by one.

Verdict: RESOLVED. A is slower than B: the difference is real, as its interval excludes zero and it exceeds the noise floor.

Warnings:
  - the program holds 83 MB of live data, more than the caches of many machines; for data that size, where it lies in memory can shift the result by several points in ways the interval does not cover, and differently in the next process; run the comparison in several processes with the multiproc package

== street unique n=16384 prefix: ordered vs ordered-lpage-zc
A: 914.9 ns per operation (median)
B: 443.5 ns per operation (median)
A needs 107% more time than B: B takes only 0.48 times as long as A.
With 95% confidence the difference lies between 103% and 110% more time (B takes between 0.476 and 0.49 times as long as A).
Noise floor: 1.48%. Identical code measured against itself on this setup can look that different, so smaller differences mean nothing.
Neighbouring measurements are nearly independent (autocorrelation -0.13), so they were resampled one by one.

Verdict: RESOLVED. A is slower than B: the difference is real, as its interval excludes zero and it exceeds the noise floor.

Warnings:
  - the program holds 83 MB of live data, more than the caches of many machines; for data that size, where it lies in memory can shift the result by several points in ways the interval does not cover, and differently in the next process; run the comparison in several processes with the multiproc package
  - in 50% of A/A runs this setup reported a difference between identical code, well above the 10% expected; treat any confidence from it with suspicion

== street unique n=16384 churn and build: ordered vs btree-map
steady state, per insertion or deletion in a structure of 16384 elements (cycle of 42814 operations, first pass untimed):
  A: 213.6 ns per operation (median)
  B: 248.9 ns per operation (median)
  A needs 14.2% less time than B: B takes 1.17 times as long as A.
  With 95% confidence the difference lies between 12.4% and 15.6% less time (B takes between 1.14 and 1.18 times as long as A).
  Noise floor: 1.51%. Identical code measured against itself on this setup can look that different, so smaller differences mean nothing.
  Neighbouring measurements are correlated (autocorrelation +0.41), so they were resampled in blocks of 3.
  
  Verdict: RESOLVED. A is faster than B: the difference is real, as its interval excludes zero and it exceeds the noise floor.
  
  Warnings:
    - the program holds 86 MB of live data, more than the caches of many machines; for data that size, where it lies in memory can shift the result by several points in ways the interval does not cover, and differently in the next process; run the comparison in several processes with the multiproc package
    - candidate A drifted during the run: its measurements were 9.83% higher in the second half than in the first, so the machine did not hold still
    - candidate B drifted during the run: its measurements were 4.85% higher in the second half than in the first, so the machine did not hold still
    - the ratio B/A was 4.39% lower in the second half of the run than in the first, so the candidates had not reached a steady state and the difference depends on how long the run was; a common cause is a head start for whichever candidate ran alone last before the comparison or had its data built last, which a longer CollectOptions.WarmupDuration removes

build from empty to 16384 elements, per whole build (58716 operations):
  A: 1.1e+07 ns per operation (median)
  B: 1.444e+07 ns per operation (median)
  A needs 23.8% less time than B: B takes 1.31 times as long as A.
  With 95% confidence the difference lies between 22.7% and 24.8% less time (B takes between 1.29 and 1.33 times as long as A).
  Noise floor: 0.872%. Identical code measured against itself on this setup can look that different, so smaller differences mean nothing.
  Neighbouring measurements are nearly independent (autocorrelation +0.06), so they were resampled one by one.
  
  Verdict: RESOLVED. A is faster than B: the difference is real, as its interval excludes zero and it exceeds the noise floor.
  
  Warnings:
    - the program holds 83 MB of live data, more than the caches of many machines; for data that size, where it lies in memory can shift the result by several points in ways the interval does not cover, and differently in the next process; run the comparison in several processes with the multiproc package

== street unique n=16384 churn and build: ordered vs ordered-lpage
steady state, per insertion or deletion in a structure of 16384 elements (cycle of 42814 operations, first pass untimed):
  A: 222.9 ns per operation (median)
  B: 284.2 ns per operation (median)
  A needs 20.8% less time than B: B takes 1.26 times as long as A.
  With 95% confidence the difference lies between 20.1% and 22.4% less time (B takes between 1.25 and 1.29 times as long as A).
  Noise floor: 0.847%. Identical code measured against itself on this setup can look that different, so smaller differences mean nothing.
  Neighbouring measurements are correlated (autocorrelation +0.54), so they were resampled in blocks of 3.
  
  Verdict: RESOLVED. A is faster than B: the difference is real, as its interval excludes zero and it exceeds the noise floor.
  
  Warnings:
    - the program holds 86 MB of live data, more than the caches of many machines; for data that size, where it lies in memory can shift the result by several points in ways the interval does not cover, and differently in the next process; run the comparison in several processes with the multiproc package

build from empty to 16384 elements, per whole build (58716 operations):
  A: 1.102e+07 ns per operation (median)
  B: 1.816e+07 ns per operation (median)
  A needs 39% less time than B: B takes 1.64 times as long as A.
  With 95% confidence the difference lies between 38.2% and 39.9% less time (B takes between 1.62 and 1.66 times as long as A).
  Noise floor: 2.55%. Identical code measured against itself on this setup can look that different, so smaller differences mean nothing.
  Neighbouring measurements are nearly independent (autocorrelation +0.15), so they were resampled one by one.
  
  Verdict: RESOLVED. A is faster than B: the difference is real, as its interval excludes zero and it exceeds the noise floor.
  
  Warnings:
    - the program holds 83 MB of live data, more than the caches of many machines; for data that size, where it lies in memory can shift the result by several points in ways the interval does not cover, and differently in the next process; run the comparison in several processes with the multiproc package

== street unique n=16384 churn and build: ordered vs ordered-lpage-zc
steady state, per insertion or deletion in a structure of 16384 elements (cycle of 42814 operations, first pass untimed):
  A: 235.1 ns per operation (median)
  B: 355.9 ns per operation (median)
  A needs 35% less time than B: B takes 1.54 times as long as A.
  With 95% confidence the difference lies between 32.5% and 36.2% less time (B takes between 1.48 and 1.57 times as long as A).
  Noise floor: 2.76%. Identical code measured against itself on this setup can look that different, so smaller differences mean nothing.
  Neighbouring measurements are correlated (autocorrelation +0.31), so they were resampled in blocks of 3.
  
  Verdict: RESOLVED. A is faster than B: the difference is real, as its interval excludes zero and it exceeds the noise floor.
  
  Warnings:
    - the program holds 86 MB of live data, more than the caches of many machines; for data that size, where it lies in memory can shift the result by several points in ways the interval does not cover, and differently in the next process; run the comparison in several processes with the multiproc package

build from empty to 16384 elements, per whole build (58716 operations):
  A: 1.092e+07 ns per operation (median)
  B: 2.34e+07 ns per operation (median)
  A needs 53.1% less time than B: B takes 2.13 times as long as A.
  With 95% confidence the difference lies between 51.9% and 54.3% less time (B takes between 2.08 and 2.19 times as long as A).
  Noise floor: 1.17%. Identical code measured against itself on this setup can look that different, so smaller differences mean nothing.
  Neighbouring measurements are nearly independent (autocorrelation -0.01), so they were resampled one by one.
  
  Verdict: RESOLVED. A is faster than B: the difference is real, as its interval excludes zero and it exceeds the noise floor.
  
  Warnings:
    - the program holds 83 MB of live data, more than the caches of many machines; for data that size, where it lies in memory can shift the result by several points in ways the interval does not cover, and differently in the next process; run the comparison in several processes with the multiproc package

checksum 10144367406200569076
== street unique n=16384 valuesFor: ordered vs btree-map
A: 88.24 ns per operation (median)
B: 177.1 ns per operation (median)
A needs 49.8% less time than B: B takes 1.99 times as long as A.
With 95% confidence the difference lies between 49.2% and 50.4% less time (B takes between 1.97 and 2.02 times as long as A).
Noise floor: 1.07%. Identical code measured against itself on this setup can look that different, so smaller differences mean nothing.
Neighbouring measurements are nearly independent (autocorrelation -0.11), so they were resampled one by one.

Verdict: RESOLVED. A is faster than B: the difference is real, as its interval excludes zero and it exceeds the noise floor.

Warnings:
  - the program holds 73 MB of live data, more than the caches of many machines; for data that size, where it lies in memory can shift the result by several points in ways the interval does not cover, and differently in the next process; run the comparison in several processes with the multiproc package
  - candidate A drifted during the run: its measurements were 3.35% higher in the second half than in the first, so the machine did not hold still

== street unique n=16384 valuesFor: ordered vs ordered-lpage
A: 87.95 ns per operation (median)
B: 147.4 ns per operation (median)
A needs 40.1% less time than B: B takes 1.67 times as long as A.
With 95% confidence the difference lies between 39.9% and 41.2% less time (B takes between 1.66 and 1.70 times as long as A).
Noise floor: 0.668%. Identical code measured against itself on this setup can look that different, so smaller differences mean nothing.
Neighbouring measurements are nearly independent (autocorrelation +0.02), so they were resampled one by one.

Verdict: RESOLVED. A is faster than B: the difference is real, as its interval excludes zero and it exceeds the noise floor.

Warnings:
  - the program holds 82 MB of live data, more than the caches of many machines; for data that size, where it lies in memory can shift the result by several points in ways the interval does not cover, and differently in the next process; run the comparison in several processes with the multiproc package

== street unique n=16384 valuesFor: ordered vs ordered-lpage-zc
A: 87.77 ns per operation (median)
B: 129.3 ns per operation (median)
A needs 31.8% less time than B: B takes 1.47 times as long as A.
With 95% confidence the difference lies between 31.3% and 32.8% less time (B takes between 1.46 and 1.49 times as long as A).
Noise floor: 1.16%. Identical code measured against itself on this setup can look that different, so smaller differences mean nothing.
Neighbouring measurements are nearly independent (autocorrelation +0.05), so they were resampled one by one.

Verdict: RESOLVED. A is faster than B: the difference is real, as its interval excludes zero and it exceeds the noise floor.

Warnings:
  - the program holds 82 MB of live data, more than the caches of many machines; for data that size, where it lies in memory can shift the result by several points in ways the interval does not cover, and differently in the next process; run the comparison in several processes with the multiproc package
  - candidate A drifted during the run: its measurements were 1.74% higher in the second half than in the first, so the machine did not hold still

== street unique n=16384 valuesBetween: ordered vs btree-map
A: 2723 ns per operation (median)
B: 1753 ns per operation (median)
A needs 54.8% more time than B: B takes only 0.65 times as long as A.
With 95% confidence the difference lies between 53.8% and 56.7% more time (B takes between 0.638 and 0.65 times as long as A).
Noise floor: 0.343%. Identical code measured against itself on this setup can look that different, so smaller differences mean nothing.
Neighbouring measurements are nearly independent (autocorrelation -0.05), so they were resampled one by one.

Verdict: RESOLVED. A is slower than B: the difference is real, as its interval excludes zero and it exceeds the noise floor.

Warnings:
  - the program holds 82 MB of live data, more than the caches of many machines; for data that size, where it lies in memory can shift the result by several points in ways the interval does not cover, and differently in the next process; run the comparison in several processes with the multiproc package

== street unique n=16384 valuesBetween: ordered vs ordered-lpage
A: 2688 ns per operation (median)
B: 1441 ns per operation (median)
A needs 88% more time than B: B takes only 0.53 times as long as A.
With 95% confidence the difference lies between 84.7% and 89.4% more time (B takes between 0.528 and 0.54 times as long as A).
Noise floor: 0.704%. Identical code measured against itself on this setup can look that different, so smaller differences mean nothing.
Neighbouring measurements are nearly independent (autocorrelation +0.12), so they were resampled one by one.

Verdict: RESOLVED. A is slower than B: the difference is real, as its interval excludes zero and it exceeds the noise floor.

Warnings:
  - the program holds 83 MB of live data, more than the caches of many machines; for data that size, where it lies in memory can shift the result by several points in ways the interval does not cover, and differently in the next process; run the comparison in several processes with the multiproc package

== street unique n=16384 valuesBetween: ordered vs ordered-lpage-zc
A: 2702 ns per operation (median)
B: 1146 ns per operation (median)
A needs 135% more time than B: B takes only 0.42 times as long as A.
With 95% confidence the difference lies between 133% and 142% more time (B takes between 0.414 and 0.43 times as long as A).
Noise floor: 1.56%. Identical code measured against itself on this setup can look that different, so smaller differences mean nothing.
Neighbouring measurements are nearly independent (autocorrelation -0.02), so they were resampled one by one.

Verdict: RESOLVED. A is slower than B: the difference is real, as its interval excludes zero and it exceeds the noise floor.

Warnings:
  - the program holds 83 MB of live data, more than the caches of many machines; for data that size, where it lies in memory can shift the result by several points in ways the interval does not cover, and differently in the next process; run the comparison in several processes with the multiproc package

== street unique n=16384 prefix: ordered vs btree-map
A: 950.8 ns per operation (median)
B: 733.2 ns per operation (median)
A needs 28.1% more time than B: B takes only 0.78 times as long as A.
With 95% confidence the difference lies between 23.5% and 33.5% more time (B takes between 0.749 and 0.81 times as long as A).
Noise floor: 2.58%. Identical code measured against itself on this setup can look that different, so smaller differences mean nothing.
Neighbouring measurements are nearly independent (autocorrelation -0.08), so they were resampled one by one.

Verdict: RESOLVED. A is slower than B: the difference is real, as its interval excludes zero and it exceeds the noise floor.

Warnings:
  - the program holds 83 MB of live data, more than the caches of many machines; for data that size, where it lies in memory can shift the result by several points in ways the interval does not cover, and differently in the next process; run the comparison in several processes with the multiproc package

== street unique n=16384 prefix: ordered vs ordered-lpage
A: 925 ns per operation (median)
B: 550.7 ns per operation (median)
A needs 66.2% more time than B: B takes only 0.60 times as long as A.
With 95% confidence the difference lies between 61.6% and 71.8% more time (B takes between 0.582 and 0.62 times as long as A).
Noise floor: 0.927%. Identical code measured against itself on this setup can look that different, so smaller differences mean nothing.
Neighbouring measurements are nearly independent (autocorrelation -0.11), so they were resampled one by one.

Verdict: RESOLVED. A is slower than B: the difference is real, as its interval excludes zero and it exceeds the noise floor.

Warnings:
  - the program holds 83 MB of live data, more than the caches of many machines; for data that size, where it lies in memory can shift the result by several points in ways the interval does not cover, and differently in the next process; run the comparison in several processes with the multiproc package

== street unique n=16384 prefix: ordered vs ordered-lpage-zc
A: 913.1 ns per operation (median)
B: 437.3 ns per operation (median)
A needs 107% more time than B: B takes only 0.48 times as long as A.
With 95% confidence the difference lies between 103% and 112% more time (B takes between 0.471 and 0.49 times as long as A).
Noise floor: 0.673%. Identical code measured against itself on this setup can look that different, so smaller differences mean nothing.
Neighbouring measurements are nearly independent (autocorrelation -0.08), so they were resampled one by one.

Verdict: RESOLVED. A is slower than B: the difference is real, as its interval excludes zero and it exceeds the noise floor.

Warnings:
  - the program holds 83 MB of live data, more than the caches of many machines; for data that size, where it lies in memory can shift the result by several points in ways the interval does not cover, and differently in the next process; run the comparison in several processes with the multiproc package
  - 5.9% of bootstrap replicates tied, so the measurement is coarse relative to the question; lower CollectOptions.MaxQuantizationError to lengthen the batches

== street unique n=16384 churn and build: ordered vs btree-map
steady state, per insertion or deletion in a structure of 16384 elements (cycle of 42814 operations, first pass untimed):
  A: 236.9 ns per operation (median)
  B: 267.9 ns per operation (median)
  A needs 13.2% less time than B: B takes 1.15 times as long as A.
  With 95% confidence the difference lies between 11.2% and 14.2% less time (B takes between 1.13 and 1.17 times as long as A).
  Noise floor: 1.56%. Identical code measured against itself on this setup can look that different, so smaller differences mean nothing.
  Neighbouring measurements are correlated (autocorrelation +0.26), so they were resampled in blocks of 3.
  
  Verdict: RESOLVED. A is faster than B: the difference is real, as its interval excludes zero and it exceeds the noise floor.
  
  Warnings:
    - the program holds 86 MB of live data, more than the caches of many machines; for data that size, where it lies in memory can shift the result by several points in ways the interval does not cover, and differently in the next process; run the comparison in several processes with the multiproc package

build from empty to 16384 elements, per whole build (58716 operations):
  A: 1.112e+07 ns per operation (median)
  B: 1.481e+07 ns per operation (median)
  A needs 23.8% less time than B: B takes 1.31 times as long as A.
  With 95% confidence the difference lies between 23.2% and 26% less time (B takes between 1.3 and 1.35 times as long as A).
  Noise floor: 0.615%. Identical code measured against itself on this setup can look that different, so smaller differences mean nothing.
  Neighbouring measurements are nearly independent (autocorrelation +0.20), so they were resampled one by one.
  
  Verdict: RESOLVED. A is faster than B: the difference is real, as its interval excludes zero and it exceeds the noise floor.
  
  Warnings:
    - the program holds 83 MB of live data, more than the caches of many machines; for data that size, where it lies in memory can shift the result by several points in ways the interval does not cover, and differently in the next process; run the comparison in several processes with the multiproc package
    - candidate A drifted during the run: its measurements were 6.15% lower in the second half than in the first, so the machine did not hold still
    - candidate B drifted during the run: its measurements were 7.18% lower in the second half than in the first, so the machine did not hold still

== street unique n=16384 churn and build: ordered vs ordered-lpage
steady state, per insertion or deletion in a structure of 16384 elements (cycle of 42814 operations, first pass untimed):
  A: 209.2 ns per operation (median)
  B: 277.5 ns per operation (median)
  A needs 24.2% less time than B: B takes 1.32 times as long as A.
  With 95% confidence the difference lies between 22.6% and 25.3% less time (B takes between 1.29 and 1.34 times as long as A).
  Noise floor: 0.897%. Identical code measured against itself on this setup can look that different, so smaller differences mean nothing.
  Neighbouring measurements are correlated (autocorrelation +0.63), so they were resampled in blocks of 3.
  
  Verdict: RESOLVED. A is faster than B: the difference is real, as its interval excludes zero and it exceeds the noise floor.
  
  Warnings:
    - the program holds 86 MB of live data, more than the caches of many machines; for data that size, where it lies in memory can shift the result by several points in ways the interval does not cover, and differently in the next process; run the comparison in several processes with the multiproc package

build from empty to 16384 elements, per whole build (58716 operations):
  A: 1.122e+07 ns per operation (median)
  B: 1.832e+07 ns per operation (median)
  A needs 38.9% less time than B: B takes 1.64 times as long as A.
  With 95% confidence the difference lies between 37.7% and 41.2% less time (B takes between 1.61 and 1.70 times as long as A).
  Noise floor: 1.85%. Identical code measured against itself on this setup can look that different, so smaller differences mean nothing.
  Neighbouring measurements are correlated (autocorrelation +0.27), so they were resampled in blocks of 3.
  
  Verdict: RESOLVED. A is faster than B: the difference is real, as its interval excludes zero and it exceeds the noise floor.
  
  Warnings:
    - the program holds 83 MB of live data, more than the caches of many machines; for data that size, where it lies in memory can shift the result by several points in ways the interval does not cover, and differently in the next process; run the comparison in several processes with the multiproc package

== street unique n=16384 churn and build: ordered vs ordered-lpage-zc
steady state, per insertion or deletion in a structure of 16384 elements (cycle of 42814 operations, first pass untimed):
  A: 238.3 ns per operation (median)
  B: 355.8 ns per operation (median)
  A needs 32.7% less time than B: B takes 1.49 times as long as A.
  With 95% confidence the difference lies between 30.4% and 34.2% less time (B takes between 1.44 and 1.52 times as long as A).
  Noise floor: 1.09%. Identical code measured against itself on this setup can look that different, so smaller differences mean nothing.
  Neighbouring measurements are correlated (autocorrelation +0.44), so they were resampled in blocks of 3.
  
  Verdict: RESOLVED. A is faster than B: the difference is real, as its interval excludes zero and it exceeds the noise floor.
  
  Warnings:
    - the program holds 87 MB of live data, more than the caches of many machines; for data that size, where it lies in memory can shift the result by several points in ways the interval does not cover, and differently in the next process; run the comparison in several processes with the multiproc package
    - candidate A drifted during the run: its measurements were 8.33% lower in the second half than in the first, so the machine did not hold still
    - the ratio B/A was 6.87% higher in the second half of the run than in the first, so the candidates had not reached a steady state and the difference depends on how long the run was; a common cause is a head start for whichever candidate ran alone last before the comparison or had its data built last, which a longer CollectOptions.WarmupDuration removes

build from empty to 16384 elements, per whole build (58716 operations):
  A: 1.108e+07 ns per operation (median)
  B: 2.374e+07 ns per operation (median)
  A needs 53.1% less time than B: B takes 2.13 times as long as A.
  With 95% confidence the difference lies between 51.6% and 53.8% less time (B takes between 2.07 and 2.17 times as long as A).
  Noise floor: 1.54%. Identical code measured against itself on this setup can look that different, so smaller differences mean nothing.
  Neighbouring measurements are correlated (autocorrelation +0.33), so they were resampled in blocks of 3.
  
  Verdict: RESOLVED. A is faster than B: the difference is real, as its interval excludes zero and it exceeds the noise floor.
  
  Warnings:
    - the program holds 83 MB of live data, more than the caches of many machines; for data that size, where it lies in memory can shift the result by several points in ways the interval does not cover, and differently in the next process; run the comparison in several processes with the multiproc package

checksum 15342621936615122607
== street unique n=16384 valuesFor: ordered vs btree-map
A: 89.1 ns per operation (median)
B: 179.9 ns per operation (median)
A needs 50.4% less time than B: B takes 2.02 times as long as A.
With 95% confidence the difference lies between 49.6% and 51.3% less time (B takes between 1.99 and 2.05 times as long as A).
Noise floor: 1.64%. Identical code measured against itself on this setup can look that different, so smaller differences mean nothing.
Neighbouring measurements are nearly independent (autocorrelation +0.14), so they were resampled one by one.

Verdict: RESOLVED. A is faster than B: the difference is real, as its interval excludes zero and it exceeds the noise floor.

Warnings:
  - the program holds 66 MB of live data, more than the caches of many machines; for data that size, where it lies in memory can shift the result by several points in ways the interval does not cover, and differently in the next process; run the comparison in several processes with the multiproc package

== street unique n=16384 valuesFor: ordered vs ordered-lpage
A: 87.63 ns per operation (median)
B: 147.9 ns per operation (median)
A needs 40.6% less time than B: B takes 1.68 times as long as A.
With 95% confidence the difference lies between 40.1% and 41.6% less time (B takes between 1.67 and 1.71 times as long as A).
Noise floor: 0.501%. Identical code measured against itself on this setup can look that different, so smaller differences mean nothing.
Neighbouring measurements are nearly independent (autocorrelation -0.28), so they were resampled one by one.

Verdict: RESOLVED. A is faster than B: the difference is real, as its interval excludes zero and it exceeds the noise floor.

Warnings:
  - the program holds 82 MB of live data, more than the caches of many machines; for data that size, where it lies in memory can shift the result by several points in ways the interval does not cover, and differently in the next process; run the comparison in several processes with the multiproc package
  - 6.0% of bootstrap replicates tied, so the measurement is coarse relative to the question; lower CollectOptions.MaxQuantizationError to lengthen the batches

== street unique n=16384 valuesFor: ordered vs ordered-lpage-zc
A: 87.4 ns per operation (median)
B: 129.1 ns per operation (median)
A needs 32.1% less time than B: B takes 1.47 times as long as A.
With 95% confidence the difference lies between 31.7% and 33% less time (B takes between 1.46 and 1.49 times as long as A).
Noise floor: 0.321%. Identical code measured against itself on this setup can look that different, so smaller differences mean nothing.
Neighbouring measurements are nearly independent (autocorrelation +0.05), so they were resampled one by one.

Verdict: RESOLVED. A is faster than B: the difference is real, as its interval excludes zero and it exceeds the noise floor.

Warnings:
  - the program holds 82 MB of live data, more than the caches of many machines; for data that size, where it lies in memory can shift the result by several points in ways the interval does not cover, and differently in the next process; run the comparison in several processes with the multiproc package

== street unique n=16384 valuesBetween: ordered vs btree-map
A: 2709 ns per operation (median)
B: 1741 ns per operation (median)
A needs 55.2% more time than B: B takes only 0.64 times as long as A.
With 95% confidence the difference lies between 54.4% and 56.8% more time (B takes between 0.638 and 0.65 times as long as A).
Noise floor: 0.919%. Identical code measured against itself on this setup can look that different, so smaller differences mean nothing.
Neighbouring measurements are nearly independent (autocorrelation -0.01), so they were resampled one by one.

Verdict: RESOLVED. A is slower than B: the difference is real, as its interval excludes zero and it exceeds the noise floor.

Warnings:
  - the program holds 82 MB of live data, more than the caches of many machines; for data that size, where it lies in memory can shift the result by several points in ways the interval does not cover, and differently in the next process; run the comparison in several processes with the multiproc package

== street unique n=16384 valuesBetween: ordered vs ordered-lpage
A: 2718 ns per operation (median)
B: 1422 ns per operation (median)
A needs 89.7% more time than B: B takes only 0.53 times as long as A.
With 95% confidence the difference lies between 88.7% and 92.2% more time (B takes between 0.52 and 0.53 times as long as A).
Noise floor: 1.35%. Identical code measured against itself on this setup can look that different, so smaller differences mean nothing.
Neighbouring measurements are nearly independent (autocorrelation +0.13), so they were resampled one by one.

Verdict: RESOLVED. A is slower than B: the difference is real, as its interval excludes zero and it exceeds the noise floor.

Warnings:
  - the program holds 83 MB of live data, more than the caches of many machines; for data that size, where it lies in memory can shift the result by several points in ways the interval does not cover, and differently in the next process; run the comparison in several processes with the multiproc package
  - in 50% of A/A runs this setup reported a difference between identical code, well above the 10% expected; treat any confidence from it with suspicion

== street unique n=16384 valuesBetween: ordered vs ordered-lpage-zc
A: 2694 ns per operation (median)
B: 1144 ns per operation (median)
A needs 136% more time than B: B takes only 0.42 times as long as A.
With 95% confidence the difference lies between 133% and 140% more time (B takes between 0.416 and 0.43 times as long as A).
Noise floor: 1.36%. Identical code measured against itself on this setup can look that different, so smaller differences mean nothing.
Neighbouring measurements are nearly independent (autocorrelation -0.20), so they were resampled one by one.

Verdict: RESOLVED. A is slower than B: the difference is real, as its interval excludes zero and it exceeds the noise floor.

Warnings:
  - the program holds 83 MB of live data, more than the caches of many machines; for data that size, where it lies in memory can shift the result by several points in ways the interval does not cover, and differently in the next process; run the comparison in several processes with the multiproc package

== street unique n=16384 prefix: ordered vs btree-map
A: 939.4 ns per operation (median)
B: 735.3 ns per operation (median)
A needs 27.3% more time than B: B takes only 0.79 times as long as A.
With 95% confidence the difference lies between 25.5% and 29.8% more time (B takes between 0.77 and 0.80 times as long as A).
Noise floor: 3.28%. Identical code measured against itself on this setup can look that different, so smaller differences mean nothing.
Neighbouring measurements are nearly independent (autocorrelation -0.04), so they were resampled one by one.

Verdict: RESOLVED. A is slower than B: the difference is real, as its interval excludes zero and it exceeds the noise floor.

Warnings:
  - the program holds 83 MB of live data, more than the caches of many machines; for data that size, where it lies in memory can shift the result by several points in ways the interval does not cover, and differently in the next process; run the comparison in several processes with the multiproc package
  - in 50% of A/A runs this setup reported a difference between identical code, well above the 10% expected; treat any confidence from it with suspicion

== street unique n=16384 prefix: ordered vs ordered-lpage
A: 939 ns per operation (median)
B: 551.5 ns per operation (median)
A needs 70.1% more time than B: B takes only 0.59 times as long as A.
With 95% confidence the difference lies between 64.2% and 73.4% more time (B takes between 0.577 and 0.61 times as long as A).
Noise floor: 2.18%. Identical code measured against itself on this setup can look that different, so smaller differences mean nothing.
Neighbouring measurements are nearly independent (autocorrelation +0.16), so they were resampled one by one.

Verdict: RESOLVED. A is slower than B: the difference is real, as its interval excludes zero and it exceeds the noise floor.

Warnings:
  - the program holds 83 MB of live data, more than the caches of many machines; for data that size, where it lies in memory can shift the result by several points in ways the interval does not cover, and differently in the next process; run the comparison in several processes with the multiproc package
  - in 50% of A/A runs this setup reported a difference between identical code, well above the 10% expected; treat any confidence from it with suspicion

== street unique n=16384 prefix: ordered vs ordered-lpage-zc
A: 902.5 ns per operation (median)
B: 440.3 ns per operation (median)
A needs 107% more time than B: B takes only 0.48 times as long as A.
With 95% confidence the difference lies between 102% and 110% more time (B takes between 0.476 and 0.49 times as long as A).
Noise floor: 1.84%. Identical code measured against itself on this setup can look that different, so smaller differences mean nothing.
Neighbouring measurements are nearly independent (autocorrelation -0.14), so they were resampled one by one.

Verdict: RESOLVED. A is slower than B: the difference is real, as its interval excludes zero and it exceeds the noise floor.

Warnings:
  - the program holds 83 MB of live data, more than the caches of many machines; for data that size, where it lies in memory can shift the result by several points in ways the interval does not cover, and differently in the next process; run the comparison in several processes with the multiproc package
  - 5.9% of bootstrap replicates tied, so the measurement is coarse relative to the question; lower CollectOptions.MaxQuantizationError to lengthen the batches

== street unique n=16384 churn and build: ordered vs btree-map
steady state, per insertion or deletion in a structure of 16384 elements (cycle of 42814 operations, first pass untimed):
  A: 202.7 ns per operation (median)
  B: 240.3 ns per operation (median)
  A needs 16.1% less time than B: B takes 1.19 times as long as A.
  With 95% confidence the difference lies between 14.8% and 16.8% less time (B takes between 1.17 and 1.20 times as long as A).
  Noise floor: 0.961%. Identical code measured against itself on this setup can look that different, so smaller differences mean nothing.
  Neighbouring measurements are correlated (autocorrelation +0.35), so they were resampled in blocks of 3.
  
  Verdict: RESOLVED. A is faster than B: the difference is real, as its interval excludes zero and it exceeds the noise floor.
  
  Warnings:
    - the program holds 86 MB of live data, more than the caches of many machines; for data that size, where it lies in memory can shift the result by several points in ways the interval does not cover, and differently in the next process; run the comparison in several processes with the multiproc package

build from empty to 16384 elements, per whole build (58716 operations):
  A: 1.104e+07 ns per operation (median)
  B: 1.432e+07 ns per operation (median)
  A needs 22.1% less time than B: B takes 1.28 times as long as A.
  With 95% confidence the difference lies between 21.3% and 24.6% less time (B takes between 1.27 and 1.33 times as long as A).
  Noise floor: 0.991%. Identical code measured against itself on this setup can look that different, so smaller differences mean nothing.
  Neighbouring measurements are correlated (autocorrelation +0.21), so they were resampled in blocks of 3.
  
  Verdict: RESOLVED. A is faster than B: the difference is real, as its interval excludes zero and it exceeds the noise floor.
  
  Warnings:
    - the program holds 83 MB of live data, more than the caches of many machines; for data that size, where it lies in memory can shift the result by several points in ways the interval does not cover, and differently in the next process; run the comparison in several processes with the multiproc package

== street unique n=16384 churn and build: ordered vs ordered-lpage
steady state, per insertion or deletion in a structure of 16384 elements (cycle of 42814 operations, first pass untimed):
  A: 202.3 ns per operation (median)
  B: 274.6 ns per operation (median)
  A needs 26.7% less time than B: B takes 1.36 times as long as A.
  With 95% confidence the difference lies between 25.6% and 27.3% less time (B takes between 1.34 and 1.38 times as long as A).
  Noise floor: 0.24%. Identical code measured against itself on this setup can look that different, so smaller differences mean nothing.
  Neighbouring measurements are correlated (autocorrelation +0.49), so they were resampled in blocks of 3.
  
  Verdict: RESOLVED. A is faster than B: the difference is real, as its interval excludes zero and it exceeds the noise floor.
  
  Warnings:
    - the program holds 86 MB of live data, more than the caches of many machines; for data that size, where it lies in memory can shift the result by several points in ways the interval does not cover, and differently in the next process; run the comparison in several processes with the multiproc package

build from empty to 16384 elements, per whole build (58716 operations):
  A: 1.105e+07 ns per operation (median)
  B: 1.818e+07 ns per operation (median)
  A needs 40% less time than B: B takes 1.67 times as long as A.
  With 95% confidence the difference lies between 39.1% and 40.3% less time (B takes between 1.64 and 1.67 times as long as A).
  Noise floor: 1.02%. Identical code measured against itself on this setup can look that different, so smaller differences mean nothing.
  Neighbouring measurements are correlated (autocorrelation +0.35), so they were resampled in blocks of 3.
  
  Verdict: RESOLVED. A is faster than B: the difference is real, as its interval excludes zero and it exceeds the noise floor.
  
  Warnings:
    - the program holds 83 MB of live data, more than the caches of many machines; for data that size, where it lies in memory can shift the result by several points in ways the interval does not cover, and differently in the next process; run the comparison in several processes with the multiproc package
    - in 50% of A/A runs this setup reported a difference between identical code, well above the 10% expected; treat any confidence from it with suspicion

== street unique n=16384 churn and build: ordered vs ordered-lpage-zc
steady state, per insertion or deletion in a structure of 16384 elements (cycle of 42814 operations, first pass untimed):
  A: 248.8 ns per operation (median)
  B: 365.4 ns per operation (median)
  A needs 32.4% less time than B: B takes 1.48 times as long as A.
  With 95% confidence the difference lies between 30.6% and 33.8% less time (B takes between 1.44 and 1.51 times as long as A).
  Noise floor: 1.58%. Identical code measured against itself on this setup can look that different, so smaller differences mean nothing.
  Neighbouring measurements are correlated (autocorrelation +0.35), so they were resampled in blocks of 3.
  
  Verdict: RESOLVED. A is faster than B: the difference is real, as its interval excludes zero and it exceeds the noise floor.
  
  Warnings:
    - the program holds 88 MB of live data, more than the caches of many machines; for data that size, where it lies in memory can shift the result by several points in ways the interval does not cover, and differently in the next process; run the comparison in several processes with the multiproc package

build from empty to 16384 elements, per whole build (58716 operations):
  A: 1.099e+07 ns per operation (median)
  B: 2.311e+07 ns per operation (median)
  A needs 52.8% less time than B: B takes 2.12 times as long as A.
  With 95% confidence the difference lies between 52% and 53.3% less time (B takes between 2.08 and 2.14 times as long as A).
  Noise floor: 2.9%. Identical code measured against itself on this setup can look that different, so smaller differences mean nothing.
  Neighbouring measurements are nearly independent (autocorrelation -0.03), so they were resampled one by one.
  
  Verdict: RESOLVED. A is faster than B: the difference is real, as its interval excludes zero and it exceeds the noise floor.
  
  Warnings:
    - the program holds 83 MB of live data, more than the caches of many machines; for data that size, where it lies in memory can shift the result by several points in ways the interval does not cover, and differently in the next process; run the comparison in several processes with the multiproc package
    - in 50% of A/A runs this setup reported a difference between identical code, well above the 10% expected; treat any confidence from it with suspicion

checksum 16356869276322155743
