== dirs multi n=16384 valuesFor: ordered vs hashed
A: 114.7 ns per operation (median)
B: 37.76 ns per operation (median)
A needs 203% more time than B: B takes only 0.33 times as long as A.
With 95% confidence the difference lies between 201% and 209% more time (B takes between 0.324 and 0.33 times as long as A).
Noise floor: 0.537%. Identical code measured against itself on this setup can look that different, so smaller differences mean nothing.
Neighbouring measurements are nearly independent (autocorrelation -0.07), so they were resampled one by one.

Verdict: RESOLVED. A is slower than B: the difference is real, as its interval excludes zero and it exceeds the noise floor.

Warnings:
  - the program holds 149 MB of live data, more than the caches of many machines; for data that size, where it lies in memory can shift the result by several points in ways the interval does not cover, and differently in the next process; run the comparison in several processes with the multiproc package

== dirs multi n=16384 valuesFor: ordered vs btree-sets
A: 116.8 ns per operation (median)
B: 218.4 ns per operation (median)
A needs 45.9% less time than B: B takes 1.85 times as long as A.
With 95% confidence the difference lies between 45% and 46.7% less time (B takes between 1.82 and 1.88 times as long as A).
Noise floor: 1.46%. Identical code measured against itself on this setup can look that different, so smaller differences mean nothing.
Neighbouring measurements are correlated (autocorrelation +0.20), so they were resampled in blocks of 3.

Verdict: RESOLVED. A is faster than B: the difference is real, as its interval excludes zero and it exceeds the noise floor.

Warnings:
  - the program holds 149 MB of live data, more than the caches of many machines; for data that size, where it lies in memory can shift the result by several points in ways the interval does not cover, and differently in the next process; run the comparison in several processes with the multiproc package

== dirs multi n=16384 valuesFor: ordered vs map-sets
A: 116 ns per operation (median)
B: 93.35 ns per operation (median)
A needs 24.8% more time than B: B takes only 0.80 times as long as A.
With 95% confidence the difference lies between 23.4% and 26.1% more time (B takes between 0.793 and 0.81 times as long as A).
Noise floor: 0.725%. Identical code measured against itself on this setup can look that different, so smaller differences mean nothing.
Neighbouring measurements are correlated (autocorrelation +0.30), so they were resampled in blocks of 3.

Verdict: RESOLVED. A is slower than B: the difference is real, as its interval excludes zero and it exceeds the noise floor.

Warnings:
  - the program holds 149 MB of live data, more than the caches of many machines; for data that size, where it lies in memory can shift the result by several points in ways the interval does not cover, and differently in the next process; run the comparison in several processes with the multiproc package
  - in 50% of A/A runs this setup reported a difference between identical code, well above the 10% expected; treat any confidence from it with suspicion

== dirs multi n=16384 valuesBetween: ordered vs hashed
A: 4338 ns per operation (median)
B: 2.486e+05 ns per operation (median)
A needs 98.3% less time than B: B takes 57.74 times as long as A.
With 95% confidence the difference lies between 98.1% and 98.3% less time (B takes between 51.9 and 59.22 times as long as A).
Noise floor: 1.16%. Identical code measured against itself on this setup can look that different, so smaller differences mean nothing.
Neighbouring measurements are nearly independent (autocorrelation -0.03), so they were resampled one by one.

Verdict: RESOLVED. A is faster than B: the difference is real, as its interval excludes zero and it exceeds the noise floor.

Warnings:
  - the program holds 149 MB of live data, more than the caches of many machines; for data that size, where it lies in memory can shift the result by several points in ways the interval does not cover, and differently in the next process; run the comparison in several processes with the multiproc package

== dirs multi n=16384 valuesBetween: ordered vs btree-sets
A: 3539 ns per operation (median)
B: 6206 ns per operation (median)
A needs 42.9% less time than B: B takes 1.75 times as long as A.
With 95% confidence the difference lies between 42.5% and 43.3% less time (B takes between 1.74 and 1.76 times as long as A).
Noise floor: 0.99%. Identical code measured against itself on this setup can look that different, so smaller differences mean nothing.
Neighbouring measurements are nearly independent (autocorrelation +0.02), so they were resampled one by one.

Verdict: RESOLVED. A is faster than B: the difference is real, as its interval excludes zero and it exceeds the noise floor.

Warnings:
  - the program holds 149 MB of live data, more than the caches of many machines; for data that size, where it lies in memory can shift the result by several points in ways the interval does not cover, and differently in the next process; run the comparison in several processes with the multiproc package

== dirs multi n=16384 valuesBetween: ordered vs map-sets
A: 4192 ns per operation (median)
B: 2.351e+05 ns per operation (median)
A needs 98.2% less time than B: B takes 55.78 times as long as A.
With 95% confidence the difference lies between 98% and 98.4% less time (B takes between 49.7 and 62.42 times as long as A).
Noise floor: 4.77%. Identical code measured against itself on this setup can look that different, so smaller differences mean nothing.
Neighbouring measurements are nearly independent (autocorrelation -0.06), so they were resampled one by one.

Verdict: RESOLVED. A is faster than B: the difference is real, as its interval excludes zero and it exceeds the noise floor.

Warnings:
  - the program holds 149 MB of live data, more than the caches of many machines; for data that size, where it lies in memory can shift the result by several points in ways the interval does not cover, and differently in the next process; run the comparison in several processes with the multiproc package

== dirs multi n=16384 prefix: ordered vs hashed
A: 1.912e+04 ns per operation (median)
B: 2.624e+05 ns per operation (median)
A needs 92.7% less time than B: B takes 13.75 times as long as A.
With 95% confidence the difference lies between 91.8% and 94.4% less time (B takes between 12.1 and 18.01 times as long as A).
Noise floor: 14.1%. Identical code measured against itself on this setup can look that different, so smaller differences mean nothing.
Neighbouring measurements are nearly independent (autocorrelation -0.14), so they were resampled one by one.

Verdict: RESOLVED. A is faster than B: the difference is real, as its interval excludes zero and it exceeds the noise floor.

Warnings:
  - the program holds 149 MB of live data, more than the caches of many machines; for data that size, where it lies in memory can shift the result by several points in ways the interval does not cover, and differently in the next process; run the comparison in several processes with the multiproc package
  - candidate A drifted during the run: its measurements were 34.4% lower in the second half than in the first, so the machine did not hold still
  - the ratio B/A was 46.1% higher in the second half of the run than in the first, so the candidates had not reached a steady state and the difference depends on how long the run was; a common cause is a head start for whichever candidate ran alone last before the comparison or had its data built last, which a longer CollectOptions.WarmupDuration removes
  - in 50% of A/A runs this setup reported a difference between identical code, well above the 10% expected; treat any confidence from it with suspicion

== dirs multi n=16384 prefix: ordered vs btree-sets
A: 1.56e+04 ns per operation (median)
B: 3.526e+04 ns per operation (median)
A needs 51% less time than B: B takes 2.04 times as long as A.
With 95% confidence the difference lies between 50% and 53.7% less time (B takes between 2 and 2.16 times as long as A).
Noise floor: 17.2%. Identical code measured against itself on this setup can look that different, so smaller differences mean nothing.
Neighbouring measurements are nearly independent (autocorrelation -0.05), so they were resampled one by one.

Verdict: RESOLVED. A is faster than B: the difference is real, as its interval excludes zero and it exceeds the noise floor.

Warnings:
  - the program holds 149 MB of live data, more than the caches of many machines; for data that size, where it lies in memory can shift the result by several points in ways the interval does not cover, and differently in the next process; run the comparison in several processes with the multiproc package
  - in 50% of A/A runs this setup reported a difference between identical code, well above the 10% expected; treat any confidence from it with suspicion

== dirs multi n=16384 prefix: ordered vs map-sets
A: 1.765e+04 ns per operation (median)
B: 2.669e+05 ns per operation (median)
A needs 93.1% less time than B: B takes 14.47 times as long as A.
With 95% confidence the difference lies between 92.8% and 94.5% less time (B takes between 13.9 and 18.13 times as long as A).
Noise floor: 14.8%. Identical code measured against itself on this setup can look that different, so smaller differences mean nothing.
Neighbouring measurements are nearly independent (autocorrelation -0.04), so they were resampled one by one.

Verdict: RESOLVED. A is faster than B: the difference is real, as its interval excludes zero and it exceeds the noise floor.

Warnings:
  - the program holds 149 MB of live data, more than the caches of many machines; for data that size, where it lies in memory can shift the result by several points in ways the interval does not cover, and differently in the next process; run the comparison in several processes with the multiproc package
  - candidate A drifted during the run: its measurements were 29.2% lower in the second half than in the first, so the machine did not hold still
  - the ratio B/A was 39.4% higher in the second half of the run than in the first, so the candidates had not reached a steady state and the difference depends on how long the run was; a common cause is a head start for whichever candidate ran alone last before the comparison or had its data built last, which a longer CollectOptions.WarmupDuration removes
  - in 100% of A/A runs this setup reported a difference between identical code, well above the 10% expected; treat any confidence from it with suspicion

== dirs multi n=16384 churn and build: ordered vs hashed
steady state, per insertion or deletion in a structure of 52542 elements (cycle of 137396 operations, first pass untimed):
  A: 221.5 ns per operation (median)
  B: 99.86 ns per operation (median)
  A needs 123% more time than B: B takes only 0.45 times as long as A.
  With 95% confidence the difference lies between 118% and 127% more time (B takes between 0.441 and 0.46 times as long as A).
  Noise floor: 1.83%. Identical code measured against itself on this setup can look that different, so smaller differences mean nothing.
  Neighbouring measurements are correlated (autocorrelation +0.40), so they were resampled in blocks of 3.
  
  Verdict: RESOLVED. A is slower than B: the difference is real, as its interval excludes zero and it exceeds the noise floor.
  
  Warnings:
    - the program holds 161 MB of live data, more than the caches of many machines; for data that size, where it lies in memory can shift the result by several points in ways the interval does not cover, and differently in the next process; run the comparison in several processes with the multiproc package
    - in 50% of A/A runs this setup reported a difference between identical code, well above the 10% expected; treat any confidence from it with suspicion

build from empty to 52542 elements, per whole build (188700 operations):
  A: 4.403e+07 ns per operation (median)
  B: 2.161e+07 ns per operation (median)
  A needs 105% more time than B: B takes only 0.49 times as long as A.
  With 95% confidence the difference lies between 101% and 108% more time (B takes between 0.481 and 0.50 times as long as A).
  Noise floor: 0.823%. Identical code measured against itself on this setup can look that different, so smaller differences mean nothing.
  Neighbouring measurements are nearly independent (autocorrelation +0.14), so they were resampled one by one.
  
  Verdict: RESOLVED. A is slower than B: the difference is real, as its interval excludes zero and it exceeds the noise floor.
  
  Warnings:
    - the program holds 160 MB of live data, more than the caches of many machines; for data that size, where it lies in memory can shift the result by several points in ways the interval does not cover, and differently in the next process; run the comparison in several processes with the multiproc package

== dirs multi n=16384 churn and build: ordered vs btree-sets
steady state, per insertion or deletion in a structure of 52542 elements (cycle of 137396 operations, first pass untimed):
  A: 245.6 ns per operation (median)
  B: 363.4 ns per operation (median)
  A needs 33.1% less time than B: B takes 1.49 times as long as A.
  With 95% confidence the difference lies between 31.8% and 34.7% less time (B takes between 1.47 and 1.53 times as long as A).
  Noise floor: 4.15%. Identical code measured against itself on this setup can look that different, so smaller differences mean nothing.
  Neighbouring measurements are correlated (autocorrelation +0.29), so they were resampled in blocks of 3.
  
  Verdict: RESOLVED. A is faster than B: the difference is real, as its interval excludes zero and it exceeds the noise floor.
  
  Warnings:
    - the program holds 164 MB of live data, more than the caches of many machines; for data that size, where it lies in memory can shift the result by several points in ways the interval does not cover, and differently in the next process; run the comparison in several processes with the multiproc package
    - in 50% of A/A runs this setup reported a difference between identical code, well above the 10% expected; treat any confidence from it with suspicion

build from empty to 52542 elements, per whole build (188700 operations):
  A: 4.52e+07 ns per operation (median)
  B: 6.626e+07 ns per operation (median)
  A needs 31.6% less time than B: B takes 1.46 times as long as A.
  With 95% confidence the difference lies between 30.1% and 32.3% less time (B takes between 1.43 and 1.48 times as long as A).
  Noise floor: 1.6%. Identical code measured against itself on this setup can look that different, so smaller differences mean nothing.
  Neighbouring measurements are nearly independent (autocorrelation -0.07), so they were resampled one by one.
  
  Verdict: RESOLVED. A is faster than B: the difference is real, as its interval excludes zero and it exceeds the noise floor.
  
  Warnings:
    - the program holds 151 MB of live data, more than the caches of many machines; for data that size, where it lies in memory can shift the result by several points in ways the interval does not cover, and differently in the next process; run the comparison in several processes with the multiproc package
    - in 50% of A/A runs this setup reported a difference between identical code, well above the 10% expected; treat any confidence from it with suspicion

== dirs multi n=16384 churn and build: ordered vs map-sets
steady state, per insertion or deletion in a structure of 52542 elements (cycle of 137396 operations, first pass untimed):
  A: 219 ns per operation (median)
  B: 122.3 ns per operation (median)
  A needs 85.9% more time than B: B takes only 0.54 times as long as A.
  With 95% confidence the difference lies between 76.1% and 90.8% more time (B takes between 0.524 and 0.57 times as long as A).
  Noise floor: 1.95%. Identical code measured against itself on this setup can look that different, so smaller differences mean nothing.
  Neighbouring measurements are correlated (autocorrelation +0.40), so they were resampled in blocks of 3.
  
  Verdict: RESOLVED. A is slower than B: the difference is real, as its interval excludes zero and it exceeds the noise floor.
  
  Warnings:
    - the program holds 164 MB of live data, more than the caches of many machines; for data that size, where it lies in memory can shift the result by several points in ways the interval does not cover, and differently in the next process; run the comparison in several processes with the multiproc package
    - in 50% of A/A runs this setup reported a difference between identical code, well above the 10% expected; treat any confidence from it with suspicion

build from empty to 52542 elements, per whole build (188700 operations):
  A: 4.385e+07 ns per operation (median)
  B: 2.554e+07 ns per operation (median)
  A needs 75.7% more time than B: B takes only 0.57 times as long as A.
  With 95% confidence the difference lies between 66.2% and 79.7% more time (B takes between 0.556 and 0.60 times as long as A).
  Noise floor: 3.03%. Identical code measured against itself on this setup can look that different, so smaller differences mean nothing.
  Neighbouring measurements are nearly independent (autocorrelation +0.19), so they were resampled one by one.
  
  Verdict: RESOLVED. A is slower than B: the difference is real, as its interval excludes zero and it exceeds the noise floor.
  
  Warnings:
    - the program holds 151 MB of live data, more than the caches of many machines; for data that size, where it lies in memory can shift the result by several points in ways the interval does not cover, and differently in the next process; run the comparison in several processes with the multiproc package

checksum 13379815269667124312
== dirs multi n=16384 valuesFor: ordered vs hashed
A: 114.3 ns per operation (median)
B: 37.27 ns per operation (median)
A needs 208% more time than B: B takes only 0.32 times as long as A.
With 95% confidence the difference lies between 206% and 213% more time (B takes between 0.32 and 0.33 times as long as A).
Noise floor: 1.05%. Identical code measured against itself on this setup can look that different, so smaller differences mean nothing.
Neighbouring measurements are nearly independent (autocorrelation -0.04), so they were resampled one by one.

Verdict: RESOLVED. A is slower than B: the difference is real, as its interval excludes zero and it exceeds the noise floor.

Warnings:
  - the program holds 114 MB of live data, more than the caches of many machines; for data that size, where it lies in memory can shift the result by several points in ways the interval does not cover, and differently in the next process; run the comparison in several processes with the multiproc package
  - in 50% of A/A runs this setup reported a difference between identical code, well above the 10% expected; treat any confidence from it with suspicion

== dirs multi n=16384 valuesFor: ordered vs btree-sets
A: 117.3 ns per operation (median)
B: 220.9 ns per operation (median)
A needs 47.3% less time than B: B takes 1.90 times as long as A.
With 95% confidence the difference lies between 45.9% and 48.1% less time (B takes between 1.85 and 1.93 times as long as A).
Noise floor: 1.2%. Identical code measured against itself on this setup can look that different, so smaller differences mean nothing.
Neighbouring measurements are nearly independent (autocorrelation +0.15), so they were resampled one by one.

Verdict: RESOLVED. A is faster than B: the difference is real, as its interval excludes zero and it exceeds the noise floor.

Warnings:
  - the program holds 114 MB of live data, more than the caches of many machines; for data that size, where it lies in memory can shift the result by several points in ways the interval does not cover, and differently in the next process; run the comparison in several processes with the multiproc package
  - candidate A drifted during the run: its measurements were 1.66% higher in the second half than in the first, so the machine did not hold still

== dirs multi n=16384 valuesFor: ordered vs map-sets
A: 115.3 ns per operation (median)
B: 85.37 ns per operation (median)
A needs 35.2% more time than B: B takes only 0.74 times as long as A.
With 95% confidence the difference lies between 33.4% and 36.6% more time (B takes between 0.732 and 0.75 times as long as A).
Noise floor: 0.712%. Identical code measured against itself on this setup can look that different, so smaller differences mean nothing.
Neighbouring measurements are nearly independent (autocorrelation +0.10), so they were resampled one by one.

Verdict: RESOLVED. A is slower than B: the difference is real, as its interval excludes zero and it exceeds the noise floor.

Warnings:
  - the program holds 114 MB of live data, more than the caches of many machines; for data that size, where it lies in memory can shift the result by several points in ways the interval does not cover, and differently in the next process; run the comparison in several processes with the multiproc package
  - in 50% of A/A runs this setup reported a difference between identical code, well above the 10% expected; treat any confidence from it with suspicion

== dirs multi n=16384 valuesBetween: ordered vs hashed
A: 4325 ns per operation (median)
B: 2.436e+05 ns per operation (median)
A needs 98.2% less time than B: B takes 55.91 times as long as A.
With 95% confidence the difference lies between 98.1% and 98.3% less time (B takes between 53.1 and 57.74 times as long as A).
Noise floor: 6.31%. Identical code measured against itself on this setup can look that different, so smaller differences mean nothing.
Neighbouring measurements are nearly independent (autocorrelation -0.10), so they were resampled one by one.

Verdict: RESOLVED. A is faster than B: the difference is real, as its interval excludes zero and it exceeds the noise floor.

Warnings:
  - the program holds 114 MB of live data, more than the caches of many machines; for data that size, where it lies in memory can shift the result by several points in ways the interval does not cover, and differently in the next process; run the comparison in several processes with the multiproc package

== dirs multi n=16384 valuesBetween: ordered vs btree-sets
A: 3535 ns per operation (median)
B: 6198 ns per operation (median)
A needs 42.8% less time than B: B takes 1.75 times as long as A.
With 95% confidence the difference lies between 42.1% and 43.3% less time (B takes between 1.73 and 1.76 times as long as A).
Noise floor: 0.8%. Identical code measured against itself on this setup can look that different, so smaller differences mean nothing.
Neighbouring measurements are nearly independent (autocorrelation +0.13), so they were resampled one by one.

Verdict: RESOLVED. A is faster than B: the difference is real, as its interval excludes zero and it exceeds the noise floor.

Warnings:
  - the program holds 114 MB of live data, more than the caches of many machines; for data that size, where it lies in memory can shift the result by several points in ways the interval does not cover, and differently in the next process; run the comparison in several processes with the multiproc package

== dirs multi n=16384 valuesBetween: ordered vs map-sets
A: 4169 ns per operation (median)
B: 2.341e+05 ns per operation (median)
A needs 98.2% less time than B: B takes 55.53 times as long as A.
With 95% confidence the difference lies between 97.8% and 98.3% less time (B takes between 46.1 and 59.10 times as long as A).
Noise floor: 8.91%. Identical code measured against itself on this setup can look that different, so smaller differences mean nothing.
Neighbouring measurements are nearly independent (autocorrelation -0.13), so they were resampled one by one.

Verdict: RESOLVED. A is faster than B: the difference is real, as its interval excludes zero and it exceeds the noise floor.

Warnings:
  - the program holds 150 MB of live data, more than the caches of many machines; for data that size, where it lies in memory can shift the result by several points in ways the interval does not cover, and differently in the next process; run the comparison in several processes with the multiproc package

== dirs multi n=16384 prefix: ordered vs hashed
A: 1.744e+04 ns per operation (median)
B: 2.588e+05 ns per operation (median)
A needs 92.9% less time than B: B takes 14.06 times as long as A.
With 95% confidence the difference lies between 92% and 93.8% less time (B takes between 12.5 and 16.13 times as long as A).
Noise floor: 20.3%. Identical code measured against itself on this setup can look that different, so smaller differences mean nothing.
Neighbouring measurements are nearly independent (autocorrelation -0.09), so they were resampled one by one.

Verdict: RESOLVED. A is faster than B: the difference is real, as its interval excludes zero and it exceeds the noise floor.

Warnings:
  - the program holds 150 MB of live data, more than the caches of many machines; for data that size, where it lies in memory can shift the result by several points in ways the interval does not cover, and differently in the next process; run the comparison in several processes with the multiproc package
  - candidate A drifted during the run: its measurements were 34.7% lower in the second half than in the first, so the machine did not hold still
  - the ratio B/A was 48.6% higher in the second half of the run than in the first, so the candidates had not reached a steady state and the difference depends on how long the run was; a common cause is a head start for whichever candidate ran alone last before the comparison or had its data built last, which a longer CollectOptions.WarmupDuration removes
  - in 50% of A/A runs this setup reported a difference between identical code, well above the 10% expected; treat any confidence from it with suspicion

== dirs multi n=16384 prefix: ordered vs btree-sets
A: 1.694e+04 ns per operation (median)
B: 3.503e+04 ns per operation (median)
A needs 51.9% less time than B: B takes 2.08 times as long as A.
With 95% confidence the difference lies between 50.3% and 53% less time (B takes between 2.01 and 2.13 times as long as A).
Noise floor: 9.35%. Identical code measured against itself on this setup can look that different, so smaller differences mean nothing.
Neighbouring measurements are nearly independent (autocorrelation -0.07), so they were resampled one by one.

Verdict: RESOLVED. A is faster than B: the difference is real, as its interval excludes zero and it exceeds the noise floor.

Warnings:
  - the program holds 150 MB of live data, more than the caches of many machines; for data that size, where it lies in memory can shift the result by several points in ways the interval does not cover, and differently in the next process; run the comparison in several processes with the multiproc package
  - in 50% of A/A runs this setup reported a difference between identical code, well above the 10% expected; treat any confidence from it with suspicion

== dirs multi n=16384 prefix: ordered vs map-sets
A: 1.942e+04 ns per operation (median)
B: 2.688e+05 ns per operation (median)
A needs 92.9% less time than B: B takes 14.02 times as long as A.
With 95% confidence the difference lies between 91.9% and 94.1% less time (B takes between 12.3 and 17.02 times as long as A).
Noise floor: 15.1%. Identical code measured against itself on this setup can look that different, so smaller differences mean nothing.
Neighbouring measurements are nearly independent (autocorrelation -0.03), so they were resampled one by one.

Verdict: RESOLVED. A is faster than B: the difference is real, as its interval excludes zero and it exceeds the noise floor.

Warnings:
  - the program holds 150 MB of live data, more than the caches of many machines; for data that size, where it lies in memory can shift the result by several points in ways the interval does not cover, and differently in the next process; run the comparison in several processes with the multiproc package
  - candidate A drifted during the run: its measurements were 34% lower in the second half than in the first, so the machine did not hold still
  - the ratio B/A was 46.9% higher in the second half of the run than in the first, so the candidates had not reached a steady state and the difference depends on how long the run was; a common cause is a head start for whichever candidate ran alone last before the comparison or had its data built last, which a longer CollectOptions.WarmupDuration removes
  - in 50% of A/A runs this setup reported a difference between identical code, well above the 10% expected; treat any confidence from it with suspicion

== dirs multi n=16384 churn and build: ordered vs hashed
steady state, per insertion or deletion in a structure of 52542 elements (cycle of 137396 operations, first pass untimed):
  A: 220.8 ns per operation (median)
  B: 96.56 ns per operation (median)
  A needs 129% more time than B: B takes only 0.44 times as long as A.
  With 95% confidence the difference lies between 124% and 132% more time (B takes between 0.431 and 0.45 times as long as A).
  Noise floor: 1.09%. Identical code measured against itself on this setup can look that different, so smaller differences mean nothing.
  Neighbouring measurements are correlated (autocorrelation +0.51), so they were resampled in blocks of 3.
  
  Verdict: RESOLVED. A is slower than B: the difference is real, as its interval excludes zero and it exceeds the noise floor.
  
  Warnings:
    - the program holds 161 MB of live data, more than the caches of many machines; for data that size, where it lies in memory can shift the result by several points in ways the interval does not cover, and differently in the next process; run the comparison in several processes with the multiproc package
    - in 50% of A/A runs this setup reported a difference between identical code, well above the 10% expected; treat any confidence from it with suspicion

build from empty to 52542 elements, per whole build (188700 operations):
  A: 4.389e+07 ns per operation (median)
  B: 2.122e+07 ns per operation (median)
  A needs 109% more time than B: B takes only 0.48 times as long as A.
  With 95% confidence the difference lies between 103% and 115% more time (B takes between 0.465 and 0.49 times as long as A).
  Noise floor: 1.37%. Identical code measured against itself on this setup can look that different, so smaller differences mean nothing.
  Neighbouring measurements are nearly independent (autocorrelation -0.06), so they were resampled one by one.
  
  Verdict: RESOLVED. A is slower than B: the difference is real, as its interval excludes zero and it exceeds the noise floor.
  
  Warnings:
    - the program holds 151 MB of live data, more than the caches of many machines; for data that size, where it lies in memory can shift the result by several points in ways the interval does not cover, and differently in the next process; run the comparison in several processes with the multiproc package
    - in 50% of A/A runs this setup reported a difference between identical code, well above the 10% expected; treat any confidence from it with suspicion

== dirs multi n=16384 churn and build: ordered vs btree-sets
steady state, per insertion or deletion in a structure of 52542 elements (cycle of 137396 operations, first pass untimed):
  A: 232.4 ns per operation (median)
  B: 351.2 ns per operation (median)
  A needs 32.8% less time than B: B takes 1.49 times as long as A.
  With 95% confidence the difference lies between 32.2% and 34.2% less time (B takes between 1.47 and 1.52 times as long as A).
  Noise floor: 1.62%. Identical code measured against itself on this setup can look that different, so smaller differences mean nothing.
  Neighbouring measurements are nearly independent (autocorrelation +0.15), so they were resampled one by one.
  
  Verdict: RESOLVED. A is faster than B: the difference is real, as its interval excludes zero and it exceeds the noise floor.
  
  Warnings:
    - the program holds 164 MB of live data, more than the caches of many machines; for data that size, where it lies in memory can shift the result by several points in ways the interval does not cover, and differently in the next process; run the comparison in several processes with the multiproc package
    - candidate A drifted during the run: its measurements were 3.08% lower in the second half than in the first, so the machine did not hold still

build from empty to 52542 elements, per whole build (188700 operations):
  A: 4.53e+07 ns per operation (median)
  B: 6.728e+07 ns per operation (median)
  A needs 32.3% less time than B: B takes 1.48 times as long as A.
  With 95% confidence the difference lies between 31.5% and 33.8% less time (B takes between 1.46 and 1.51 times as long as A).
  Noise floor: 1.39%. Identical code measured against itself on this setup can look that different, so smaller differences mean nothing.
  Neighbouring measurements are nearly independent (autocorrelation -0.04), so they were resampled one by one.
  
  Verdict: RESOLVED. A is faster than B: the difference is real, as its interval excludes zero and it exceeds the noise floor.
  
  Warnings:
    - the program holds 151 MB of live data, more than the caches of many machines; for data that size, where it lies in memory can shift the result by several points in ways the interval does not cover, and differently in the next process; run the comparison in several processes with the multiproc package
    - in 100% of A/A runs this setup reported a difference between identical code, well above the 10% expected; treat any confidence from it with suspicion

== dirs multi n=16384 churn and build: ordered vs map-sets
steady state, per insertion or deletion in a structure of 52542 elements (cycle of 137396 operations, first pass untimed):
  A: 224.3 ns per operation (median)
  B: 127.1 ns per operation (median)
  A needs 80.7% more time than B: B takes only 0.55 times as long as A.
  With 95% confidence the difference lies between 65.8% and 89.8% more time (B takes between 0.527 and 0.60 times as long as A).
  Noise floor: 1.41%. Identical code measured against itself on this setup can look that different, so smaller differences mean nothing.
  Neighbouring measurements are correlated (autocorrelation +0.26), so they were resampled in blocks of 3.
  
  Verdict: RESOLVED. A is slower than B: the difference is real, as its interval excludes zero and it exceeds the noise floor.
  
  Warnings:
    - the program holds 164 MB of live data, more than the caches of many machines; for data that size, where it lies in memory can shift the result by several points in ways the interval does not cover, and differently in the next process; run the comparison in several processes with the multiproc package

build from empty to 52542 elements, per whole build (188700 operations):
  A: 4.39e+07 ns per operation (median)
  B: 2.609e+07 ns per operation (median)
  A needs 67.7% more time than B: B takes only 0.60 times as long as A.
  With 95% confidence the difference lies between 63.8% and 75.4% more time (B takes between 0.57 and 0.61 times as long as A).
  Noise floor: 2.04%. Identical code measured against itself on this setup can look that different, so smaller differences mean nothing.
  Neighbouring measurements are nearly independent (autocorrelation -0.02), so they were resampled one by one.
  
  Verdict: RESOLVED. A is slower than B: the difference is real, as its interval excludes zero and it exceeds the noise floor.
  
  Warnings:
    - the program holds 151 MB of live data, more than the caches of many machines; for data that size, where it lies in memory can shift the result by several points in ways the interval does not cover, and differently in the next process; run the comparison in several processes with the multiproc package
    - in 50% of A/A runs this setup reported a difference between identical code, well above the 10% expected; treat any confidence from it with suspicion

checksum 8259065091407370028
== dirs multi n=16384 valuesFor: ordered vs hashed
A: 115.8 ns per operation (median)
B: 38.01 ns per operation (median)
A needs 207% more time than B: B takes only 0.33 times as long as A.
With 95% confidence the difference lies between 201% and 211% more time (B takes between 0.322 and 0.33 times as long as A).
Noise floor: 1.32%. Identical code measured against itself on this setup can look that different, so smaller differences mean nothing.
Neighbouring measurements are nearly independent (autocorrelation -0.12), so they were resampled one by one.

Verdict: RESOLVED. A is slower than B: the difference is real, as its interval excludes zero and it exceeds the noise floor.

Warnings:
  - the program holds 103 MB of live data, more than the caches of many machines; for data that size, where it lies in memory can shift the result by several points in ways the interval does not cover, and differently in the next process; run the comparison in several processes with the multiproc package

== dirs multi n=16384 valuesFor: ordered vs btree-sets
A: 116.8 ns per operation (median)
B: 219.3 ns per operation (median)
A needs 47.2% less time than B: B takes 1.90 times as long as A.
With 95% confidence the difference lies between 45.7% and 47.7% less time (B takes between 1.84 and 1.91 times as long as A).
Noise floor: 2.25%. Identical code measured against itself on this setup can look that different, so smaller differences mean nothing.
Neighbouring measurements are nearly independent (autocorrelation -0.05), so they were resampled one by one.

Verdict: RESOLVED. A is faster than B: the difference is real, as its interval excludes zero and it exceeds the noise floor.

Warnings:
  - the program holds 103 MB of live data, more than the caches of many machines; for data that size, where it lies in memory can shift the result by several points in ways the interval does not cover, and differently in the next process; run the comparison in several processes with the multiproc package

== dirs multi n=16384 valuesFor: ordered vs map-sets
A: 114.6 ns per operation (median)
B: 84.74 ns per operation (median)
A needs 35.3% more time than B: B takes only 0.74 times as long as A.
With 95% confidence the difference lies between 33.2% and 36% more time (B takes between 0.735 and 0.75 times as long as A).
Noise floor: 1.43%. Identical code measured against itself on this setup can look that different, so smaller differences mean nothing.
Neighbouring measurements are correlated (autocorrelation +0.28), so they were resampled in blocks of 3.

Verdict: RESOLVED. A is slower than B: the difference is real, as its interval excludes zero and it exceeds the noise floor.

Warnings:
  - the program holds 150 MB of live data, more than the caches of many machines; for data that size, where it lies in memory can shift the result by several points in ways the interval does not cover, and differently in the next process; run the comparison in several processes with the multiproc package
  - in 50% of A/A runs this setup reported a difference between identical code, well above the 10% expected; treat any confidence from it with suspicion

== dirs multi n=16384 valuesBetween: ordered vs hashed
A: 4219 ns per operation (median)
B: 2.417e+05 ns per operation (median)
A needs 98.3% less time than B: B takes 57.61 times as long as A.
With 95% confidence the difference lies between 97.9% and 98.4% less time (B takes between 47.7 and 62.56 times as long as A).
Noise floor: 4.56%. Identical code measured against itself on this setup can look that different, so smaller differences mean nothing.
Neighbouring measurements are nearly independent (autocorrelation -0.08), so they were resampled one by one.

Verdict: RESOLVED. A is faster than B: the difference is real, as its interval excludes zero and it exceeds the noise floor.

Warnings:
  - the program holds 150 MB of live data, more than the caches of many machines; for data that size, where it lies in memory can shift the result by several points in ways the interval does not cover, and differently in the next process; run the comparison in several processes with the multiproc package
  - in 50% of A/A runs this setup reported a difference between identical code, well above the 10% expected; treat any confidence from it with suspicion

== dirs multi n=16384 valuesBetween: ordered vs btree-sets
A: 3579 ns per operation (median)
B: 6224 ns per operation (median)
A needs 43.1% less time than B: B takes 1.76 times as long as A.
With 95% confidence the difference lies between 42.1% and 43.8% less time (B takes between 1.73 and 1.78 times as long as A).
Noise floor: 1.35%. Identical code measured against itself on this setup can look that different, so smaller differences mean nothing.
Neighbouring measurements are nearly independent (autocorrelation +0.02), so they were resampled one by one.

Verdict: RESOLVED. A is faster than B: the difference is real, as its interval excludes zero and it exceeds the noise floor.

Warnings:
  - the program holds 150 MB of live data, more than the caches of many machines; for data that size, where it lies in memory can shift the result by several points in ways the interval does not cover, and differently in the next process; run the comparison in several processes with the multiproc package
  - in 50% of A/A runs this setup reported a difference between identical code, well above the 10% expected; treat any confidence from it with suspicion

== dirs multi n=16384 valuesBetween: ordered vs map-sets
A: 4153 ns per operation (median)
B: 2.347e+05 ns per operation (median)
A needs 98.2% less time than B: B takes 56.15 times as long as A.
With 95% confidence the difference lies between 97.9% and 98.4% less time (B takes between 47.1 and 63.61 times as long as A).
Noise floor: 13.7%. Identical code measured against itself on this setup can look that different, so smaller differences mean nothing.
Neighbouring measurements are nearly independent (autocorrelation -0.09), so they were resampled one by one.

Verdict: RESOLVED. A is faster than B: the difference is real, as its interval excludes zero and it exceeds the noise floor.

Warnings:
  - the program holds 150 MB of live data, more than the caches of many machines; for data that size, where it lies in memory can shift the result by several points in ways the interval does not cover, and differently in the next process; run the comparison in several processes with the multiproc package

== dirs multi n=16384 prefix: ordered vs hashed
A: 1.576e+04 ns per operation (median)
B: 2.536e+05 ns per operation (median)
A needs 93.8% less time than B: B takes 16.09 times as long as A.
With 95% confidence the difference lies between 92.8% and 94.4% less time (B takes between 13.8 and 17.91 times as long as A).
Noise floor: 22%. Identical code measured against itself on this setup can look that different, so smaller differences mean nothing.
Neighbouring measurements are nearly independent (autocorrelation -0.00), so they were resampled one by one.

Verdict: RESOLVED. A is faster than B: the difference is real, as its interval excludes zero and it exceeds the noise floor.

Warnings:
  - the program holds 150 MB of live data, more than the caches of many machines; for data that size, where it lies in memory can shift the result by several points in ways the interval does not cover, and differently in the next process; run the comparison in several processes with the multiproc package
  - in 50% of A/A runs this setup reported a difference between identical code, well above the 10% expected; treat any confidence from it with suspicion

== dirs multi n=16384 prefix: ordered vs btree-sets
A: 1.717e+04 ns per operation (median)
B: 3.548e+04 ns per operation (median)
A needs 51.8% less time than B: B takes 2.07 times as long as A.
With 95% confidence the difference lies between 48.5% and 53.6% less time (B takes between 1.94 and 2.15 times as long as A).
Noise floor: 17.1%. Identical code measured against itself on this setup can look that different, so smaller differences mean nothing.
Neighbouring measurements are nearly independent (autocorrelation -0.04), so they were resampled one by one.

Verdict: RESOLVED. A is faster than B: the difference is real, as its interval excludes zero and it exceeds the noise floor.

Warnings:
  - the program holds 150 MB of live data, more than the caches of many machines; for data that size, where it lies in memory can shift the result by several points in ways the interval does not cover, and differently in the next process; run the comparison in several processes with the multiproc package

== dirs multi n=16384 prefix: ordered vs map-sets
A: 1.74e+04 ns per operation (median)
B: 2.652e+05 ns per operation (median)
A needs 93.4% less time than B: B takes 15.09 times as long as A.
With 95% confidence the difference lies between 92.7% and 94.4% less time (B takes between 13.7 and 17.71 times as long as A).
Noise floor: 19.5%. Identical code measured against itself on this setup can look that different, so smaller differences mean nothing.
Neighbouring measurements are nearly independent (autocorrelation -0.07), so they were resampled one by one.

Verdict: RESOLVED. A is faster than B: the difference is real, as its interval excludes zero and it exceeds the noise floor.

Warnings:
  - the program holds 150 MB of live data, more than the caches of many machines; for data that size, where it lies in memory can shift the result by several points in ways the interval does not cover, and differently in the next process; run the comparison in several processes with the multiproc package
  - candidate A drifted during the run: its measurements were 29.5% lower in the second half than in the first, so the machine did not hold still
  - the ratio B/A was 31.5% higher in the second half of the run than in the first, so the candidates had not reached a steady state and the difference depends on how long the run was; a common cause is a head start for whichever candidate ran alone last before the comparison or had its data built last, which a longer CollectOptions.WarmupDuration removes
  - in 50% of A/A runs this setup reported a difference between identical code, well above the 10% expected; treat any confidence from it with suspicion

== dirs multi n=16384 churn and build: ordered vs hashed
steady state, per insertion or deletion in a structure of 52542 elements (cycle of 137396 operations, first pass untimed):
  A: 227.5 ns per operation (median)
  B: 105.9 ns per operation (median)
  A needs 117% more time than B: B takes only 0.46 times as long as A.
  With 95% confidence the difference lies between 112% and 120% more time (B takes between 0.454 and 0.47 times as long as A).
  Noise floor: 1.09%. Identical code measured against itself on this setup can look that different, so smaller differences mean nothing.
  Neighbouring measurements are correlated (autocorrelation +0.34), so they were resampled in blocks of 3.
  
  Verdict: RESOLVED. A is slower than B: the difference is real, as its interval excludes zero and it exceeds the noise floor.
  
  Warnings:
    - the program holds 161 MB of live data, more than the caches of many machines; for data that size, where it lies in memory can shift the result by several points in ways the interval does not cover, and differently in the next process; run the comparison in several processes with the multiproc package
    - in 50% of A/A runs this setup reported a difference between identical code, well above the 10% expected; treat any confidence from it with suspicion

build from empty to 52542 elements, per whole build (188700 operations):
  A: 4.376e+07 ns per operation (median)
  B: 2.03e+07 ns per operation (median)
  A needs 116% more time than B: B takes only 0.46 times as long as A.
  With 95% confidence the difference lies between 110% and 122% more time (B takes between 0.451 and 0.48 times as long as A).
  Noise floor: 1.59%. Identical code measured against itself on this setup can look that different, so smaller differences mean nothing.
  Neighbouring measurements are nearly independent (autocorrelation -0.01), so they were resampled one by one.
  
  Verdict: RESOLVED. A is slower than B: the difference is real, as its interval excludes zero and it exceeds the noise floor.
  
  Warnings:
    - the program holds 151 MB of live data, more than the caches of many machines; for data that size, where it lies in memory can shift the result by several points in ways the interval does not cover, and differently in the next process; run the comparison in several processes with the multiproc package
    - in 50% of A/A runs this setup reported a difference between identical code, well above the 10% expected; treat any confidence from it with suspicion

== dirs multi n=16384 churn and build: ordered vs btree-sets
steady state, per insertion or deletion in a structure of 52542 elements (cycle of 137396 operations, first pass untimed):
  A: 243.5 ns per operation (median)
  B: 365.1 ns per operation (median)
  A needs 32.3% less time than B: B takes 1.48 times as long as A.
  With 95% confidence the difference lies between 31.8% and 33.3% less time (B takes between 1.47 and 1.50 times as long as A).
  Noise floor: 2.67%. Identical code measured against itself on this setup can look that different, so smaller differences mean nothing.
  Neighbouring measurements are correlated (autocorrelation +0.42), so they were resampled in blocks of 3.
  
  Verdict: RESOLVED. A is faster than B: the difference is real, as its interval excludes zero and it exceeds the noise floor.
  
  Warnings:
    - the program holds 164 MB of live data, more than the caches of many machines; for data that size, where it lies in memory can shift the result by several points in ways the interval does not cover, and differently in the next process; run the comparison in several processes with the multiproc package

build from empty to 52542 elements, per whole build (188700 operations):
  A: 4.433e+07 ns per operation (median)
  B: 6.529e+07 ns per operation (median)
  A needs 32.8% less time than B: B takes 1.49 times as long as A.
  With 95% confidence the difference lies between 31.3% and 33.4% less time (B takes between 1.46 and 1.50 times as long as A).
  Noise floor: 1.29%. Identical code measured against itself on this setup can look that different, so smaller differences mean nothing.
  Neighbouring measurements are nearly independent (autocorrelation +0.12), so they were resampled one by one.
  
  Verdict: RESOLVED. A is faster than B: the difference is real, as its interval excludes zero and it exceeds the noise floor.
  
  Warnings:
    - the program holds 151 MB of live data, more than the caches of many machines; for data that size, where it lies in memory can shift the result by several points in ways the interval does not cover, and differently in the next process; run the comparison in several processes with the multiproc package

== dirs multi n=16384 churn and build: ordered vs map-sets
steady state, per insertion or deletion in a structure of 52542 elements (cycle of 137396 operations, first pass untimed):
  A: 223.4 ns per operation (median)
  B: 123.2 ns per operation (median)
  A needs 83.5% more time than B: B takes only 0.54 times as long as A.
  With 95% confidence the difference lies between 75.8% and 86.9% more time (B takes between 0.535 and 0.57 times as long as A).
  Noise floor: 1.05%. Identical code measured against itself on this setup can look that different, so smaller differences mean nothing.
  Neighbouring measurements are nearly independent (autocorrelation +0.07), so they were resampled one by one.
  
  Verdict: RESOLVED. A is slower than B: the difference is real, as its interval excludes zero and it exceeds the noise floor.
  
  Warnings:
    - the program holds 164 MB of live data, more than the caches of many machines; for data that size, where it lies in memory can shift the result by several points in ways the interval does not cover, and differently in the next process; run the comparison in several processes with the multiproc package

build from empty to 52542 elements, per whole build (188700 operations):
  A: 4.446e+07 ns per operation (median)
  B: 2.741e+07 ns per operation (median)
  A needs 60.4% more time than B: B takes only 0.62 times as long as A.
  With 95% confidence the difference lies between 58.1% and 68.3% more time (B takes between 0.594 and 0.63 times as long as A).
  Noise floor: 1.78%. Identical code measured against itself on this setup can look that different, so smaller differences mean nothing.
  Neighbouring measurements are nearly independent (autocorrelation +0.09), so they were resampled one by one.
  
  Verdict: RESOLVED. A is slower than B: the difference is real, as its interval excludes zero and it exceeds the noise floor.
  
  Warnings:
    - the program holds 151 MB of live data, more than the caches of many machines; for data that size, where it lies in memory can shift the result by several points in ways the interval does not cover, and differently in the next process; run the comparison in several processes with the multiproc package

checksum 7822568182796968391
== dirs multi n=16384 valuesFor: ordered vs hashed
A: 120.7 ns per operation (median)
B: 38.01 ns per operation (median)
A needs 218% more time than B: B takes only 0.31 times as long as A.
With 95% confidence the difference lies between 214% and 222% more time (B takes between 0.31 and 0.32 times as long as A).
Noise floor: 1.22%. Identical code measured against itself on this setup can look that different, so smaller differences mean nothing.
Neighbouring measurements are correlated (autocorrelation +0.21), so they were resampled in blocks of 3.

Verdict: RESOLVED. A is slower than B: the difference is real, as its interval excludes zero and it exceeds the noise floor.

Warnings:
  - the program holds 135 MB of live data, more than the caches of many machines; for data that size, where it lies in memory can shift the result by several points in ways the interval does not cover, and differently in the next process; run the comparison in several processes with the multiproc package

== dirs multi n=16384 valuesFor: ordered vs btree-sets
A: 121.4 ns per operation (median)
B: 218.5 ns per operation (median)
A needs 44.5% less time than B: B takes 1.80 times as long as A.
With 95% confidence the difference lies between 43.4% and 45.7% less time (B takes between 1.77 and 1.84 times as long as A).
Noise floor: 1.8%. Identical code measured against itself on this setup can look that different, so smaller differences mean nothing.
Neighbouring measurements are nearly independent (autocorrelation +0.19), so they were resampled one by one.

Verdict: RESOLVED. A is faster than B: the difference is real, as its interval excludes zero and it exceeds the noise floor.

Warnings:
  - the program holds 135 MB of live data, more than the caches of many machines; for data that size, where it lies in memory can shift the result by several points in ways the interval does not cover, and differently in the next process; run the comparison in several processes with the multiproc package

== dirs multi n=16384 valuesFor: ordered vs map-sets
A: 118.4 ns per operation (median)
B: 85.66 ns per operation (median)
A needs 37.5% more time than B: B takes only 0.73 times as long as A.
With 95% confidence the difference lies between 36.7% and 39.1% more time (B takes between 0.719 and 0.73 times as long as A).
Noise floor: 1.23%. Identical code measured against itself on this setup can look that different, so smaller differences mean nothing.
Neighbouring measurements are nearly independent (autocorrelation +0.18), so they were resampled one by one.

Verdict: RESOLVED. A is slower than B: the difference is real, as its interval excludes zero and it exceeds the noise floor.

Warnings:
  - the program holds 135 MB of live data, more than the caches of many machines; for data that size, where it lies in memory can shift the result by several points in ways the interval does not cover, and differently in the next process; run the comparison in several processes with the multiproc package
  - in 50% of A/A runs this setup reported a difference between identical code, well above the 10% expected; treat any confidence from it with suspicion

== dirs multi n=16384 valuesBetween: ordered vs hashed
A: 4276 ns per operation (median)
B: 2.429e+05 ns per operation (median)
A needs 98.3% less time than B: B takes 57.52 times as long as A.
With 95% confidence the difference lies between 97.8% and 98.3% less time (B takes between 46.5 and 59.59 times as long as A).
Noise floor: 8.32%. Identical code measured against itself on this setup can look that different, so smaller differences mean nothing.
Neighbouring measurements are nearly independent (autocorrelation +0.06), so they were resampled one by one.

Verdict: RESOLVED. A is faster than B: the difference is real, as its interval excludes zero and it exceeds the noise floor.

Warnings:
  - the program holds 135 MB of live data, more than the caches of many machines; for data that size, where it lies in memory can shift the result by several points in ways the interval does not cover, and differently in the next process; run the comparison in several processes with the multiproc package

== dirs multi n=16384 valuesBetween: ordered vs btree-sets
A: 3582 ns per operation (median)
B: 6251 ns per operation (median)
A needs 43.1% less time than B: B takes 1.76 times as long as A.
With 95% confidence the difference lies between 41.9% and 43.9% less time (B takes between 1.72 and 1.78 times as long as A).
Noise floor: 1.5%. Identical code measured against itself on this setup can look that different, so smaller differences mean nothing.
Neighbouring measurements are nearly independent (autocorrelation +0.04), so they were resampled one by one.

Verdict: RESOLVED. A is faster than B: the difference is real, as its interval excludes zero and it exceeds the noise floor.

Warnings:
  - the program holds 135 MB of live data, more than the caches of many machines; for data that size, where it lies in memory can shift the result by several points in ways the interval does not cover, and differently in the next process; run the comparison in several processes with the multiproc package
  - candidate A drifted during the run: its measurements were 1.54% higher in the second half than in the first, so the machine did not hold still
  - in 50% of A/A runs this setup reported a difference between identical code, well above the 10% expected; treat any confidence from it with suspicion

== dirs multi n=16384 valuesBetween: ordered vs map-sets
A: 4248 ns per operation (median)
B: 2.32e+05 ns per operation (median)
A needs 98.2% less time than B: B takes 54.79 times as long as A.
With 95% confidence the difference lies between 98% and 98.4% less time (B takes between 50.1 and 62.20 times as long as A).
Noise floor: 7.98%. Identical code measured against itself on this setup can look that different, so smaller differences mean nothing.
Neighbouring measurements are nearly independent (autocorrelation -0.04), so they were resampled one by one.

Verdict: RESOLVED. A is faster than B: the difference is real, as its interval excludes zero and it exceeds the noise floor.

Warnings:
  - the program holds 135 MB of live data, more than the caches of many machines; for data that size, where it lies in memory can shift the result by several points in ways the interval does not cover, and differently in the next process; run the comparison in several processes with the multiproc package

== dirs multi n=16384 prefix: ordered vs hashed
A: 1.754e+04 ns per operation (median)
B: 2.541e+05 ns per operation (median)
A needs 93% less time than B: B takes 14.26 times as long as A.
With 95% confidence the difference lies between 92.4% and 94.1% less time (B takes between 13.2 and 16.84 times as long as A).
Noise floor: 18.6%. Identical code measured against itself on this setup can look that different, so smaller differences mean nothing.
Neighbouring measurements are nearly independent (autocorrelation -0.00), so they were resampled one by one.

Verdict: RESOLVED. A is faster than B: the difference is real, as its interval excludes zero and it exceeds the noise floor.

Warnings:
  - the program holds 135 MB of live data, more than the caches of many machines; for data that size, where it lies in memory can shift the result by several points in ways the interval does not cover, and differently in the next process; run the comparison in several processes with the multiproc package
  - candidate A drifted during the run: its measurements were 26.3% lower in the second half than in the first, so the machine did not hold still
  - the ratio B/A was 32.2% higher in the second half of the run than in the first, so the candidates had not reached a steady state and the difference depends on how long the run was; a common cause is a head start for whichever candidate ran alone last before the comparison or had its data built last, which a longer CollectOptions.WarmupDuration removes
  - in 50% of A/A runs this setup reported a difference between identical code, well above the 10% expected; treat any confidence from it with suspicion

== dirs multi n=16384 prefix: ordered vs btree-sets
A: 1.595e+04 ns per operation (median)
B: 3.52e+04 ns per operation (median)
A needs 51.8% less time than B: B takes 2.07 times as long as A.
With 95% confidence the difference lies between 50.5% and 53.3% less time (B takes between 2.02 and 2.14 times as long as A).
Noise floor: 14.2%. Identical code measured against itself on this setup can look that different, so smaller differences mean nothing.
Neighbouring measurements are nearly independent (autocorrelation -0.03), so they were resampled one by one.

Verdict: RESOLVED. A is faster than B: the difference is real, as its interval excludes zero and it exceeds the noise floor.

Warnings:
  - the program holds 135 MB of live data, more than the caches of many machines; for data that size, where it lies in memory can shift the result by several points in ways the interval does not cover, and differently in the next process; run the comparison in several processes with the multiproc package
  - in 50% of A/A runs this setup reported a difference between identical code, well above the 10% expected; treat any confidence from it with suspicion

== dirs multi n=16384 prefix: ordered vs map-sets
A: 1.826e+04 ns per operation (median)
B: 2.622e+05 ns per operation (median)
A needs 93.1% less time than B: B takes 14.56 times as long as A.
With 95% confidence the difference lies between 92.6% and 94.2% less time (B takes between 13.5 and 17.28 times as long as A).
Noise floor: 17.4%. Identical code measured against itself on this setup can look that different, so smaller differences mean nothing.
Neighbouring measurements are nearly independent (autocorrelation +0.02), so they were resampled one by one.

Verdict: RESOLVED. A is faster than B: the difference is real, as its interval excludes zero and it exceeds the noise floor.

Warnings:
  - the program holds 135 MB of live data, more than the caches of many machines; for data that size, where it lies in memory can shift the result by several points in ways the interval does not cover, and differently in the next process; run the comparison in several processes with the multiproc package
  - candidate A drifted during the run: its measurements were 30.5% lower in the second half than in the first, so the machine did not hold still
  - the ratio B/A was 38.6% higher in the second half of the run than in the first, so the candidates had not reached a steady state and the difference depends on how long the run was; a common cause is a head start for whichever candidate ran alone last before the comparison or had its data built last, which a longer CollectOptions.WarmupDuration removes
  - in 50% of A/A runs this setup reported a difference between identical code, well above the 10% expected; treat any confidence from it with suspicion

== dirs multi n=16384 churn and build: ordered vs hashed
steady state, per insertion or deletion in a structure of 52542 elements (cycle of 137396 operations, first pass untimed):
  A: 213.1 ns per operation (median)
  B: 93.56 ns per operation (median)
  A needs 129% more time than B: B takes only 0.44 times as long as A.
  With 95% confidence the difference lies between 127% and 134% more time (B takes between 0.428 and 0.44 times as long as A).
  Noise floor: 1.42%. Identical code measured against itself on this setup can look that different, so smaller differences mean nothing.
  Neighbouring measurements are correlated (autocorrelation +0.32), so they were resampled in blocks of 3.
  
  Verdict: RESOLVED. A is slower than B: the difference is real, as its interval excludes zero and it exceeds the noise floor.
  
  Warnings:
    - the program holds 161 MB of live data, more than the caches of many machines; for data that size, where it lies in memory can shift the result by several points in ways the interval does not cover, and differently in the next process; run the comparison in several processes with the multiproc package
    - in 50% of A/A runs this setup reported a difference between identical code, well above the 10% expected; treat any confidence from it with suspicion

build from empty to 52542 elements, per whole build (188700 operations):
  A: 4.391e+07 ns per operation (median)
  B: 2.072e+07 ns per operation (median)
  A needs 113% more time than B: B takes only 0.47 times as long as A.
  With 95% confidence the difference lies between 108% and 116% more time (B takes between 0.463 and 0.48 times as long as A).
  Noise floor: 1.45%. Identical code measured against itself on this setup can look that different, so smaller differences mean nothing.
  Neighbouring measurements are nearly independent (autocorrelation -0.01), so they were resampled one by one.
  
  Verdict: RESOLVED. A is slower than B: the difference is real, as its interval excludes zero and it exceeds the noise floor.
  
  Warnings:
    - the program holds 151 MB of live data, more than the caches of many machines; for data that size, where it lies in memory can shift the result by several points in ways the interval does not cover, and differently in the next process; run the comparison in several processes with the multiproc package

== dirs multi n=16384 churn and build: ordered vs btree-sets
steady state, per insertion or deletion in a structure of 52542 elements (cycle of 137396 operations, first pass untimed):
  A: 234.7 ns per operation (median)
  B: 356.4 ns per operation (median)
  A needs 33.5% less time than B: B takes 1.50 times as long as A.
  With 95% confidence the difference lies between 32.4% and 34.9% less time (B takes between 1.48 and 1.54 times as long as A).
  Noise floor: 2.25%. Identical code measured against itself on this setup can look that different, so smaller differences mean nothing.
  Neighbouring measurements are correlated (autocorrelation +0.31), so they were resampled in blocks of 3.
  
  Verdict: RESOLVED. A is faster than B: the difference is real, as its interval excludes zero and it exceeds the noise floor.
  
  Warnings:
    - the program holds 163 MB of live data, more than the caches of many machines; for data that size, where it lies in memory can shift the result by several points in ways the interval does not cover, and differently in the next process; run the comparison in several processes with the multiproc package
    - candidate A drifted during the run: its measurements were 3.06% lower in the second half than in the first, so the machine did not hold still
    - in 50% of A/A runs this setup reported a difference between identical code, well above the 10% expected; treat any confidence from it with suspicion

build from empty to 52542 elements, per whole build (188700 operations):
  A: 4.505e+07 ns per operation (median)
  B: 6.719e+07 ns per operation (median)
  A needs 33.1% less time than B: B takes 1.49 times as long as A.
  With 95% confidence the difference lies between 31.6% and 33.9% less time (B takes between 1.46 and 1.51 times as long as A).
  Noise floor: 0.258%. Identical code measured against itself on this setup can look that different, so smaller differences mean nothing.
  Neighbouring measurements are nearly independent (autocorrelation +0.11), so they were resampled one by one.
  
  Verdict: RESOLVED. A is faster than B: the difference is real, as its interval excludes zero and it exceeds the noise floor.
  
  Warnings:
    - the program holds 151 MB of live data, more than the caches of many machines; for data that size, where it lies in memory can shift the result by several points in ways the interval does not cover, and differently in the next process; run the comparison in several processes with the multiproc package

== dirs multi n=16384 churn and build: ordered vs map-sets
steady state, per insertion or deletion in a structure of 52542 elements (cycle of 137396 operations, first pass untimed):
  A: 228.4 ns per operation (median)
  B: 134.6 ns per operation (median)
  A needs 73.8% more time than B: B takes only 0.58 times as long as A.
  With 95% confidence the difference lies between 60.6% and 80.9% more time (B takes between 0.553 and 0.62 times as long as A).
  Noise floor: 1.4%. Identical code measured against itself on this setup can look that different, so smaller differences mean nothing.
  Neighbouring measurements are correlated (autocorrelation +0.39), so they were resampled in blocks of 3.
  
  Verdict: RESOLVED. A is slower than B: the difference is real, as its interval excludes zero and it exceeds the noise floor.
  
  Warnings:
    - the program holds 165 MB of live data, more than the caches of many machines; for data that size, where it lies in memory can shift the result by several points in ways the interval does not cover, and differently in the next process; run the comparison in several processes with the multiproc package
    - candidate B drifted during the run: its measurements were 17.4% lower in the second half than in the first, so the machine did not hold still
    - the ratio B/A was 11.8% lower in the second half of the run than in the first, so the candidates had not reached a steady state and the difference depends on how long the run was; a common cause is a head start for whichever candidate ran alone last before the comparison or had its data built last, which a longer CollectOptions.WarmupDuration removes

build from empty to 52542 elements, per whole build (188700 operations):
  A: 4.413e+07 ns per operation (median)
  B: 2.728e+07 ns per operation (median)
  A needs 64.7% more time than B: B takes only 0.61 times as long as A.
  With 95% confidence the difference lies between 58.5% and 85.6% more time (B takes between 0.539 and 0.63 times as long as A).
  Noise floor: 0.73%. Identical code measured against itself on this setup can look that different, so smaller differences mean nothing.
  Neighbouring measurements are nearly independent (autocorrelation +0.06), so they were resampled one by one.
  
  Verdict: RESOLVED. A is slower than B: the difference is real, as its interval excludes zero and it exceeds the noise floor.
  
  Warnings:
    - the program holds 151 MB of live data, more than the caches of many machines; for data that size, where it lies in memory can shift the result by several points in ways the interval does not cover, and differently in the next process; run the comparison in several processes with the multiproc package

checksum 9767243265403073368
== dirs multi n=16384 valuesFor: ordered vs hashed
A: 114.2 ns per operation (median)
B: 37.58 ns per operation (median)
A needs 205% more time than B: B takes only 0.33 times as long as A.
With 95% confidence the difference lies between 203% and 209% more time (B takes between 0.324 and 0.33 times as long as A).
Noise floor: 1.08%. Identical code measured against itself on this setup can look that different, so smaller differences mean nothing.
Neighbouring measurements are nearly independent (autocorrelation +0.07), so they were resampled one by one.

Verdict: RESOLVED. A is slower than B: the difference is real, as its interval excludes zero and it exceeds the noise floor.

Warnings:
  - the program holds 114 MB of live data, more than the caches of many machines; for data that size, where it lies in memory can shift the result by several points in ways the interval does not cover, and differently in the next process; run the comparison in several processes with the multiproc package
  - in 50% of A/A runs this setup reported a difference between identical code, well above the 10% expected; treat any confidence from it with suspicion

== dirs multi n=16384 valuesFor: ordered vs btree-sets
A: 117.7 ns per operation (median)
B: 220.5 ns per operation (median)
A needs 47.2% less time than B: B takes 1.89 times as long as A.
With 95% confidence the difference lies between 45.8% and 48.4% less time (B takes between 1.85 and 1.94 times as long as A).
Noise floor: 1.39%. Identical code measured against itself on this setup can look that different, so smaller differences mean nothing.
Neighbouring measurements are nearly independent (autocorrelation +0.01), so they were resampled one by one.

Verdict: RESOLVED. A is faster than B: the difference is real, as its interval excludes zero and it exceeds the noise floor.

Warnings:
  - the program holds 114 MB of live data, more than the caches of many machines; for data that size, where it lies in memory can shift the result by several points in ways the interval does not cover, and differently in the next process; run the comparison in several processes with the multiproc package
  - candidate A drifted during the run: its measurements were 2.25% higher in the second half than in the first, so the machine did not hold still
  - candidate B drifted during the run: its measurements were 3.73% higher in the second half than in the first, so the machine did not hold still

== dirs multi n=16384 valuesFor: ordered vs map-sets
A: 114 ns per operation (median)
B: 84.67 ns per operation (median)
A needs 33.4% more time than B: B takes only 0.75 times as long as A.
With 95% confidence the difference lies between 31.8% and 36.1% more time (B takes between 0.735 and 0.76 times as long as A).
Noise floor: 1.17%. Identical code measured against itself on this setup can look that different, so smaller differences mean nothing.
Neighbouring measurements are nearly independent (autocorrelation -0.01), so they were resampled one by one.

Verdict: RESOLVED. A is slower than B: the difference is real, as its interval excludes zero and it exceeds the noise floor.

Warnings:
  - the program holds 114 MB of live data, more than the caches of many machines; for data that size, where it lies in memory can shift the result by several points in ways the interval does not cover, and differently in the next process; run the comparison in several processes with the multiproc package
  - in 50% of A/A runs this setup reported a difference between identical code, well above the 10% expected; treat any confidence from it with suspicion

== dirs multi n=16384 valuesBetween: ordered vs hashed
A: 4295 ns per operation (median)
B: 2.433e+05 ns per operation (median)
A needs 98.2% less time than B: B takes 56.88 times as long as A.
With 95% confidence the difference lies between 98.1% and 98.4% less time (B takes between 51.7 and 62.52 times as long as A).
Noise floor: 2.2%. Identical code measured against itself on this setup can look that different, so smaller differences mean nothing.
Neighbouring measurements are nearly independent (autocorrelation -0.07), so they were resampled one by one.

Verdict: RESOLVED. A is faster than B: the difference is real, as its interval excludes zero and it exceeds the noise floor.

Warnings:
  - the program holds 114 MB of live data, more than the caches of many machines; for data that size, where it lies in memory can shift the result by several points in ways the interval does not cover, and differently in the next process; run the comparison in several processes with the multiproc package

== dirs multi n=16384 valuesBetween: ordered vs btree-sets
A: 3521 ns per operation (median)
B: 6201 ns per operation (median)
A needs 43.1% less time than B: B takes 1.76 times as long as A.
With 95% confidence the difference lies between 42.5% and 43.7% less time (B takes between 1.74 and 1.77 times as long as A).
Noise floor: 0.947%. Identical code measured against itself on this setup can look that different, so smaller differences mean nothing.
Neighbouring measurements are nearly independent (autocorrelation +0.19), so they were resampled one by one.

Verdict: RESOLVED. A is faster than B: the difference is real, as its interval excludes zero and it exceeds the noise floor.

Warnings:
  - the program holds 114 MB of live data, more than the caches of many machines; for data that size, where it lies in memory can shift the result by several points in ways the interval does not cover, and differently in the next process; run the comparison in several processes with the multiproc package

== dirs multi n=16384 valuesBetween: ordered vs map-sets
A: 4169 ns per operation (median)
B: 2.338e+05 ns per operation (median)
A needs 98.2% less time than B: B takes 55.99 times as long as A.
With 95% confidence the difference lies between 98.1% and 98.3% less time (B takes between 52.2 and 59.24 times as long as A).
Noise floor: 6.76%. Identical code measured against itself on this setup can look that different, so smaller differences mean nothing.
Neighbouring measurements are nearly independent (autocorrelation +0.10), so they were resampled one by one.

Verdict: RESOLVED. A is faster than B: the difference is real, as its interval excludes zero and it exceeds the noise floor.

Warnings:
  - the program holds 150 MB of live data, more than the caches of many machines; for data that size, where it lies in memory can shift the result by several points in ways the interval does not cover, and differently in the next process; run the comparison in several processes with the multiproc package

== dirs multi n=16384 prefix: ordered vs hashed
A: 1.753e+04 ns per operation (median)
B: 2.544e+05 ns per operation (median)
A needs 93.1% less time than B: B takes 14.43 times as long as A.
With 95% confidence the difference lies between 92.7% and 94.3% less time (B takes between 13.6 and 17.40 times as long as A).
Noise floor: 20.3%. Identical code measured against itself on this setup can look that different, so smaller differences mean nothing.
Neighbouring measurements are nearly independent (autocorrelation -0.16), so they were resampled one by one.

Verdict: RESOLVED. A is faster than B: the difference is real, as its interval excludes zero and it exceeds the noise floor.

Warnings:
  - the program holds 150 MB of live data, more than the caches of many machines; for data that size, where it lies in memory can shift the result by several points in ways the interval does not cover, and differently in the next process; run the comparison in several processes with the multiproc package
  - candidate A drifted during the run: its measurements were 27.9% lower in the second half than in the first, so the machine did not hold still
  - the ratio B/A was 34.2% higher in the second half of the run than in the first, so the candidates had not reached a steady state and the difference depends on how long the run was; a common cause is a head start for whichever candidate ran alone last before the comparison or had its data built last, which a longer CollectOptions.WarmupDuration removes
  - in 50% of A/A runs this setup reported a difference between identical code, well above the 10% expected; treat any confidence from it with suspicion

== dirs multi n=16384 prefix: ordered vs btree-sets
A: 1.484e+04 ns per operation (median)
B: 3.526e+04 ns per operation (median)
A needs 52.1% less time than B: B takes 2.09 times as long as A.
With 95% confidence the difference lies between 50.9% and 52.9% less time (B takes between 2.04 and 2.12 times as long as A).
Noise floor: 16.6%. Identical code measured against itself on this setup can look that different, so smaller differences mean nothing.
Neighbouring measurements are nearly independent (autocorrelation +0.00), so they were resampled one by one.

Verdict: RESOLVED. A is faster than B: the difference is real, as its interval excludes zero and it exceeds the noise floor.

Warnings:
  - the program holds 150 MB of live data, more than the caches of many machines; for data that size, where it lies in memory can shift the result by several points in ways the interval does not cover, and differently in the next process; run the comparison in several processes with the multiproc package
  - in 50% of A/A runs this setup reported a difference between identical code, well above the 10% expected; treat any confidence from it with suspicion

== dirs multi n=16384 prefix: ordered vs map-sets
A: 1.845e+04 ns per operation (median)
B: 2.649e+05 ns per operation (median)
A needs 92.9% less time than B: B takes 14.09 times as long as A.
With 95% confidence the difference lies between 92.3% and 94.8% less time (B takes between 13 and 19.14 times as long as A).
Noise floor: 11.1%. Identical code measured against itself on this setup can look that different, so smaller differences mean nothing.
Neighbouring measurements are correlated (autocorrelation +0.24), so they were resampled in blocks of 3.

Verdict: RESOLVED. A is faster than B: the difference is real, as its interval excludes zero and it exceeds the noise floor.

Warnings:
  - the program holds 150 MB of live data, more than the caches of many machines; for data that size, where it lies in memory can shift the result by several points in ways the interval does not cover, and differently in the next process; run the comparison in several processes with the multiproc package
  - candidate A drifted during the run: its measurements were 35.7% lower in the second half than in the first, so the machine did not hold still
  - the ratio B/A was 47.1% higher in the second half of the run than in the first, so the candidates had not reached a steady state and the difference depends on how long the run was; a common cause is a head start for whichever candidate ran alone last before the comparison or had its data built last, which a longer CollectOptions.WarmupDuration removes
  - in 50% of A/A runs this setup reported a difference between identical code, well above the 10% expected; treat any confidence from it with suspicion

== dirs multi n=16384 churn and build: ordered vs hashed
steady state, per insertion or deletion in a structure of 52542 elements (cycle of 137396 operations, first pass untimed):
  A: 223.4 ns per operation (median)
  B: 99.1 ns per operation (median)
  A needs 126% more time than B: B takes only 0.44 times as long as A.
  With 95% confidence the difference lies between 120% and 130% more time (B takes between 0.434 and 0.45 times as long as A).
  Noise floor: 1.11%. Identical code measured against itself on this setup can look that different, so smaller differences mean nothing.
  Neighbouring measurements are correlated (autocorrelation +0.28), so they were resampled in blocks of 3.
  
  Verdict: RESOLVED. A is slower than B: the difference is real, as its interval excludes zero and it exceeds the noise floor.
  
  Warnings:
    - the program holds 161 MB of live data, more than the caches of many machines; for data that size, where it lies in memory can shift the result by several points in ways the interval does not cover, and differently in the next process; run the comparison in several processes with the multiproc package
    - candidate A drifted during the run: its measurements were 6.57% lower in the second half than in the first, so the machine did not hold still
    - candidate B drifted during the run: its measurements were 9.67% lower in the second half than in the first, so the machine did not hold still

build from empty to 52542 elements, per whole build (188700 operations):
  A: 4.358e+07 ns per operation (median)
  B: 2.012e+07 ns per operation (median)
  A needs 115% more time than B: B takes only 0.46 times as long as A.
  With 95% confidence the difference lies between 110% and 118% more time (B takes between 0.458 and 0.48 times as long as A).
  Noise floor: 1.39%. Identical code measured against itself on this setup can look that different, so smaller differences mean nothing.
  Neighbouring measurements are nearly independent (autocorrelation +0.15), so they were resampled one by one.
  
  Verdict: RESOLVED. A is slower than B: the difference is real, as its interval excludes zero and it exceeds the noise floor.
  
  Warnings:
    - the program holds 151 MB of live data, more than the caches of many machines; for data that size, where it lies in memory can shift the result by several points in ways the interval does not cover, and differently in the next process; run the comparison in several processes with the multiproc package

== dirs multi n=16384 churn and build: ordered vs btree-sets
steady state, per insertion or deletion in a structure of 52542 elements (cycle of 137396 operations, first pass untimed):
  A: 228.2 ns per operation (median)
  B: 341.3 ns per operation (median)
  A needs 32.8% less time than B: B takes 1.49 times as long as A.
  With 95% confidence the difference lies between 32.5% and 35.2% less time (B takes between 1.48 and 1.54 times as long as A).
  Noise floor: 1.05%. Identical code measured against itself on this setup can look that different, so smaller differences mean nothing.
  Neighbouring measurements are correlated (autocorrelation +0.33), so they were resampled in blocks of 3.
  
  Verdict: RESOLVED. A is faster than B: the difference is real, as its interval excludes zero and it exceeds the noise floor.
  
  Warnings:
    - the program holds 164 MB of live data, more than the caches of many machines; for data that size, where it lies in memory can shift the result by several points in ways the interval does not cover, and differently in the next process; run the comparison in several processes with the multiproc package
    - the ratio B/A was 2.22% lower in the second half of the run than in the first, so the candidates had not reached a steady state and the difference depends on how long the run was; a common cause is a head start for whichever candidate ran alone last before the comparison or had its data built last, which a longer CollectOptions.WarmupDuration removes

build from empty to 52542 elements, per whole build (188700 operations):
  A: 4.49e+07 ns per operation (median)
  B: 6.635e+07 ns per operation (median)
  A needs 32.8% less time than B: B takes 1.49 times as long as A.
  With 95% confidence the difference lies between 30.8% and 33.6% less time (B takes between 1.44 and 1.51 times as long as A).
  Noise floor: 1.79%. Identical code measured against itself on this setup can look that different, so smaller differences mean nothing.
  Neighbouring measurements are nearly independent (autocorrelation -0.01), so they were resampled one by one.
  
  Verdict: RESOLVED. A is faster than B: the difference is real, as its interval excludes zero and it exceeds the noise floor.
  
  Warnings:
    - the program holds 152 MB of live data, more than the caches of many machines; for data that size, where it lies in memory can shift the result by several points in ways the interval does not cover, and differently in the next process; run the comparison in several processes with the multiproc package
    - in 50% of A/A runs this setup reported a difference between identical code, well above the 10% expected; treat any confidence from it with suspicion

== dirs multi n=16384 churn and build: ordered vs map-sets
steady state, per insertion or deletion in a structure of 52542 elements (cycle of 137396 operations, first pass untimed):
  A: 220.7 ns per operation (median)
  B: 123.4 ns per operation (median)
  A needs 77.4% more time than B: B takes only 0.56 times as long as A.
  With 95% confidence the difference lies between 75.9% and 83.3% more time (B takes between 0.545 and 0.57 times as long as A).
  Noise floor: 1.4%. Identical code measured against itself on this setup can look that different, so smaller differences mean nothing.
  Neighbouring measurements are correlated (autocorrelation +0.30), so they were resampled in blocks of 3.
  
  Verdict: RESOLVED. A is slower than B: the difference is real, as its interval excludes zero and it exceeds the noise floor.
  
  Warnings:
    - the program holds 165 MB of live data, more than the caches of many machines; for data that size, where it lies in memory can shift the result by several points in ways the interval does not cover, and differently in the next process; run the comparison in several processes with the multiproc package

build from empty to 52542 elements, per whole build (188700 operations):
  A: 4.478e+07 ns per operation (median)
  B: 2.687e+07 ns per operation (median)
  A needs 64.1% more time than B: B takes only 0.61 times as long as A.
  With 95% confidence the difference lies between 61.5% and 72.8% more time (B takes between 0.579 and 0.62 times as long as A).
  Noise floor: 2.67%. Identical code measured against itself on this setup can look that different, so smaller differences mean nothing.
  Neighbouring measurements are nearly independent (autocorrelation +0.09), so they were resampled one by one.
  
  Verdict: RESOLVED. A is slower than B: the difference is real, as its interval excludes zero and it exceeds the noise floor.
  
  Warnings:
    - the program holds 151 MB of live data, more than the caches of many machines; for data that size, where it lies in memory can shift the result by several points in ways the interval does not cover, and differently in the next process; run the comparison in several processes with the multiproc package
    - in 50% of A/A runs this setup reported a difference between identical code, well above the 10% expected; treat any confidence from it with suspicion

checksum 6330146094060289567
== dirs multi n=16384 valuesFor: ordered vs hashed
A: 113.8 ns per operation (median)
B: 37.1 ns per operation (median)
A needs 207% more time than B: B takes only 0.33 times as long as A.
With 95% confidence the difference lies between 205% and 212% more time (B takes between 0.321 and 0.33 times as long as A).
Noise floor: 0.386%. Identical code measured against itself on this setup can look that different, so smaller differences mean nothing.
Neighbouring measurements are nearly independent (autocorrelation +0.05), so they were resampled one by one.

Verdict: RESOLVED. A is slower than B: the difference is real, as its interval excludes zero and it exceeds the noise floor.

Warnings:
  - the program holds 134 MB of live data, more than the caches of many machines; for data that size, where it lies in memory can shift the result by several points in ways the interval does not cover, and differently in the next process; run the comparison in several processes with the multiproc package

== dirs multi n=16384 valuesFor: ordered vs btree-sets
A: 118 ns per operation (median)
B: 222 ns per operation (median)
A needs 46.5% less time than B: B takes 1.87 times as long as A.
With 95% confidence the difference lies between 45.2% and 48% less time (B takes between 1.83 and 1.92 times as long as A).
Noise floor: 2.06%. Identical code measured against itself on this setup can look that different, so smaller differences mean nothing.
Neighbouring measurements are correlated (autocorrelation +0.25), so they were resampled in blocks of 3.

Verdict: RESOLVED. A is faster than B: the difference is real, as its interval excludes zero and it exceeds the noise floor.

Warnings:
  - the program holds 134 MB of live data, more than the caches of many machines; for data that size, where it lies in memory can shift the result by several points in ways the interval does not cover, and differently in the next process; run the comparison in several processes with the multiproc package
  - candidate A drifted during the run: its measurements were 3.26% lower in the second half than in the first, so the machine did not hold still

== dirs multi n=16384 valuesFor: ordered vs map-sets
A: 113.8 ns per operation (median)
B: 84.92 ns per operation (median)
A needs 34.9% more time than B: B takes only 0.74 times as long as A.
With 95% confidence the difference lies between 32.6% and 35.8% more time (B takes between 0.737 and 0.75 times as long as A).
Noise floor: 0.863%. Identical code measured against itself on this setup can look that different, so smaller differences mean nothing.
Neighbouring measurements are nearly independent (autocorrelation +0.15), so they were resampled one by one.

Verdict: RESOLVED. A is slower than B: the difference is real, as its interval excludes zero and it exceeds the noise floor.

Warnings:
  - the program holds 134 MB of live data, more than the caches of many machines; for data that size, where it lies in memory can shift the result by several points in ways the interval does not cover, and differently in the next process; run the comparison in several processes with the multiproc package

== dirs multi n=16384 valuesBetween: ordered vs hashed
A: 4164 ns per operation (median)
B: 2.417e+05 ns per operation (median)
A needs 98.3% less time than B: B takes 57.60 times as long as A.
With 95% confidence the difference lies between 98.1% and 98.4% less time (B takes between 51.3 and 62.74 times as long as A).
Noise floor: 2.27%. Identical code measured against itself on this setup can look that different, so smaller differences mean nothing.
Neighbouring measurements are nearly independent (autocorrelation -0.02), so they were resampled one by one.

Verdict: RESOLVED. A is faster than B: the difference is real, as its interval excludes zero and it exceeds the noise floor.

Warnings:
  - the program holds 134 MB of live data, more than the caches of many machines; for data that size, where it lies in memory can shift the result by several points in ways the interval does not cover, and differently in the next process; run the comparison in several processes with the multiproc package
  - in 50% of A/A runs this setup reported a difference between identical code, well above the 10% expected; treat any confidence from it with suspicion

== dirs multi n=16384 valuesBetween: ordered vs btree-sets
A: 3621 ns per operation (median)
B: 6334 ns per operation (median)
A needs 42.5% less time than B: B takes 1.74 times as long as A.
With 95% confidence the difference lies between 41.7% and 44.1% less time (B takes between 1.72 and 1.79 times as long as A).
Noise floor: 0.754%. Identical code measured against itself on this setup can look that different, so smaller differences mean nothing.
Neighbouring measurements are nearly independent (autocorrelation +0.04), so they were resampled one by one.

Verdict: RESOLVED. A is faster than B: the difference is real, as its interval excludes zero and it exceeds the noise floor.

Warnings:
  - the program holds 134 MB of live data, more than the caches of many machines; for data that size, where it lies in memory can shift the result by several points in ways the interval does not cover, and differently in the next process; run the comparison in several processes with the multiproc package

== dirs multi n=16384 valuesBetween: ordered vs map-sets
A: 4377 ns per operation (median)
B: 2.337e+05 ns per operation (median)
A needs 98.2% less time than B: B takes 54.34 times as long as A.
With 95% confidence the difference lies between 97.9% and 98.2% less time (B takes between 46.9 and 56.95 times as long as A).
Noise floor: 5.3%. Identical code measured against itself on this setup can look that different, so smaller differences mean nothing.
Neighbouring measurements are nearly independent (autocorrelation +0.00), so they were resampled one by one.

Verdict: RESOLVED. A is faster than B: the difference is real, as its interval excludes zero and it exceeds the noise floor.

Warnings:
  - the program holds 134 MB of live data, more than the caches of many machines; for data that size, where it lies in memory can shift the result by several points in ways the interval does not cover, and differently in the next process; run the comparison in several processes with the multiproc package

== dirs multi n=16384 prefix: ordered vs hashed
A: 1.592e+04 ns per operation (median)
B: 2.536e+05 ns per operation (median)
A needs 93.7% less time than B: B takes 15.78 times as long as A.
With 95% confidence the difference lies between 92.6% and 94.1% less time (B takes between 13.5 and 16.95 times as long as A).
Noise floor: 10.8%. Identical code measured against itself on this setup can look that different, so smaller differences mean nothing.
Neighbouring measurements are nearly independent (autocorrelation -0.14), so they were resampled one by one.

Verdict: RESOLVED. A is faster than B: the difference is real, as its interval excludes zero and it exceeds the noise floor.

Warnings:
  - the program holds 134 MB of live data, more than the caches of many machines; for data that size, where it lies in memory can shift the result by several points in ways the interval does not cover, and differently in the next process; run the comparison in several processes with the multiproc package
  - candidate A drifted during the run: its measurements were 19.4% lower in the second half than in the first, so the machine did not hold still
  - the ratio B/A was 20.1% higher in the second half of the run than in the first, so the candidates had not reached a steady state and the difference depends on how long the run was; a common cause is a head start for whichever candidate ran alone last before the comparison or had its data built last, which a longer CollectOptions.WarmupDuration removes
  - in 50% of A/A runs this setup reported a difference between identical code, well above the 10% expected; treat any confidence from it with suspicion

== dirs multi n=16384 prefix: ordered vs btree-sets
A: 1.657e+04 ns per operation (median)
B: 3.596e+04 ns per operation (median)
A needs 53.4% less time than B: B takes 2.15 times as long as A.
With 95% confidence the difference lies between 52% and 54.7% less time (B takes between 2.08 and 2.21 times as long as A).
Noise floor: 16.4%. Identical code measured against itself on this setup can look that different, so smaller differences mean nothing.
Neighbouring measurements are nearly independent (autocorrelation -0.05), so they were resampled one by one.

Verdict: RESOLVED. A is faster than B: the difference is real, as its interval excludes zero and it exceeds the noise floor.

Warnings:
  - the program holds 134 MB of live data, more than the caches of many machines; for data that size, where it lies in memory can shift the result by several points in ways the interval does not cover, and differently in the next process; run the comparison in several processes with the multiproc package
  - in 50% of A/A runs this setup reported a difference between identical code, well above the 10% expected; treat any confidence from it with suspicion

== dirs multi n=16384 prefix: ordered vs map-sets
A: 1.825e+04 ns per operation (median)
B: 2.653e+05 ns per operation (median)
A needs 93.3% less time than B: B takes 14.94 times as long as A.
With 95% confidence the difference lies between 92.7% and 93.9% less time (B takes between 13.7 and 16.44 times as long as A).
Noise floor: 12.2%. Identical code measured against itself on this setup can look that different, so smaller differences mean nothing.
Neighbouring measurements are nearly independent (autocorrelation -0.08), so they were resampled one by one.

Verdict: RESOLVED. A is faster than B: the difference is real, as its interval excludes zero and it exceeds the noise floor.

Warnings:
  - the program holds 134 MB of live data, more than the caches of many machines; for data that size, where it lies in memory can shift the result by several points in ways the interval does not cover, and differently in the next process; run the comparison in several processes with the multiproc package
  - candidate A drifted during the run: its measurements were 28.2% lower in the second half than in the first, so the machine did not hold still
  - the ratio B/A was 37.7% higher in the second half of the run than in the first, so the candidates had not reached a steady state and the difference depends on how long the run was; a common cause is a head start for whichever candidate ran alone last before the comparison or had its data built last, which a longer CollectOptions.WarmupDuration removes
  - in 50% of A/A runs this setup reported a difference between identical code, well above the 10% expected; treat any confidence from it with suspicion

== dirs multi n=16384 churn and build: ordered vs hashed
steady state, per insertion or deletion in a structure of 52542 elements (cycle of 137396 operations, first pass untimed):
  A: 218.1 ns per operation (median)
  B: 96.71 ns per operation (median)
  A needs 128% more time than B: B takes only 0.44 times as long as A.
  With 95% confidence the difference lies between 123% and 129% more time (B takes between 0.437 and 0.45 times as long as A).
  Noise floor: 1.18%. Identical code measured against itself on this setup can look that different, so smaller differences mean nothing.
  Neighbouring measurements are correlated (autocorrelation +0.32), so they were resampled in blocks of 3.
  
  Verdict: RESOLVED. A is slower than B: the difference is real, as its interval excludes zero and it exceeds the noise floor.
  
  Warnings:
    - the program holds 161 MB of live data, more than the caches of many machines; for data that size, where it lies in memory can shift the result by several points in ways the interval does not cover, and differently in the next process; run the comparison in several processes with the multiproc package
    - in 50% of A/A runs this setup reported a difference between identical code, well above the 10% expected; treat any confidence from it with suspicion

build from empty to 52542 elements, per whole build (188700 operations):
  A: 4.412e+07 ns per operation (median)
  B: 2.07e+07 ns per operation (median)
  A needs 113% more time than B: B takes only 0.47 times as long as A.
  With 95% confidence the difference lies between 107% and 117% more time (B takes between 0.462 and 0.48 times as long as A).
  Noise floor: 0.848%. Identical code measured against itself on this setup can look that different, so smaller differences mean nothing.
  Neighbouring measurements are nearly independent (autocorrelation -0.02), so they were resampled one by one.
  
  Verdict: RESOLVED. A is slower than B: the difference is real, as its interval excludes zero and it exceeds the noise floor.
  
  Warnings:
    - the program holds 151 MB of live data, more than the caches of many machines; for data that size, where it lies in memory can shift the result by several points in ways the interval does not cover, and differently in the next process; run the comparison in several processes with the multiproc package

== dirs multi n=16384 churn and build: ordered vs btree-sets
steady state, per insertion or deletion in a structure of 52542 elements (cycle of 137396 operations, first pass untimed):
  A: 252.3 ns per operation (median)
  B: 366.7 ns per operation (median)
  A needs 32.8% less time than B: B takes 1.49 times as long as A.
  With 95% confidence the difference lies between 31.5% and 33.9% less time (B takes between 1.46 and 1.51 times as long as A).
  Noise floor: 2.46%. Identical code measured against itself on this setup can look that different, so smaller differences mean nothing.
  Neighbouring measurements are correlated (autocorrelation +0.40), so they were resampled in blocks of 3.
  
  Verdict: RESOLVED. A is faster than B: the difference is real, as its interval excludes zero and it exceeds the noise floor.
  
  Warnings:
    - the program holds 164 MB of live data, more than the caches of many machines; for data that size, where it lies in memory can shift the result by several points in ways the interval does not cover, and differently in the next process; run the comparison in several processes with the multiproc package
    - candidate A drifted during the run: its measurements were 14% lower in the second half than in the first, so the machine did not hold still
    - candidate B drifted during the run: its measurements were 12.9% lower in the second half than in the first, so the machine did not hold still
    - in 100% of A/A runs this setup reported a difference between identical code, well above the 10% expected; treat any confidence from it with suspicion

build from empty to 52542 elements, per whole build (188700 operations):
  A: 4.404e+07 ns per operation (median)
  B: 6.527e+07 ns per operation (median)
  A needs 32.2% less time than B: B takes 1.47 times as long as A.
  With 95% confidence the difference lies between 31.5% and 34.5% less time (B takes between 1.46 and 1.53 times as long as A).
  Noise floor: 0.583%. Identical code measured against itself on this setup can look that different, so smaller differences mean nothing.
  Neighbouring measurements are nearly independent (autocorrelation +0.10), so they were resampled one by one.
  
  Verdict: RESOLVED. A is faster than B: the difference is real, as its interval excludes zero and it exceeds the noise floor.
  
  Warnings:
    - the program holds 151 MB of live data, more than the caches of many machines; for data that size, where it lies in memory can shift the result by several points in ways the interval does not cover, and differently in the next process; run the comparison in several processes with the multiproc package

== dirs multi n=16384 churn and build: ordered vs map-sets
steady state, per insertion or deletion in a structure of 52542 elements (cycle of 137396 operations, first pass untimed):
  A: 229 ns per operation (median)
  B: 127.2 ns per operation (median)
  A needs 80.3% more time than B: B takes only 0.55 times as long as A.
  With 95% confidence the difference lies between 74% and 86.4% more time (B takes between 0.537 and 0.57 times as long as A).
  Noise floor: 0.999%. Identical code measured against itself on this setup can look that different, so smaller differences mean nothing.
  Neighbouring measurements are correlated (autocorrelation +0.36), so they were resampled in blocks of 3.
  
  Verdict: RESOLVED. A is slower than B: the difference is real, as its interval excludes zero and it exceeds the noise floor.
  
  Warnings:
    - the program holds 164 MB of live data, more than the caches of many machines; for data that size, where it lies in memory can shift the result by several points in ways the interval does not cover, and differently in the next process; run the comparison in several processes with the multiproc package
    - candidate A drifted during the run: its measurements were 7.65% lower in the second half than in the first, so the machine did not hold still
    - candidate B drifted during the run: its measurements were 14.6% lower in the second half than in the first, so the machine did not hold still
    - the ratio B/A was 10.3% lower in the second half of the run than in the first, so the candidates had not reached a steady state and the difference depends on how long the run was; a common cause is a head start for whichever candidate ran alone last before the comparison or had its data built last, which a longer CollectOptions.WarmupDuration removes
    - in 50% of A/A runs this setup reported a difference between identical code, well above the 10% expected; treat any confidence from it with suspicion

build from empty to 52542 elements, per whole build (188700 operations):
  A: 4.346e+07 ns per operation (median)
  B: 2.674e+07 ns per operation (median)
  A needs 64.5% more time than B: B takes only 0.61 times as long as A.
  With 95% confidence the difference lies between 61.2% and 69.6% more time (B takes between 0.59 and 0.62 times as long as A).
  Noise floor: 2.92%. Identical code measured against itself on this setup can look that different, so smaller differences mean nothing.
  Neighbouring measurements are nearly independent (autocorrelation +0.20), so they were resampled one by one.
  
  Verdict: RESOLVED. A is slower than B: the difference is real, as its interval excludes zero and it exceeds the noise floor.
  
  Warnings:
    - the program holds 151 MB of live data, more than the caches of many machines; for data that size, where it lies in memory can shift the result by several points in ways the interval does not cover, and differently in the next process; run the comparison in several processes with the multiproc package
    - candidate B drifted during the run: its measurements were 5.16% higher in the second half than in the first, so the machine did not hold still
    - the ratio B/A was 5.21% higher in the second half of the run than in the first, so the candidates had not reached a steady state and the difference depends on how long the run was; a common cause is a head start for whichever candidate ran alone last before the comparison or had its data built last, which a longer CollectOptions.WarmupDuration removes

checksum 2247408781753904269
== dirs multi n=16384 valuesFor: ordered vs hashed
A: 114.4 ns per operation (median)
B: 37.3 ns per operation (median)
A needs 206% more time than B: B takes only 0.33 times as long as A.
With 95% confidence the difference lies between 201% and 209% more time (B takes between 0.324 and 0.33 times as long as A).
Noise floor: 1.27%. Identical code measured against itself on this setup can look that different, so smaller differences mean nothing.
Neighbouring measurements are nearly independent (autocorrelation -0.06), so they were resampled one by one.

Verdict: RESOLVED. A is slower than B: the difference is real, as its interval excludes zero and it exceeds the noise floor.

Warnings:
  - the program holds 127 MB of live data, more than the caches of many machines; for data that size, where it lies in memory can shift the result by several points in ways the interval does not cover, and differently in the next process; run the comparison in several processes with the multiproc package
  - in 50% of A/A runs this setup reported a difference between identical code, well above the 10% expected; treat any confidence from it with suspicion

== dirs multi n=16384 valuesFor: ordered vs btree-sets
A: 120.5 ns per operation (median)
B: 231.3 ns per operation (median)
A needs 47.2% less time than B: B takes 1.89 times as long as A.
With 95% confidence the difference lies between 46.6% and 48.9% less time (B takes between 1.87 and 1.96 times as long as A).
Noise floor: 2.51%. Identical code measured against itself on this setup can look that different, so smaller differences mean nothing.
Neighbouring measurements are nearly independent (autocorrelation -0.01), so they were resampled one by one.

Verdict: RESOLVED. A is faster than B: the difference is real, as its interval excludes zero and it exceeds the noise floor.

Warnings:
  - the program holds 127 MB of live data, more than the caches of many machines; for data that size, where it lies in memory can shift the result by several points in ways the interval does not cover, and differently in the next process; run the comparison in several processes with the multiproc package
  - candidate B drifted during the run: its measurements were 4.61% higher in the second half than in the first, so the machine did not hold still

== dirs multi n=16384 valuesFor: ordered vs map-sets
A: 114 ns per operation (median)
B: 85.09 ns per operation (median)
A needs 33.6% more time than B: B takes only 0.75 times as long as A.
With 95% confidence the difference lies between 31.9% and 34.4% more time (B takes between 0.744 and 0.76 times as long as A).
Noise floor: 0.672%. Identical code measured against itself on this setup can look that different, so smaller differences mean nothing.
Neighbouring measurements are nearly independent (autocorrelation -0.04), so they were resampled one by one.

Verdict: RESOLVED. A is slower than B: the difference is real, as its interval excludes zero and it exceeds the noise floor.

Warnings:
  - the program holds 127 MB of live data, more than the caches of many machines; for data that size, where it lies in memory can shift the result by several points in ways the interval does not cover, and differently in the next process; run the comparison in several processes with the multiproc package

== dirs multi n=16384 valuesBetween: ordered vs hashed
A: 4118 ns per operation (median)
B: 2.424e+05 ns per operation (median)
A needs 98.3% less time than B: B takes 58.25 times as long as A.
With 95% confidence the difference lies between 98% and 98.5% less time (B takes between 50.9 and 65.28 times as long as A).
Noise floor: 8.01%. Identical code measured against itself on this setup can look that different, so smaller differences mean nothing.
Neighbouring measurements are nearly independent (autocorrelation -0.01), so they were resampled one by one.

Verdict: RESOLVED. A is faster than B: the difference is real, as its interval excludes zero and it exceeds the noise floor.

Warnings:
  - the program holds 127 MB of live data, more than the caches of many machines; for data that size, where it lies in memory can shift the result by several points in ways the interval does not cover, and differently in the next process; run the comparison in several processes with the multiproc package

== dirs multi n=16384 valuesBetween: ordered vs btree-sets
A: 3539 ns per operation (median)
B: 6227 ns per operation (median)
A needs 42.8% less time than B: B takes 1.75 times as long as A.
With 95% confidence the difference lies between 42.5% and 43.9% less time (B takes between 1.74 and 1.78 times as long as A).
Noise floor: 1%. Identical code measured against itself on this setup can look that different, so smaller differences mean nothing.
Neighbouring measurements are nearly independent (autocorrelation +0.15), so they were resampled one by one.

Verdict: RESOLVED. A is faster than B: the difference is real, as its interval excludes zero and it exceeds the noise floor.

Warnings:
  - the program holds 127 MB of live data, more than the caches of many machines; for data that size, where it lies in memory can shift the result by several points in ways the interval does not cover, and differently in the next process; run the comparison in several processes with the multiproc package

== dirs multi n=16384 valuesBetween: ordered vs map-sets
A: 4338 ns per operation (median)
B: 2.338e+05 ns per operation (median)
A needs 98.1% less time than B: B takes 53.30 times as long as A.
With 95% confidence the difference lies between 97.9% and 98.2% less time (B takes between 48 and 56.13 times as long as A).
Noise floor: 8.52%. Identical code measured against itself on this setup can look that different, so smaller differences mean nothing.
Neighbouring measurements are nearly independent (autocorrelation +0.12), so they were resampled one by one.

Verdict: RESOLVED. A is faster than B: the difference is real, as its interval excludes zero and it exceeds the noise floor.

Warnings:
  - the program holds 127 MB of live data, more than the caches of many machines; for data that size, where it lies in memory can shift the result by several points in ways the interval does not cover, and differently in the next process; run the comparison in several processes with the multiproc package

== dirs multi n=16384 prefix: ordered vs hashed
A: 1.599e+04 ns per operation (median)
B: 2.566e+05 ns per operation (median)
A needs 93.8% less time than B: B takes 16.14 times as long as A.
With 95% confidence the difference lies between 92.6% and 94% less time (B takes between 13.5 and 16.77 times as long as A).
Noise floor: 18.9%. Identical code measured against itself on this setup can look that different, so smaller differences mean nothing.
Neighbouring measurements are nearly independent (autocorrelation -0.07), so they were resampled one by one.

Verdict: RESOLVED. A is faster than B: the difference is real, as its interval excludes zero and it exceeds the noise floor.

Warnings:
  - the program holds 127 MB of live data, more than the caches of many machines; for data that size, where it lies in memory can shift the result by several points in ways the interval does not cover, and differently in the next process; run the comparison in several processes with the multiproc package
  - candidate A drifted during the run: its measurements were 24.5% lower in the second half than in the first, so the machine did not hold still
  - the ratio B/A was 33% higher in the second half of the run than in the first, so the candidates had not reached a steady state and the difference depends on how long the run was; a common cause is a head start for whichever candidate ran alone last before the comparison or had its data built last, which a longer CollectOptions.WarmupDuration removes
  - in 50% of A/A runs this setup reported a difference between identical code, well above the 10% expected; treat any confidence from it with suspicion

== dirs multi n=16384 prefix: ordered vs btree-sets
A: 1.681e+04 ns per operation (median)
B: 3.623e+04 ns per operation (median)
A needs 52.7% less time than B: B takes 2.11 times as long as A.
With 95% confidence the difference lies between 50.6% and 54.6% less time (B takes between 2.03 and 2.20 times as long as A).
Noise floor: 19.9%. Identical code measured against itself on this setup can look that different, so smaller differences mean nothing.
Neighbouring measurements are nearly independent (autocorrelation -0.05), so they were resampled one by one.

Verdict: RESOLVED. A is faster than B: the difference is real, as its interval excludes zero and it exceeds the noise floor.

Warnings:
  - the program holds 127 MB of live data, more than the caches of many machines; for data that size, where it lies in memory can shift the result by several points in ways the interval does not cover, and differently in the next process; run the comparison in several processes with the multiproc package

== dirs multi n=16384 prefix: ordered vs map-sets
A: 1.743e+04 ns per operation (median)
B: 2.659e+05 ns per operation (median)
A needs 93.4% less time than B: B takes 15.06 times as long as A.
With 95% confidence the difference lies between 92.4% and 94.1% less time (B takes between 13.2 and 17.00 times as long as A).
Noise floor: 14.3%. Identical code measured against itself on this setup can look that different, so smaller differences mean nothing.
Neighbouring measurements are nearly independent (autocorrelation -0.02), so they were resampled one by one.

Verdict: RESOLVED. A is faster than B: the difference is real, as its interval excludes zero and it exceeds the noise floor.

Warnings:
  - the program holds 149 MB of live data, more than the caches of many machines; for data that size, where it lies in memory can shift the result by several points in ways the interval does not cover, and differently in the next process; run the comparison in several processes with the multiproc package
  - candidate A drifted during the run: its measurements were 27.2% lower in the second half than in the first, so the machine did not hold still
  - the ratio B/A was 41.2% higher in the second half of the run than in the first, so the candidates had not reached a steady state and the difference depends on how long the run was; a common cause is a head start for whichever candidate ran alone last before the comparison or had its data built last, which a longer CollectOptions.WarmupDuration removes
  - in 50% of A/A runs this setup reported a difference between identical code, well above the 10% expected; treat any confidence from it with suspicion

== dirs multi n=16384 churn and build: ordered vs hashed
steady state, per insertion or deletion in a structure of 52542 elements (cycle of 137396 operations, first pass untimed):
  A: 225 ns per operation (median)
  B: 102.1 ns per operation (median)
  A needs 121% more time than B: B takes only 0.45 times as long as A.
  With 95% confidence the difference lies between 117% and 123% more time (B takes between 0.448 and 0.46 times as long as A).
  Noise floor: 0.298%. Identical code measured against itself on this setup can look that different, so smaller differences mean nothing.
  Neighbouring measurements are correlated (autocorrelation +0.26), so they were resampled in blocks of 3.
  
  Verdict: RESOLVED. A is slower than B: the difference is real, as its interval excludes zero and it exceeds the noise floor.
  
  Warnings:
    - the program holds 161 MB of live data, more than the caches of many machines; for data that size, where it lies in memory can shift the result by several points in ways the interval does not cover, and differently in the next process; run the comparison in several processes with the multiproc package
    - candidate A drifted during the run: its measurements were 3.53% lower in the second half than in the first, so the machine did not hold still
    - candidate B drifted during the run: its measurements were 7.34% lower in the second half than in the first, so the machine did not hold still

build from empty to 52542 elements, per whole build (188700 operations):
  A: 4.204e+07 ns per operation (median)
  B: 1.965e+07 ns per operation (median)
  A needs 114% more time than B: B takes only 0.47 times as long as A.
  With 95% confidence the difference lies between 111% and 118% more time (B takes between 0.458 and 0.47 times as long as A).
  Noise floor: 2.33%. Identical code measured against itself on this setup can look that different, so smaller differences mean nothing.
  Neighbouring measurements are nearly independent (autocorrelation +0.00), so they were resampled one by one.
  
  Verdict: RESOLVED. A is slower than B: the difference is real, as its interval excludes zero and it exceeds the noise floor.
  
  Warnings:
    - the program holds 151 MB of live data, more than the caches of many machines; for data that size, where it lies in memory can shift the result by several points in ways the interval does not cover, and differently in the next process; run the comparison in several processes with the multiproc package
    - in 50% of A/A runs this setup reported a difference between identical code, well above the 10% expected; treat any confidence from it with suspicion

== dirs multi n=16384 churn and build: ordered vs btree-sets
steady state, per insertion or deletion in a structure of 52542 elements (cycle of 137396 operations, first pass untimed):
  A: 234.9 ns per operation (median)
  B: 350.4 ns per operation (median)
  A needs 32.6% less time than B: B takes 1.48 times as long as A.
  With 95% confidence the difference lies between 32.3% and 34.7% less time (B takes between 1.48 and 1.53 times as long as A).
  Noise floor: 1.96%. Identical code measured against itself on this setup can look that different, so smaller differences mean nothing.
  Neighbouring measurements are correlated (autocorrelation +0.29), so they were resampled in blocks of 3.
  
  Verdict: RESOLVED. A is faster than B: the difference is real, as its interval excludes zero and it exceeds the noise floor.
  
  Warnings:
    - the program holds 164 MB of live data, more than the caches of many machines; for data that size, where it lies in memory can shift the result by several points in ways the interval does not cover, and differently in the next process; run the comparison in several processes with the multiproc package

build from empty to 52542 elements, per whole build (188700 operations):
  A: 4.332e+07 ns per operation (median)
  B: 6.533e+07 ns per operation (median)
  A needs 33.6% less time than B: B takes 1.51 times as long as A.
  With 95% confidence the difference lies between 31.6% and 34.8% less time (B takes between 1.46 and 1.53 times as long as A).
  Noise floor: 0.66%. Identical code measured against itself on this setup can look that different, so smaller differences mean nothing.
  Neighbouring measurements are nearly independent (autocorrelation -0.06), so they were resampled one by one.
  
  Verdict: RESOLVED. A is faster than B: the difference is real, as its interval excludes zero and it exceeds the noise floor.
  
  Warnings:
    - the program holds 151 MB of live data, more than the caches of many machines; for data that size, where it lies in memory can shift the result by several points in ways the interval does not cover, and differently in the next process; run the comparison in several processes with the multiproc package

== dirs multi n=16384 churn and build: ordered vs map-sets
steady state, per insertion or deletion in a structure of 52542 elements (cycle of 137396 operations, first pass untimed):
  A: 217.4 ns per operation (median)
  B: 112.9 ns per operation (median)
  A needs 91.7% more time than B: B takes only 0.52 times as long as A.
  With 95% confidence the difference lies between 90.4% and 95.3% more time (B takes between 0.512 and 0.53 times as long as A).
  Noise floor: 0.397%. Identical code measured against itself on this setup can look that different, so smaller differences mean nothing.
  Neighbouring measurements are nearly independent (autocorrelation +0.03), so they were resampled one by one.
  
  Verdict: RESOLVED. A is slower than B: the difference is real, as its interval excludes zero and it exceeds the noise floor.
  
  Warnings:
    - the program holds 165 MB of live data, more than the caches of many machines; for data that size, where it lies in memory can shift the result by several points in ways the interval does not cover, and differently in the next process; run the comparison in several processes with the multiproc package

build from empty to 52542 elements, per whole build (188700 operations):
  A: 4.27e+07 ns per operation (median)
  B: 2.501e+07 ns per operation (median)
  A needs 76.6% more time than B: B takes only 0.57 times as long as A.
  With 95% confidence the difference lies between 69.7% and 79.8% more time (B takes between 0.556 and 0.59 times as long as A).
  Noise floor: 3.06%. Identical code measured against itself on this setup can look that different, so smaller differences mean nothing.
  Neighbouring measurements are nearly independent (autocorrelation -0.20), so they were resampled one by one.
  
  Verdict: RESOLVED. A is slower than B: the difference is real, as its interval excludes zero and it exceeds the noise floor.
  
  Warnings:
    - the program holds 151 MB of live data, more than the caches of many machines; for data that size, where it lies in memory can shift the result by several points in ways the interval does not cover, and differently in the next process; run the comparison in several processes with the multiproc package

checksum 3552619950788348038
== dirs multi n=16384 valuesFor: ordered vs hashed
A: 119.1 ns per operation (median)
B: 37.15 ns per operation (median)
A needs 221% more time than B: B takes only 0.31 times as long as A.
With 95% confidence the difference lies between 215% and 225% more time (B takes between 0.308 and 0.32 times as long as A).
Noise floor: 0.81%. Identical code measured against itself on this setup can look that different, so smaller differences mean nothing.
Neighbouring measurements are nearly independent (autocorrelation +0.02), so they were resampled one by one.

Verdict: RESOLVED. A is slower than B: the difference is real, as its interval excludes zero and it exceeds the noise floor.

Warnings:
  - the program holds 105 MB of live data, more than the caches of many machines; for data that size, where it lies in memory can shift the result by several points in ways the interval does not cover, and differently in the next process; run the comparison in several processes with the multiproc package
  - in 50% of A/A runs this setup reported a difference between identical code, well above the 10% expected; treat any confidence from it with suspicion

== dirs multi n=16384 valuesFor: ordered vs btree-sets
A: 121.7 ns per operation (median)
B: 222.1 ns per operation (median)
A needs 45.5% less time than B: B takes 1.83 times as long as A.
With 95% confidence the difference lies between 44.1% and 46.4% less time (B takes between 1.79 and 1.87 times as long as A).
Noise floor: 1.29%. Identical code measured against itself on this setup can look that different, so smaller differences mean nothing.
Neighbouring measurements are nearly independent (autocorrelation +0.10), so they were resampled one by one.

Verdict: RESOLVED. A is faster than B: the difference is real, as its interval excludes zero and it exceeds the noise floor.

Warnings:
  - the program holds 105 MB of live data, more than the caches of many machines; for data that size, where it lies in memory can shift the result by several points in ways the interval does not cover, and differently in the next process; run the comparison in several processes with the multiproc package

== dirs multi n=16384 valuesFor: ordered vs map-sets
A: 118.1 ns per operation (median)
B: 84.07 ns per operation (median)
A needs 39.8% more time than B: B takes only 0.72 times as long as A.
With 95% confidence the difference lies between 39% and 40.8% more time (B takes between 0.71 and 0.72 times as long as A).
Noise floor: 0.459%. Identical code measured against itself on this setup can look that different, so smaller differences mean nothing.
Neighbouring measurements are nearly independent (autocorrelation +0.02), so they were resampled one by one.

Verdict: RESOLVED. A is slower than B: the difference is real, as its interval excludes zero and it exceeds the noise floor.

Warnings:
  - the program holds 105 MB of live data, more than the caches of many machines; for data that size, where it lies in memory can shift the result by several points in ways the interval does not cover, and differently in the next process; run the comparison in several processes with the multiproc package

== dirs multi n=16384 valuesBetween: ordered vs hashed
A: 4546 ns per operation (median)
B: 2.431e+05 ns per operation (median)
A needs 98.2% less time than B: B takes 54.41 times as long as A.
With 95% confidence the difference lies between 97.8% and 98.3% less time (B takes between 46.4 and 59.57 times as long as A).
Noise floor: 9.56%. Identical code measured against itself on this setup can look that different, so smaller differences mean nothing.
Neighbouring measurements are nearly independent (autocorrelation -0.19), so they were resampled one by one.

Verdict: RESOLVED. A is faster than B: the difference is real, as its interval excludes zero and it exceeds the noise floor.

Warnings:
  - the program holds 149 MB of live data, more than the caches of many machines; for data that size, where it lies in memory can shift the result by several points in ways the interval does not cover, and differently in the next process; run the comparison in several processes with the multiproc package

== dirs multi n=16384 valuesBetween: ordered vs btree-sets
A: 3544 ns per operation (median)
B: 6176 ns per operation (median)
A needs 42.4% less time than B: B takes 1.74 times as long as A.
With 95% confidence the difference lies between 41.8% and 43.1% less time (B takes between 1.72 and 1.76 times as long as A).
Noise floor: 0.47%. Identical code measured against itself on this setup can look that different, so smaller differences mean nothing.
Neighbouring measurements are nearly independent (autocorrelation +0.00), so they were resampled one by one.

Verdict: RESOLVED. A is faster than B: the difference is real, as its interval excludes zero and it exceeds the noise floor.

Warnings:
  - the program holds 149 MB of live data, more than the caches of many machines; for data that size, where it lies in memory can shift the result by several points in ways the interval does not cover, and differently in the next process; run the comparison in several processes with the multiproc package

== dirs multi n=16384 valuesBetween: ordered vs map-sets
A: 4165 ns per operation (median)
B: 2.365e+05 ns per operation (median)
A needs 98.2% less time than B: B takes 55.60 times as long as A.
With 95% confidence the difference lies between 97.8% and 98.3% less time (B takes between 45.1 and 60.43 times as long as A).
Noise floor: 15.6%. Identical code measured against itself on this setup can look that different, so smaller differences mean nothing.
Neighbouring measurements are nearly independent (autocorrelation +0.01), so they were resampled one by one.

Verdict: RESOLVED. A is faster than B: the difference is real, as its interval excludes zero and it exceeds the noise floor.

Warnings:
  - the program holds 149 MB of live data, more than the caches of many machines; for data that size, where it lies in memory can shift the result by several points in ways the interval does not cover, and differently in the next process; run the comparison in several processes with the multiproc package
  - in 50% of A/A runs this setup reported a difference between identical code, well above the 10% expected; treat any confidence from it with suspicion

== dirs multi n=16384 prefix: ordered vs hashed
A: 1.621e+04 ns per operation (median)
B: 2.547e+05 ns per operation (median)
A needs 93.7% less time than B: B takes 15.77 times as long as A.
With 95% confidence the difference lies between 92.8% and 94.2% less time (B takes between 13.9 and 17.26 times as long as A).
Noise floor: 12.1%. Identical code measured against itself on this setup can look that different, so smaller differences mean nothing.
Neighbouring measurements are nearly independent (autocorrelation -0.14), so they were resampled one by one.

Verdict: RESOLVED. A is faster than B: the difference is real, as its interval excludes zero and it exceeds the noise floor.

Warnings:
  - the program holds 149 MB of live data, more than the caches of many machines; for data that size, where it lies in memory can shift the result by several points in ways the interval does not cover, and differently in the next process; run the comparison in several processes with the multiproc package
  - candidate A drifted during the run: its measurements were 21.5% lower in the second half than in the first, so the machine did not hold still
  - the ratio B/A was 24.3% higher in the second half of the run than in the first, so the candidates had not reached a steady state and the difference depends on how long the run was; a common cause is a head start for whichever candidate ran alone last before the comparison or had its data built last, which a longer CollectOptions.WarmupDuration removes
  - in 100% of A/A runs this setup reported a difference between identical code, well above the 10% expected; treat any confidence from it with suspicion

== dirs multi n=16384 prefix: ordered vs btree-sets
A: 1.597e+04 ns per operation (median)
B: 3.497e+04 ns per operation (median)
A needs 53.6% less time than B: B takes 2.16 times as long as A.
With 95% confidence the difference lies between 51.8% and 55.3% less time (B takes between 2.08 and 2.24 times as long as A).
Noise floor: 21.7%. Identical code measured against itself on this setup can look that different, so smaller differences mean nothing.
Neighbouring measurements are nearly independent (autocorrelation -0.05), so they were resampled one by one.

Verdict: RESOLVED. A is faster than B: the difference is real, as its interval excludes zero and it exceeds the noise floor.

Warnings:
  - the program holds 149 MB of live data, more than the caches of many machines; for data that size, where it lies in memory can shift the result by several points in ways the interval does not cover, and differently in the next process; run the comparison in several processes with the multiproc package
  - 5.9% of bootstrap replicates tied, so the measurement is coarse relative to the question; lower CollectOptions.MaxQuantizationError to lengthen the batches
  - in 50% of A/A runs this setup reported a difference between identical code, well above the 10% expected; treat any confidence from it with suspicion

== dirs multi n=16384 prefix: ordered vs map-sets
A: 1.781e+04 ns per operation (median)
B: 2.625e+05 ns per operation (median)
A needs 93.2% less time than B: B takes 14.65 times as long as A.
With 95% confidence the difference lies between 92.2% and 94.5% less time (B takes between 12.8 and 18.27 times as long as A).
Noise floor: 11.4%. Identical code measured against itself on this setup can look that different, so smaller differences mean nothing.
Neighbouring measurements are nearly independent (autocorrelation -0.01), so they were resampled one by one.

Verdict: RESOLVED. A is faster than B: the difference is real, as its interval excludes zero and it exceeds the noise floor.

Warnings:
  - the program holds 149 MB of live data, more than the caches of many machines; for data that size, where it lies in memory can shift the result by several points in ways the interval does not cover, and differently in the next process; run the comparison in several processes with the multiproc package
  - candidate A drifted during the run: its measurements were 33.6% lower in the second half than in the first, so the machine did not hold still
  - the ratio B/A was 43.6% higher in the second half of the run than in the first, so the candidates had not reached a steady state and the difference depends on how long the run was; a common cause is a head start for whichever candidate ran alone last before the comparison or had its data built last, which a longer CollectOptions.WarmupDuration removes
  - in 100% of A/A runs this setup reported a difference between identical code, well above the 10% expected; treat any confidence from it with suspicion

== dirs multi n=16384 churn and build: ordered vs hashed
steady state, per insertion or deletion in a structure of 52542 elements (cycle of 137396 operations, first pass untimed):
  A: 225.8 ns per operation (median)
  B: 100.2 ns per operation (median)
  A needs 124% more time than B: B takes only 0.45 times as long as A.
  With 95% confidence the difference lies between 116% and 127% more time (B takes between 0.441 and 0.46 times as long as A).
  Noise floor: 0.763%. Identical code measured against itself on this setup can look that different, so smaller differences mean nothing.
  Neighbouring measurements are correlated (autocorrelation +0.41), so they were resampled in blocks of 3.
  
  Verdict: RESOLVED. A is slower than B: the difference is real, as its interval excludes zero and it exceeds the noise floor.
  
  Warnings:
    - the program holds 161 MB of live data, more than the caches of many machines; for data that size, where it lies in memory can shift the result by several points in ways the interval does not cover, and differently in the next process; run the comparison in several processes with the multiproc package

build from empty to 52542 elements, per whole build (188700 operations):
  A: 4.356e+07 ns per operation (median)
  B: 2.043e+07 ns per operation (median)
  A needs 113% more time than B: B takes only 0.47 times as long as A.
  With 95% confidence the difference lies between 108% and 120% more time (B takes between 0.455 and 0.48 times as long as A).
  Noise floor: 2.11%. Identical code measured against itself on this setup can look that different, so smaller differences mean nothing.
  Neighbouring measurements are nearly independent (autocorrelation +0.16), so they were resampled one by one.
  
  Verdict: RESOLVED. A is slower than B: the difference is real, as its interval excludes zero and it exceeds the noise floor.
  
  Warnings:
    - the program holds 151 MB of live data, more than the caches of many machines; for data that size, where it lies in memory can shift the result by several points in ways the interval does not cover, and differently in the next process; run the comparison in several processes with the multiproc package

== dirs multi n=16384 churn and build: ordered vs btree-sets
steady state, per insertion or deletion in a structure of 52542 elements (cycle of 137396 operations, first pass untimed):
  A: 233.4 ns per operation (median)
  B: 350.1 ns per operation (median)
  A needs 33.2% less time than B: B takes 1.50 times as long as A.
  With 95% confidence the difference lies between 31.9% and 34.2% less time (B takes between 1.47 and 1.52 times as long as A).
  Noise floor: 1.47%. Identical code measured against itself on this setup can look that different, so smaller differences mean nothing.
  Neighbouring measurements are correlated (autocorrelation +0.33), so they were resampled in blocks of 3.
  
  Verdict: RESOLVED. A is faster than B: the difference is real, as its interval excludes zero and it exceeds the noise floor.
  
  Warnings:
    - the program holds 164 MB of live data, more than the caches of many machines; for data that size, where it lies in memory can shift the result by several points in ways the interval does not cover, and differently in the next process; run the comparison in several processes with the multiproc package

build from empty to 52542 elements, per whole build (188700 operations):
  A: 4.482e+07 ns per operation (median)
  B: 6.759e+07 ns per operation (median)
  A needs 32.5% less time than B: B takes 1.48 times as long as A.
  With 95% confidence the difference lies between 32% and 33.8% less time (B takes between 1.47 and 1.51 times as long as A).
  Noise floor: 0.922%. Identical code measured against itself on this setup can look that different, so smaller differences mean nothing.
  Neighbouring measurements are nearly independent (autocorrelation +0.13), so they were resampled one by one.
  
  Verdict: RESOLVED. A is faster than B: the difference is real, as its interval excludes zero and it exceeds the noise floor.
  
  Warnings:
    - the program holds 151 MB of live data, more than the caches of many machines; for data that size, where it lies in memory can shift the result by several points in ways the interval does not cover, and differently in the next process; run the comparison in several processes with the multiproc package

== dirs multi n=16384 churn and build: ordered vs map-sets
steady state, per insertion or deletion in a structure of 52542 elements (cycle of 137396 operations, first pass untimed):
  A: 236.6 ns per operation (median)
  B: 138.9 ns per operation (median)
  A needs 71.5% more time than B: B takes only 0.58 times as long as A.
  With 95% confidence the difference lies between 60.6% and 80.7% more time (B takes between 0.553 and 0.62 times as long as A).
  Noise floor: 1.11%. Identical code measured against itself on this setup can look that different, so smaller differences mean nothing.
  Neighbouring measurements are correlated (autocorrelation +0.41), so they were resampled in blocks of 3.
  
  Verdict: RESOLVED. A is slower than B: the difference is real, as its interval excludes zero and it exceeds the noise floor.
  
  Warnings:
    - the program holds 164 MB of live data, more than the caches of many machines; for data that size, where it lies in memory can shift the result by several points in ways the interval does not cover, and differently in the next process; run the comparison in several processes with the multiproc package

build from empty to 52542 elements, per whole build (188700 operations):
  A: 4.327e+07 ns per operation (median)
  B: 2.326e+07 ns per operation (median)
  A needs 86.7% more time than B: B takes only 0.54 times as long as A.
  With 95% confidence the difference lies between 83.8% and 88.7% more time (B takes between 0.53 and 0.54 times as long as A).
  Noise floor: 0.774%. Identical code measured against itself on this setup can look that different, so smaller differences mean nothing.
  Neighbouring measurements are nearly independent (autocorrelation +0.12), so they were resampled one by one.
  
  Verdict: RESOLVED. A is slower than B: the difference is real, as its interval excludes zero and it exceeds the noise floor.
  
  Warnings:
    - the program holds 151 MB of live data, more than the caches of many machines; for data that size, where it lies in memory can shift the result by several points in ways the interval does not cover, and differently in the next process; run the comparison in several processes with the multiproc package

checksum 6481937605047147579
== dirs multi n=16384 valuesFor: ordered vs hashed
A: 114.4 ns per operation (median)
B: 37.76 ns per operation (median)
A needs 202% more time than B: B takes only 0.33 times as long as A.
With 95% confidence the difference lies between 197% and 207% more time (B takes between 0.325 and 0.34 times as long as A).
Noise floor: 1.92%. Identical code measured against itself on this setup can look that different, so smaller differences mean nothing.
Neighbouring measurements are nearly independent (autocorrelation +0.07), so they were resampled one by one.

Verdict: RESOLVED. A is slower than B: the difference is real, as its interval excludes zero and it exceeds the noise floor.

Warnings:
  - the program holds 110 MB of live data, more than the caches of many machines; for data that size, where it lies in memory can shift the result by several points in ways the interval does not cover, and differently in the next process; run the comparison in several processes with the multiproc package
  - in 50% of A/A runs this setup reported a difference between identical code, well above the 10% expected; treat any confidence from it with suspicion

== dirs multi n=16384 valuesFor: ordered vs btree-sets
A: 116.9 ns per operation (median)
B: 220.1 ns per operation (median)
A needs 47.3% less time than B: B takes 1.90 times as long as A.
With 95% confidence the difference lies between 46.4% and 48.1% less time (B takes between 1.87 and 1.93 times as long as A).
Noise floor: 0.844%. Identical code measured against itself on this setup can look that different, so smaller differences mean nothing.
Neighbouring measurements are nearly independent (autocorrelation +0.17), so they were resampled one by one.

Verdict: RESOLVED. A is faster than B: the difference is real, as its interval excludes zero and it exceeds the noise floor.

Warnings:
  - the program holds 110 MB of live data, more than the caches of many machines; for data that size, where it lies in memory can shift the result by several points in ways the interval does not cover, and differently in the next process; run the comparison in several processes with the multiproc package

== dirs multi n=16384 valuesFor: ordered vs map-sets
A: 114.5 ns per operation (median)
B: 84.69 ns per operation (median)
A needs 35.9% more time than B: B takes only 0.74 times as long as A.
With 95% confidence the difference lies between 34.5% and 36.8% more time (B takes between 0.731 and 0.74 times as long as A).
Noise floor: 1.08%. Identical code measured against itself on this setup can look that different, so smaller differences mean nothing.
Neighbouring measurements are nearly independent (autocorrelation +0.04), so they were resampled one by one.

Verdict: RESOLVED. A is slower than B: the difference is real, as its interval excludes zero and it exceeds the noise floor.

Warnings:
  - the program holds 149 MB of live data, more than the caches of many machines; for data that size, where it lies in memory can shift the result by several points in ways the interval does not cover, and differently in the next process; run the comparison in several processes with the multiproc package

== dirs multi n=16384 valuesBetween: ordered vs hashed
A: 4222 ns per operation (median)
B: 2.487e+05 ns per operation (median)
A needs 98.3% less time than B: B takes 58.69 times as long as A.
With 95% confidence the difference lies between 98.1% and 98.5% less time (B takes between 53 and 67.21 times as long as A).
Noise floor: 10.1%. Identical code measured against itself on this setup can look that different, so smaller differences mean nothing.
Neighbouring measurements are nearly independent (autocorrelation -0.05), so they were resampled one by one.

Verdict: RESOLVED. A is faster than B: the difference is real, as its interval excludes zero and it exceeds the noise floor.

Warnings:
  - the program holds 149 MB of live data, more than the caches of many machines; for data that size, where it lies in memory can shift the result by several points in ways the interval does not cover, and differently in the next process; run the comparison in several processes with the multiproc package

== dirs multi n=16384 valuesBetween: ordered vs btree-sets
A: 3578 ns per operation (median)
B: 6285 ns per operation (median)
A needs 44% less time than B: B takes 1.79 times as long as A.
With 95% confidence the difference lies between 42.8% and 44.7% less time (B takes between 1.75 and 1.81 times as long as A).
Noise floor: 0.169%. Identical code measured against itself on this setup can look that different, so smaller differences mean nothing.
Neighbouring measurements are nearly independent (autocorrelation -0.02), so they were resampled one by one.

Verdict: RESOLVED. A is faster than B: the difference is real, as its interval excludes zero and it exceeds the noise floor.

Warnings:
  - the program holds 149 MB of live data, more than the caches of many machines; for data that size, where it lies in memory can shift the result by several points in ways the interval does not cover, and differently in the next process; run the comparison in several processes with the multiproc package
  - candidate A drifted during the run: its measurements were 2.84% lower in the second half than in the first, so the machine did not hold still

== dirs multi n=16384 valuesBetween: ordered vs map-sets
A: 4169 ns per operation (median)
B: 2.352e+05 ns per operation (median)
A needs 98.2% less time than B: B takes 55.93 times as long as A.
With 95% confidence the difference lies between 98% and 98.4% less time (B takes between 49.1 and 63.35 times as long as A).
Noise floor: 7.03%. Identical code measured against itself on this setup can look that different, so smaller differences mean nothing.
Neighbouring measurements are nearly independent (autocorrelation +0.08), so they were resampled one by one.

Verdict: RESOLVED. A is faster than B: the difference is real, as its interval excludes zero and it exceeds the noise floor.

Warnings:
  - the program holds 149 MB of live data, more than the caches of many machines; for data that size, where it lies in memory can shift the result by several points in ways the interval does not cover, and differently in the next process; run the comparison in several processes with the multiproc package

== dirs multi n=16384 prefix: ordered vs hashed
A: 1.884e+04 ns per operation (median)
B: 2.613e+05 ns per operation (median)
A needs 93% less time than B: B takes 14.38 times as long as A.
With 95% confidence the difference lies between 92.1% and 94.4% less time (B takes between 12.7 and 17.76 times as long as A).
Noise floor: 16.7%. Identical code measured against itself on this setup can look that different, so smaller differences mean nothing.
Neighbouring measurements are nearly independent (autocorrelation -0.05), so they were resampled one by one.

Verdict: RESOLVED. A is faster than B: the difference is real, as its interval excludes zero and it exceeds the noise floor.

Warnings:
  - the program holds 149 MB of live data, more than the caches of many machines; for data that size, where it lies in memory can shift the result by several points in ways the interval does not cover, and differently in the next process; run the comparison in several processes with the multiproc package
  - candidate A drifted during the run: its measurements were 32.5% lower in the second half than in the first, so the machine did not hold still
  - the ratio B/A was 44.1% higher in the second half of the run than in the first, so the candidates had not reached a steady state and the difference depends on how long the run was; a common cause is a head start for whichever candidate ran alone last before the comparison or had its data built last, which a longer CollectOptions.WarmupDuration removes
  - in 50% of A/A runs this setup reported a difference between identical code, well above the 10% expected; treat any confidence from it with suspicion

== dirs multi n=16384 prefix: ordered vs btree-sets
A: 1.599e+04 ns per operation (median)
B: 3.611e+04 ns per operation (median)
A needs 52.9% less time than B: B takes 2.12 times as long as A.
With 95% confidence the difference lies between 51.2% and 53.5% less time (B takes between 2.05 and 2.15 times as long as A).
Noise floor: 12.3%. Identical code measured against itself on this setup can look that different, so smaller differences mean nothing.
Neighbouring measurements are nearly independent (autocorrelation -0.03), so they were resampled one by one.

Verdict: RESOLVED. A is faster than B: the difference is real, as its interval excludes zero and it exceeds the noise floor.

Warnings:
  - the program holds 149 MB of live data, more than the caches of many machines; for data that size, where it lies in memory can shift the result by several points in ways the interval does not cover, and differently in the next process; run the comparison in several processes with the multiproc package
  - in 50% of A/A runs this setup reported a difference between identical code, well above the 10% expected; treat any confidence from it with suspicion

== dirs multi n=16384 prefix: ordered vs map-sets
A: 1.793e+04 ns per operation (median)
B: 2.649e+05 ns per operation (median)
A needs 93.4% less time than B: B takes 15.14 times as long as A.
With 95% confidence the difference lies between 92.7% and 93.7% less time (B takes between 13.7 and 15.96 times as long as A).
Noise floor: 12.4%. Identical code measured against itself on this setup can look that different, so smaller differences mean nothing.
Neighbouring measurements are nearly independent (autocorrelation -0.07), so they were resampled one by one.

Verdict: RESOLVED. A is faster than B: the difference is real, as its interval excludes zero and it exceeds the noise floor.

Warnings:
  - the program holds 149 MB of live data, more than the caches of many machines; for data that size, where it lies in memory can shift the result by several points in ways the interval does not cover, and differently in the next process; run the comparison in several processes with the multiproc package
  - candidate A drifted during the run: its measurements were 24.8% lower in the second half than in the first, so the machine did not hold still
  - the ratio B/A was 30.5% higher in the second half of the run than in the first, so the candidates had not reached a steady state and the difference depends on how long the run was; a common cause is a head start for whichever candidate ran alone last before the comparison or had its data built last, which a longer CollectOptions.WarmupDuration removes
  - in 50% of A/A runs this setup reported a difference between identical code, well above the 10% expected; treat any confidence from it with suspicion

== dirs multi n=16384 churn and build: ordered vs hashed
steady state, per insertion or deletion in a structure of 52542 elements (cycle of 137396 operations, first pass untimed):
  A: 227.6 ns per operation (median)
  B: 102.9 ns per operation (median)
  A needs 120% more time than B: B takes only 0.45 times as long as A.
  With 95% confidence the difference lies between 117% and 125% more time (B takes between 0.444 and 0.46 times as long as A).
  Noise floor: 0.963%. Identical code measured against itself on this setup can look that different, so smaller differences mean nothing.
  Neighbouring measurements are correlated (autocorrelation +0.32), so they were resampled in blocks of 3.
  
  Verdict: RESOLVED. A is slower than B: the difference is real, as its interval excludes zero and it exceeds the noise floor.
  
  Warnings:
    - the program holds 161 MB of live data, more than the caches of many machines; for data that size, where it lies in memory can shift the result by several points in ways the interval does not cover, and differently in the next process; run the comparison in several processes with the multiproc package
    - candidate B drifted during the run: its measurements were 6.65% lower in the second half than in the first, so the machine did not hold still

build from empty to 52542 elements, per whole build (188700 operations):
  A: 4.384e+07 ns per operation (median)
  B: 2.091e+07 ns per operation (median)
  A needs 106% more time than B: B takes only 0.49 times as long as A.
  With 95% confidence the difference lies between 103% and 114% more time (B takes between 0.467 and 0.49 times as long as A).
  Noise floor: 1.13%. Identical code measured against itself on this setup can look that different, so smaller differences mean nothing.
  Neighbouring measurements are nearly independent (autocorrelation +0.03), so they were resampled one by one.
  
  Verdict: RESOLVED. A is slower than B: the difference is real, as its interval excludes zero and it exceeds the noise floor.
  
  Warnings:
    - the program holds 151 MB of live data, more than the caches of many machines; for data that size, where it lies in memory can shift the result by several points in ways the interval does not cover, and differently in the next process; run the comparison in several processes with the multiproc package

== dirs multi n=16384 churn and build: ordered vs btree-sets
steady state, per insertion or deletion in a structure of 52542 elements (cycle of 137396 operations, first pass untimed):
  A: 229.7 ns per operation (median)
  B: 351.2 ns per operation (median)
  A needs 33.3% less time than B: B takes 1.50 times as long as A.
  With 95% confidence the difference lies between 31.7% and 36% less time (B takes between 1.47 and 1.56 times as long as A).
  Noise floor: 0.693%. Identical code measured against itself on this setup can look that different, so smaller differences mean nothing.
  Neighbouring measurements are correlated (autocorrelation +0.41), so they were resampled in blocks of 3.
  
  Verdict: RESOLVED. A is faster than B: the difference is real, as its interval excludes zero and it exceeds the noise floor.
  
  Warnings:
    - the program holds 164 MB of live data, more than the caches of many machines; for data that size, where it lies in memory can shift the result by several points in ways the interval does not cover, and differently in the next process; run the comparison in several processes with the multiproc package
    - 5.1% of bootstrap replicates tied, so the measurement is coarse relative to the question; lower CollectOptions.MaxQuantizationError to lengthen the batches

build from empty to 52542 elements, per whole build (188700 operations):
  A: 4.48e+07 ns per operation (median)
  B: 6.659e+07 ns per operation (median)
  A needs 32.3% less time than B: B takes 1.48 times as long as A.
  With 95% confidence the difference lies between 31.6% and 33.4% less time (B takes between 1.46 and 1.50 times as long as A).
  Noise floor: 1.25%. Identical code measured against itself on this setup can look that different, so smaller differences mean nothing.
  Neighbouring measurements are nearly independent (autocorrelation +0.15), so they were resampled one by one.
  
  Verdict: RESOLVED. A is faster than B: the difference is real, as its interval excludes zero and it exceeds the noise floor.
  
  Warnings:
    - the program holds 151 MB of live data, more than the caches of many machines; for data that size, where it lies in memory can shift the result by several points in ways the interval does not cover, and differently in the next process; run the comparison in several processes with the multiproc package

== dirs multi n=16384 churn and build: ordered vs map-sets
steady state, per insertion or deletion in a structure of 52542 elements (cycle of 137396 operations, first pass untimed):
  A: 231.3 ns per operation (median)
  B: 144.3 ns per operation (median)
  A needs 60.9% more time than B: B takes only 0.62 times as long as A.
  With 95% confidence the difference lies between 56.4% and 67.4% more time (B takes between 0.597 and 0.64 times as long as A).
  Noise floor: 1.18%. Identical code measured against itself on this setup can look that different, so smaller differences mean nothing.
  Neighbouring measurements are correlated (autocorrelation +0.38), so they were resampled in blocks of 3.
  
  Verdict: RESOLVED. A is slower than B: the difference is real, as its interval excludes zero and it exceeds the noise floor.
  
  Warnings:
    - the program holds 165 MB of live data, more than the caches of many machines; for data that size, where it lies in memory can shift the result by several points in ways the interval does not cover, and differently in the next process; run the comparison in several processes with the multiproc package
    - 6.0% of bootstrap replicates tied, so the measurement is coarse relative to the question; lower CollectOptions.MaxQuantizationError to lengthen the batches
    - in 50% of A/A runs this setup reported a difference between identical code, well above the 10% expected; treat any confidence from it with suspicion

build from empty to 52542 elements, per whole build (188700 operations):
  A: 4.497e+07 ns per operation (median)
  B: 2.852e+07 ns per operation (median)
  A needs 57.1% more time than B: B takes only 0.64 times as long as A.
  With 95% confidence the difference lies between 52% and 64.6% more time (B takes between 0.608 and 0.66 times as long as A).
  Noise floor: 2.61%. Identical code measured against itself on this setup can look that different, so smaller differences mean nothing.
  Neighbouring measurements are nearly independent (autocorrelation +0.06), so they were resampled one by one.
  
  Verdict: RESOLVED. A is slower than B: the difference is real, as its interval excludes zero and it exceeds the noise floor.
  
  Warnings:
    - the program holds 151 MB of live data, more than the caches of many machines; for data that size, where it lies in memory can shift the result by several points in ways the interval does not cover, and differently in the next process; run the comparison in several processes with the multiproc package
    - in 50% of A/A runs this setup reported a difference between identical code, well above the 10% expected; treat any confidence from it with suspicion

checksum 5668102669695810004
== dirs multi n=16384 valuesFor: ordered vs hashed
A: 113.7 ns per operation (median)
B: 38.64 ns per operation (median)
A needs 196% more time than B: B takes only 0.34 times as long as A.
With 95% confidence the difference lies between 188% and 199% more time (B takes between 0.334 and 0.35 times as long as A).
Noise floor: 1.12%. Identical code measured against itself on this setup can look that different, so smaller differences mean nothing.
Neighbouring measurements are nearly independent (autocorrelation -0.06), so they were resampled one by one.

Verdict: RESOLVED. A is slower than B: the difference is real, as its interval excludes zero and it exceeds the noise floor.

Warnings:
  - the program holds 149 MB of live data, more than the caches of many machines; for data that size, where it lies in memory can shift the result by several points in ways the interval does not cover, and differently in the next process; run the comparison in several processes with the multiproc package

== dirs multi n=16384 valuesFor: ordered vs btree-sets
A: 122.2 ns per operation (median)
B: 234.5 ns per operation (median)
A needs 47.8% less time than B: B takes 1.91 times as long as A.
With 95% confidence the difference lies between 45.7% and 48.5% less time (B takes between 1.84 and 1.94 times as long as A).
Noise floor: 2%. Identical code measured against itself on this setup can look that different, so smaller differences mean nothing.
Neighbouring measurements are correlated (autocorrelation +0.30), so they were resampled in blocks of 3.

Verdict: RESOLVED. A is faster than B: the difference is real, as its interval excludes zero and it exceeds the noise floor.

Warnings:
  - the program holds 149 MB of live data, more than the caches of many machines; for data that size, where it lies in memory can shift the result by several points in ways the interval does not cover, and differently in the next process; run the comparison in several processes with the multiproc package
  - candidate B drifted during the run: its measurements were 6.14% higher in the second half than in the first, so the machine did not hold still

== dirs multi n=16384 valuesFor: ordered vs map-sets
A: 114.3 ns per operation (median)
B: 91.93 ns per operation (median)
A needs 24.7% more time than B: B takes only 0.80 times as long as A.
With 95% confidence the difference lies between 22.9% and 26% more time (B takes between 0.794 and 0.81 times as long as A).
Noise floor: 0.65%. Identical code measured against itself on this setup can look that different, so smaller differences mean nothing.
Neighbouring measurements are nearly independent (autocorrelation +0.03), so they were resampled one by one.

Verdict: RESOLVED. A is slower than B: the difference is real, as its interval excludes zero and it exceeds the noise floor.

Warnings:
  - the program holds 149 MB of live data, more than the caches of many machines; for data that size, where it lies in memory can shift the result by several points in ways the interval does not cover, and differently in the next process; run the comparison in several processes with the multiproc package

== dirs multi n=16384 valuesBetween: ordered vs hashed
A: 4007 ns per operation (median)
B: 2.463e+05 ns per operation (median)
A needs 98.4% less time than B: B takes 61.58 times as long as A.
With 95% confidence the difference lies between 98.1% and 98.5% less time (B takes between 53.3 and 65.73 times as long as A).
Noise floor: 3.82%. Identical code measured against itself on this setup can look that different, so smaller differences mean nothing.
Neighbouring measurements are nearly independent (autocorrelation +0.07), so they were resampled one by one.

Verdict: RESOLVED. A is faster than B: the difference is real, as its interval excludes zero and it exceeds the noise floor.

Warnings:
  - the program holds 149 MB of live data, more than the caches of many machines; for data that size, where it lies in memory can shift the result by several points in ways the interval does not cover, and differently in the next process; run the comparison in several processes with the multiproc package
  - in 50% of A/A runs this setup reported a difference between identical code, well above the 10% expected; treat any confidence from it with suspicion

== dirs multi n=16384 valuesBetween: ordered vs btree-sets
A: 3522 ns per operation (median)
B: 6182 ns per operation (median)
A needs 43.4% less time than B: B takes 1.77 times as long as A.
With 95% confidence the difference lies between 42.8% and 43.8% less time (B takes between 1.75 and 1.78 times as long as A).
Noise floor: 0.536%. Identical code measured against itself on this setup can look that different, so smaller differences mean nothing.
Neighbouring measurements are nearly independent (autocorrelation -0.12), so they were resampled one by one.

Verdict: RESOLVED. A is faster than B: the difference is real, as its interval excludes zero and it exceeds the noise floor.

Warnings:
  - the program holds 149 MB of live data, more than the caches of many machines; for data that size, where it lies in memory can shift the result by several points in ways the interval does not cover, and differently in the next process; run the comparison in several processes with the multiproc package
  - candidate A drifted during the run: its measurements were 0.9% lower in the second half than in the first, so the machine did not hold still

== dirs multi n=16384 valuesBetween: ordered vs map-sets
A: 4161 ns per operation (median)
B: 2.346e+05 ns per operation (median)
A needs 98.2% less time than B: B takes 56.34 times as long as A.
With 95% confidence the difference lies between 98.1% and 98.3% less time (B takes between 54 and 59.23 times as long as A).
Noise floor: 13.8%. Identical code measured against itself on this setup can look that different, so smaller differences mean nothing.
Neighbouring measurements are correlated (autocorrelation +0.20), so they were resampled in blocks of 3.

Verdict: RESOLVED. A is faster than B: the difference is real, as its interval excludes zero and it exceeds the noise floor.

Warnings:
  - the program holds 149 MB of live data, more than the caches of many machines; for data that size, where it lies in memory can shift the result by several points in ways the interval does not cover, and differently in the next process; run the comparison in several processes with the multiproc package

== dirs multi n=16384 prefix: ordered vs hashed
A: 1.689e+04 ns per operation (median)
B: 2.574e+05 ns per operation (median)
A needs 93.3% less time than B: B takes 14.99 times as long as A.
With 95% confidence the difference lies between 92.6% and 94.3% less time (B takes between 13.6 and 17.58 times as long as A).
Noise floor: 17.5%. Identical code measured against itself on this setup can look that different, so smaller differences mean nothing.
Neighbouring measurements are nearly independent (autocorrelation +0.02), so they were resampled one by one.

Verdict: RESOLVED. A is faster than B: the difference is real, as its interval excludes zero and it exceeds the noise floor.

Warnings:
  - the program holds 149 MB of live data, more than the caches of many machines; for data that size, where it lies in memory can shift the result by several points in ways the interval does not cover, and differently in the next process; run the comparison in several processes with the multiproc package
  - candidate A drifted during the run: its measurements were 20.2% lower in the second half than in the first, so the machine did not hold still
  - the ratio B/A was 21% higher in the second half of the run than in the first, so the candidates had not reached a steady state and the difference depends on how long the run was; a common cause is a head start for whichever candidate ran alone last before the comparison or had its data built last, which a longer CollectOptions.WarmupDuration removes
  - in 50% of A/A runs this setup reported a difference between identical code, well above the 10% expected; treat any confidence from it with suspicion

== dirs multi n=16384 prefix: ordered vs btree-sets
A: 1.612e+04 ns per operation (median)
B: 3.656e+04 ns per operation (median)
A needs 52.6% less time than B: B takes 2.11 times as long as A.
With 95% confidence the difference lies between 51.5% and 54.1% less time (B takes between 2.06 and 2.18 times as long as A).
Noise floor: 15.9%. Identical code measured against itself on this setup can look that different, so smaller differences mean nothing.
Neighbouring measurements are nearly independent (autocorrelation -0.04), so they were resampled one by one.

Verdict: RESOLVED. A is faster than B: the difference is real, as its interval excludes zero and it exceeds the noise floor.

Warnings:
  - the program holds 149 MB of live data, more than the caches of many machines; for data that size, where it lies in memory can shift the result by several points in ways the interval does not cover, and differently in the next process; run the comparison in several processes with the multiproc package
  - in 50% of A/A runs this setup reported a difference between identical code, well above the 10% expected; treat any confidence from it with suspicion

== dirs multi n=16384 prefix: ordered vs map-sets
A: 1.725e+04 ns per operation (median)
B: 2.651e+05 ns per operation (median)
A needs 93.4% less time than B: B takes 15.21 times as long as A.
With 95% confidence the difference lies between 92.6% and 94.6% less time (B takes between 13.5 and 18.37 times as long as A).
Noise floor: 16.2%. Identical code measured against itself on this setup can look that different, so smaller differences mean nothing.
Neighbouring measurements are nearly independent (autocorrelation -0.00), so they were resampled one by one.

Verdict: RESOLVED. A is faster than B: the difference is real, as its interval excludes zero and it exceeds the noise floor.

Warnings:
  - the program holds 149 MB of live data, more than the caches of many machines; for data that size, where it lies in memory can shift the result by several points in ways the interval does not cover, and differently in the next process; run the comparison in several processes with the multiproc package
  - candidate A drifted during the run: its measurements were 31.1% lower in the second half than in the first, so the machine did not hold still
  - the ratio B/A was 40.8% higher in the second half of the run than in the first, so the candidates had not reached a steady state and the difference depends on how long the run was; a common cause is a head start for whichever candidate ran alone last before the comparison or had its data built last, which a longer CollectOptions.WarmupDuration removes
  - in 50% of A/A runs this setup reported a difference between identical code, well above the 10% expected; treat any confidence from it with suspicion

== dirs multi n=16384 churn and build: ordered vs hashed
steady state, per insertion or deletion in a structure of 52542 elements (cycle of 137396 operations, first pass untimed):
  A: 224.6 ns per operation (median)
  B: 105.7 ns per operation (median)
  A needs 115% more time than B: B takes only 0.47 times as long as A.
  With 95% confidence the difference lies between 111% and 120% more time (B takes between 0.456 and 0.47 times as long as A).
  Noise floor: 0.694%. Identical code measured against itself on this setup can look that different, so smaller differences mean nothing.
  Neighbouring measurements are correlated (autocorrelation +0.45), so they were resampled in blocks of 3.
  
  Verdict: RESOLVED. A is slower than B: the difference is real, as its interval excludes zero and it exceeds the noise floor.
  
  Warnings:
    - the program holds 161 MB of live data, more than the caches of many machines; for data that size, where it lies in memory can shift the result by several points in ways the interval does not cover, and differently in the next process; run the comparison in several processes with the multiproc package

build from empty to 52542 elements, per whole build (188700 operations):
  A: 4.385e+07 ns per operation (median)
  B: 2.052e+07 ns per operation (median)
  A needs 112% more time than B: B takes only 0.47 times as long as A.
  With 95% confidence the difference lies between 103% and 117% more time (B takes between 0.46 and 0.49 times as long as A).
  Noise floor: 1.31%. Identical code measured against itself on this setup can look that different, so smaller differences mean nothing.
  Neighbouring measurements are nearly independent (autocorrelation +0.14), so they were resampled one by one.
  
  Verdict: RESOLVED. A is slower than B: the difference is real, as its interval excludes zero and it exceeds the noise floor.
  
  Warnings:
    - the program holds 151 MB of live data, more than the caches of many machines; for data that size, where it lies in memory can shift the result by several points in ways the interval does not cover, and differently in the next process; run the comparison in several processes with the multiproc package

== dirs multi n=16384 churn and build: ordered vs btree-sets
steady state, per insertion or deletion in a structure of 52542 elements (cycle of 137396 operations, first pass untimed):
  A: 225.2 ns per operation (median)
  B: 341.2 ns per operation (median)
  A needs 32.9% less time than B: B takes 1.49 times as long as A.
  With 95% confidence the difference lies between 32.2% and 34.6% less time (B takes between 1.48 and 1.53 times as long as A).
  Noise floor: 2.03%. Identical code measured against itself on this setup can look that different, so smaller differences mean nothing.
  Neighbouring measurements are nearly independent (autocorrelation +0.12), so they were resampled one by one.
  
  Verdict: RESOLVED. A is faster than B: the difference is real, as its interval excludes zero and it exceeds the noise floor.
  
  Warnings:
    - the program holds 164 MB of live data, more than the caches of many machines; for data that size, where it lies in memory can shift the result by several points in ways the interval does not cover, and differently in the next process; run the comparison in several processes with the multiproc package
    - candidate B drifted during the run: its measurements were 2.93% lower in the second half than in the first, so the machine did not hold still

build from empty to 52542 elements, per whole build (188700 operations):
  A: 4.516e+07 ns per operation (median)
  B: 6.496e+07 ns per operation (median)
  A needs 30.9% less time than B: B takes 1.45 times as long as A.
  With 95% confidence the difference lies between 28.5% and 33.2% less time (B takes between 1.4 and 1.50 times as long as A).
  Noise floor: 2.03%. Identical code measured against itself on this setup can look that different, so smaller differences mean nothing.
  Neighbouring measurements are nearly independent (autocorrelation -0.14), so they were resampled one by one.
  
  Verdict: RESOLVED. A is faster than B: the difference is real, as its interval excludes zero and it exceeds the noise floor.
  
  Warnings:
    - the program holds 151 MB of live data, more than the caches of many machines; for data that size, where it lies in memory can shift the result by several points in ways the interval does not cover, and differently in the next process; run the comparison in several processes with the multiproc package
    - candidate B drifted during the run: its measurements were 4.75% higher in the second half than in the first, so the machine did not hold still
    - in 50% of A/A runs this setup reported a difference between identical code, well above the 10% expected; treat any confidence from it with suspicion

== dirs multi n=16384 churn and build: ordered vs map-sets
steady state, per insertion or deletion in a structure of 52542 elements (cycle of 137396 operations, first pass untimed):
  A: 235.9 ns per operation (median)
  B: 143.4 ns per operation (median)
  A needs 67.9% more time than B: B takes only 0.60 times as long as A.
  With 95% confidence the difference lies between 58.9% and 72.7% more time (B takes between 0.579 and 0.63 times as long as A).
  Noise floor: 0.794%. Identical code measured against itself on this setup can look that different, so smaller differences mean nothing.
  Neighbouring measurements are correlated (autocorrelation +0.30), so they were resampled in blocks of 3.
  
  Verdict: RESOLVED. A is slower than B: the difference is real, as its interval excludes zero and it exceeds the noise floor.
  
  Warnings:
    - the program holds 165 MB of live data, more than the caches of many machines; for data that size, where it lies in memory can shift the result by several points in ways the interval does not cover, and differently in the next process; run the comparison in several processes with the multiproc package
    - candidate A drifted during the run: its measurements were 7.05% higher in the second half than in the first, so the machine did not hold still
    - candidate B drifted during the run: its measurements were 11.9% higher in the second half than in the first, so the machine did not hold still

build from empty to 52542 elements, per whole build (188700 operations):
  A: 4.478e+07 ns per operation (median)
  B: 2.693e+07 ns per operation (median)
  A needs 75.8% more time than B: B takes only 0.57 times as long as A.
  With 95% confidence the difference lies between 63.6% and 85% more time (B takes between 0.54 and 0.61 times as long as A).
  Noise floor: 1.35%. Identical code measured against itself on this setup can look that different, so smaller differences mean nothing.
  Neighbouring measurements are nearly independent (autocorrelation -0.14), so they were resampled one by one.
  
  Verdict: RESOLVED. A is slower than B: the difference is real, as its interval excludes zero and it exceeds the noise floor.
  
  Warnings:
    - the program holds 151 MB of live data, more than the caches of many machines; for data that size, where it lies in memory can shift the result by several points in ways the interval does not cover, and differently in the next process; run the comparison in several processes with the multiproc package

checksum 17458154791471086915
== dirs multi n=16384 valuesFor: ordered vs hashed
A: 113.7 ns per operation (median)
B: 37.54 ns per operation (median)
A needs 204% more time than B: B takes only 0.33 times as long as A.
With 95% confidence the difference lies between 200% and 205% more time (B takes between 0.328 and 0.33 times as long as A).
Noise floor: 0.324%. Identical code measured against itself on this setup can look that different, so smaller differences mean nothing.
Neighbouring measurements are nearly independent (autocorrelation -0.06), so they were resampled one by one.

Verdict: RESOLVED. A is slower than B: the difference is real, as its interval excludes zero and it exceeds the noise floor.

Warnings:
  - the program holds 105 MB of live data, more than the caches of many machines; for data that size, where it lies in memory can shift the result by several points in ways the interval does not cover, and differently in the next process; run the comparison in several processes with the multiproc package

== dirs multi n=16384 valuesFor: ordered vs btree-sets
A: 115.9 ns per operation (median)
B: 221.1 ns per operation (median)
A needs 47.1% less time than B: B takes 1.89 times as long as A.
With 95% confidence the difference lies between 46.6% and 48.2% less time (B takes between 1.87 and 1.93 times as long as A).
Noise floor: 1.29%. Identical code measured against itself on this setup can look that different, so smaller differences mean nothing.
Neighbouring measurements are nearly independent (autocorrelation +0.04), so they were resampled one by one.

Verdict: RESOLVED. A is faster than B: the difference is real, as its interval excludes zero and it exceeds the noise floor.

Warnings:
  - the program holds 105 MB of live data, more than the caches of many machines; for data that size, where it lies in memory can shift the result by several points in ways the interval does not cover, and differently in the next process; run the comparison in several processes with the multiproc package
  - the ratio B/A was 4.05% higher in the second half of the run than in the first, so the candidates had not reached a steady state and the difference depends on how long the run was; a common cause is a head start for whichever candidate ran alone last before the comparison or had its data built last, which a longer CollectOptions.WarmupDuration removes

== dirs multi n=16384 valuesFor: ordered vs map-sets
A: 113.3 ns per operation (median)
B: 84.84 ns per operation (median)
A needs 34% more time than B: B takes only 0.75 times as long as A.
With 95% confidence the difference lies between 33.1% and 35.3% more time (B takes between 0.739 and 0.75 times as long as A).
Noise floor: 0.693%. Identical code measured against itself on this setup can look that different, so smaller differences mean nothing.
Neighbouring measurements are correlated (autocorrelation +0.23), so they were resampled in blocks of 3.

Verdict: RESOLVED. A is slower than B: the difference is real, as its interval excludes zero and it exceeds the noise floor.

Warnings:
  - the program holds 105 MB of live data, more than the caches of many machines; for data that size, where it lies in memory can shift the result by several points in ways the interval does not cover, and differently in the next process; run the comparison in several processes with the multiproc package

== dirs multi n=16384 valuesBetween: ordered vs hashed
A: 3910 ns per operation (median)
B: 2.431e+05 ns per operation (median)
A needs 98.4% less time than B: B takes 61.31 times as long as A.
With 95% confidence the difference lies between 98.2% and 98.4% less time (B takes between 56.3 and 63.06 times as long as A).
Noise floor: 0.768%. Identical code measured against itself on this setup can look that different, so smaller differences mean nothing.
Neighbouring measurements are nearly independent (autocorrelation +0.03), so they were resampled one by one.

Verdict: RESOLVED. A is faster than B: the difference is real, as its interval excludes zero and it exceeds the noise floor.

Warnings:
  - the program holds 149 MB of live data, more than the caches of many machines; for data that size, where it lies in memory can shift the result by several points in ways the interval does not cover, and differently in the next process; run the comparison in several processes with the multiproc package

== dirs multi n=16384 valuesBetween: ordered vs btree-sets
A: 3503 ns per operation (median)
B: 6186 ns per operation (median)
A needs 43.2% less time than B: B takes 1.76 times as long as A.
With 95% confidence the difference lies between 42.7% and 44.1% less time (B takes between 1.75 and 1.79 times as long as A).
Noise floor: 1.09%. Identical code measured against itself on this setup can look that different, so smaller differences mean nothing.
Neighbouring measurements are nearly independent (autocorrelation -0.10), so they were resampled one by one.

Verdict: RESOLVED. A is faster than B: the difference is real, as its interval excludes zero and it exceeds the noise floor.

Warnings:
  - the program holds 149 MB of live data, more than the caches of many machines; for data that size, where it lies in memory can shift the result by several points in ways the interval does not cover, and differently in the next process; run the comparison in several processes with the multiproc package

== dirs multi n=16384 valuesBetween: ordered vs map-sets
A: 4254 ns per operation (median)
B: 2.333e+05 ns per operation (median)
A needs 98.2% less time than B: B takes 54.68 times as long as A.
With 95% confidence the difference lies between 98% and 98.4% less time (B takes between 50.8 and 62.07 times as long as A).
Noise floor: 10.9%. Identical code measured against itself on this setup can look that different, so smaller differences mean nothing.
Neighbouring measurements are nearly independent (autocorrelation +0.02), so they were resampled one by one.

Verdict: RESOLVED. A is faster than B: the difference is real, as its interval excludes zero and it exceeds the noise floor.

Warnings:
  - the program holds 149 MB of live data, more than the caches of many machines; for data that size, where it lies in memory can shift the result by several points in ways the interval does not cover, and differently in the next process; run the comparison in several processes with the multiproc package
  - in 100% of A/A runs this setup reported a difference between identical code, well above the 10% expected; treat any confidence from it with suspicion

== dirs multi n=16384 prefix: ordered vs hashed
A: 1.758e+04 ns per operation (median)
B: 2.561e+05 ns per operation (median)
A needs 93.3% less time than B: B takes 14.98 times as long as A.
With 95% confidence the difference lies between 92.5% and 94.5% less time (B takes between 13.4 and 18.22 times as long as A).
Noise floor: 16.5%. Identical code measured against itself on this setup can look that different, so smaller differences mean nothing.
Neighbouring measurements are nearly independent (autocorrelation -0.14), so they were resampled one by one.

Verdict: RESOLVED. A is faster than B: the difference is real, as its interval excludes zero and it exceeds the noise floor.

Warnings:
  - the program holds 149 MB of live data, more than the caches of many machines; for data that size, where it lies in memory can shift the result by several points in ways the interval does not cover, and differently in the next process; run the comparison in several processes with the multiproc package
  - candidate A drifted during the run: its measurements were 24.1% lower in the second half than in the first, so the machine did not hold still
  - the ratio B/A was 29.3% higher in the second half of the run than in the first, so the candidates had not reached a steady state and the difference depends on how long the run was; a common cause is a head start for whichever candidate ran alone last before the comparison or had its data built last, which a longer CollectOptions.WarmupDuration removes
  - in 100% of A/A runs this setup reported a difference between identical code, well above the 10% expected; treat any confidence from it with suspicion

== dirs multi n=16384 prefix: ordered vs btree-sets
A: 1.558e+04 ns per operation (median)
B: 3.184e+04 ns per operation (median)
A needs 51.5% less time than B: B takes 2.06 times as long as A.
With 95% confidence the difference lies between 49.9% and 52.5% less time (B takes between 2 and 2.11 times as long as A).
Noise floor: 22%. Identical code measured against itself on this setup can look that different, so smaller differences mean nothing.
Neighbouring measurements are nearly independent (autocorrelation -0.05), so they were resampled one by one.

Verdict: RESOLVED. A is faster than B: the difference is real, as its interval excludes zero and it exceeds the noise floor.

Warnings:
  - the program holds 149 MB of live data, more than the caches of many machines; for data that size, where it lies in memory can shift the result by several points in ways the interval does not cover, and differently in the next process; run the comparison in several processes with the multiproc package
  - in 50% of A/A runs this setup reported a difference between identical code, well above the 10% expected; treat any confidence from it with suspicion

== dirs multi n=16384 prefix: ordered vs map-sets
A: 1.78e+04 ns per operation (median)
B: 2.643e+05 ns per operation (median)
A needs 93.3% less time than B: B takes 14.95 times as long as A.
With 95% confidence the difference lies between 92.5% and 94.6% less time (B takes between 13.3 and 18.41 times as long as A).
Noise floor: 14.3%. Identical code measured against itself on this setup can look that different, so smaller differences mean nothing.
Neighbouring measurements are nearly independent (autocorrelation -0.06), so they were resampled one by one.

Verdict: RESOLVED. A is faster than B: the difference is real, as its interval excludes zero and it exceeds the noise floor.

Warnings:
  - the program holds 149 MB of live data, more than the caches of many machines; for data that size, where it lies in memory can shift the result by several points in ways the interval does not cover, and differently in the next process; run the comparison in several processes with the multiproc package
  - candidate A drifted during the run: its measurements were 31.9% lower in the second half than in the first, so the machine did not hold still
  - the ratio B/A was 49.5% higher in the second half of the run than in the first, so the candidates had not reached a steady state and the difference depends on how long the run was; a common cause is a head start for whichever candidate ran alone last before the comparison or had its data built last, which a longer CollectOptions.WarmupDuration removes
  - in 50% of A/A runs this setup reported a difference between identical code, well above the 10% expected; treat any confidence from it with suspicion

== dirs multi n=16384 churn and build: ordered vs hashed
steady state, per insertion or deletion in a structure of 52542 elements (cycle of 137396 operations, first pass untimed):
  A: 219.9 ns per operation (median)
  B: 100.1 ns per operation (median)
  A needs 124% more time than B: B takes only 0.45 times as long as A.
  With 95% confidence the difference lies between 120% and 134% more time (B takes between 0.428 and 0.46 times as long as A).
  Noise floor: 1.54%. Identical code measured against itself on this setup can look that different, so smaller differences mean nothing.
  Neighbouring measurements are correlated (autocorrelation +0.40), so they were resampled in blocks of 3.
  
  Verdict: RESOLVED. A is slower than B: the difference is real, as its interval excludes zero and it exceeds the noise floor.
  
  Warnings:
    - the program holds 161 MB of live data, more than the caches of many machines; for data that size, where it lies in memory can shift the result by several points in ways the interval does not cover, and differently in the next process; run the comparison in several processes with the multiproc package
    - in 50% of A/A runs this setup reported a difference between identical code, well above the 10% expected; treat any confidence from it with suspicion

build from empty to 52542 elements, per whole build (188700 operations):
  A: 4.417e+07 ns per operation (median)
  B: 2.071e+07 ns per operation (median)
  A needs 118% more time than B: B takes only 0.46 times as long as A.
  With 95% confidence the difference lies between 114% and 120% more time (B takes between 0.456 and 0.47 times as long as A).
  Noise floor: 1.83%. Identical code measured against itself on this setup can look that different, so smaller differences mean nothing.
  Neighbouring measurements are nearly independent (autocorrelation +0.08), so they were resampled one by one.
  
  Verdict: RESOLVED. A is slower than B: the difference is real, as its interval excludes zero and it exceeds the noise floor.
  
  Warnings:
    - the program holds 151 MB of live data, more than the caches of many machines; for data that size, where it lies in memory can shift the result by several points in ways the interval does not cover, and differently in the next process; run the comparison in several processes with the multiproc package

== dirs multi n=16384 churn and build: ordered vs btree-sets
steady state, per insertion or deletion in a structure of 52542 elements (cycle of 137396 operations, first pass untimed):
  A: 229.4 ns per operation (median)
  B: 341.7 ns per operation (median)
  A needs 32.8% less time than B: B takes 1.49 times as long as A.
  With 95% confidence the difference lies between 32.3% and 34.5% less time (B takes between 1.48 and 1.53 times as long as A).
  Noise floor: 1.73%. Identical code measured against itself on this setup can look that different, so smaller differences mean nothing.
  Neighbouring measurements are correlated (autocorrelation +0.31), so they were resampled in blocks of 3.
  
  Verdict: RESOLVED. A is faster than B: the difference is real, as its interval excludes zero and it exceeds the noise floor.
  
  Warnings:
    - the program holds 164 MB of live data, more than the caches of many machines; for data that size, where it lies in memory can shift the result by several points in ways the interval does not cover, and differently in the next process; run the comparison in several processes with the multiproc package
    - candidate B drifted during the run: its measurements were 4.02% higher in the second half than in the first, so the machine did not hold still
    - in 50% of A/A runs this setup reported a difference between identical code, well above the 10% expected; treat any confidence from it with suspicion

build from empty to 52542 elements, per whole build (188700 operations):
  A: 4.524e+07 ns per operation (median)
  B: 6.564e+07 ns per operation (median)
  A needs 31.1% less time than B: B takes 1.45 times as long as A.
  With 95% confidence the difference lies between 30.4% and 32.3% less time (B takes between 1.44 and 1.48 times as long as A).
  Noise floor: 1.73%. Identical code measured against itself on this setup can look that different, so smaller differences mean nothing.
  Neighbouring measurements are nearly independent (autocorrelation +0.00), so they were resampled one by one.
  
  Verdict: RESOLVED. A is faster than B: the difference is real, as its interval excludes zero and it exceeds the noise floor.
  
  Warnings:
    - the program holds 151 MB of live data, more than the caches of many machines; for data that size, where it lies in memory can shift the result by several points in ways the interval does not cover, and differently in the next process; run the comparison in several processes with the multiproc package
    - in 50% of A/A runs this setup reported a difference between identical code, well above the 10% expected; treat any confidence from it with suspicion

== dirs multi n=16384 churn and build: ordered vs map-sets
steady state, per insertion or deletion in a structure of 52542 elements (cycle of 137396 operations, first pass untimed):
  A: 221.1 ns per operation (median)
  B: 120.8 ns per operation (median)
  A needs 82.5% more time than B: B takes only 0.55 times as long as A.
  With 95% confidence the difference lies between 79.6% and 86.3% more time (B takes between 0.537 and 0.56 times as long as A).
  Noise floor: 1%. Identical code measured against itself on this setup can look that different, so smaller differences mean nothing.
  Neighbouring measurements are nearly independent (autocorrelation +0.13), so they were resampled one by one.
  
  Verdict: RESOLVED. A is slower than B: the difference is real, as its interval excludes zero and it exceeds the noise floor.
  
  Warnings:
    - the program holds 164 MB of live data, more than the caches of many machines; for data that size, where it lies in memory can shift the result by several points in ways the interval does not cover, and differently in the next process; run the comparison in several processes with the multiproc package
    - candidate A drifted during the run: its measurements were 5.75% lower in the second half than in the first, so the machine did not hold still
    - candidate B drifted during the run: its measurements were 11.1% lower in the second half than in the first, so the machine did not hold still
    - the ratio B/A was 7.74% lower in the second half of the run than in the first, so the candidates had not reached a steady state and the difference depends on how long the run was; a common cause is a head start for whichever candidate ran alone last before the comparison or had its data built last, which a longer CollectOptions.WarmupDuration removes

build from empty to 52542 elements, per whole build (188700 operations):
  A: 4.458e+07 ns per operation (median)
  B: 2.63e+07 ns per operation (median)
  A needs 67.5% more time than B: B takes only 0.60 times as long as A.
  With 95% confidence the difference lies between 63.7% and 89.4% more time (B takes between 0.528 and 0.61 times as long as A).
  Noise floor: 3.39%. Identical code measured against itself on this setup can look that different, so smaller differences mean nothing.
  Neighbouring measurements are nearly independent (autocorrelation +0.04), so they were resampled one by one.
  
  Verdict: RESOLVED. A is slower than B: the difference is real, as its interval excludes zero and it exceeds the noise floor.
  
  Warnings:
    - the program holds 151 MB of live data, more than the caches of many machines; for data that size, where it lies in memory can shift the result by several points in ways the interval does not cover, and differently in the next process; run the comparison in several processes with the multiproc package
    - in 50% of A/A runs this setup reported a difference between identical code, well above the 10% expected; treat any confidence from it with suspicion

checksum 7397528446048873621
== dirs multi n=16384 valuesFor: ordered vs hashed
A: 114.6 ns per operation (median)
B: 37.11 ns per operation (median)
A needs 207% more time than B: B takes only 0.33 times as long as A.
With 95% confidence the difference lies between 203% and 211% more time (B takes between 0.322 and 0.33 times as long as A).
Noise floor: 1.04%. Identical code measured against itself on this setup can look that different, so smaller differences mean nothing.
Neighbouring measurements are nearly independent (autocorrelation -0.16), so they were resampled one by one.

Verdict: RESOLVED. A is slower than B: the difference is real, as its interval excludes zero and it exceeds the noise floor.

Warnings:
  - the program holds 137 MB of live data, more than the caches of many machines; for data that size, where it lies in memory can shift the result by several points in ways the interval does not cover, and differently in the next process; run the comparison in several processes with the multiproc package

== dirs multi n=16384 valuesFor: ordered vs btree-sets
A: 117 ns per operation (median)
B: 217.1 ns per operation (median)
A needs 46.1% less time than B: B takes 1.85 times as long as A.
With 95% confidence the difference lies between 44.9% and 47.2% less time (B takes between 1.82 and 1.89 times as long as A).
Noise floor: 1.41%. Identical code measured against itself on this setup can look that different, so smaller differences mean nothing.
Neighbouring measurements are nearly independent (autocorrelation +0.09), so they were resampled one by one.

Verdict: RESOLVED. A is faster than B: the difference is real, as its interval excludes zero and it exceeds the noise floor.

Warnings:
  - the program holds 137 MB of live data, more than the caches of many machines; for data that size, where it lies in memory can shift the result by several points in ways the interval does not cover, and differently in the next process; run the comparison in several processes with the multiproc package

== dirs multi n=16384 valuesFor: ordered vs map-sets
A: 113.7 ns per operation (median)
B: 85.66 ns per operation (median)
A needs 33.2% more time than B: B takes only 0.75 times as long as A.
With 95% confidence the difference lies between 31.3% and 35.5% more time (B takes between 0.738 and 0.76 times as long as A).
Noise floor: 1.75%. Identical code measured against itself on this setup can look that different, so smaller differences mean nothing.
Neighbouring measurements are nearly independent (autocorrelation +0.07), so they were resampled one by one.

Verdict: RESOLVED. A is slower than B: the difference is real, as its interval excludes zero and it exceeds the noise floor.

Warnings:
  - the program holds 137 MB of live data, more than the caches of many machines; for data that size, where it lies in memory can shift the result by several points in ways the interval does not cover, and differently in the next process; run the comparison in several processes with the multiproc package
  - in 100% of A/A runs this setup reported a difference between identical code, well above the 10% expected; treat any confidence from it with suspicion

== dirs multi n=16384 valuesBetween: ordered vs hashed
A: 4330 ns per operation (median)
B: 2.44e+05 ns per operation (median)
A needs 98.2% less time than B: B takes 57.00 times as long as A.
With 95% confidence the difference lies between 98% and 98.4% less time (B takes between 49.6 and 61.21 times as long as A).
Noise floor: 8.32%. Identical code measured against itself on this setup can look that different, so smaller differences mean nothing.
Neighbouring measurements are nearly independent (autocorrelation +0.10), so they were resampled one by one.

Verdict: RESOLVED. A is faster than B: the difference is real, as its interval excludes zero and it exceeds the noise floor.

Warnings:
  - the program holds 137 MB of live data, more than the caches of many machines; for data that size, where it lies in memory can shift the result by several points in ways the interval does not cover, and differently in the next process; run the comparison in several processes with the multiproc package
  - in 50% of A/A runs this setup reported a difference between identical code, well above the 10% expected; treat any confidence from it with suspicion

== dirs multi n=16384 valuesBetween: ordered vs btree-sets
A: 3563 ns per operation (median)
B: 6229 ns per operation (median)
A needs 42.2% less time than B: B takes 1.73 times as long as A.
With 95% confidence the difference lies between 41.7% and 43.3% less time (B takes between 1.72 and 1.76 times as long as A).
Noise floor: 0.994%. Identical code measured against itself on this setup can look that different, so smaller differences mean nothing.
Neighbouring measurements are nearly independent (autocorrelation -0.05), so they were resampled one by one.

Verdict: RESOLVED. A is faster than B: the difference is real, as its interval excludes zero and it exceeds the noise floor.

Warnings:
  - the program holds 137 MB of live data, more than the caches of many machines; for data that size, where it lies in memory can shift the result by several points in ways the interval does not cover, and differently in the next process; run the comparison in several processes with the multiproc package
  - in 50% of A/A runs this setup reported a difference between identical code, well above the 10% expected; treat any confidence from it with suspicion

== dirs multi n=16384 valuesBetween: ordered vs map-sets
A: 4252 ns per operation (median)
B: 2.327e+05 ns per operation (median)
A needs 98.2% less time than B: B takes 56.70 times as long as A.
With 95% confidence the difference lies between 98% and 98.3% less time (B takes between 49.1 and 60.13 times as long as A).
Noise floor: 3.74%. Identical code measured against itself on this setup can look that different, so smaller differences mean nothing.
Neighbouring measurements are nearly independent (autocorrelation +0.11), so they were resampled one by one.

Verdict: RESOLVED. A is faster than B: the difference is real, as its interval excludes zero and it exceeds the noise floor.

Warnings:
  - the program holds 137 MB of live data, more than the caches of many machines; for data that size, where it lies in memory can shift the result by several points in ways the interval does not cover, and differently in the next process; run the comparison in several processes with the multiproc package
  - in 50% of A/A runs this setup reported a difference between identical code, well above the 10% expected; treat any confidence from it with suspicion

== dirs multi n=16384 prefix: ordered vs hashed
A: 1.783e+04 ns per operation (median)
B: 2.552e+05 ns per operation (median)
A needs 93.1% less time than B: B takes 14.46 times as long as A.
With 95% confidence the difference lies between 92.4% and 94.2% less time (B takes between 13.1 and 17.29 times as long as A).
Noise floor: 15.7%. Identical code measured against itself on this setup can look that different, so smaller differences mean nothing.
Neighbouring measurements are nearly independent (autocorrelation -0.02), so they were resampled one by one.

Verdict: RESOLVED. A is faster than B: the difference is real, as its interval excludes zero and it exceeds the noise floor.

Warnings:
  - the program holds 137 MB of live data, more than the caches of many machines; for data that size, where it lies in memory can shift the result by several points in ways the interval does not cover, and differently in the next process; run the comparison in several processes with the multiproc package
  - candidate A drifted during the run: its measurements were 24.7% lower in the second half than in the first, so the machine did not hold still
  - the ratio B/A was 31.5% higher in the second half of the run than in the first, so the candidates had not reached a steady state and the difference depends on how long the run was; a common cause is a head start for whichever candidate ran alone last before the comparison or had its data built last, which a longer CollectOptions.WarmupDuration removes
  - in 100% of A/A runs this setup reported a difference between identical code, well above the 10% expected; treat any confidence from it with suspicion

== dirs multi n=16384 prefix: ordered vs btree-sets
A: 1.676e+04 ns per operation (median)
B: 3.524e+04 ns per operation (median)
A needs 52.1% less time than B: B takes 2.09 times as long as A.
With 95% confidence the difference lies between 50.4% and 52.8% less time (B takes between 2.02 and 2.12 times as long as A).
Noise floor: 21.3%. Identical code measured against itself on this setup can look that different, so smaller differences mean nothing.
Neighbouring measurements are nearly independent (autocorrelation -0.02), so they were resampled one by one.

Verdict: RESOLVED. A is faster than B: the difference is real, as its interval excludes zero and it exceeds the noise floor.

Warnings:
  - the program holds 137 MB of live data, more than the caches of many machines; for data that size, where it lies in memory can shift the result by several points in ways the interval does not cover, and differently in the next process; run the comparison in several processes with the multiproc package
  - in 50% of A/A runs this setup reported a difference between identical code, well above the 10% expected; treat any confidence from it with suspicion

== dirs multi n=16384 prefix: ordered vs map-sets
A: 1.709e+04 ns per operation (median)
B: 2.647e+05 ns per operation (median)
A needs 93.4% less time than B: B takes 15.17 times as long as A.
With 95% confidence the difference lies between 92.7% and 94.5% less time (B takes between 13.6 and 18.19 times as long as A).
Noise floor: 13%. Identical code measured against itself on this setup can look that different, so smaller differences mean nothing.
Neighbouring measurements are nearly independent (autocorrelation -0.02), so they were resampled one by one.

Verdict: RESOLVED. A is faster than B: the difference is real, as its interval excludes zero and it exceeds the noise floor.

Warnings:
  - the program holds 137 MB of live data, more than the caches of many machines; for data that size, where it lies in memory can shift the result by several points in ways the interval does not cover, and differently in the next process; run the comparison in several processes with the multiproc package
  - candidate A drifted during the run: its measurements were 29.3% lower in the second half than in the first, so the machine did not hold still
  - the ratio B/A was 36.9% higher in the second half of the run than in the first, so the candidates had not reached a steady state and the difference depends on how long the run was; a common cause is a head start for whichever candidate ran alone last before the comparison or had its data built last, which a longer CollectOptions.WarmupDuration removes
  - in 100% of A/A runs this setup reported a difference between identical code, well above the 10% expected; treat any confidence from it with suspicion

== dirs multi n=16384 churn and build: ordered vs hashed
steady state, per insertion or deletion in a structure of 52542 elements (cycle of 137396 operations, first pass untimed):
  A: 218.7 ns per operation (median)
  B: 96.59 ns per operation (median)
  A needs 126% more time than B: B takes only 0.44 times as long as A.
  With 95% confidence the difference lies between 121% and 130% more time (B takes between 0.436 and 0.45 times as long as A).
  Noise floor: 2.38%. Identical code measured against itself on this setup can look that different, so smaller differences mean nothing.
  Neighbouring measurements are correlated (autocorrelation +0.56), so they were resampled in blocks of 3.
  
  Verdict: RESOLVED. A is slower than B: the difference is real, as its interval excludes zero and it exceeds the noise floor.
  
  Warnings:
    - the program holds 161 MB of live data, more than the caches of many machines; for data that size, where it lies in memory can shift the result by several points in ways the interval does not cover, and differently in the next process; run the comparison in several processes with the multiproc package
    - in 50% of A/A runs this setup reported a difference between identical code, well above the 10% expected; treat any confidence from it with suspicion

build from empty to 52542 elements, per whole build (188700 operations):
  A: 4.438e+07 ns per operation (median)
  B: 2.087e+07 ns per operation (median)
  A needs 113% more time than B: B takes only 0.47 times as long as A.
  With 95% confidence the difference lies between 109% and 116% more time (B takes between 0.463 and 0.48 times as long as A).
  Noise floor: 1.12%. Identical code measured against itself on this setup can look that different, so smaller differences mean nothing.
  Neighbouring measurements are nearly independent (autocorrelation +0.19), so they were resampled one by one.
  
  Verdict: RESOLVED. A is slower than B: the difference is real, as its interval excludes zero and it exceeds the noise floor.
  
  Warnings:
    - the program holds 151 MB of live data, more than the caches of many machines; for data that size, where it lies in memory can shift the result by several points in ways the interval does not cover, and differently in the next process; run the comparison in several processes with the multiproc package

== dirs multi n=16384 churn and build: ordered vs btree-sets
steady state, per insertion or deletion in a structure of 52542 elements (cycle of 137396 operations, first pass untimed):
  A: 231.6 ns per operation (median)
  B: 344.6 ns per operation (median)
  A needs 32.9% less time than B: B takes 1.49 times as long as A.
  With 95% confidence the difference lies between 32.2% and 34.8% less time (B takes between 1.48 and 1.53 times as long as A).
  Noise floor: 1.35%. Identical code measured against itself on this setup can look that different, so smaller differences mean nothing.
  Neighbouring measurements are correlated (autocorrelation +0.39), so they were resampled in blocks of 3.
  
  Verdict: RESOLVED. A is faster than B: the difference is real, as its interval excludes zero and it exceeds the noise floor.
  
  Warnings:
    - the program holds 164 MB of live data, more than the caches of many machines; for data that size, where it lies in memory can shift the result by several points in ways the interval does not cover, and differently in the next process; run the comparison in several processes with the multiproc package
    - candidate A drifted during the run: its measurements were 3.63% lower in the second half than in the first, so the machine did not hold still
    - in 50% of A/A runs this setup reported a difference between identical code, well above the 10% expected; treat any confidence from it with suspicion

build from empty to 52542 elements, per whole build (188700 operations):
  A: 4.488e+07 ns per operation (median)
  B: 6.549e+07 ns per operation (median)
  A needs 31.6% less time than B: B takes 1.46 times as long as A.
  With 95% confidence the difference lies between 30% and 34.1% less time (B takes between 1.43 and 1.52 times as long as A).
  Noise floor: 1.4%. Identical code measured against itself on this setup can look that different, so smaller differences mean nothing.
  Neighbouring measurements are nearly independent (autocorrelation -0.09), so they were resampled one by one.
  
  Verdict: RESOLVED. A is faster than B: the difference is real, as its interval excludes zero and it exceeds the noise floor.
  
  Warnings:
    - the program holds 151 MB of live data, more than the caches of many machines; for data that size, where it lies in memory can shift the result by several points in ways the interval does not cover, and differently in the next process; run the comparison in several processes with the multiproc package

== dirs multi n=16384 churn and build: ordered vs map-sets
steady state, per insertion or deletion in a structure of 52542 elements (cycle of 137396 operations, first pass untimed):
  A: 226.7 ns per operation (median)
  B: 129.1 ns per operation (median)
  A needs 80.2% more time than B: B takes only 0.55 times as long as A.
  With 95% confidence the difference lies between 70.6% and 88.2% more time (B takes between 0.531 and 0.59 times as long as A).
  Noise floor: 1.7%. Identical code measured against itself on this setup can look that different, so smaller differences mean nothing.
  Neighbouring measurements are correlated (autocorrelation +0.67), so they were resampled in blocks of 3.
  
  Verdict: RESOLVED. A is slower than B: the difference is real, as its interval excludes zero and it exceeds the noise floor.
  
  Warnings:
    - the program holds 164 MB of live data, more than the caches of many machines; for data that size, where it lies in memory can shift the result by several points in ways the interval does not cover, and differently in the next process; run the comparison in several processes with the multiproc package

build from empty to 52542 elements, per whole build (188700 operations):
  A: 4.435e+07 ns per operation (median)
  B: 2.615e+07 ns per operation (median)
  A needs 68.3% more time than B: B takes only 0.59 times as long as A.
  With 95% confidence the difference lies between 60.9% and 73.7% more time (B takes between 0.576 and 0.62 times as long as A).
  Noise floor: 1.62%. Identical code measured against itself on this setup can look that different, so smaller differences mean nothing.
  Neighbouring measurements are nearly independent (autocorrelation -0.03), so they were resampled one by one.
  
  Verdict: RESOLVED. A is slower than B: the difference is real, as its interval excludes zero and it exceeds the noise floor.
  
  Warnings:
    - the program holds 151 MB of live data, more than the caches of many machines; for data that size, where it lies in memory can shift the result by several points in ways the interval does not cover, and differently in the next process; run the comparison in several processes with the multiproc package
    - in 50% of A/A runs this setup reported a difference between identical code, well above the 10% expected; treat any confidence from it with suspicion

checksum 17273548000586787171
