== street multi n=16384 valuesFor: ordered vs hashed
A: 74.52 ns per operation (median)
B: 29.75 ns per operation (median)
A needs 148% more time than B: B takes only 0.40 times as long as A.
With 95% confidence the difference lies between 146% and 151% more time (B takes between 0.399 and 0.41 times as long as A).
Noise floor: 0.503%. Identical code measured against itself on this setup can look that different, so smaller differences mean nothing.
Neighbouring measurements are nearly independent (autocorrelation -0.05), so they were resampled one by one.

Verdict: RESOLVED. A is slower than B: the difference is real, as its interval excludes zero and it exceeds the noise floor.

Warnings:
  - the program holds 100 MB of live data, more than the caches of many machines; for data that size, where it lies in memory can shift the result by several points in ways the interval does not cover, and differently in the next process; run the comparison in several processes with the multiproc package

== street multi n=16384 valuesFor: ordered vs btree-sets
A: 75.55 ns per operation (median)
B: 184 ns per operation (median)
A needs 59.1% less time than B: B takes 2.45 times as long as A.
With 95% confidence the difference lies between 58.6% and 59.9% less time (B takes between 2.42 and 2.49 times as long as A).
Noise floor: 0.759%. Identical code measured against itself on this setup can look that different, so smaller differences mean nothing.
Neighbouring measurements are nearly independent (autocorrelation -0.02), so they were resampled one by one.

Verdict: RESOLVED. A is faster than B: the difference is real, as its interval excludes zero and it exceeds the noise floor.

Warnings:
  - the program holds 100 MB of live data, more than the caches of many machines; for data that size, where it lies in memory can shift the result by several points in ways the interval does not cover, and differently in the next process; run the comparison in several processes with the multiproc package

== street multi n=16384 valuesFor: ordered vs map-sets
A: 73.49 ns per operation (median)
B: 78.9 ns per operation (median)
A needs 7.15% less time than B: B takes 1.08 times as long as A.
With 95% confidence the difference lies between 6.59% and 7.81% less time (B takes between 1.07 and 1.08 times as long as A).
Noise floor: 0.873%. Identical code measured against itself on this setup can look that different, so smaller differences mean nothing.
Neighbouring measurements are nearly independent (autocorrelation -0.07), so they were resampled one by one.

Verdict: RESOLVED. A is faster than B: the difference is real, as its interval excludes zero and it exceeds the noise floor.

Warnings:
  - the program holds 100 MB of live data, more than the caches of many machines; for data that size, where it lies in memory can shift the result by several points in ways the interval does not cover, and differently in the next process; run the comparison in several processes with the multiproc package
  - in 50% of A/A runs this setup reported a difference between identical code, well above the 10% expected; treat any confidence from it with suspicion

== street multi n=16384 valuesFor: ordered vs baseline
A: 73.83 ns per operation (median)
B: 73.7 ns per operation (median)
A needs 0.201% more time than B: B takes only 1.00 times as long as A.
With 95% confidence the difference lies between 1.18% more time and 1.07% less time (B takes between 0.988 and 1.01 times as long as A).
Noise floor: 0.594%. Identical code measured against itself on this setup can look that different, so smaller differences mean nothing.
Neighbouring measurements are nearly independent (autocorrelation -0.05), so they were resampled one by one.

Verdict: NOT RESOLVED. This run did not establish which candidate is faster. That is not the same as "equally fast": the warnings below say what is missing.

Warnings:
  - the difference of -0.20% does not clear the 0.59% noise floor, which is what this setup reports between two runs of identical code
  - the interval [-1.18%, 1.07%] includes zero, so a difference in either direction is consistent with these measurements
  - the program holds 100 MB of live data, more than the caches of many machines; for data that size, where it lies in memory can shift the result by several points in ways the interval does not cover, and differently in the next process; run the comparison in several processes with the multiproc package
  - 5.2% of bootstrap replicates tied, so the measurement is coarse relative to the question; lower CollectOptions.MaxQuantizationError to lengthen the batches

== street multi n=16384 valuesBetween: ordered vs hashed
A: 3368 ns per operation (median)
B: 2.329e+05 ns per operation (median)
A needs 98.6% less time than B: B takes 69.37 times as long as A.
With 95% confidence the difference lies between 98.1% and 98.7% less time (B takes between 53.1 and 74.75 times as long as A).
Noise floor: 8.9%. Identical code measured against itself on this setup can look that different, so smaller differences mean nothing.
Neighbouring measurements are nearly independent (autocorrelation +0.13), so they were resampled one by one.

Verdict: RESOLVED. A is faster than B: the difference is real, as its interval excludes zero and it exceeds the noise floor.

Warnings:
  - the program holds 100 MB of live data, more than the caches of many machines; for data that size, where it lies in memory can shift the result by several points in ways the interval does not cover, and differently in the next process; run the comparison in several processes with the multiproc package

== street multi n=16384 valuesBetween: ordered vs btree-sets
A: 2956 ns per operation (median)
B: 8103 ns per operation (median)
A needs 63.7% less time than B: B takes 2.76 times as long as A.
With 95% confidence the difference lies between 63.1% and 64.7% less time (B takes between 2.71 and 2.84 times as long as A).
Noise floor: 0.875%. Identical code measured against itself on this setup can look that different, so smaller differences mean nothing.
Neighbouring measurements are nearly independent (autocorrelation -0.03), so they were resampled one by one.

Verdict: RESOLVED. A is faster than B: the difference is real, as its interval excludes zero and it exceeds the noise floor.

Warnings:
  - the program holds 100 MB of live data, more than the caches of many machines; for data that size, where it lies in memory can shift the result by several points in ways the interval does not cover, and differently in the next process; run the comparison in several processes with the multiproc package

== street multi n=16384 valuesBetween: ordered vs map-sets
A: 3993 ns per operation (median)
B: 2.335e+05 ns per operation (median)
A needs 98.3% less time than B: B takes 59.28 times as long as A.
With 95% confidence the difference lies between 98% and 98.6% less time (B takes between 50.8 and 73.53 times as long as A).
Noise floor: 10%. Identical code measured against itself on this setup can look that different, so smaller differences mean nothing.
Neighbouring measurements are nearly independent (autocorrelation +0.09), so they were resampled one by one.

Verdict: RESOLVED. A is faster than B: the difference is real, as its interval excludes zero and it exceeds the noise floor.

Warnings:
  - the program holds 100 MB of live data, more than the caches of many machines; for data that size, where it lies in memory can shift the result by several points in ways the interval does not cover, and differently in the next process; run the comparison in several processes with the multiproc package

== street multi n=16384 valuesBetween: ordered vs baseline
A: 2926 ns per operation (median)
B: 3000 ns per operation (median)
A needs 1.72% less time than B: B takes 1.02 times as long as A.
With 95% confidence the difference lies between 0.823% and 2.97% less time (B takes between 1.01 and 1.03 times as long as A).
Noise floor: 1.34%. Identical code measured against itself on this setup can look that different, so smaller differences mean nothing.
Neighbouring measurements are nearly independent (autocorrelation -0.01), so they were resampled one by one.

Verdict: RESOLVED. A is faster than B: the difference is real, as its interval excludes zero and it exceeds the noise floor.

Warnings:
  - the program holds 100 MB of live data, more than the caches of many machines; for data that size, where it lies in memory can shift the result by several points in ways the interval does not cover, and differently in the next process; run the comparison in several processes with the multiproc package
  - in 50% of A/A runs this setup reported a difference between identical code, well above the 10% expected; treat any confidence from it with suspicion

== street multi n=16384 prefix: ordered vs hashed
A: 1323 ns per operation (median)
B: 2.353e+05 ns per operation (median)
A needs 99.4% less time than B: B takes 177.81 times as long as A.
With 95% confidence the difference lies between 99.4% and 99.6% less time (B takes between 172 and 234.08 times as long as A).
Noise floor: 15.4%. Identical code measured against itself on this setup can look that different, so smaller differences mean nothing.
Neighbouring measurements are nearly independent (autocorrelation -0.14), so they were resampled one by one.

Verdict: RESOLVED. A is faster than B: the difference is real, as its interval excludes zero and it exceeds the noise floor.

Warnings:
  - the program holds 100 MB of live data, more than the caches of many machines; for data that size, where it lies in memory can shift the result by several points in ways the interval does not cover, and differently in the next process; run the comparison in several processes with the multiproc package

== street multi n=16384 prefix: ordered vs btree-sets
A: 903.6 ns per operation (median)
B: 2977 ns per operation (median)
A needs 69.7% less time than B: B takes 3.29 times as long as A.
With 95% confidence the difference lies between 67.1% and 71.1% less time (B takes between 3.04 and 3.45 times as long as A).
Noise floor: 5.18%. Identical code measured against itself on this setup can look that different, so smaller differences mean nothing.
Neighbouring measurements are nearly independent (autocorrelation -0.11), so they were resampled one by one.

Verdict: RESOLVED. A is faster than B: the difference is real, as its interval excludes zero and it exceeds the noise floor.

Warnings:
  - the program holds 100 MB of live data, more than the caches of many machines; for data that size, where it lies in memory can shift the result by several points in ways the interval does not cover, and differently in the next process; run the comparison in several processes with the multiproc package

== street multi n=16384 prefix: ordered vs map-sets
A: 1236 ns per operation (median)
B: 2.239e+05 ns per operation (median)
A needs 99.4% less time than B: B takes 180.12 times as long as A.
With 95% confidence the difference lies between 99.4% and 99.6% less time (B takes between 172 and 229.58 times as long as A).
Noise floor: 2.67%. Identical code measured against itself on this setup can look that different, so smaller differences mean nothing.
Neighbouring measurements are nearly independent (autocorrelation +0.04), so they were resampled one by one.

Verdict: RESOLVED. A is faster than B: the difference is real, as its interval excludes zero and it exceeds the noise floor.

Warnings:
  - the program holds 99 MB of live data, more than the caches of many machines; for data that size, where it lies in memory can shift the result by several points in ways the interval does not cover, and differently in the next process; run the comparison in several processes with the multiproc package
  - in 50% of A/A runs this setup reported a difference between identical code, well above the 10% expected; treat any confidence from it with suspicion

== street multi n=16384 prefix: ordered vs baseline
A: 840.2 ns per operation (median)
B: 869.2 ns per operation (median)
A needs 3.37% less time than B: B takes 1.03 times as long as A.
With 95% confidence the difference lies between 0.4% and 5.91% less time (B takes between 1 and 1.06 times as long as A).
Noise floor: 1.96%. Identical code measured against itself on this setup can look that different, so smaller differences mean nothing.
Neighbouring measurements are nearly independent (autocorrelation -0.22), so they were resampled one by one.

Verdict: RESOLVED. A is faster than B: the difference is real, as its interval excludes zero and it exceeds the noise floor.

Warnings:
  - the program holds 99 MB of live data, more than the caches of many machines; for data that size, where it lies in memory can shift the result by several points in ways the interval does not cover, and differently in the next process; run the comparison in several processes with the multiproc package

== street multi n=16384 churn and build: ordered vs hashed
steady state, per insertion or deletion in a structure of 42299 elements (cycle of 111004 operations, first pass untimed):
  A: 148.4 ns per operation (median)
  B: 76.03 ns per operation (median)
  A needs 94.5% more time than B: B takes only 0.51 times as long as A.
  With 95% confidence the difference lies between 90.9% and 97.1% more time (B takes between 0.507 and 0.52 times as long as A).
  Noise floor: 2.09%. Identical code measured against itself on this setup can look that different, so smaller differences mean nothing.
  Neighbouring measurements are correlated (autocorrelation +0.35), so they were resampled in blocks of 3.
  
  Verdict: RESOLVED. A is slower than B: the difference is real, as its interval excludes zero and it exceeds the noise floor.
  
  Warnings:
    - the program holds 109 MB of live data, more than the caches of many machines; for data that size, where it lies in memory can shift the result by several points in ways the interval does not cover, and differently in the next process; run the comparison in several processes with the multiproc package
    - in 50% of A/A runs this setup reported a difference between identical code, well above the 10% expected; treat any confidence from it with suspicion

build from empty to 42299 elements, per whole build (151987 operations):
  A: 2.406e+07 ns per operation (median)
  B: 1.349e+07 ns per operation (median)
  A needs 76.4% more time than B: B takes only 0.57 times as long as A.
  With 95% confidence the difference lies between 73.5% and 82.6% more time (B takes between 0.548 and 0.58 times as long as A).
  Noise floor: 1.41%. Identical code measured against itself on this setup can look that different, so smaller differences mean nothing.
  Neighbouring measurements are nearly independent (autocorrelation -0.07), so they were resampled one by one.
  
  Verdict: RESOLVED. A is slower than B: the difference is real, as its interval excludes zero and it exceeds the noise floor.
  
  Warnings:
    - the program holds 101 MB of live data, more than the caches of many machines; for data that size, where it lies in memory can shift the result by several points in ways the interval does not cover, and differently in the next process; run the comparison in several processes with the multiproc package

== street multi n=16384 churn and build: ordered vs btree-sets
steady state, per insertion or deletion in a structure of 42299 elements (cycle of 111004 operations, first pass untimed):
  A: 152 ns per operation (median)
  B: 276.9 ns per operation (median)
  A needs 45.5% less time than B: B takes 1.84 times as long as A.
  With 95% confidence the difference lies between 45.1% and 46.6% less time (B takes between 1.82 and 1.87 times as long as A).
  Noise floor: 0.747%. Identical code measured against itself on this setup can look that different, so smaller differences mean nothing.
  Neighbouring measurements are correlated (autocorrelation +0.36), so they were resampled in blocks of 3.
  
  Verdict: RESOLVED. A is faster than B: the difference is real, as its interval excludes zero and it exceeds the noise floor.
  
  Warnings:
    - the program holds 112 MB of live data, more than the caches of many machines; for data that size, where it lies in memory can shift the result by several points in ways the interval does not cover, and differently in the next process; run the comparison in several processes with the multiproc package
    - candidate B drifted during the run: its measurements were 2.92% higher in the second half than in the first, so the machine did not hold still

build from empty to 42299 elements, per whole build (151987 operations):
  A: 2.42e+07 ns per operation (median)
  B: 4.52e+07 ns per operation (median)
  A needs 46.5% less time than B: B takes 1.87 times as long as A.
  With 95% confidence the difference lies between 45.1% and 47.4% less time (B takes between 1.82 and 1.90 times as long as A).
  Noise floor: 1.82%. Identical code measured against itself on this setup can look that different, so smaller differences mean nothing.
  Neighbouring measurements are nearly independent (autocorrelation -0.14), so they were resampled one by one.
  
  Verdict: RESOLVED. A is faster than B: the difference is real, as its interval excludes zero and it exceeds the noise floor.
  
  Warnings:
    - the program holds 101 MB of live data, more than the caches of many machines; for data that size, where it lies in memory can shift the result by several points in ways the interval does not cover, and differently in the next process; run the comparison in several processes with the multiproc package

== street multi n=16384 churn and build: ordered vs map-sets
steady state, per insertion or deletion in a structure of 42299 elements (cycle of 111004 operations, first pass untimed):
  A: 149.2 ns per operation (median)
  B: 99.95 ns per operation (median)
  A needs 49.7% more time than B: B takes only 0.67 times as long as A.
  With 95% confidence the difference lies between 45.4% and 55.4% more time (B takes between 0.643 and 0.69 times as long as A).
  Noise floor: 0.751%. Identical code measured against itself on this setup can look that different, so smaller differences mean nothing.
  Neighbouring measurements are correlated (autocorrelation +0.55), so they were resampled in blocks of 3.
  
  Verdict: RESOLVED. A is slower than B: the difference is real, as its interval excludes zero and it exceeds the noise floor.
  
  Warnings:
    - the program holds 112 MB of live data, more than the caches of many machines; for data that size, where it lies in memory can shift the result by several points in ways the interval does not cover, and differently in the next process; run the comparison in several processes with the multiproc package

build from empty to 42299 elements, per whole build (151987 operations):
  A: 2.46e+07 ns per operation (median)
  B: 1.875e+07 ns per operation (median)
  A needs 31.5% more time than B: B takes only 0.76 times as long as A.
  With 95% confidence the difference lies between 26.6% and 36.5% more time (B takes between 0.733 and 0.79 times as long as A).
  Noise floor: 2.37%. Identical code measured against itself on this setup can look that different, so smaller differences mean nothing.
  Neighbouring measurements are nearly independent (autocorrelation -0.02), so they were resampled one by one.
  
  Verdict: RESOLVED. A is slower than B: the difference is real, as its interval excludes zero and it exceeds the noise floor.
  
  Warnings:
    - the program holds 101 MB of live data, more than the caches of many machines; for data that size, where it lies in memory can shift the result by several points in ways the interval does not cover, and differently in the next process; run the comparison in several processes with the multiproc package

== street multi n=16384 churn and build: ordered vs baseline
steady state, per insertion or deletion in a structure of 42299 elements (cycle of 111004 operations, first pass untimed):
  A: 163.2 ns per operation (median)
  B: 157.7 ns per operation (median)
  A needs 3.19% more time than B: B takes only 0.97 times as long as A.
  With 95% confidence the difference lies between 2.26% and 4.29% more time (B takes between 0.959 and 0.98 times as long as A).
  Noise floor: 1.65%. Identical code measured against itself on this setup can look that different, so smaller differences mean nothing.
  Neighbouring measurements are correlated (autocorrelation +0.21), so they were resampled in blocks of 3.
  
  Verdict: RESOLVED. A is slower than B: the difference is real, as its interval excludes zero and it exceeds the noise floor.
  
  Warnings:
    - the program holds 108 MB of live data, more than the caches of many machines; for data that size, where it lies in memory can shift the result by several points in ways the interval does not cover, and differently in the next process; run the comparison in several processes with the multiproc package
    - candidate A drifted during the run: its measurements were 10.6% lower in the second half than in the first, so the machine did not hold still
    - candidate B drifted during the run: its measurements were 10.2% lower in the second half than in the first, so the machine did not hold still

build from empty to 42299 elements, per whole build (151987 operations):
  A: 2.434e+07 ns per operation (median)
  B: 2.387e+07 ns per operation (median)
  A needs 1.67% more time than B: B takes only 0.98 times as long as A.
  With 95% confidence the difference lies between 0.205% and 3.2% more time (B takes between 0.969 and 1.00 times as long as A).
  Noise floor: 0.839%. Identical code measured against itself on this setup can look that different, so smaller differences mean nothing.
  Neighbouring measurements are nearly independent (autocorrelation +0.16), so they were resampled one by one.
  
  Verdict: RESOLVED. A is slower than B: the difference is real, as its interval excludes zero and it exceeds the noise floor.
  
  Warnings:
    - the program holds 101 MB of live data, more than the caches of many machines; for data that size, where it lies in memory can shift the result by several points in ways the interval does not cover, and differently in the next process; run the comparison in several processes with the multiproc package

checksum 10572667907349770044
== street multi n=16384 valuesFor: ordered vs hashed
A: 76.79 ns per operation (median)
B: 30.48 ns per operation (median)
A needs 151% more time than B: B takes only 0.40 times as long as A.
With 95% confidence the difference lies between 148% and 156% more time (B takes between 0.391 and 0.40 times as long as A).
Noise floor: 1.06%. Identical code measured against itself on this setup can look that different, so smaller differences mean nothing.
Neighbouring measurements are nearly independent (autocorrelation +0.02), so they were resampled one by one.

Verdict: RESOLVED. A is slower than B: the difference is real, as its interval excludes zero and it exceeds the noise floor.

Warnings:
  - the program holds 99 MB of live data, more than the caches of many machines; for data that size, where it lies in memory can shift the result by several points in ways the interval does not cover, and differently in the next process; run the comparison in several processes with the multiproc package
  - in 100% of A/A runs this setup reported a difference between identical code, well above the 10% expected; treat any confidence from it with suspicion

== street multi n=16384 valuesFor: ordered vs btree-sets
A: 77.93 ns per operation (median)
B: 190 ns per operation (median)
A needs 59.2% less time than B: B takes 2.45 times as long as A.
With 95% confidence the difference lies between 58.2% and 59.8% less time (B takes between 2.39 and 2.49 times as long as A).
Noise floor: 2.22%. Identical code measured against itself on this setup can look that different, so smaller differences mean nothing.
Neighbouring measurements are nearly independent (autocorrelation +0.12), so they were resampled one by one.

Verdict: RESOLVED. A is faster than B: the difference is real, as its interval excludes zero and it exceeds the noise floor.

Warnings:
  - the program holds 99 MB of live data, more than the caches of many machines; for data that size, where it lies in memory can shift the result by several points in ways the interval does not cover, and differently in the next process; run the comparison in several processes with the multiproc package
  - in 100% of A/A runs this setup reported a difference between identical code, well above the 10% expected; treat any confidence from it with suspicion

== street multi n=16384 valuesFor: ordered vs map-sets
A: 78.48 ns per operation (median)
B: 84.56 ns per operation (median)
A needs 6.59% less time than B: B takes 1.07 times as long as A.
With 95% confidence the difference lies between 5.34% and 9.48% less time (B takes between 1.06 and 1.10 times as long as A).
Noise floor: 0.699%. Identical code measured against itself on this setup can look that different, so smaller differences mean nothing.
Neighbouring measurements are nearly independent (autocorrelation +0.16), so they were resampled one by one.

Verdict: RESOLVED. A is faster than B: the difference is real, as its interval excludes zero and it exceeds the noise floor.

Warnings:
  - the program holds 99 MB of live data, more than the caches of many machines; for data that size, where it lies in memory can shift the result by several points in ways the interval does not cover, and differently in the next process; run the comparison in several processes with the multiproc package

== street multi n=16384 valuesFor: ordered vs baseline
A: 77.51 ns per operation (median)
B: 74.53 ns per operation (median)
A needs 3.71% more time than B: B takes only 0.96 times as long as A.
With 95% confidence the difference lies between 2.32% and 6.01% more time (B takes between 0.943 and 0.98 times as long as A).
Noise floor: 1.04%. Identical code measured against itself on this setup can look that different, so smaller differences mean nothing.
Neighbouring measurements are nearly independent (autocorrelation -0.11), so they were resampled one by one.

Verdict: RESOLVED. A is slower than B: the difference is real, as its interval excludes zero and it exceeds the noise floor.

Warnings:
  - the program holds 99 MB of live data, more than the caches of many machines; for data that size, where it lies in memory can shift the result by several points in ways the interval does not cover, and differently in the next process; run the comparison in several processes with the multiproc package

== street multi n=16384 valuesBetween: ordered vs hashed
A: 3691 ns per operation (median)
B: 2.335e+05 ns per operation (median)
A needs 98.4% less time than B: B takes 63.69 times as long as A.
With 95% confidence the difference lies between 98.2% and 98.5% less time (B takes between 54.6 and 68.51 times as long as A).
Noise floor: 18.2%. Identical code measured against itself on this setup can look that different, so smaller differences mean nothing.
Neighbouring measurements are nearly independent (autocorrelation +0.14), so they were resampled one by one.

Verdict: RESOLVED. A is faster than B: the difference is real, as its interval excludes zero and it exceeds the noise floor.

Warnings:
  - the program holds 99 MB of live data, more than the caches of many machines; for data that size, where it lies in memory can shift the result by several points in ways the interval does not cover, and differently in the next process; run the comparison in several processes with the multiproc package

== street multi n=16384 valuesBetween: ordered vs btree-sets
A: 2958 ns per operation (median)
B: 8219 ns per operation (median)
A needs 64.3% less time than B: B takes 2.80 times as long as A.
With 95% confidence the difference lies between 63.4% and 64.9% less time (B takes between 2.73 and 2.85 times as long as A).
Noise floor: 1.46%. Identical code measured against itself on this setup can look that different, so smaller differences mean nothing.
Neighbouring measurements are nearly independent (autocorrelation -0.07), so they were resampled one by one.

Verdict: RESOLVED. A is faster than B: the difference is real, as its interval excludes zero and it exceeds the noise floor.

Warnings:
  - the program holds 99 MB of live data, more than the caches of many machines; for data that size, where it lies in memory can shift the result by several points in ways the interval does not cover, and differently in the next process; run the comparison in several processes with the multiproc package

== street multi n=16384 valuesBetween: ordered vs map-sets
A: 3862 ns per operation (median)
B: 2.33e+05 ns per operation (median)
A needs 98.3% less time than B: B takes 60.44 times as long as A.
With 95% confidence the difference lies between 98.2% and 98.6% less time (B takes between 56.6 and 69.89 times as long as A).
Noise floor: 4.56%. Identical code measured against itself on this setup can look that different, so smaller differences mean nothing.
Neighbouring measurements are correlated (autocorrelation +0.21), so they were resampled in blocks of 3.

Verdict: RESOLVED. A is faster than B: the difference is real, as its interval excludes zero and it exceeds the noise floor.

Warnings:
  - the program holds 99 MB of live data, more than the caches of many machines; for data that size, where it lies in memory can shift the result by several points in ways the interval does not cover, and differently in the next process; run the comparison in several processes with the multiproc package
  - candidate A drifted during the run: its measurements were 10.8% higher in the second half than in the first, so the machine did not hold still

== street multi n=16384 valuesBetween: ordered vs baseline
A: 2972 ns per operation (median)
B: 3000 ns per operation (median)
A needs 1.55% less time than B: B takes 1.02 times as long as A.
With 95% confidence the difference lies between 0.0161% more time and 3.06% less time (B takes between 1 and 1.03 times as long as A).
Noise floor: 2.67%. Identical code measured against itself on this setup can look that different, so smaller differences mean nothing.
Neighbouring measurements are nearly independent (autocorrelation -0.09), so they were resampled one by one.

Verdict: NOT RESOLVED. This run did not establish which candidate is faster. That is not the same as "equally fast": the warnings below say what is missing.

Warnings:
  - the difference of 1.55% does not clear the 2.67% noise floor, which is what this setup reports between two runs of identical code
  - the interval [-0.02%, 3.06%] includes zero, so a difference in either direction is consistent with these measurements
  - the program holds 99 MB of live data, more than the caches of many machines; for data that size, where it lies in memory can shift the result by several points in ways the interval does not cover, and differently in the next process; run the comparison in several processes with the multiproc package
  - in 50% of A/A runs this setup reported a difference between identical code, well above the 10% expected; treat any confidence from it with suspicion

== street multi n=16384 prefix: ordered vs hashed
A: 1286 ns per operation (median)
B: 2.326e+05 ns per operation (median)
A needs 99.4% less time than B: B takes 181.09 times as long as A.
With 95% confidence the difference lies between 99.4% and 99.6% less time (B takes between 174 and 224.47 times as long as A).
Noise floor: 6.88%. Identical code measured against itself on this setup can look that different, so smaller differences mean nothing.
Neighbouring measurements are correlated (autocorrelation +0.28), so they were resampled in blocks of 3.

Verdict: RESOLVED. A is faster than B: the difference is real, as its interval excludes zero and it exceeds the noise floor.

Warnings:
  - the program holds 99 MB of live data, more than the caches of many machines; for data that size, where it lies in memory can shift the result by several points in ways the interval does not cover, and differently in the next process; run the comparison in several processes with the multiproc package

== street multi n=16384 prefix: ordered vs btree-sets
A: 895.5 ns per operation (median)
B: 3088 ns per operation (median)
A needs 70.9% less time than B: B takes 3.44 times as long as A.
With 95% confidence the difference lies between 69.4% and 71.9% less time (B takes between 3.26 and 3.56 times as long as A).
Noise floor: 3.14%. Identical code measured against itself on this setup can look that different, so smaller differences mean nothing.
Neighbouring measurements are nearly independent (autocorrelation -0.28), so they were resampled one by one.

Verdict: RESOLVED. A is faster than B: the difference is real, as its interval excludes zero and it exceeds the noise floor.

Warnings:
  - the program holds 99 MB of live data, more than the caches of many machines; for data that size, where it lies in memory can shift the result by several points in ways the interval does not cover, and differently in the next process; run the comparison in several processes with the multiproc package

== street multi n=16384 prefix: ordered vs map-sets
A: 1222 ns per operation (median)
B: 2.231e+05 ns per operation (median)
A needs 99.5% less time than B: B takes 184.46 times as long as A.
With 95% confidence the difference lies between 99.4% and 99.6% less time (B takes between 169 and 223.84 times as long as A).
Noise floor: 16.6%. Identical code measured against itself on this setup can look that different, so smaller differences mean nothing.
Neighbouring measurements are nearly independent (autocorrelation +0.06), so they were resampled one by one.

Verdict: RESOLVED. A is faster than B: the difference is real, as its interval excludes zero and it exceeds the noise floor.

Warnings:
  - the program holds 98 MB of live data, more than the caches of many machines; for data that size, where it lies in memory can shift the result by several points in ways the interval does not cover, and differently in the next process; run the comparison in several processes with the multiproc package

== street multi n=16384 prefix: ordered vs baseline
A: 875.3 ns per operation (median)
B: 875.2 ns per operation (median)
A needs 0.444% less time than B: B takes 1.00 times as long as A.
With 95% confidence the difference lies between 3.46% more time and 5.04% less time (B takes between 0.967 and 1.05 times as long as A).
Noise floor: 2.51%. Identical code measured against itself on this setup can look that different, so smaller differences mean nothing.
Neighbouring measurements are nearly independent (autocorrelation -0.12), so they were resampled one by one.

Verdict: NOT RESOLVED. This run did not establish which candidate is faster. That is not the same as "equally fast": the warnings below say what is missing.

Warnings:
  - the difference of 0.44% does not clear the 2.51% noise floor, which is what this setup reports between two runs of identical code
  - the interval [-3.46%, 5.04%] includes zero, so a difference in either direction is consistent with these measurements
  - the program holds 98 MB of live data, more than the caches of many machines; for data that size, where it lies in memory can shift the result by several points in ways the interval does not cover, and differently in the next process; run the comparison in several processes with the multiproc package
  - in 50% of A/A runs this setup reported a difference between identical code, well above the 10% expected; treat any confidence from it with suspicion

== street multi n=16384 churn and build: ordered vs hashed
steady state, per insertion or deletion in a structure of 42299 elements (cycle of 111004 operations, first pass untimed):
  A: 145 ns per operation (median)
  B: 73.82 ns per operation (median)
  A needs 95.4% more time than B: B takes only 0.51 times as long as A.
  With 95% confidence the difference lies between 87.5% and 99.9% more time (B takes between 0.5 and 0.53 times as long as A).
  Noise floor: 1.08%. Identical code measured against itself on this setup can look that different, so smaller differences mean nothing.
  Neighbouring measurements are correlated (autocorrelation +0.22), so they were resampled in blocks of 3.
  
  Verdict: RESOLVED. A is slower than B: the difference is real, as its interval excludes zero and it exceeds the noise floor.
  
  Warnings:
    - the program holds 109 MB of live data, more than the caches of many machines; for data that size, where it lies in memory can shift the result by several points in ways the interval does not cover, and differently in the next process; run the comparison in several processes with the multiproc package
    - candidate A drifted during the run: its measurements were 6.76% higher in the second half than in the first, so the machine did not hold still
    - candidate B drifted during the run: its measurements were 8.41% higher in the second half than in the first, so the machine did not hold still
    - in 50% of A/A runs this setup reported a difference between identical code, well above the 10% expected; treat any confidence from it with suspicion

build from empty to 42299 elements, per whole build (151987 operations):
  A: 2.389e+07 ns per operation (median)
  B: 1.41e+07 ns per operation (median)
  A needs 73.2% more time than B: B takes only 0.58 times as long as A.
  With 95% confidence the difference lies between 69.3% and 75.1% more time (B takes between 0.571 and 0.59 times as long as A).
  Noise floor: 1.15%. Identical code measured against itself on this setup can look that different, so smaller differences mean nothing.
  Neighbouring measurements are nearly independent (autocorrelation +0.01), so they were resampled one by one.
  
  Verdict: RESOLVED. A is slower than B: the difference is real, as its interval excludes zero and it exceeds the noise floor.
  
  Warnings:
    - the program holds 101 MB of live data, more than the caches of many machines; for data that size, where it lies in memory can shift the result by several points in ways the interval does not cover, and differently in the next process; run the comparison in several processes with the multiproc package
    - candidate B drifted during the run: its measurements were 4.88% higher in the second half than in the first, so the machine did not hold still

== street multi n=16384 churn and build: ordered vs btree-sets
steady state, per insertion or deletion in a structure of 42299 elements (cycle of 111004 operations, first pass untimed):
  A: 163.7 ns per operation (median)
  B: 298 ns per operation (median)
  A needs 44.6% less time than B: B takes 1.81 times as long as A.
  With 95% confidence the difference lies between 43.3% and 45.6% less time (B takes between 1.76 and 1.84 times as long as A).
  Noise floor: 3.17%. Identical code measured against itself on this setup can look that different, so smaller differences mean nothing.
  Neighbouring measurements are nearly independent (autocorrelation +0.15), so they were resampled one by one.
  
  Verdict: RESOLVED. A is faster than B: the difference is real, as its interval excludes zero and it exceeds the noise floor.
  
  Warnings:
    - the program holds 112 MB of live data, more than the caches of many machines; for data that size, where it lies in memory can shift the result by several points in ways the interval does not cover, and differently in the next process; run the comparison in several processes with the multiproc package
    - in 50% of A/A runs this setup reported a difference between identical code, well above the 10% expected; treat any confidence from it with suspicion

build from empty to 42299 elements, per whole build (151987 operations):
  A: 2.533e+07 ns per operation (median)
  B: 4.617e+07 ns per operation (median)
  A needs 45.2% less time than B: B takes 1.82 times as long as A.
  With 95% confidence the difference lies between 44.8% and 46.8% less time (B takes between 1.81 and 1.88 times as long as A).
  Noise floor: 3.72%. Identical code measured against itself on this setup can look that different, so smaller differences mean nothing.
  Neighbouring measurements are nearly independent (autocorrelation +0.09), so they were resampled one by one.
  
  Verdict: RESOLVED. A is faster than B: the difference is real, as its interval excludes zero and it exceeds the noise floor.
  
  Warnings:
    - the program holds 101 MB of live data, more than the caches of many machines; for data that size, where it lies in memory can shift the result by several points in ways the interval does not cover, and differently in the next process; run the comparison in several processes with the multiproc package

== street multi n=16384 churn and build: ordered vs map-sets
steady state, per insertion or deletion in a structure of 42299 elements (cycle of 111004 operations, first pass untimed):
  A: 148.8 ns per operation (median)
  B: 98.35 ns per operation (median)
  A needs 50.4% more time than B: B takes only 0.66 times as long as A.
  With 95% confidence the difference lies between 44.3% and 55.2% more time (B takes between 0.644 and 0.69 times as long as A).
  Noise floor: 1.74%. Identical code measured against itself on this setup can look that different, so smaller differences mean nothing.
  Neighbouring measurements are correlated (autocorrelation +0.35), so they were resampled in blocks of 3.
  
  Verdict: RESOLVED. A is slower than B: the difference is real, as its interval excludes zero and it exceeds the noise floor.
  
  Warnings:
    - the program holds 112 MB of live data, more than the caches of many machines; for data that size, where it lies in memory can shift the result by several points in ways the interval does not cover, and differently in the next process; run the comparison in several processes with the multiproc package
    - candidate A drifted during the run: its measurements were 5.6% lower in the second half than in the first, so the machine did not hold still
    - candidate B drifted during the run: its measurements were 10.6% lower in the second half than in the first, so the machine did not hold still
    - the ratio B/A was 6.86% lower in the second half of the run than in the first, so the candidates had not reached a steady state and the difference depends on how long the run was; a common cause is a head start for whichever candidate ran alone last before the comparison or had its data built last, which a longer CollectOptions.WarmupDuration removes

build from empty to 42299 elements, per whole build (151987 operations):
  A: 2.443e+07 ns per operation (median)
  B: 1.938e+07 ns per operation (median)
  A needs 24.5% more time than B: B takes only 0.80 times as long as A.
  With 95% confidence the difference lies between 20.9% and 35% more time (B takes between 0.741 and 0.83 times as long as A).
  Noise floor: 2.66%. Identical code measured against itself on this setup can look that different, so smaller differences mean nothing.
  Neighbouring measurements are nearly independent (autocorrelation +0.15), so they were resampled one by one.
  
  Verdict: RESOLVED. A is slower than B: the difference is real, as its interval excludes zero and it exceeds the noise floor.
  
  Warnings:
    - the program holds 101 MB of live data, more than the caches of many machines; for data that size, where it lies in memory can shift the result by several points in ways the interval does not cover, and differently in the next process; run the comparison in several processes with the multiproc package

== street multi n=16384 churn and build: ordered vs baseline
steady state, per insertion or deletion in a structure of 42299 elements (cycle of 111004 operations, first pass untimed):
  A: 149 ns per operation (median)
  B: 145.7 ns per operation (median)
  A needs 2.48% more time than B: B takes only 0.98 times as long as A.
  With 95% confidence the difference lies between 0.0223% and 2.98% more time (B takes between 0.971 and 1.00 times as long as A).
  Noise floor: 1.37%. Identical code measured against itself on this setup can look that different, so smaller differences mean nothing.
  Neighbouring measurements are correlated (autocorrelation +0.28), so they were resampled in blocks of 3.
  
  Verdict: RESOLVED. A is slower than B: the difference is real, as its interval excludes zero and it exceeds the noise floor.
  
  Warnings:
    - the program holds 108 MB of live data, more than the caches of many machines; for data that size, where it lies in memory can shift the result by several points in ways the interval does not cover, and differently in the next process; run the comparison in several processes with the multiproc package

build from empty to 42299 elements, per whole build (151987 operations):
  A: 2.398e+07 ns per operation (median)
  B: 2.342e+07 ns per operation (median)
  A needs 1.61% more time than B: B takes only 0.98 times as long as A.
  With 95% confidence the difference lies between 1.13% and 3.57% more time (B takes between 0.966 and 0.99 times as long as A).
  Noise floor: 1.17%. Identical code measured against itself on this setup can look that different, so smaller differences mean nothing.
  Neighbouring measurements are nearly independent (autocorrelation +0.04), so they were resampled one by one.
  
  Verdict: RESOLVED. A is slower than B: the difference is real, as its interval excludes zero and it exceeds the noise floor.
  
  Warnings:
    - the program holds 101 MB of live data, more than the caches of many machines; for data that size, where it lies in memory can shift the result by several points in ways the interval does not cover, and differently in the next process; run the comparison in several processes with the multiproc package
    - in 50% of A/A runs this setup reported a difference between identical code, well above the 10% expected; treat any confidence from it with suspicion

checksum 8386355745820100913
== street multi n=16384 valuesFor: ordered vs hashed
A: 75.87 ns per operation (median)
B: 30.11 ns per operation (median)
A needs 152% more time than B: B takes only 0.40 times as long as A.
With 95% confidence the difference lies between 150% and 156% more time (B takes between 0.391 and 0.40 times as long as A).
Noise floor: 1.09%. Identical code measured against itself on this setup can look that different, so smaller differences mean nothing.
Neighbouring measurements are nearly independent (autocorrelation +0.01), so they were resampled one by one.

Verdict: RESOLVED. A is slower than B: the difference is real, as its interval excludes zero and it exceeds the noise floor.

Warnings:
  - the program holds 81 MB of live data, more than the caches of many machines; for data that size, where it lies in memory can shift the result by several points in ways the interval does not cover, and differently in the next process; run the comparison in several processes with the multiproc package
  - in 50% of A/A runs this setup reported a difference between identical code, well above the 10% expected; treat any confidence from it with suspicion

== street multi n=16384 valuesFor: ordered vs btree-sets
A: 76.51 ns per operation (median)
B: 182 ns per operation (median)
A needs 58% less time than B: B takes 2.38 times as long as A.
With 95% confidence the difference lies between 57.3% and 58.1% less time (B takes between 2.34 and 2.39 times as long as A).
Noise floor: 0.91%. Identical code measured against itself on this setup can look that different, so smaller differences mean nothing.
Neighbouring measurements are nearly independent (autocorrelation -0.01), so they were resampled one by one.

Verdict: RESOLVED. A is faster than B: the difference is real, as its interval excludes zero and it exceeds the noise floor.

Warnings:
  - the program holds 81 MB of live data, more than the caches of many machines; for data that size, where it lies in memory can shift the result by several points in ways the interval does not cover, and differently in the next process; run the comparison in several processes with the multiproc package

== street multi n=16384 valuesFor: ordered vs map-sets
A: 75.45 ns per operation (median)
B: 79.09 ns per operation (median)
A needs 4.3% less time than B: B takes 1.04 times as long as A.
With 95% confidence the difference lies between 2.91% and 5.64% less time (B takes between 1.03 and 1.06 times as long as A).
Noise floor: 1.15%. Identical code measured against itself on this setup can look that different, so smaller differences mean nothing.
Neighbouring measurements are nearly independent (autocorrelation +0.07), so they were resampled one by one.

Verdict: RESOLVED. A is faster than B: the difference is real, as its interval excludes zero and it exceeds the noise floor.

Warnings:
  - the program holds 81 MB of live data, more than the caches of many machines; for data that size, where it lies in memory can shift the result by several points in ways the interval does not cover, and differently in the next process; run the comparison in several processes with the multiproc package
  - in 50% of A/A runs this setup reported a difference between identical code, well above the 10% expected; treat any confidence from it with suspicion

== street multi n=16384 valuesFor: ordered vs baseline
A: 76.2 ns per operation (median)
B: 76.66 ns per operation (median)
A needs 0.632% less time than B: B takes 1.01 times as long as A.
With 95% confidence the difference lies between 0.787% more time and 1.43% less time (B takes between 0.992 and 1.01 times as long as A).
Noise floor: 0.748%. Identical code measured against itself on this setup can look that different, so smaller differences mean nothing.
Neighbouring measurements are correlated (autocorrelation +0.38), so they were resampled in blocks of 3.

Verdict: NOT RESOLVED. This run did not establish which candidate is faster. That is not the same as "equally fast": the warnings below say what is missing.

Warnings:
  - the difference of 0.63% does not clear the 0.75% noise floor, which is what this setup reports between two runs of identical code
  - the interval [-0.79%, 1.43%] includes zero, so a difference in either direction is consistent with these measurements
  - the program holds 81 MB of live data, more than the caches of many machines; for data that size, where it lies in memory can shift the result by several points in ways the interval does not cover, and differently in the next process; run the comparison in several processes with the multiproc package

== street multi n=16384 valuesBetween: ordered vs hashed
A: 3549 ns per operation (median)
B: 2.203e+05 ns per operation (median)
A needs 98.4% less time than B: B takes 61.85 times as long as A.
With 95% confidence the difference lies between 98% and 98.5% less time (B takes between 50 and 67.03 times as long as A).
Noise floor: 9.61%. Identical code measured against itself on this setup can look that different, so smaller differences mean nothing.
Neighbouring measurements are correlated (autocorrelation +0.28), so they were resampled in blocks of 3.

Verdict: RESOLVED. A is faster than B: the difference is real, as its interval excludes zero and it exceeds the noise floor.

Warnings:
  - the program holds 81 MB of live data, more than the caches of many machines; for data that size, where it lies in memory can shift the result by several points in ways the interval does not cover, and differently in the next process; run the comparison in several processes with the multiproc package

== street multi n=16384 valuesBetween: ordered vs btree-sets
A: 3008 ns per operation (median)
B: 8328 ns per operation (median)
A needs 64% less time than B: B takes 2.78 times as long as A.
With 95% confidence the difference lies between 62.8% and 64.5% less time (B takes between 2.69 and 2.81 times as long as A).
Noise floor: 0.486%. Identical code measured against itself on this setup can look that different, so smaller differences mean nothing.
Neighbouring measurements are correlated (autocorrelation +0.20), so they were resampled in blocks of 3.

Verdict: RESOLVED. A is faster than B: the difference is real, as its interval excludes zero and it exceeds the noise floor.

Warnings:
  - the program holds 99 MB of live data, more than the caches of many machines; for data that size, where it lies in memory can shift the result by several points in ways the interval does not cover, and differently in the next process; run the comparison in several processes with the multiproc package

== street multi n=16384 valuesBetween: ordered vs map-sets
A: 3610 ns per operation (median)
B: 2.174e+05 ns per operation (median)
A needs 98.4% less time than B: B takes 62.16 times as long as A.
With 95% confidence the difference lies between 98% and 98.4% less time (B takes between 49.1 and 64.11 times as long as A).
Noise floor: 16.5%. Identical code measured against itself on this setup can look that different, so smaller differences mean nothing.
Neighbouring measurements are correlated (autocorrelation +0.35), so they were resampled in blocks of 3.

Verdict: RESOLVED. A is faster than B: the difference is real, as its interval excludes zero and it exceeds the noise floor.

Warnings:
  - the program holds 99 MB of live data, more than the caches of many machines; for data that size, where it lies in memory can shift the result by several points in ways the interval does not cover, and differently in the next process; run the comparison in several processes with the multiproc package

== street multi n=16384 valuesBetween: ordered vs baseline
A: 2971 ns per operation (median)
B: 3045 ns per operation (median)
A needs 2.55% less time than B: B takes 1.03 times as long as A.
With 95% confidence the difference lies between 1.15% and 3.67% less time (B takes between 1.01 and 1.04 times as long as A).
Noise floor: 0.47%. Identical code measured against itself on this setup can look that different, so smaller differences mean nothing.
Neighbouring measurements are nearly independent (autocorrelation -0.01), so they were resampled one by one.

Verdict: RESOLVED. A is faster than B: the difference is real, as its interval excludes zero and it exceeds the noise floor.

Warnings:
  - the program holds 99 MB of live data, more than the caches of many machines; for data that size, where it lies in memory can shift the result by several points in ways the interval does not cover, and differently in the next process; run the comparison in several processes with the multiproc package

== street multi n=16384 prefix: ordered vs hashed
A: 1194 ns per operation (median)
B: 2.166e+05 ns per operation (median)
A needs 99.4% less time than B: B takes 181.37 times as long as A.
With 95% confidence the difference lies between 99.4% and 99.5% less time (B takes between 167 and 217.43 times as long as A).
Noise floor: 13.9%. Identical code measured against itself on this setup can look that different, so smaller differences mean nothing.
Neighbouring measurements are nearly independent (autocorrelation -0.10), so they were resampled one by one.

Verdict: RESOLVED. A is faster than B: the difference is real, as its interval excludes zero and it exceeds the noise floor.

Warnings:
  - the program holds 99 MB of live data, more than the caches of many machines; for data that size, where it lies in memory can shift the result by several points in ways the interval does not cover, and differently in the next process; run the comparison in several processes with the multiproc package

== street multi n=16384 prefix: ordered vs btree-sets
A: 881.6 ns per operation (median)
B: 3030 ns per operation (median)
A needs 71% less time than B: B takes 3.44 times as long as A.
With 95% confidence the difference lies between 70.1% and 71.9% less time (B takes between 3.34 and 3.55 times as long as A).
Noise floor: 2.33%. Identical code measured against itself on this setup can look that different, so smaller differences mean nothing.
Neighbouring measurements are nearly independent (autocorrelation -0.14), so they were resampled one by one.

Verdict: RESOLVED. A is faster than B: the difference is real, as its interval excludes zero and it exceeds the noise floor.

Warnings:
  - the program holds 99 MB of live data, more than the caches of many machines; for data that size, where it lies in memory can shift the result by several points in ways the interval does not cover, and differently in the next process; run the comparison in several processes with the multiproc package
  - candidate A drifted during the run: its measurements were 8.39% higher in the second half than in the first, so the machine did not hold still
  - the ratio B/A was 5.8% lower in the second half of the run than in the first, so the candidates had not reached a steady state and the difference depends on how long the run was; a common cause is a head start for whichever candidate ran alone last before the comparison or had its data built last, which a longer CollectOptions.WarmupDuration removes

== street multi n=16384 prefix: ordered vs map-sets
A: 1156 ns per operation (median)
B: 2.113e+05 ns per operation (median)
A needs 99.5% less time than B: B takes 186.65 times as long as A.
With 95% confidence the difference lies between 99.4% and 99.5% less time (B takes between 164 and 204.65 times as long as A).
Noise floor: 13.3%. Identical code measured against itself on this setup can look that different, so smaller differences mean nothing.
Neighbouring measurements are nearly independent (autocorrelation -0.04), so they were resampled one by one.

Verdict: RESOLVED. A is faster than B: the difference is real, as its interval excludes zero and it exceeds the noise floor.

Warnings:
  - the program holds 99 MB of live data, more than the caches of many machines; for data that size, where it lies in memory can shift the result by several points in ways the interval does not cover, and differently in the next process; run the comparison in several processes with the multiproc package
  - in 50% of A/A runs this setup reported a difference between identical code, well above the 10% expected; treat any confidence from it with suspicion

== street multi n=16384 prefix: ordered vs baseline
A: 877.5 ns per operation (median)
B: 884.4 ns per operation (median)
A needs 2.61% less time than B: B takes 1.03 times as long as A.
With 95% confidence the difference lies between 3.26% more time and 5.27% less time (B takes between 0.968 and 1.06 times as long as A).
Noise floor: 0.651%. Identical code measured against itself on this setup can look that different, so smaller differences mean nothing.
Neighbouring measurements are nearly independent (autocorrelation -0.16), so they were resampled one by one.

Verdict: NOT RESOLVED. This run did not establish which candidate is faster. That is not the same as "equally fast": the warnings below say what is missing.

Warnings:
  - the interval [-3.26%, 5.27%] includes zero, so a difference in either direction is consistent with these measurements
  - the program holds 99 MB of live data, more than the caches of many machines; for data that size, where it lies in memory can shift the result by several points in ways the interval does not cover, and differently in the next process; run the comparison in several processes with the multiproc package

== street multi n=16384 churn and build: ordered vs hashed
steady state, per insertion or deletion in a structure of 42299 elements (cycle of 111004 operations, first pass untimed):
  A: 144.1 ns per operation (median)
  B: 72.48 ns per operation (median)
  A needs 99.6% more time than B: B takes only 0.50 times as long as A.
  With 95% confidence the difference lies between 95.8% and 101% more time (B takes between 0.497 and 0.51 times as long as A).
  Noise floor: 1.61%. Identical code measured against itself on this setup can look that different, so smaller differences mean nothing.
  Neighbouring measurements are correlated (autocorrelation +0.34), so they were resampled in blocks of 3.
  
  Verdict: RESOLVED. A is slower than B: the difference is real, as its interval excludes zero and it exceeds the noise floor.
  
  Warnings:
    - the program holds 109 MB of live data, more than the caches of many machines; for data that size, where it lies in memory can shift the result by several points in ways the interval does not cover, and differently in the next process; run the comparison in several processes with the multiproc package
    - in 50% of A/A runs this setup reported a difference between identical code, well above the 10% expected; treat any confidence from it with suspicion

build from empty to 42299 elements, per whole build (151987 operations):
  A: 2.406e+07 ns per operation (median)
  B: 1.462e+07 ns per operation (median)
  A needs 68% more time than B: B takes only 0.60 times as long as A.
  With 95% confidence the difference lies between 63.9% and 74.1% more time (B takes between 0.574 and 0.61 times as long as A).
  Noise floor: 1.16%. Identical code measured against itself on this setup can look that different, so smaller differences mean nothing.
  Neighbouring measurements are correlated (autocorrelation +0.47), so they were resampled in blocks of 3.
  
  Verdict: RESOLVED. A is slower than B: the difference is real, as its interval excludes zero and it exceeds the noise floor.
  
  Warnings:
    - the program holds 101 MB of live data, more than the caches of many machines; for data that size, where it lies in memory can shift the result by several points in ways the interval does not cover, and differently in the next process; run the comparison in several processes with the multiproc package

== street multi n=16384 churn and build: ordered vs btree-sets
steady state, per insertion or deletion in a structure of 42299 elements (cycle of 111004 operations, first pass untimed):
  A: 157.9 ns per operation (median)
  B: 294.8 ns per operation (median)
  A needs 46.3% less time than B: B takes 1.86 times as long as A.
  With 95% confidence the difference lies between 45.4% and 47.4% less time (B takes between 1.83 and 1.90 times as long as A).
  Noise floor: 1.06%. Identical code measured against itself on this setup can look that different, so smaller differences mean nothing.
  Neighbouring measurements are nearly independent (autocorrelation +0.14), so they were resampled one by one.
  
  Verdict: RESOLVED. A is faster than B: the difference is real, as its interval excludes zero and it exceeds the noise floor.
  
  Warnings:
    - the program holds 112 MB of live data, more than the caches of many machines; for data that size, where it lies in memory can shift the result by several points in ways the interval does not cover, and differently in the next process; run the comparison in several processes with the multiproc package
    - candidate B drifted during the run: its measurements were 3.59% higher in the second half than in the first, so the machine did not hold still

build from empty to 42299 elements, per whole build (151987 operations):
  A: 2.556e+07 ns per operation (median)
  B: 4.651e+07 ns per operation (median)
  A needs 45.8% less time than B: B takes 1.84 times as long as A.
  With 95% confidence the difference lies between 44.4% and 46.8% less time (B takes between 1.8 and 1.88 times as long as A).
  Noise floor: 3.45%. Identical code measured against itself on this setup can look that different, so smaller differences mean nothing.
  Neighbouring measurements are correlated (autocorrelation +0.44), so they were resampled in blocks of 3.
  
  Verdict: RESOLVED. A is faster than B: the difference is real, as its interval excludes zero and it exceeds the noise floor.
  
  Warnings:
    - the program holds 101 MB of live data, more than the caches of many machines; for data that size, where it lies in memory can shift the result by several points in ways the interval does not cover, and differently in the next process; run the comparison in several processes with the multiproc package
    - in 50% of A/A runs this setup reported a difference between identical code, well above the 10% expected; treat any confidence from it with suspicion

== street multi n=16384 churn and build: ordered vs map-sets
steady state, per insertion or deletion in a structure of 42299 elements (cycle of 111004 operations, first pass untimed):
  A: 162.9 ns per operation (median)
  B: 112.7 ns per operation (median)
  A needs 48.5% more time than B: B takes only 0.67 times as long as A.
  With 95% confidence the difference lies between 35.7% and 51.9% more time (B takes between 0.658 and 0.74 times as long as A).
  Noise floor: 1.5%. Identical code measured against itself on this setup can look that different, so smaller differences mean nothing.
  Neighbouring measurements are correlated (autocorrelation +0.49), so they were resampled in blocks of 3.
  
  Verdict: RESOLVED. A is slower than B: the difference is real, as its interval excludes zero and it exceeds the noise floor.
  
  Warnings:
    - the program holds 112 MB of live data, more than the caches of many machines; for data that size, where it lies in memory can shift the result by several points in ways the interval does not cover, and differently in the next process; run the comparison in several processes with the multiproc package

build from empty to 42299 elements, per whole build (151987 operations):
  A: 2.436e+07 ns per operation (median)
  B: 1.896e+07 ns per operation (median)
  A needs 28.8% more time than B: B takes only 0.78 times as long as A.
  With 95% confidence the difference lies between 26.2% and 37.8% more time (B takes between 0.725 and 0.79 times as long as A).
  Noise floor: 3.25%. Identical code measured against itself on this setup can look that different, so smaller differences mean nothing.
  Neighbouring measurements are nearly independent (autocorrelation -0.09), so they were resampled one by one.
  
  Verdict: RESOLVED. A is slower than B: the difference is real, as its interval excludes zero and it exceeds the noise floor.
  
  Warnings:
    - the program holds 101 MB of live data, more than the caches of many machines; for data that size, where it lies in memory can shift the result by several points in ways the interval does not cover, and differently in the next process; run the comparison in several processes with the multiproc package

== street multi n=16384 churn and build: ordered vs baseline
steady state, per insertion or deletion in a structure of 42299 elements (cycle of 111004 operations, first pass untimed):
  A: 149.4 ns per operation (median)
  B: 145.7 ns per operation (median)
  A needs 1.64% more time than B: B takes only 0.98 times as long as A.
  With 95% confidence the difference lies between 0.352% and 3.36% more time (B takes between 0.968 and 1.00 times as long as A).
  Noise floor: 0.924%. Identical code measured against itself on this setup can look that different, so smaller differences mean nothing.
  Neighbouring measurements are correlated (autocorrelation +0.25), so they were resampled in blocks of 3.
  
  Verdict: RESOLVED. A is slower than B: the difference is real, as its interval excludes zero and it exceeds the noise floor.
  
  Warnings:
    - the program holds 109 MB of live data, more than the caches of many machines; for data that size, where it lies in memory can shift the result by several points in ways the interval does not cover, and differently in the next process; run the comparison in several processes with the multiproc package

build from empty to 42299 elements, per whole build (151987 operations):
  A: 2.424e+07 ns per operation (median)
  B: 2.345e+07 ns per operation (median)
  A needs 3.89% more time than B: B takes only 0.96 times as long as A.
  With 95% confidence the difference lies between 1.09% and 4.99% more time (B takes between 0.952 and 0.99 times as long as A).
  Noise floor: 1.26%. Identical code measured against itself on this setup can look that different, so smaller differences mean nothing.
  Neighbouring measurements are nearly independent (autocorrelation +0.09), so they were resampled one by one.
  
  Verdict: RESOLVED. A is slower than B: the difference is real, as its interval excludes zero and it exceeds the noise floor.
  
  Warnings:
    - the program holds 101 MB of live data, more than the caches of many machines; for data that size, where it lies in memory can shift the result by several points in ways the interval does not cover, and differently in the next process; run the comparison in several processes with the multiproc package

checksum 5216700233320968870
== street multi n=16384 valuesFor: ordered vs hashed
A: 77.79 ns per operation (median)
B: 30.11 ns per operation (median)
A needs 159% more time than B: B takes only 0.39 times as long as A.
With 95% confidence the difference lies between 156% and 161% more time (B takes between 0.383 and 0.39 times as long as A).
Noise floor: 0.821%. Identical code measured against itself on this setup can look that different, so smaller differences mean nothing.
Neighbouring measurements are nearly independent (autocorrelation +0.04), so they were resampled one by one.

Verdict: RESOLVED. A is slower than B: the difference is real, as its interval excludes zero and it exceeds the noise floor.

Warnings:
  - the program holds 100 MB of live data, more than the caches of many machines; for data that size, where it lies in memory can shift the result by several points in ways the interval does not cover, and differently in the next process; run the comparison in several processes with the multiproc package
  - in 50% of A/A runs this setup reported a difference between identical code, well above the 10% expected; treat any confidence from it with suspicion

== street multi n=16384 valuesFor: ordered vs btree-sets
A: 79.13 ns per operation (median)
B: 187 ns per operation (median)
A needs 57.6% less time than B: B takes 2.36 times as long as A.
With 95% confidence the difference lies between 57% and 58.3% less time (B takes between 2.33 and 2.40 times as long as A).
Noise floor: 0.906%. Identical code measured against itself on this setup can look that different, so smaller differences mean nothing.
Neighbouring measurements are correlated (autocorrelation +0.27), so they were resampled in blocks of 3.

Verdict: RESOLVED. A is faster than B: the difference is real, as its interval excludes zero and it exceeds the noise floor.

Warnings:
  - the program holds 100 MB of live data, more than the caches of many machines; for data that size, where it lies in memory can shift the result by several points in ways the interval does not cover, and differently in the next process; run the comparison in several processes with the multiproc package
  - the ratio B/A was 2.11% lower in the second half of the run than in the first, so the candidates had not reached a steady state and the difference depends on how long the run was; a common cause is a head start for whichever candidate ran alone last before the comparison or had its data built last, which a longer CollectOptions.WarmupDuration removes
  - in 50% of A/A runs this setup reported a difference between identical code, well above the 10% expected; treat any confidence from it with suspicion

== street multi n=16384 valuesFor: ordered vs map-sets
A: 76.94 ns per operation (median)
B: 80.07 ns per operation (median)
A needs 4.53% less time than B: B takes 1.05 times as long as A.
With 95% confidence the difference lies between 2.61% and 5.58% less time (B takes between 1.03 and 1.06 times as long as A).
Noise floor: 0.578%. Identical code measured against itself on this setup can look that different, so smaller differences mean nothing.
Neighbouring measurements are nearly independent (autocorrelation +0.08), so they were resampled one by one.

Verdict: RESOLVED. A is faster than B: the difference is real, as its interval excludes zero and it exceeds the noise floor.

Warnings:
  - the program holds 100 MB of live data, more than the caches of many machines; for data that size, where it lies in memory can shift the result by several points in ways the interval does not cover, and differently in the next process; run the comparison in several processes with the multiproc package

== street multi n=16384 valuesFor: ordered vs baseline
A: 76.83 ns per operation (median)
B: 75.5 ns per operation (median)
A needs 1.95% more time than B: B takes only 0.98 times as long as A.
With 95% confidence the difference lies between 0.564% and 3.04% more time (B takes between 0.971 and 0.99 times as long as A).
Noise floor: 0.388%. Identical code measured against itself on this setup can look that different, so smaller differences mean nothing.
Neighbouring measurements are nearly independent (autocorrelation -0.07), so they were resampled one by one.

Verdict: RESOLVED. A is slower than B: the difference is real, as its interval excludes zero and it exceeds the noise floor.

Warnings:
  - the program holds 100 MB of live data, more than the caches of many machines; for data that size, where it lies in memory can shift the result by several points in ways the interval does not cover, and differently in the next process; run the comparison in several processes with the multiproc package
  - 5.4% of bootstrap replicates tied, so the measurement is coarse relative to the question; lower CollectOptions.MaxQuantizationError to lengthen the batches

== street multi n=16384 valuesBetween: ordered vs hashed
A: 3301 ns per operation (median)
B: 2.358e+05 ns per operation (median)
A needs 98.6% less time than B: B takes 71.26 times as long as A.
With 95% confidence the difference lies between 98% and 98.7% less time (B takes between 50.2 and 74.42 times as long as A).
Noise floor: 17.2%. Identical code measured against itself on this setup can look that different, so smaller differences mean nothing.
Neighbouring measurements are nearly independent (autocorrelation -0.06), so they were resampled one by one.

Verdict: RESOLVED. A is faster than B: the difference is real, as its interval excludes zero and it exceeds the noise floor.

Warnings:
  - the program holds 100 MB of live data, more than the caches of many machines; for data that size, where it lies in memory can shift the result by several points in ways the interval does not cover, and differently in the next process; run the comparison in several processes with the multiproc package
  - in 50% of A/A runs this setup reported a difference between identical code, well above the 10% expected; treat any confidence from it with suspicion

== street multi n=16384 valuesBetween: ordered vs btree-sets
A: 3019 ns per operation (median)
B: 8341 ns per operation (median)
A needs 63.8% less time than B: B takes 2.76 times as long as A.
With 95% confidence the difference lies between 63.2% and 64.2% less time (B takes between 2.72 and 2.79 times as long as A).
Noise floor: 1.44%. Identical code measured against itself on this setup can look that different, so smaller differences mean nothing.
Neighbouring measurements are nearly independent (autocorrelation +0.12), so they were resampled one by one.

Verdict: RESOLVED. A is faster than B: the difference is real, as its interval excludes zero and it exceeds the noise floor.

Warnings:
  - the program holds 100 MB of live data, more than the caches of many machines; for data that size, where it lies in memory can shift the result by several points in ways the interval does not cover, and differently in the next process; run the comparison in several processes with the multiproc package
  - in 50% of A/A runs this setup reported a difference between identical code, well above the 10% expected; treat any confidence from it with suspicion

== street multi n=16384 valuesBetween: ordered vs map-sets
A: 4024 ns per operation (median)
B: 2.358e+05 ns per operation (median)
A needs 98.3% less time than B: B takes 58.92 times as long as A.
With 95% confidence the difference lies between 98% and 98.6% less time (B takes between 50.6 and 69.14 times as long as A).
Noise floor: 13.6%. Identical code measured against itself on this setup can look that different, so smaller differences mean nothing.
Neighbouring measurements are nearly independent (autocorrelation +0.18), so they were resampled one by one.

Verdict: RESOLVED. A is faster than B: the difference is real, as its interval excludes zero and it exceeds the noise floor.

Warnings:
  - the program holds 100 MB of live data, more than the caches of many machines; for data that size, where it lies in memory can shift the result by several points in ways the interval does not cover, and differently in the next process; run the comparison in several processes with the multiproc package

== street multi n=16384 valuesBetween: ordered vs baseline
A: 2976 ns per operation (median)
B: 3003 ns per operation (median)
A needs 0.0686% less time than B: B takes 1.00 times as long as A.
With 95% confidence the difference lies between 0.523% more time and 1.83% less time (B takes between 0.995 and 1.02 times as long as A).
Noise floor: 1.07%. Identical code measured against itself on this setup can look that different, so smaller differences mean nothing.
Neighbouring measurements are nearly independent (autocorrelation -0.06), so they were resampled one by one.

Verdict: NOT RESOLVED. This run did not establish which candidate is faster. That is not the same as "equally fast": the warnings below say what is missing.

Warnings:
  - the difference of 0.07% does not clear the 1.07% noise floor, which is what this setup reports between two runs of identical code
  - the interval [-0.52%, 1.83%] includes zero, so a difference in either direction is consistent with these measurements
  - the program holds 100 MB of live data, more than the caches of many machines; for data that size, where it lies in memory can shift the result by several points in ways the interval does not cover, and differently in the next process; run the comparison in several processes with the multiproc package

== street multi n=16384 prefix: ordered vs hashed
A: 1208 ns per operation (median)
B: 2.321e+05 ns per operation (median)
A needs 99.5% less time than B: B takes 191.04 times as long as A.
With 95% confidence the difference lies between 99.4% and 99.6% less time (B takes between 177 and 239.16 times as long as A).
Noise floor: 22%. Identical code measured against itself on this setup can look that different, so smaller differences mean nothing.
Neighbouring measurements are nearly independent (autocorrelation +0.09), so they were resampled one by one.

Verdict: RESOLVED. A is faster than B: the difference is real, as its interval excludes zero and it exceeds the noise floor.

Warnings:
  - the program holds 100 MB of live data, more than the caches of many machines; for data that size, where it lies in memory can shift the result by several points in ways the interval does not cover, and differently in the next process; run the comparison in several processes with the multiproc package

== street multi n=16384 prefix: ordered vs btree-sets
A: 892.8 ns per operation (median)
B: 2995 ns per operation (median)
A needs 70.6% less time than B: B takes 3.40 times as long as A.
With 95% confidence the difference lies between 69.2% and 71.9% less time (B takes between 3.25 and 3.56 times as long as A).
Noise floor: 3.33%. Identical code measured against itself on this setup can look that different, so smaller differences mean nothing.
Neighbouring measurements are nearly independent (autocorrelation -0.25), so they were resampled one by one.

Verdict: RESOLVED. A is faster than B: the difference is real, as its interval excludes zero and it exceeds the noise floor.

Warnings:
  - the program holds 100 MB of live data, more than the caches of many machines; for data that size, where it lies in memory can shift the result by several points in ways the interval does not cover, and differently in the next process; run the comparison in several processes with the multiproc package
  - in 50% of A/A runs this setup reported a difference between identical code, well above the 10% expected; treat any confidence from it with suspicion

== street multi n=16384 prefix: ordered vs map-sets
A: 1211 ns per operation (median)
B: 2.231e+05 ns per operation (median)
A needs 99.5% less time than B: B takes 184.20 times as long as A.
With 95% confidence the difference lies between 99.4% and 99.6% less time (B takes between 171 and 223.49 times as long as A).
Noise floor: 9.09%. Identical code measured against itself on this setup can look that different, so smaller differences mean nothing.
Neighbouring measurements are correlated (autocorrelation +0.23), so they were resampled in blocks of 3.

Verdict: RESOLVED. A is faster than B: the difference is real, as its interval excludes zero and it exceeds the noise floor.

Warnings:
  - the program holds 99 MB of live data, more than the caches of many machines; for data that size, where it lies in memory can shift the result by several points in ways the interval does not cover, and differently in the next process; run the comparison in several processes with the multiproc package

== street multi n=16384 prefix: ordered vs baseline
A: 867.8 ns per operation (median)
B: 878.9 ns per operation (median)
A needs 3.21% less time than B: B takes 1.03 times as long as A.
With 95% confidence the difference lies between 1.91% more time and 8.68% less time (B takes between 0.981 and 1.10 times as long as A).
Noise floor: 2.48%. Identical code measured against itself on this setup can look that different, so smaller differences mean nothing.
Neighbouring measurements are nearly independent (autocorrelation -0.07), so they were resampled one by one.

Verdict: NOT RESOLVED. This run did not establish which candidate is faster. That is not the same as "equally fast": the warnings below say what is missing.

Warnings:
  - the interval [-1.91%, 8.68%] includes zero, so a difference in either direction is consistent with these measurements
  - the program holds 99 MB of live data, more than the caches of many machines; for data that size, where it lies in memory can shift the result by several points in ways the interval does not cover, and differently in the next process; run the comparison in several processes with the multiproc package
  - 5.2% of bootstrap replicates tied, so the measurement is coarse relative to the question; lower CollectOptions.MaxQuantizationError to lengthen the batches

== street multi n=16384 churn and build: ordered vs hashed
steady state, per insertion or deletion in a structure of 42299 elements (cycle of 111004 operations, first pass untimed):
  A: 146.2 ns per operation (median)
  B: 73.91 ns per operation (median)
  A needs 96% more time than B: B takes only 0.51 times as long as A.
  With 95% confidence the difference lies between 93.3% and 101% more time (B takes between 0.498 and 0.52 times as long as A).
  Noise floor: 1.19%. Identical code measured against itself on this setup can look that different, so smaller differences mean nothing.
  Neighbouring measurements are correlated (autocorrelation +0.31), so they were resampled in blocks of 3.
  
  Verdict: RESOLVED. A is slower than B: the difference is real, as its interval excludes zero and it exceeds the noise floor.
  
  Warnings:
    - the program holds 109 MB of live data, more than the caches of many machines; for data that size, where it lies in memory can shift the result by several points in ways the interval does not cover, and differently in the next process; run the comparison in several processes with the multiproc package

build from empty to 42299 elements, per whole build (151987 operations):
  A: 2.446e+07 ns per operation (median)
  B: 1.422e+07 ns per operation (median)
  A needs 70.2% more time than B: B takes only 0.59 times as long as A.
  With 95% confidence the difference lies between 66.3% and 77.6% more time (B takes between 0.563 and 0.60 times as long as A).
  Noise floor: 5.12%. Identical code measured against itself on this setup can look that different, so smaller differences mean nothing.
  Neighbouring measurements are correlated (autocorrelation +0.21), so they were resampled in blocks of 3.
  
  Verdict: RESOLVED. A is slower than B: the difference is real, as its interval excludes zero and it exceeds the noise floor.
  
  Warnings:
    - the program holds 101 MB of live data, more than the caches of many machines; for data that size, where it lies in memory can shift the result by several points in ways the interval does not cover, and differently in the next process; run the comparison in several processes with the multiproc package

== street multi n=16384 churn and build: ordered vs btree-sets
steady state, per insertion or deletion in a structure of 42299 elements (cycle of 111004 operations, first pass untimed):
  A: 162.6 ns per operation (median)
  B: 299.9 ns per operation (median)
  A needs 45.3% less time than B: B takes 1.83 times as long as A.
  With 95% confidence the difference lies between 43.4% and 46.4% less time (B takes between 1.77 and 1.86 times as long as A).
  Noise floor: 4.07%. Identical code measured against itself on this setup can look that different, so smaller differences mean nothing.
  Neighbouring measurements are correlated (autocorrelation +0.38), so they were resampled in blocks of 3.
  
  Verdict: RESOLVED. A is faster than B: the difference is real, as its interval excludes zero and it exceeds the noise floor.
  
  Warnings:
    - the program holds 112 MB of live data, more than the caches of many machines; for data that size, where it lies in memory can shift the result by several points in ways the interval does not cover, and differently in the next process; run the comparison in several processes with the multiproc package
    - candidate A drifted during the run: its measurements were 10.4% lower in the second half than in the first, so the machine did not hold still
    - candidate B drifted during the run: its measurements were 10.3% lower in the second half than in the first, so the machine did not hold still
    - in 50% of A/A runs this setup reported a difference between identical code, well above the 10% expected; treat any confidence from it with suspicion

build from empty to 42299 elements, per whole build (151987 operations):
  A: 2.422e+07 ns per operation (median)
  B: 4.497e+07 ns per operation (median)
  A needs 47% less time than B: B takes 1.89 times as long as A.
  With 95% confidence the difference lies between 44.4% and 48.2% less time (B takes between 1.8 and 1.93 times as long as A).
  Noise floor: 0.366%. Identical code measured against itself on this setup can look that different, so smaller differences mean nothing.
  Neighbouring measurements are correlated (autocorrelation +0.31), so they were resampled in blocks of 3.
  
  Verdict: RESOLVED. A is faster than B: the difference is real, as its interval excludes zero and it exceeds the noise floor.
  
  Warnings:
    - the program holds 101 MB of live data, more than the caches of many machines; for data that size, where it lies in memory can shift the result by several points in ways the interval does not cover, and differently in the next process; run the comparison in several processes with the multiproc package

== street multi n=16384 churn and build: ordered vs map-sets
steady state, per insertion or deletion in a structure of 42299 elements (cycle of 111004 operations, first pass untimed):
  A: 152.3 ns per operation (median)
  B: 104.2 ns per operation (median)
  A needs 48.6% more time than B: B takes only 0.67 times as long as A.
  With 95% confidence the difference lies between 42% and 53.7% more time (B takes between 0.65 and 0.70 times as long as A).
  Noise floor: 3.19%. Identical code measured against itself on this setup can look that different, so smaller differences mean nothing.
  Neighbouring measurements are correlated (autocorrelation +0.55), so they were resampled in blocks of 3.
  
  Verdict: RESOLVED. A is slower than B: the difference is real, as its interval excludes zero and it exceeds the noise floor.
  
  Warnings:
    - the program holds 112 MB of live data, more than the caches of many machines; for data that size, where it lies in memory can shift the result by several points in ways the interval does not cover, and differently in the next process; run the comparison in several processes with the multiproc package
    - candidate B drifted during the run: its measurements were 9.69% lower in the second half than in the first, so the machine did not hold still

build from empty to 42299 elements, per whole build (151987 operations):
  A: 2.459e+07 ns per operation (median)
  B: 1.833e+07 ns per operation (median)
  A needs 36.6% more time than B: B takes only 0.73 times as long as A.
  With 95% confidence the difference lies between 27.1% and 39.2% more time (B takes between 0.719 and 0.79 times as long as A).
  Noise floor: 4.32%. Identical code measured against itself on this setup can look that different, so smaller differences mean nothing.
  Neighbouring measurements are nearly independent (autocorrelation -0.13), so they were resampled one by one.
  
  Verdict: RESOLVED. A is slower than B: the difference is real, as its interval excludes zero and it exceeds the noise floor.
  
  Warnings:
    - the program holds 101 MB of live data, more than the caches of many machines; for data that size, where it lies in memory can shift the result by several points in ways the interval does not cover, and differently in the next process; run the comparison in several processes with the multiproc package
    - in 50% of A/A runs this setup reported a difference between identical code, well above the 10% expected; treat any confidence from it with suspicion

== street multi n=16384 churn and build: ordered vs baseline
steady state, per insertion or deletion in a structure of 42299 elements (cycle of 111004 operations, first pass untimed):
  A: 150.4 ns per operation (median)
  B: 146.5 ns per operation (median)
  A needs 3.23% more time than B: B takes only 0.97 times as long as A.
  With 95% confidence the difference lies between 1.85% and 4.37% more time (B takes between 0.958 and 0.98 times as long as A).
  Noise floor: 1.16%. Identical code measured against itself on this setup can look that different, so smaller differences mean nothing.
  Neighbouring measurements are correlated (autocorrelation +0.20), so they were resampled in blocks of 3.
  
  Verdict: RESOLVED. A is slower than B: the difference is real, as its interval excludes zero and it exceeds the noise floor.
  
  Warnings:
    - the program holds 108 MB of live data, more than the caches of many machines; for data that size, where it lies in memory can shift the result by several points in ways the interval does not cover, and differently in the next process; run the comparison in several processes with the multiproc package

build from empty to 42299 elements, per whole build (151987 operations):
  A: 2.469e+07 ns per operation (median)
  B: 2.423e+07 ns per operation (median)
  A needs 3.08% more time than B: B takes only 0.97 times as long as A.
  With 95% confidence the difference lies between 4.87% more time and 2.9% less time (B takes between 0.954 and 1.03 times as long as A).
  Noise floor: 1.25%. Identical code measured against itself on this setup can look that different, so smaller differences mean nothing.
  Neighbouring measurements are nearly independent (autocorrelation -0.02), so they were resampled one by one.
  
  Verdict: NOT RESOLVED. This run did not establish which candidate is faster. That is not the same as "equally fast": the warnings below say what is missing.
  
  Warnings:
    - the interval [-4.87%, 2.90%] includes zero, so a difference in either direction is consistent with these measurements
    - the program holds 101 MB of live data, more than the caches of many machines; for data that size, where it lies in memory can shift the result by several points in ways the interval does not cover, and differently in the next process; run the comparison in several processes with the multiproc package

checksum 14114472924571837121
== street multi n=16384 valuesFor: ordered vs hashed
A: 76.91 ns per operation (median)
B: 30.43 ns per operation (median)
A needs 154% more time than B: B takes only 0.39 times as long as A.
With 95% confidence the difference lies between 149% and 158% more time (B takes between 0.388 and 0.40 times as long as A).
Noise floor: 1.61%. Identical code measured against itself on this setup can look that different, so smaller differences mean nothing.
Neighbouring measurements are correlated (autocorrelation +0.28), so they were resampled in blocks of 3.

Verdict: RESOLVED. A is slower than B: the difference is real, as its interval excludes zero and it exceeds the noise floor.

Warnings:
  - the program holds 100 MB of live data, more than the caches of many machines; for data that size, where it lies in memory can shift the result by several points in ways the interval does not cover, and differently in the next process; run the comparison in several processes with the multiproc package

== street multi n=16384 valuesFor: ordered vs btree-sets
A: 77.87 ns per operation (median)
B: 191.8 ns per operation (median)
A needs 59.5% less time than B: B takes 2.47 times as long as A.
With 95% confidence the difference lies between 58.4% and 59.6% less time (B takes between 2.41 and 2.48 times as long as A).
Noise floor: 0.548%. Identical code measured against itself on this setup can look that different, so smaller differences mean nothing.
Neighbouring measurements are nearly independent (autocorrelation +0.12), so they were resampled one by one.

Verdict: RESOLVED. A is faster than B: the difference is real, as its interval excludes zero and it exceeds the noise floor.

Warnings:
  - the program holds 100 MB of live data, more than the caches of many machines; for data that size, where it lies in memory can shift the result by several points in ways the interval does not cover, and differently in the next process; run the comparison in several processes with the multiproc package

== street multi n=16384 valuesFor: ordered vs map-sets
A: 75.88 ns per operation (median)
B: 81.65 ns per operation (median)
A needs 5.95% less time than B: B takes 1.06 times as long as A.
With 95% confidence the difference lies between 5.21% and 8.37% less time (B takes between 1.06 and 1.09 times as long as A).
Noise floor: 0.902%. Identical code measured against itself on this setup can look that different, so smaller differences mean nothing.
Neighbouring measurements are nearly independent (autocorrelation +0.09), so they were resampled one by one.

Verdict: RESOLVED. A is faster than B: the difference is real, as its interval excludes zero and it exceeds the noise floor.

Warnings:
  - the program holds 100 MB of live data, more than the caches of many machines; for data that size, where it lies in memory can shift the result by several points in ways the interval does not cover, and differently in the next process; run the comparison in several processes with the multiproc package

== street multi n=16384 valuesFor: ordered vs baseline
A: 75.69 ns per operation (median)
B: 75.83 ns per operation (median)
A needs 0.854% less time than B: B takes 1.01 times as long as A.
With 95% confidence the difference lies between 1.18% more time and 1.63% less time (B takes between 0.988 and 1.02 times as long as A).
Noise floor: 0.834%. Identical code measured against itself on this setup can look that different, so smaller differences mean nothing.
Neighbouring measurements are nearly independent (autocorrelation -0.01), so they were resampled one by one.

Verdict: NOT RESOLVED. This run did not establish which candidate is faster. That is not the same as "equally fast": the warnings below say what is missing.

Warnings:
  - the interval [-1.18%, 1.63%] includes zero, so a difference in either direction is consistent with these measurements
  - the program holds 100 MB of live data, more than the caches of many machines; for data that size, where it lies in memory can shift the result by several points in ways the interval does not cover, and differently in the next process; run the comparison in several processes with the multiproc package

== street multi n=16384 valuesBetween: ordered vs hashed
A: 3888 ns per operation (median)
B: 2.349e+05 ns per operation (median)
A needs 98.3% less time than B: B takes 60.32 times as long as A.
With 95% confidence the difference lies between 98% and 98.7% less time (B takes between 49.8 and 75.59 times as long as A).
Noise floor: 26.3%. Identical code measured against itself on this setup can look that different, so smaller differences mean nothing.
Neighbouring measurements are nearly independent (autocorrelation +0.03), so they were resampled one by one.

Verdict: RESOLVED. A is faster than B: the difference is real, as its interval excludes zero and it exceeds the noise floor.

Warnings:
  - the program holds 100 MB of live data, more than the caches of many machines; for data that size, where it lies in memory can shift the result by several points in ways the interval does not cover, and differently in the next process; run the comparison in several processes with the multiproc package

== street multi n=16384 valuesBetween: ordered vs btree-sets
A: 2966 ns per operation (median)
B: 8295 ns per operation (median)
A needs 64.3% less time than B: B takes 2.80 times as long as A.
With 95% confidence the difference lies between 63.3% and 64.9% less time (B takes between 2.72 and 2.85 times as long as A).
Noise floor: 1.36%. Identical code measured against itself on this setup can look that different, so smaller differences mean nothing.
Neighbouring measurements are nearly independent (autocorrelation +0.06), so they were resampled one by one.

Verdict: RESOLVED. A is faster than B: the difference is real, as its interval excludes zero and it exceeds the noise floor.

Warnings:
  - the program holds 100 MB of live data, more than the caches of many machines; for data that size, where it lies in memory can shift the result by several points in ways the interval does not cover, and differently in the next process; run the comparison in several processes with the multiproc package

== street multi n=16384 valuesBetween: ordered vs map-sets
A: 4034 ns per operation (median)
B: 2.377e+05 ns per operation (median)
A needs 98.3% less time than B: B takes 59.02 times as long as A.
With 95% confidence the difference lies between 98.1% and 98.6% less time (B takes between 52.4 and 72.15 times as long as A).
Noise floor: 21%. Identical code measured against itself on this setup can look that different, so smaller differences mean nothing.
Neighbouring measurements are nearly independent (autocorrelation +0.13), so they were resampled one by one.

Verdict: RESOLVED. A is faster than B: the difference is real, as its interval excludes zero and it exceeds the noise floor.

Warnings:
  - the program holds 100 MB of live data, more than the caches of many machines; for data that size, where it lies in memory can shift the result by several points in ways the interval does not cover, and differently in the next process; run the comparison in several processes with the multiproc package

== street multi n=16384 valuesBetween: ordered vs baseline
A: 2986 ns per operation (median)
B: 3021 ns per operation (median)
A needs 0.468% more time than B: B takes only 1.00 times as long as A.
With 95% confidence the difference lies between 2.03% more time and 1.31% less time (B takes between 0.98 and 1.01 times as long as A).
Noise floor: 1.72%. Identical code measured against itself on this setup can look that different, so smaller differences mean nothing.
Neighbouring measurements are nearly independent (autocorrelation +0.01), so they were resampled one by one.

Verdict: NOT RESOLVED. This run did not establish which candidate is faster. That is not the same as "equally fast": the warnings below say what is missing.

Warnings:
  - the difference of -0.47% does not clear the 1.72% noise floor, which is what this setup reports between two runs of identical code
  - the interval [-2.03%, 1.31%] includes zero, so a difference in either direction is consistent with these measurements
  - the program holds 100 MB of live data, more than the caches of many machines; for data that size, where it lies in memory can shift the result by several points in ways the interval does not cover, and differently in the next process; run the comparison in several processes with the multiproc package
  - in 50% of A/A runs this setup reported a difference between identical code, well above the 10% expected; treat any confidence from it with suspicion

== street multi n=16384 prefix: ordered vs hashed
A: 1131 ns per operation (median)
B: 2.32e+05 ns per operation (median)
A needs 99.5% less time than B: B takes 204.97 times as long as A.
With 95% confidence the difference lies between 99.4% and 99.6% less time (B takes between 181 and 233.17 times as long as A).
Noise floor: 9.81%. Identical code measured against itself on this setup can look that different, so smaller differences mean nothing.
Neighbouring measurements are correlated (autocorrelation +0.23), so they were resampled in blocks of 3.

Verdict: RESOLVED. A is faster than B: the difference is real, as its interval excludes zero and it exceeds the noise floor.

Warnings:
  - the program holds 100 MB of live data, more than the caches of many machines; for data that size, where it lies in memory can shift the result by several points in ways the interval does not cover, and differently in the next process; run the comparison in several processes with the multiproc package

== street multi n=16384 prefix: ordered vs btree-sets
A: 856.2 ns per operation (median)
B: 3044 ns per operation (median)
A needs 71.8% less time than B: B takes 3.55 times as long as A.
With 95% confidence the difference lies between 71.3% and 73.2% less time (B takes between 3.49 and 3.73 times as long as A).
Noise floor: 4.72%. Identical code measured against itself on this setup can look that different, so smaller differences mean nothing.
Neighbouring measurements are nearly independent (autocorrelation +0.14), so they were resampled one by one.

Verdict: RESOLVED. A is faster than B: the difference is real, as its interval excludes zero and it exceeds the noise floor.

Warnings:
  - the program holds 100 MB of live data, more than the caches of many machines; for data that size, where it lies in memory can shift the result by several points in ways the interval does not cover, and differently in the next process; run the comparison in several processes with the multiproc package
  - in 50% of A/A runs this setup reported a difference between identical code, well above the 10% expected; treat any confidence from it with suspicion

== street multi n=16384 prefix: ordered vs map-sets
A: 1228 ns per operation (median)
B: 2.246e+05 ns per operation (median)
A needs 99.5% less time than B: B takes 184.27 times as long as A.
With 95% confidence the difference lies between 99.4% and 99.6% less time (B takes between 175 and 230.74 times as long as A).
Noise floor: 9.18%. Identical code measured against itself on this setup can look that different, so smaller differences mean nothing.
Neighbouring measurements are nearly independent (autocorrelation -0.01), so they were resampled one by one.

Verdict: RESOLVED. A is faster than B: the difference is real, as its interval excludes zero and it exceeds the noise floor.

Warnings:
  - the program holds 100 MB of live data, more than the caches of many machines; for data that size, where it lies in memory can shift the result by several points in ways the interval does not cover, and differently in the next process; run the comparison in several processes with the multiproc package

== street multi n=16384 prefix: ordered vs baseline
A: 853.3 ns per operation (median)
B: 879 ns per operation (median)
A needs 2.06% less time than B: B takes 1.02 times as long as A.
With 95% confidence the difference lies between 1.71% more time and 6.25% less time (B takes between 0.983 and 1.07 times as long as A).
Noise floor: 1.51%. Identical code measured against itself on this setup can look that different, so smaller differences mean nothing.
Neighbouring measurements are nearly independent (autocorrelation -0.10), so they were resampled one by one.

Verdict: NOT RESOLVED. This run did not establish which candidate is faster. That is not the same as "equally fast": the warnings below say what is missing.

Warnings:
  - the interval [-1.71%, 6.25%] includes zero, so a difference in either direction is consistent with these measurements
  - the program holds 100 MB of live data, more than the caches of many machines; for data that size, where it lies in memory can shift the result by several points in ways the interval does not cover, and differently in the next process; run the comparison in several processes with the multiproc package

== street multi n=16384 churn and build: ordered vs hashed
steady state, per insertion or deletion in a structure of 42299 elements (cycle of 111004 operations, first pass untimed):
  A: 143.6 ns per operation (median)
  B: 73.22 ns per operation (median)
  A needs 94.7% more time than B: B takes only 0.51 times as long as A.
  With 95% confidence the difference lies between 91.7% and 98.9% more time (B takes between 0.503 and 0.52 times as long as A).
  Noise floor: 2.29%. Identical code measured against itself on this setup can look that different, so smaller differences mean nothing.
  Neighbouring measurements are nearly independent (autocorrelation +0.19), so they were resampled one by one.
  
  Verdict: RESOLVED. A is slower than B: the difference is real, as its interval excludes zero and it exceeds the noise floor.
  
  Warnings:
    - the program holds 109 MB of live data, more than the caches of many machines; for data that size, where it lies in memory can shift the result by several points in ways the interval does not cover, and differently in the next process; run the comparison in several processes with the multiproc package
    - 5.1% of bootstrap replicates tied, so the measurement is coarse relative to the question; lower CollectOptions.MaxQuantizationError to lengthen the batches
    - in 50% of A/A runs this setup reported a difference between identical code, well above the 10% expected; treat any confidence from it with suspicion

build from empty to 42299 elements, per whole build (151987 operations):
  A: 2.359e+07 ns per operation (median)
  B: 1.337e+07 ns per operation (median)
  A needs 75.8% more time than B: B takes only 0.57 times as long as A.
  With 95% confidence the difference lies between 74.3% and 77.2% more time (B takes between 0.564 and 0.57 times as long as A).
  Noise floor: 1.61%. Identical code measured against itself on this setup can look that different, so smaller differences mean nothing.
  Neighbouring measurements are nearly independent (autocorrelation +0.04), so they were resampled one by one.
  
  Verdict: RESOLVED. A is slower than B: the difference is real, as its interval excludes zero and it exceeds the noise floor.
  
  Warnings:
    - the program holds 101 MB of live data, more than the caches of many machines; for data that size, where it lies in memory can shift the result by several points in ways the interval does not cover, and differently in the next process; run the comparison in several processes with the multiproc package

== street multi n=16384 churn and build: ordered vs btree-sets
steady state, per insertion or deletion in a structure of 42299 elements (cycle of 111004 operations, first pass untimed):
  A: 149 ns per operation (median)
  B: 268.6 ns per operation (median)
  A needs 45.3% less time than B: B takes 1.83 times as long as A.
  With 95% confidence the difference lies between 43.6% and 46.2% less time (B takes between 1.77 and 1.86 times as long as A).
  Noise floor: 2.13%. Identical code measured against itself on this setup can look that different, so smaller differences mean nothing.
  Neighbouring measurements are correlated (autocorrelation +0.34), so they were resampled in blocks of 3.
  
  Verdict: RESOLVED. A is faster than B: the difference is real, as its interval excludes zero and it exceeds the noise floor.
  
  Warnings:
    - the program holds 112 MB of live data, more than the caches of many machines; for data that size, where it lies in memory can shift the result by several points in ways the interval does not cover, and differently in the next process; run the comparison in several processes with the multiproc package
    - in 50% of A/A runs this setup reported a difference between identical code, well above the 10% expected; treat any confidence from it with suspicion

build from empty to 42299 elements, per whole build (151987 operations):
  A: 2.389e+07 ns per operation (median)
  B: 4.331e+07 ns per operation (median)
  A needs 44.6% less time than B: B takes 1.81 times as long as A.
  With 95% confidence the difference lies between 44.1% and 45.2% less time (B takes between 1.79 and 1.83 times as long as A).
  Noise floor: 1.38%. Identical code measured against itself on this setup can look that different, so smaller differences mean nothing.
  Neighbouring measurements are nearly independent (autocorrelation +0.06), so they were resampled one by one.
  
  Verdict: RESOLVED. A is faster than B: the difference is real, as its interval excludes zero and it exceeds the noise floor.
  
  Warnings:
    - the program holds 101 MB of live data, more than the caches of many machines; for data that size, where it lies in memory can shift the result by several points in ways the interval does not cover, and differently in the next process; run the comparison in several processes with the multiproc package

== street multi n=16384 churn and build: ordered vs map-sets
steady state, per insertion or deletion in a structure of 42299 elements (cycle of 111004 operations, first pass untimed):
  A: 148 ns per operation (median)
  B: 97.76 ns per operation (median)
  A needs 48.4% more time than B: B takes only 0.67 times as long as A.
  With 95% confidence the difference lies between 44.2% and 52.4% more time (B takes between 0.656 and 0.69 times as long as A).
  Noise floor: 1.4%. Identical code measured against itself on this setup can look that different, so smaller differences mean nothing.
  Neighbouring measurements are correlated (autocorrelation +0.21), so they were resampled in blocks of 3.
  
  Verdict: RESOLVED. A is slower than B: the difference is real, as its interval excludes zero and it exceeds the noise floor.
  
  Warnings:
    - the program holds 113 MB of live data, more than the caches of many machines; for data that size, where it lies in memory can shift the result by several points in ways the interval does not cover, and differently in the next process; run the comparison in several processes with the multiproc package

build from empty to 42299 elements, per whole build (151987 operations):
  A: 2.371e+07 ns per operation (median)
  B: 1.643e+07 ns per operation (median)
  A needs 42.6% more time than B: B takes only 0.70 times as long as A.
  With 95% confidence the difference lies between 41.4% and 49.2% more time (B takes between 0.67 and 0.71 times as long as A).
  Noise floor: 1.56%. Identical code measured against itself on this setup can look that different, so smaller differences mean nothing.
  Neighbouring measurements are nearly independent (autocorrelation -0.09), so they were resampled one by one.
  
  Verdict: RESOLVED. A is slower than B: the difference is real, as its interval excludes zero and it exceeds the noise floor.
  
  Warnings:
    - the program holds 101 MB of live data, more than the caches of many machines; for data that size, where it lies in memory can shift the result by several points in ways the interval does not cover, and differently in the next process; run the comparison in several processes with the multiproc package

== street multi n=16384 churn and build: ordered vs baseline
steady state, per insertion or deletion in a structure of 42299 elements (cycle of 111004 operations, first pass untimed):
  A: 148 ns per operation (median)
  B: 146.1 ns per operation (median)
  A needs 2.49% more time than B: B takes only 0.98 times as long as A.
  With 95% confidence the difference lies between 0.359% and 3.83% more time (B takes between 0.963 and 1.00 times as long as A).
  Noise floor: 1.16%. Identical code measured against itself on this setup can look that different, so smaller differences mean nothing.
  Neighbouring measurements are correlated (autocorrelation +0.27), so they were resampled in blocks of 3.
  
  Verdict: RESOLVED. A is slower than B: the difference is real, as its interval excludes zero and it exceeds the noise floor.
  
  Warnings:
    - the program holds 109 MB of live data, more than the caches of many machines; for data that size, where it lies in memory can shift the result by several points in ways the interval does not cover, and differently in the next process; run the comparison in several processes with the multiproc package

build from empty to 42299 elements, per whole build (151987 operations):
  A: 2.393e+07 ns per operation (median)
  B: 2.311e+07 ns per operation (median)
  A needs 3.14% more time than B: B takes only 0.97 times as long as A.
  With 95% confidence the difference lies between 1.92% and 5.24% more time (B takes between 0.95 and 0.98 times as long as A).
  Noise floor: 1.17%. Identical code measured against itself on this setup can look that different, so smaller differences mean nothing.
  Neighbouring measurements are nearly independent (autocorrelation +0.16), so they were resampled one by one.
  
  Verdict: RESOLVED. A is slower than B: the difference is real, as its interval excludes zero and it exceeds the noise floor.
  
  Warnings:
    - the program holds 101 MB of live data, more than the caches of many machines; for data that size, where it lies in memory can shift the result by several points in ways the interval does not cover, and differently in the next process; run the comparison in several processes with the multiproc package

checksum 6628598350988380535
== street multi n=16384 valuesFor: ordered vs hashed
A: 75.49 ns per operation (median)
B: 29.99 ns per operation (median)
A needs 152% more time than B: B takes only 0.40 times as long as A.
With 95% confidence the difference lies between 148% and 155% more time (B takes between 0.392 and 0.40 times as long as A).
Noise floor: 1.11%. Identical code measured against itself on this setup can look that different, so smaller differences mean nothing.
Neighbouring measurements are nearly independent (autocorrelation -0.03), so they were resampled one by one.

Verdict: RESOLVED. A is slower than B: the difference is real, as its interval excludes zero and it exceeds the noise floor.

Warnings:
  - the program holds 99 MB of live data, more than the caches of many machines; for data that size, where it lies in memory can shift the result by several points in ways the interval does not cover, and differently in the next process; run the comparison in several processes with the multiproc package
  - in 50% of A/A runs this setup reported a difference between identical code, well above the 10% expected; treat any confidence from it with suspicion

== street multi n=16384 valuesFor: ordered vs btree-sets
A: 77.12 ns per operation (median)
B: 187.5 ns per operation (median)
A needs 58.8% less time than B: B takes 2.43 times as long as A.
With 95% confidence the difference lies between 58.3% and 59.4% less time (B takes between 2.4 and 2.46 times as long as A).
Noise floor: 1.24%. Identical code measured against itself on this setup can look that different, so smaller differences mean nothing.
Neighbouring measurements are nearly independent (autocorrelation +0.10), so they were resampled one by one.

Verdict: RESOLVED. A is faster than B: the difference is real, as its interval excludes zero and it exceeds the noise floor.

Warnings:
  - the program holds 99 MB of live data, more than the caches of many machines; for data that size, where it lies in memory can shift the result by several points in ways the interval does not cover, and differently in the next process; run the comparison in several processes with the multiproc package
  - in 50% of A/A runs this setup reported a difference between identical code, well above the 10% expected; treat any confidence from it with suspicion

== street multi n=16384 valuesFor: ordered vs map-sets
A: 75.45 ns per operation (median)
B: 79.42 ns per operation (median)
A needs 5% less time than B: B takes 1.05 times as long as A.
With 95% confidence the difference lies between 3.55% and 5.61% less time (B takes between 1.04 and 1.06 times as long as A).
Noise floor: 0.861%. Identical code measured against itself on this setup can look that different, so smaller differences mean nothing.
Neighbouring measurements are nearly independent (autocorrelation -0.03), so they were resampled one by one.

Verdict: RESOLVED. A is faster than B: the difference is real, as its interval excludes zero and it exceeds the noise floor.

Warnings:
  - the program holds 99 MB of live data, more than the caches of many machines; for data that size, where it lies in memory can shift the result by several points in ways the interval does not cover, and differently in the next process; run the comparison in several processes with the multiproc package
  - the ratio B/A was 2.49% lower in the second half of the run than in the first, so the candidates had not reached a steady state and the difference depends on how long the run was; a common cause is a head start for whichever candidate ran alone last before the comparison or had its data built last, which a longer CollectOptions.WarmupDuration removes

== street multi n=16384 valuesFor: ordered vs baseline
A: 75.51 ns per operation (median)
B: 75.38 ns per operation (median)
A needs 0.17% more time than B: B takes only 1.00 times as long as A.
With 95% confidence the difference lies between 1.71% more time and 0.71% less time (B takes between 0.983 and 1.01 times as long as A).
Noise floor: 0.858%. Identical code measured against itself on this setup can look that different, so smaller differences mean nothing.
Neighbouring measurements are nearly independent (autocorrelation +0.04), so they were resampled one by one.

Verdict: NOT RESOLVED. This run did not establish which candidate is faster. That is not the same as "equally fast": the warnings below say what is missing.

Warnings:
  - the difference of -0.17% does not clear the 0.86% noise floor, which is what this setup reports between two runs of identical code
  - the interval [-1.71%, 0.71%] includes zero, so a difference in either direction is consistent with these measurements
  - the program holds 99 MB of live data, more than the caches of many machines; for data that size, where it lies in memory can shift the result by several points in ways the interval does not cover, and differently in the next process; run the comparison in several processes with the multiproc package

== street multi n=16384 valuesBetween: ordered vs hashed
A: 3780 ns per operation (median)
B: 2.336e+05 ns per operation (median)
A needs 98.4% less time than B: B takes 61.44 times as long as A.
With 95% confidence the difference lies between 98.2% and 98.7% less time (B takes between 54.5 and 74.09 times as long as A).
Noise floor: 14.3%. Identical code measured against itself on this setup can look that different, so smaller differences mean nothing.
Neighbouring measurements are nearly independent (autocorrelation +0.02), so they were resampled one by one.

Verdict: RESOLVED. A is faster than B: the difference is real, as its interval excludes zero and it exceeds the noise floor.

Warnings:
  - the program holds 99 MB of live data, more than the caches of many machines; for data that size, where it lies in memory can shift the result by several points in ways the interval does not cover, and differently in the next process; run the comparison in several processes with the multiproc package

== street multi n=16384 valuesBetween: ordered vs btree-sets
A: 2949 ns per operation (median)
B: 8226 ns per operation (median)
A needs 63.8% less time than B: B takes 2.76 times as long as A.
With 95% confidence the difference lies between 62.5% and 64.7% less time (B takes between 2.66 and 2.83 times as long as A).
Noise floor: 2.14%. Identical code measured against itself on this setup can look that different, so smaller differences mean nothing.
Neighbouring measurements are nearly independent (autocorrelation -0.00), so they were resampled one by one.

Verdict: RESOLVED. A is faster than B: the difference is real, as its interval excludes zero and it exceeds the noise floor.

Warnings:
  - the program holds 99 MB of live data, more than the caches of many machines; for data that size, where it lies in memory can shift the result by several points in ways the interval does not cover, and differently in the next process; run the comparison in several processes with the multiproc package
  - candidate A drifted during the run: its measurements were 3.13% higher in the second half than in the first, so the machine did not hold still
  - in 50% of A/A runs this setup reported a difference between identical code, well above the 10% expected; treat any confidence from it with suspicion

== street multi n=16384 valuesBetween: ordered vs map-sets
A: 3772 ns per operation (median)
B: 2.302e+05 ns per operation (median)
A needs 98.3% less time than B: B takes 60.35 times as long as A.
With 95% confidence the difference lies between 98.2% and 98.7% less time (B takes between 55.4 and 74.27 times as long as A).
Noise floor: 13.6%. Identical code measured against itself on this setup can look that different, so smaller differences mean nothing.
Neighbouring measurements are nearly independent (autocorrelation +0.08), so they were resampled one by one.

Verdict: RESOLVED. A is faster than B: the difference is real, as its interval excludes zero and it exceeds the noise floor.

Warnings:
  - the program holds 99 MB of live data, more than the caches of many machines; for data that size, where it lies in memory can shift the result by several points in ways the interval does not cover, and differently in the next process; run the comparison in several processes with the multiproc package

== street multi n=16384 valuesBetween: ordered vs baseline
A: 2954 ns per operation (median)
B: 2996 ns per operation (median)
A needs 1.6% less time than B: B takes 1.02 times as long as A.
With 95% confidence the difference lies between 0.121% and 2.61% less time (B takes between 1 and 1.03 times as long as A).
Noise floor: 2.46%. Identical code measured against itself on this setup can look that different, so smaller differences mean nothing.
Neighbouring measurements are correlated (autocorrelation +0.23), so they were resampled in blocks of 3.

Verdict: NOT RESOLVED. This run did not establish which candidate is faster. That is not the same as "equally fast": the warnings below say what is missing.

Warnings:
  - the difference of 1.60% does not clear the 2.46% noise floor, which is what this setup reports between two runs of identical code
  - the program holds 99 MB of live data, more than the caches of many machines; for data that size, where it lies in memory can shift the result by several points in ways the interval does not cover, and differently in the next process; run the comparison in several processes with the multiproc package
  - in 50% of A/A runs this setup reported a difference between identical code, well above the 10% expected; treat any confidence from it with suspicion

== street multi n=16384 prefix: ordered vs hashed
A: 1196 ns per operation (median)
B: 2.316e+05 ns per operation (median)
A needs 99.5% less time than B: B takes 193.71 times as long as A.
With 95% confidence the difference lies between 99.5% and 99.6% less time (B takes between 186 and 247.80 times as long as A).
Noise floor: 13.1%. Identical code measured against itself on this setup can look that different, so smaller differences mean nothing.
Neighbouring measurements are nearly independent (autocorrelation -0.07), so they were resampled one by one.

Verdict: RESOLVED. A is faster than B: the difference is real, as its interval excludes zero and it exceeds the noise floor.

Warnings:
  - the program holds 99 MB of live data, more than the caches of many machines; for data that size, where it lies in memory can shift the result by several points in ways the interval does not cover, and differently in the next process; run the comparison in several processes with the multiproc package
  - in 50% of A/A runs this setup reported a difference between identical code, well above the 10% expected; treat any confidence from it with suspicion

== street multi n=16384 prefix: ordered vs btree-sets
A: 870.4 ns per operation (median)
B: 2964 ns per operation (median)
A needs 70.2% less time than B: B takes 3.35 times as long as A.
With 95% confidence the difference lies between 69.3% and 70.6% less time (B takes between 3.26 and 3.41 times as long as A).
Noise floor: 3.93%. Identical code measured against itself on this setup can look that different, so smaller differences mean nothing.
Neighbouring measurements are nearly independent (autocorrelation -0.25), so they were resampled one by one.

Verdict: RESOLVED. A is faster than B: the difference is real, as its interval excludes zero and it exceeds the noise floor.

Warnings:
  - the program holds 99 MB of live data, more than the caches of many machines; for data that size, where it lies in memory can shift the result by several points in ways the interval does not cover, and differently in the next process; run the comparison in several processes with the multiproc package

== street multi n=16384 prefix: ordered vs map-sets
A: 1236 ns per operation (median)
B: 2.222e+05 ns per operation (median)
A needs 99.4% less time than B: B takes 178.91 times as long as A.
With 95% confidence the difference lies between 99.4% and 99.6% less time (B takes between 175 and 228.22 times as long as A).
Noise floor: 10.3%. Identical code measured against itself on this setup can look that different, so smaller differences mean nothing.
Neighbouring measurements are nearly independent (autocorrelation -0.07), so they were resampled one by one.

Verdict: RESOLVED. A is faster than B: the difference is real, as its interval excludes zero and it exceeds the noise floor.

Warnings:
  - the program holds 99 MB of live data, more than the caches of many machines; for data that size, where it lies in memory can shift the result by several points in ways the interval does not cover, and differently in the next process; run the comparison in several processes with the multiproc package

== street multi n=16384 prefix: ordered vs baseline
A: 850.7 ns per operation (median)
B: 872 ns per operation (median)
A needs 0.977% less time than B: B takes 1.01 times as long as A.
With 95% confidence the difference lies between 1.32% more time and 3.33% less time (B takes between 0.987 and 1.03 times as long as A).
Noise floor: 4.02%. Identical code measured against itself on this setup can look that different, so smaller differences mean nothing.
Neighbouring measurements are nearly independent (autocorrelation +0.08), so they were resampled one by one.

Verdict: NOT RESOLVED. This run did not establish which candidate is faster. That is not the same as "equally fast": the warnings below say what is missing.

Warnings:
  - the difference of 0.98% does not clear the 4.02% noise floor, which is what this setup reports between two runs of identical code
  - the interval [-1.32%, 3.33%] includes zero, so a difference in either direction is consistent with these measurements
  - the program holds 99 MB of live data, more than the caches of many machines; for data that size, where it lies in memory can shift the result by several points in ways the interval does not cover, and differently in the next process; run the comparison in several processes with the multiproc package
  - in 50% of A/A runs this setup reported a difference between identical code, well above the 10% expected; treat any confidence from it with suspicion

== street multi n=16384 churn and build: ordered vs hashed
steady state, per insertion or deletion in a structure of 42299 elements (cycle of 111004 operations, first pass untimed):
  A: 144 ns per operation (median)
  B: 73.39 ns per operation (median)
  A needs 98.5% more time than B: B takes only 0.50 times as long as A.
  With 95% confidence the difference lies between 93% and 101% more time (B takes between 0.496 and 0.52 times as long as A).
  Noise floor: 2.73%. Identical code measured against itself on this setup can look that different, so smaller differences mean nothing.
  Neighbouring measurements are correlated (autocorrelation +0.32), so they were resampled in blocks of 3.
  
  Verdict: RESOLVED. A is slower than B: the difference is real, as its interval excludes zero and it exceeds the noise floor.
  
  Warnings:
    - the program holds 109 MB of live data, more than the caches of many machines; for data that size, where it lies in memory can shift the result by several points in ways the interval does not cover, and differently in the next process; run the comparison in several processes with the multiproc package
    - in 100% of A/A runs this setup reported a difference between identical code, well above the 10% expected; treat any confidence from it with suspicion

build from empty to 42299 elements, per whole build (151987 operations):
  A: 2.355e+07 ns per operation (median)
  B: 1.378e+07 ns per operation (median)
  A needs 73% more time than B: B takes only 0.58 times as long as A.
  With 95% confidence the difference lies between 70.1% and 75.6% more time (B takes between 0.57 and 0.59 times as long as A).
  Noise floor: 2%. Identical code measured against itself on this setup can look that different, so smaller differences mean nothing.
  Neighbouring measurements are nearly independent (autocorrelation -0.23), so they were resampled one by one.
  
  Verdict: RESOLVED. A is slower than B: the difference is real, as its interval excludes zero and it exceeds the noise floor.
  
  Warnings:
    - the program holds 101 MB of live data, more than the caches of many machines; for data that size, where it lies in memory can shift the result by several points in ways the interval does not cover, and differently in the next process; run the comparison in several processes with the multiproc package
    - in 100% of A/A runs this setup reported a difference between identical code, well above the 10% expected; treat any confidence from it with suspicion

== street multi n=16384 churn and build: ordered vs btree-sets
steady state, per insertion or deletion in a structure of 42299 elements (cycle of 111004 operations, first pass untimed):
  A: 147.3 ns per operation (median)
  B: 270.3 ns per operation (median)
  A needs 46.1% less time than B: B takes 1.86 times as long as A.
  With 95% confidence the difference lies between 43.9% and 46.3% less time (B takes between 1.78 and 1.86 times as long as A).
  Noise floor: 1.77%. Identical code measured against itself on this setup can look that different, so smaller differences mean nothing.
  Neighbouring measurements are nearly independent (autocorrelation -0.02), so they were resampled one by one.
  
  Verdict: RESOLVED. A is faster than B: the difference is real, as its interval excludes zero and it exceeds the noise floor.
  
  Warnings:
    - the program holds 112 MB of live data, more than the caches of many machines; for data that size, where it lies in memory can shift the result by several points in ways the interval does not cover, and differently in the next process; run the comparison in several processes with the multiproc package
    - in 50% of A/A runs this setup reported a difference between identical code, well above the 10% expected; treat any confidence from it with suspicion

build from empty to 42299 elements, per whole build (151987 operations):
  A: 2.451e+07 ns per operation (median)
  B: 4.464e+07 ns per operation (median)
  A needs 45.6% less time than B: B takes 1.84 times as long as A.
  With 95% confidence the difference lies between 44.4% and 46.5% less time (B takes between 1.8 and 1.87 times as long as A).
  Noise floor: 1.37%. Identical code measured against itself on this setup can look that different, so smaller differences mean nothing.
  Neighbouring measurements are nearly independent (autocorrelation +0.18), so they were resampled one by one.
  
  Verdict: RESOLVED. A is faster than B: the difference is real, as its interval excludes zero and it exceeds the noise floor.
  
  Warnings:
    - the program holds 101 MB of live data, more than the caches of many machines; for data that size, where it lies in memory can shift the result by several points in ways the interval does not cover, and differently in the next process; run the comparison in several processes with the multiproc package

== street multi n=16384 churn and build: ordered vs map-sets
steady state, per insertion or deletion in a structure of 42299 elements (cycle of 111004 operations, first pass untimed):
  A: 145 ns per operation (median)
  B: 94.47 ns per operation (median)
  A needs 54.4% more time than B: B takes only 0.65 times as long as A.
  With 95% confidence the difference lies between 51.2% and 57.4% more time (B takes between 0.635 and 0.66 times as long as A).
  Noise floor: 1.43%. Identical code measured against itself on this setup can look that different, so smaller differences mean nothing.
  Neighbouring measurements are correlated (autocorrelation +0.27), so they were resampled in blocks of 3.
  
  Verdict: RESOLVED. A is slower than B: the difference is real, as its interval excludes zero and it exceeds the noise floor.
  
  Warnings:
    - the program holds 112 MB of live data, more than the caches of many machines; for data that size, where it lies in memory can shift the result by several points in ways the interval does not cover, and differently in the next process; run the comparison in several processes with the multiproc package

build from empty to 42299 elements, per whole build (151987 operations):
  A: 2.424e+07 ns per operation (median)
  B: 1.875e+07 ns per operation (median)
  A needs 33% more time than B: B takes only 0.75 times as long as A.
  With 95% confidence the difference lies between 26.6% and 35.8% more time (B takes between 0.737 and 0.79 times as long as A).
  Noise floor: 3.79%. Identical code measured against itself on this setup can look that different, so smaller differences mean nothing.
  Neighbouring measurements are nearly independent (autocorrelation -0.07), so they were resampled one by one.
  
  Verdict: RESOLVED. A is slower than B: the difference is real, as its interval excludes zero and it exceeds the noise floor.
  
  Warnings:
    - the program holds 101 MB of live data, more than the caches of many machines; for data that size, where it lies in memory can shift the result by several points in ways the interval does not cover, and differently in the next process; run the comparison in several processes with the multiproc package
    - candidate B drifted during the run: its measurements were 6.31% lower in the second half than in the first, so the machine did not hold still
    - the ratio B/A was 6.64% lower in the second half of the run than in the first, so the candidates had not reached a steady state and the difference depends on how long the run was; a common cause is a head start for whichever candidate ran alone last before the comparison or had its data built last, which a longer CollectOptions.WarmupDuration removes

== street multi n=16384 churn and build: ordered vs baseline
steady state, per insertion or deletion in a structure of 42299 elements (cycle of 111004 operations, first pass untimed):
  A: 145.3 ns per operation (median)
  B: 143.7 ns per operation (median)
  A needs 2.05% more time than B: B takes only 0.98 times as long as A.
  With 95% confidence the difference lies between 3.27% more time and 0.0699% less time (B takes between 0.968 and 1.00 times as long as A).
  Noise floor: 0.71%. Identical code measured against itself on this setup can look that different, so smaller differences mean nothing.
  Neighbouring measurements are correlated (autocorrelation +0.37), so they were resampled in blocks of 3.
  
  Verdict: NOT RESOLVED. This run did not establish which candidate is faster. That is not the same as "equally fast": the warnings below say what is missing.
  
  Warnings:
    - the interval [-3.27%, 0.07%] includes zero, so a difference in either direction is consistent with these measurements
    - the program holds 108 MB of live data, more than the caches of many machines; for data that size, where it lies in memory can shift the result by several points in ways the interval does not cover, and differently in the next process; run the comparison in several processes with the multiproc package
    - candidate A drifted during the run: its measurements were 3.4% lower in the second half than in the first, so the machine did not hold still

build from empty to 42299 elements, per whole build (151987 operations):
  A: 2.378e+07 ns per operation (median)
  B: 2.362e+07 ns per operation (median)
  A needs 0.584% more time than B: B takes only 0.99 times as long as A.
  With 95% confidence the difference lies between 2.04% more time and 0.96% less time (B takes between 0.98 and 1.01 times as long as A).
  Noise floor: 0.929%. Identical code measured against itself on this setup can look that different, so smaller differences mean nothing.
  Neighbouring measurements are nearly independent (autocorrelation -0.01), so they were resampled one by one.
  
  Verdict: NOT RESOLVED. This run did not establish which candidate is faster. That is not the same as "equally fast": the warnings below say what is missing.
  
  Warnings:
    - the difference of -0.58% does not clear the 0.93% noise floor, which is what this setup reports between two runs of identical code
    - the interval [-2.04%, 0.96%] includes zero, so a difference in either direction is consistent with these measurements
    - the program holds 101 MB of live data, more than the caches of many machines; for data that size, where it lies in memory can shift the result by several points in ways the interval does not cover, and differently in the next process; run the comparison in several processes with the multiproc package

checksum 8026797239183514380
== street multi n=16384 valuesFor: ordered vs hashed
A: 74.87 ns per operation (median)
B: 29.94 ns per operation (median)
A needs 149% more time than B: B takes only 0.40 times as long as A.
With 95% confidence the difference lies between 147% and 153% more time (B takes between 0.396 and 0.41 times as long as A).
Noise floor: 0.988%. Identical code measured against itself on this setup can look that different, so smaller differences mean nothing.
Neighbouring measurements are nearly independent (autocorrelation +0.02), so they were resampled one by one.

Verdict: RESOLVED. A is slower than B: the difference is real, as its interval excludes zero and it exceeds the noise floor.

Warnings:
  - the program holds 107 MB of live data, more than the caches of many machines; for data that size, where it lies in memory can shift the result by several points in ways the interval does not cover, and differently in the next process; run the comparison in several processes with the multiproc package

== street multi n=16384 valuesFor: ordered vs btree-sets
A: 75.89 ns per operation (median)
B: 187.9 ns per operation (median)
A needs 59.3% less time than B: B takes 2.46 times as long as A.
With 95% confidence the difference lies between 59% and 60.2% less time (B takes between 2.44 and 2.51 times as long as A).
Noise floor: 0.934%. Identical code measured against itself on this setup can look that different, so smaller differences mean nothing.
Neighbouring measurements are nearly independent (autocorrelation +0.05), so they were resampled one by one.

Verdict: RESOLVED. A is faster than B: the difference is real, as its interval excludes zero and it exceeds the noise floor.

Warnings:
  - the program holds 107 MB of live data, more than the caches of many machines; for data that size, where it lies in memory can shift the result by several points in ways the interval does not cover, and differently in the next process; run the comparison in several processes with the multiproc package
  - in 50% of A/A runs this setup reported a difference between identical code, well above the 10% expected; treat any confidence from it with suspicion

== street multi n=16384 valuesFor: ordered vs map-sets
A: 74.77 ns per operation (median)
B: 80.21 ns per operation (median)
A needs 6.66% less time than B: B takes 1.07 times as long as A.
With 95% confidence the difference lies between 5.69% and 6.95% less time (B takes between 1.06 and 1.07 times as long as A).
Noise floor: 0.904%. Identical code measured against itself on this setup can look that different, so smaller differences mean nothing.
Neighbouring measurements are nearly independent (autocorrelation -0.11), so they were resampled one by one.

Verdict: RESOLVED. A is faster than B: the difference is real, as its interval excludes zero and it exceeds the noise floor.

Warnings:
  - the program holds 107 MB of live data, more than the caches of many machines; for data that size, where it lies in memory can shift the result by several points in ways the interval does not cover, and differently in the next process; run the comparison in several processes with the multiproc package

== street multi n=16384 valuesFor: ordered vs baseline
A: 74.63 ns per operation (median)
B: 73.76 ns per operation (median)
A needs 0.198% more time than B: B takes only 1.00 times as long as A.
With 95% confidence the difference lies between 2.22% more time and 0.701% less time (B takes between 0.978 and 1.01 times as long as A).
Noise floor: 1.05%. Identical code measured against itself on this setup can look that different, so smaller differences mean nothing.
Neighbouring measurements are nearly independent (autocorrelation -0.06), so they were resampled one by one.

Verdict: NOT RESOLVED. This run did not establish which candidate is faster. That is not the same as "equally fast": the warnings below say what is missing.

Warnings:
  - the difference of -0.20% does not clear the 1.05% noise floor, which is what this setup reports between two runs of identical code
  - the interval [-2.22%, 0.70%] includes zero, so a difference in either direction is consistent with these measurements
  - the program holds 107 MB of live data, more than the caches of many machines; for data that size, where it lies in memory can shift the result by several points in ways the interval does not cover, and differently in the next process; run the comparison in several processes with the multiproc package

== street multi n=16384 valuesBetween: ordered vs hashed
A: 3794 ns per operation (median)
B: 2.333e+05 ns per operation (median)
A needs 98.4% less time than B: B takes 61.36 times as long as A.
With 95% confidence the difference lies between 98.2% and 98.6% less time (B takes between 56.6 and 69.74 times as long as A).
Noise floor: 6.03%. Identical code measured against itself on this setup can look that different, so smaller differences mean nothing.
Neighbouring measurements are nearly independent (autocorrelation +0.09), so they were resampled one by one.

Verdict: RESOLVED. A is faster than B: the difference is real, as its interval excludes zero and it exceeds the noise floor.

Warnings:
  - the program holds 107 MB of live data, more than the caches of many machines; for data that size, where it lies in memory can shift the result by several points in ways the interval does not cover, and differently in the next process; run the comparison in several processes with the multiproc package

== street multi n=16384 valuesBetween: ordered vs btree-sets
A: 2964 ns per operation (median)
B: 8287 ns per operation (median)
A needs 64.1% less time than B: B takes 2.79 times as long as A.
With 95% confidence the difference lies between 63.5% and 64.6% less time (B takes between 2.74 and 2.83 times as long as A).
Noise floor: 1.51%. Identical code measured against itself on this setup can look that different, so smaller differences mean nothing.
Neighbouring measurements are nearly independent (autocorrelation +0.02), so they were resampled one by one.

Verdict: RESOLVED. A is faster than B: the difference is real, as its interval excludes zero and it exceeds the noise floor.

Warnings:
  - the program holds 107 MB of live data, more than the caches of many machines; for data that size, where it lies in memory can shift the result by several points in ways the interval does not cover, and differently in the next process; run the comparison in several processes with the multiproc package

== street multi n=16384 valuesBetween: ordered vs map-sets
A: 3824 ns per operation (median)
B: 2.321e+05 ns per operation (median)
A needs 98.3% less time than B: B takes 60.44 times as long as A.
With 95% confidence the difference lies between 98.2% and 98.6% less time (B takes between 55.1 and 69.17 times as long as A).
Noise floor: 14.5%. Identical code measured against itself on this setup can look that different, so smaller differences mean nothing.
Neighbouring measurements are nearly independent (autocorrelation -0.02), so they were resampled one by one.

Verdict: RESOLVED. A is faster than B: the difference is real, as its interval excludes zero and it exceeds the noise floor.

Warnings:
  - the program holds 107 MB of live data, more than the caches of many machines; for data that size, where it lies in memory can shift the result by several points in ways the interval does not cover, and differently in the next process; run the comparison in several processes with the multiproc package
  - in 50% of A/A runs this setup reported a difference between identical code, well above the 10% expected; treat any confidence from it with suspicion

== street multi n=16384 valuesBetween: ordered vs baseline
A: 2960 ns per operation (median)
B: 3025 ns per operation (median)
A needs 1.62% less time than B: B takes 1.02 times as long as A.
With 95% confidence the difference lies between 0.32% and 3.2% less time (B takes between 1 and 1.03 times as long as A).
Noise floor: 1.49%. Identical code measured against itself on this setup can look that different, so smaller differences mean nothing.
Neighbouring measurements are correlated (autocorrelation +0.21), so they were resampled in blocks of 3.

Verdict: RESOLVED. A is faster than B: the difference is real, as its interval excludes zero and it exceeds the noise floor.

Warnings:
  - the program holds 107 MB of live data, more than the caches of many machines; for data that size, where it lies in memory can shift the result by several points in ways the interval does not cover, and differently in the next process; run the comparison in several processes with the multiproc package

== street multi n=16384 prefix: ordered vs hashed
A: 1121 ns per operation (median)
B: 2.3e+05 ns per operation (median)
A needs 99.5% less time than B: B takes 204.12 times as long as A.
With 95% confidence the difference lies between 99.4% and 99.6% less time (B takes between 176 and 236.75 times as long as A).
Noise floor: 11.7%. Identical code measured against itself on this setup can look that different, so smaller differences mean nothing.
Neighbouring measurements are nearly independent (autocorrelation +0.03), so they were resampled one by one.

Verdict: RESOLVED. A is faster than B: the difference is real, as its interval excludes zero and it exceeds the noise floor.

Warnings:
  - the program holds 107 MB of live data, more than the caches of many machines; for data that size, where it lies in memory can shift the result by several points in ways the interval does not cover, and differently in the next process; run the comparison in several processes with the multiproc package

== street multi n=16384 prefix: ordered vs btree-sets
A: 857.8 ns per operation (median)
B: 3049 ns per operation (median)
A needs 71.6% less time than B: B takes 3.52 times as long as A.
With 95% confidence the difference lies between 70.3% and 73.4% less time (B takes between 3.37 and 3.75 times as long as A).
Noise floor: 5.91%. Identical code measured against itself on this setup can look that different, so smaller differences mean nothing.
Neighbouring measurements are nearly independent (autocorrelation -0.10), so they were resampled one by one.

Verdict: RESOLVED. A is faster than B: the difference is real, as its interval excludes zero and it exceeds the noise floor.

Warnings:
  - the program holds 107 MB of live data, more than the caches of many machines; for data that size, where it lies in memory can shift the result by several points in ways the interval does not cover, and differently in the next process; run the comparison in several processes with the multiproc package
  - in 50% of A/A runs this setup reported a difference between identical code, well above the 10% expected; treat any confidence from it with suspicion

== street multi n=16384 prefix: ordered vs map-sets
A: 1212 ns per operation (median)
B: 2.224e+05 ns per operation (median)
A needs 99.5% less time than B: B takes 182.66 times as long as A.
With 95% confidence the difference lies between 99.4% and 99.6% less time (B takes between 170 and 223.12 times as long as A).
Noise floor: 2.17%. Identical code measured against itself on this setup can look that different, so smaller differences mean nothing.
Neighbouring measurements are nearly independent (autocorrelation -0.04), so they were resampled one by one.

Verdict: RESOLVED. A is faster than B: the difference is real, as its interval excludes zero and it exceeds the noise floor.

Warnings:
  - the program holds 99 MB of live data, more than the caches of many machines; for data that size, where it lies in memory can shift the result by several points in ways the interval does not cover, and differently in the next process; run the comparison in several processes with the multiproc package

== street multi n=16384 prefix: ordered vs baseline
A: 852.2 ns per operation (median)
B: 879.9 ns per operation (median)
A needs 3.1% less time than B: B takes 1.03 times as long as A.
With 95% confidence the difference lies between 0.479% and 6.88% less time (B takes between 1 and 1.07 times as long as A).
Noise floor: 3.9%. Identical code measured against itself on this setup can look that different, so smaller differences mean nothing.
Neighbouring measurements are nearly independent (autocorrelation +0.02), so they were resampled one by one.

Verdict: NOT RESOLVED. This run did not establish which candidate is faster. That is not the same as "equally fast": the warnings below say what is missing.

Warnings:
  - the difference of 3.10% does not clear the 3.90% noise floor, which is what this setup reports between two runs of identical code
  - the program holds 99 MB of live data, more than the caches of many machines; for data that size, where it lies in memory can shift the result by several points in ways the interval does not cover, and differently in the next process; run the comparison in several processes with the multiproc package
  - 6.0% of bootstrap replicates tied, so the measurement is coarse relative to the question; lower CollectOptions.MaxQuantizationError to lengthen the batches

== street multi n=16384 churn and build: ordered vs hashed
steady state, per insertion or deletion in a structure of 42299 elements (cycle of 111004 operations, first pass untimed):
  A: 148.9 ns per operation (median)
  B: 76.93 ns per operation (median)
  A needs 94.3% more time than B: B takes only 0.51 times as long as A.
  With 95% confidence the difference lies between 88.6% and 96.2% more time (B takes between 0.51 and 0.53 times as long as A).
  Noise floor: 1.15%. Identical code measured against itself on this setup can look that different, so smaller differences mean nothing.
  Neighbouring measurements are correlated (autocorrelation +0.24), so they were resampled in blocks of 3.
  
  Verdict: RESOLVED. A is slower than B: the difference is real, as its interval excludes zero and it exceeds the noise floor.
  
  Warnings:
    - the program holds 109 MB of live data, more than the caches of many machines; for data that size, where it lies in memory can shift the result by several points in ways the interval does not cover, and differently in the next process; run the comparison in several processes with the multiproc package

build from empty to 42299 elements, per whole build (151987 operations):
  A: 2.358e+07 ns per operation (median)
  B: 1.374e+07 ns per operation (median)
  A needs 69.3% more time than B: B takes only 0.59 times as long as A.
  With 95% confidence the difference lies between 67.3% and 72.7% more time (B takes between 0.579 and 0.60 times as long as A).
  Noise floor: 1.79%. Identical code measured against itself on this setup can look that different, so smaller differences mean nothing.
  Neighbouring measurements are nearly independent (autocorrelation +0.16), so they were resampled one by one.
  
  Verdict: RESOLVED. A is slower than B: the difference is real, as its interval excludes zero and it exceeds the noise floor.
  
  Warnings:
    - the program holds 101 MB of live data, more than the caches of many machines; for data that size, where it lies in memory can shift the result by several points in ways the interval does not cover, and differently in the next process; run the comparison in several processes with the multiproc package

== street multi n=16384 churn and build: ordered vs btree-sets
steady state, per insertion or deletion in a structure of 42299 elements (cycle of 111004 operations, first pass untimed):
  A: 152.8 ns per operation (median)
  B: 286.1 ns per operation (median)
  A needs 45.4% less time than B: B takes 1.83 times as long as A.
  With 95% confidence the difference lies between 44.7% and 46.6% less time (B takes between 1.81 and 1.87 times as long as A).
  Noise floor: 0.739%. Identical code measured against itself on this setup can look that different, so smaller differences mean nothing.
  Neighbouring measurements are nearly independent (autocorrelation +0.16), so they were resampled one by one.
  
  Verdict: RESOLVED. A is faster than B: the difference is real, as its interval excludes zero and it exceeds the noise floor.
  
  Warnings:
    - the program holds 112 MB of live data, more than the caches of many machines; for data that size, where it lies in memory can shift the result by several points in ways the interval does not cover, and differently in the next process; run the comparison in several processes with the multiproc package
    - candidate A drifted during the run: its measurements were 3.09% higher in the second half than in the first, so the machine did not hold still
    - candidate B drifted during the run: its measurements were 2.86% higher in the second half than in the first, so the machine did not hold still
    - 12.7% of bootstrap replicates tied, so the measurement is coarse relative to the question; lower CollectOptions.MaxQuantizationError to lengthen the batches

build from empty to 42299 elements, per whole build (151987 operations):
  A: 2.431e+07 ns per operation (median)
  B: 4.519e+07 ns per operation (median)
  A needs 46.1% less time than B: B takes 1.85 times as long as A.
  With 95% confidence the difference lies between 45.1% and 47% less time (B takes between 1.82 and 1.89 times as long as A).
  Noise floor: 1.3%. Identical code measured against itself on this setup can look that different, so smaller differences mean nothing.
  Neighbouring measurements are nearly independent (autocorrelation -0.13), so they were resampled one by one.
  
  Verdict: RESOLVED. A is faster than B: the difference is real, as its interval excludes zero and it exceeds the noise floor.
  
  Warnings:
    - the program holds 101 MB of live data, more than the caches of many machines; for data that size, where it lies in memory can shift the result by several points in ways the interval does not cover, and differently in the next process; run the comparison in several processes with the multiproc package

== street multi n=16384 churn and build: ordered vs map-sets
steady state, per insertion or deletion in a structure of 42299 elements (cycle of 111004 operations, first pass untimed):
  A: 152.2 ns per operation (median)
  B: 107.5 ns per operation (median)
  A needs 41.6% more time than B: B takes only 0.71 times as long as A.
  With 95% confidence the difference lies between 38.2% and 46.4% more time (B takes between 0.683 and 0.72 times as long as A).
  Noise floor: 1.1%. Identical code measured against itself on this setup can look that different, so smaller differences mean nothing.
  Neighbouring measurements are correlated (autocorrelation +0.39), so they were resampled in blocks of 3.
  
  Verdict: RESOLVED. A is slower than B: the difference is real, as its interval excludes zero and it exceeds the noise floor.
  
  Warnings:
    - the program holds 112 MB of live data, more than the caches of many machines; for data that size, where it lies in memory can shift the result by several points in ways the interval does not cover, and differently in the next process; run the comparison in several processes with the multiproc package

build from empty to 42299 elements, per whole build (151987 operations):
  A: 2.437e+07 ns per operation (median)
  B: 1.964e+07 ns per operation (median)
  A needs 23.7% more time than B: B takes only 0.81 times as long as A.
  With 95% confidence the difference lies between 19.5% and 33.2% more time (B takes between 0.751 and 0.84 times as long as A).
  Noise floor: 1.77%. Identical code measured against itself on this setup can look that different, so smaller differences mean nothing.
  Neighbouring measurements are nearly independent (autocorrelation -0.07), so they were resampled one by one.
  
  Verdict: RESOLVED. A is slower than B: the difference is real, as its interval excludes zero and it exceeds the noise floor.
  
  Warnings:
    - the program holds 101 MB of live data, more than the caches of many machines; for data that size, where it lies in memory can shift the result by several points in ways the interval does not cover, and differently in the next process; run the comparison in several processes with the multiproc package

== street multi n=16384 churn and build: ordered vs baseline
steady state, per insertion or deletion in a structure of 42299 elements (cycle of 111004 operations, first pass untimed):
  A: 153.2 ns per operation (median)
  B: 150.2 ns per operation (median)
  A needs 2.19% more time than B: B takes only 0.98 times as long as A.
  With 95% confidence the difference lies between 3.57% more time and 0.0458% less time (B takes between 0.966 and 1.00 times as long as A).
  Noise floor: 0.97%. Identical code measured against itself on this setup can look that different, so smaller differences mean nothing.
  Neighbouring measurements are nearly independent (autocorrelation +0.11), so they were resampled one by one.
  
  Verdict: NOT RESOLVED. This run did not establish which candidate is faster. That is not the same as "equally fast": the warnings below say what is missing.
  
  Warnings:
    - the interval [-3.57%, 0.05%] includes zero, so a difference in either direction is consistent with these measurements
    - the program holds 108 MB of live data, more than the caches of many machines; for data that size, where it lies in memory can shift the result by several points in ways the interval does not cover, and differently in the next process; run the comparison in several processes with the multiproc package
    - candidate A drifted during the run: its measurements were 4.44% higher in the second half than in the first, so the machine did not hold still
    - candidate B drifted during the run: its measurements were 5.34% higher in the second half than in the first, so the machine did not hold still

build from empty to 42299 elements, per whole build (151987 operations):
  A: 2.397e+07 ns per operation (median)
  B: 2.363e+07 ns per operation (median)
  A needs 2.52% more time than B: B takes only 0.98 times as long as A.
  With 95% confidence the difference lies between 3.34% more time and 1.54% less time (B takes between 0.968 and 1.02 times as long as A).
  Noise floor: 1.11%. Identical code measured against itself on this setup can look that different, so smaller differences mean nothing.
  Neighbouring measurements are correlated (autocorrelation +0.21), so they were resampled in blocks of 3.
  
  Verdict: NOT RESOLVED. This run did not establish which candidate is faster. That is not the same as "equally fast": the warnings below say what is missing.
  
  Warnings:
    - the interval [-3.34%, 1.54%] includes zero, so a difference in either direction is consistent with these measurements
    - the program holds 101 MB of live data, more than the caches of many machines; for data that size, where it lies in memory can shift the result by several points in ways the interval does not cover, and differently in the next process; run the comparison in several processes with the multiproc package

checksum 267172629923418485
== street multi n=16384 valuesFor: ordered vs hashed
A: 76.41 ns per operation (median)
B: 29.62 ns per operation (median)
A needs 158% more time than B: B takes only 0.39 times as long as A.
With 95% confidence the difference lies between 155% and 160% more time (B takes between 0.385 and 0.39 times as long as A).
Noise floor: 1.7%. Identical code measured against itself on this setup can look that different, so smaller differences mean nothing.
Neighbouring measurements are nearly independent (autocorrelation -0.02), so they were resampled one by one.

Verdict: RESOLVED. A is slower than B: the difference is real, as its interval excludes zero and it exceeds the noise floor.

Warnings:
  - the program holds 91 MB of live data, more than the caches of many machines; for data that size, where it lies in memory can shift the result by several points in ways the interval does not cover, and differently in the next process; run the comparison in several processes with the multiproc package
  - in 50% of A/A runs this setup reported a difference between identical code, well above the 10% expected; treat any confidence from it with suspicion

== street multi n=16384 valuesFor: ordered vs btree-sets
A: 77.44 ns per operation (median)
B: 184.9 ns per operation (median)
A needs 58% less time than B: B takes 2.38 times as long as A.
With 95% confidence the difference lies between 57.5% and 58.6% less time (B takes between 2.35 and 2.41 times as long as A).
Noise floor: 0.893%. Identical code measured against itself on this setup can look that different, so smaller differences mean nothing.
Neighbouring measurements are nearly independent (autocorrelation +0.00), so they were resampled one by one.

Verdict: RESOLVED. A is faster than B: the difference is real, as its interval excludes zero and it exceeds the noise floor.

Warnings:
  - the program holds 91 MB of live data, more than the caches of many machines; for data that size, where it lies in memory can shift the result by several points in ways the interval does not cover, and differently in the next process; run the comparison in several processes with the multiproc package

== street multi n=16384 valuesFor: ordered vs map-sets
A: 75.9 ns per operation (median)
B: 78.97 ns per operation (median)
A needs 3.56% less time than B: B takes 1.04 times as long as A.
With 95% confidence the difference lies between 2.82% and 4.63% less time (B takes between 1.03 and 1.05 times as long as A).
Noise floor: 0.981%. Identical code measured against itself on this setup can look that different, so smaller differences mean nothing.
Neighbouring measurements are nearly independent (autocorrelation +0.02), so they were resampled one by one.

Verdict: RESOLVED. A is faster than B: the difference is real, as its interval excludes zero and it exceeds the noise floor.

Warnings:
  - the program holds 91 MB of live data, more than the caches of many machines; for data that size, where it lies in memory can shift the result by several points in ways the interval does not cover, and differently in the next process; run the comparison in several processes with the multiproc package

== street multi n=16384 valuesFor: ordered vs baseline
A: 76.28 ns per operation (median)
B: 75.72 ns per operation (median)
A needs 1.47% more time than B: B takes only 0.99 times as long as A.
With 95% confidence the difference lies between 2.18% more time and 0.624% less time (B takes between 0.979 and 1.01 times as long as A).
Noise floor: 1.26%. Identical code measured against itself on this setup can look that different, so smaller differences mean nothing.
Neighbouring measurements are nearly independent (autocorrelation -0.01), so they were resampled one by one.

Verdict: NOT RESOLVED. This run did not establish which candidate is faster. That is not the same as "equally fast": the warnings below say what is missing.

Warnings:
  - the interval [-2.18%, 0.62%] includes zero, so a difference in either direction is consistent with these measurements
  - the program holds 91 MB of live data, more than the caches of many machines; for data that size, where it lies in memory can shift the result by several points in ways the interval does not cover, and differently in the next process; run the comparison in several processes with the multiproc package

== street multi n=16384 valuesBetween: ordered vs hashed
A: 3713 ns per operation (median)
B: 2.196e+05 ns per operation (median)
A needs 98.3% less time than B: B takes 58.92 times as long as A.
With 95% confidence the difference lies between 98.1% and 98.5% less time (B takes between 51.9 and 68.57 times as long as A).
Noise floor: 2.2%. Identical code measured against itself on this setup can look that different, so smaller differences mean nothing.
Neighbouring measurements are nearly independent (autocorrelation -0.09), so they were resampled one by one.

Verdict: RESOLVED. A is faster than B: the difference is real, as its interval excludes zero and it exceeds the noise floor.

Warnings:
  - the program holds 91 MB of live data, more than the caches of many machines; for data that size, where it lies in memory can shift the result by several points in ways the interval does not cover, and differently in the next process; run the comparison in several processes with the multiproc package

== street multi n=16384 valuesBetween: ordered vs btree-sets
A: 2972 ns per operation (median)
B: 8286 ns per operation (median)
A needs 63.9% less time than B: B takes 2.77 times as long as A.
With 95% confidence the difference lies between 63.5% and 64.5% less time (B takes between 2.74 and 2.81 times as long as A).
Noise floor: 1.62%. Identical code measured against itself on this setup can look that different, so smaller differences mean nothing.
Neighbouring measurements are nearly independent (autocorrelation -0.02), so they were resampled one by one.

Verdict: RESOLVED. A is faster than B: the difference is real, as its interval excludes zero and it exceeds the noise floor.

Warnings:
  - the program holds 91 MB of live data, more than the caches of many machines; for data that size, where it lies in memory can shift the result by several points in ways the interval does not cover, and differently in the next process; run the comparison in several processes with the multiproc package

== street multi n=16384 valuesBetween: ordered vs map-sets
A: 3521 ns per operation (median)
B: 2.157e+05 ns per operation (median)
A needs 98.4% less time than B: B takes 61.60 times as long as A.
With 95% confidence the difference lies between 98% and 98.5% less time (B takes between 50.9 and 67.20 times as long as A).
Noise floor: 4.7%. Identical code measured against itself on this setup can look that different, so smaller differences mean nothing.
Neighbouring measurements are nearly independent (autocorrelation -0.14), so they were resampled one by one.

Verdict: RESOLVED. A is faster than B: the difference is real, as its interval excludes zero and it exceeds the noise floor.

Warnings:
  - the program holds 99 MB of live data, more than the caches of many machines; for data that size, where it lies in memory can shift the result by several points in ways the interval does not cover, and differently in the next process; run the comparison in several processes with the multiproc package

== street multi n=16384 valuesBetween: ordered vs baseline
A: 2971 ns per operation (median)
B: 3015 ns per operation (median)
A needs 1.52% less time than B: B takes 1.02 times as long as A.
With 95% confidence the difference lies between 0.286% and 3.07% less time (B takes between 1 and 1.03 times as long as A).
Noise floor: 0.602%. Identical code measured against itself on this setup can look that different, so smaller differences mean nothing.
Neighbouring measurements are nearly independent (autocorrelation -0.03), so they were resampled one by one.

Verdict: RESOLVED. A is faster than B: the difference is real, as its interval excludes zero and it exceeds the noise floor.

Warnings:
  - the program holds 99 MB of live data, more than the caches of many machines; for data that size, where it lies in memory can shift the result by several points in ways the interval does not cover, and differently in the next process; run the comparison in several processes with the multiproc package

== street multi n=16384 prefix: ordered vs hashed
A: 1246 ns per operation (median)
B: 2.168e+05 ns per operation (median)
A needs 99.4% less time than B: B takes 175.24 times as long as A.
With 95% confidence the difference lies between 99.4% and 99.6% less time (B takes between 168 and 225.05 times as long as A).
Noise floor: 14.3%. Identical code measured against itself on this setup can look that different, so smaller differences mean nothing.
Neighbouring measurements are nearly independent (autocorrelation -0.13), so they were resampled one by one.

Verdict: RESOLVED. A is faster than B: the difference is real, as its interval excludes zero and it exceeds the noise floor.

Warnings:
  - the program holds 99 MB of live data, more than the caches of many machines; for data that size, where it lies in memory can shift the result by several points in ways the interval does not cover, and differently in the next process; run the comparison in several processes with the multiproc package

== street multi n=16384 prefix: ordered vs btree-sets
A: 887.6 ns per operation (median)
B: 3017 ns per operation (median)
A needs 70.3% less time than B: B takes 3.37 times as long as A.
With 95% confidence the difference lies between 69.3% and 71.2% less time (B takes between 3.26 and 3.48 times as long as A).
Noise floor: 2.48%. Identical code measured against itself on this setup can look that different, so smaller differences mean nothing.
Neighbouring measurements are nearly independent (autocorrelation -0.00), so they were resampled one by one.

Verdict: RESOLVED. A is faster than B: the difference is real, as its interval excludes zero and it exceeds the noise floor.

Warnings:
  - the program holds 99 MB of live data, more than the caches of many machines; for data that size, where it lies in memory can shift the result by several points in ways the interval does not cover, and differently in the next process; run the comparison in several processes with the multiproc package
  - candidate A drifted during the run: its measurements were 5.48% higher in the second half than in the first, so the machine did not hold still
  - in 50% of A/A runs this setup reported a difference between identical code, well above the 10% expected; treat any confidence from it with suspicion

== street multi n=16384 prefix: ordered vs map-sets
A: 1108 ns per operation (median)
B: 2.065e+05 ns per operation (median)
A needs 99.5% less time than B: B takes 186.43 times as long as A.
With 95% confidence the difference lies between 99.4% and 99.5% less time (B takes between 160 and 214.51 times as long as A).
Noise floor: 9.66%. Identical code measured against itself on this setup can look that different, so smaller differences mean nothing.
Neighbouring measurements are nearly independent (autocorrelation -0.01), so they were resampled one by one.

Verdict: RESOLVED. A is faster than B: the difference is real, as its interval excludes zero and it exceeds the noise floor.

Warnings:
  - the program holds 98 MB of live data, more than the caches of many machines; for data that size, where it lies in memory can shift the result by several points in ways the interval does not cover, and differently in the next process; run the comparison in several processes with the multiproc package

== street multi n=16384 prefix: ordered vs baseline
A: 860.1 ns per operation (median)
B: 853.9 ns per operation (median)
A needs 0.545% less time than B: B takes 1.01 times as long as A.
With 95% confidence the difference lies between 3.8% more time and 2.69% less time (B takes between 0.963 and 1.03 times as long as A).
Noise floor: 3.79%. Identical code measured against itself on this setup can look that different, so smaller differences mean nothing.
Neighbouring measurements are nearly independent (autocorrelation -0.12), so they were resampled one by one.

Verdict: NOT RESOLVED. This run did not establish which candidate is faster. That is not the same as "equally fast": the warnings below say what is missing.

Warnings:
  - the difference of 0.54% does not clear the 3.79% noise floor, which is what this setup reports between two runs of identical code
  - the interval [-3.80%, 2.69%] includes zero, so a difference in either direction is consistent with these measurements
  - the program holds 98 MB of live data, more than the caches of many machines; for data that size, where it lies in memory can shift the result by several points in ways the interval does not cover, and differently in the next process; run the comparison in several processes with the multiproc package
  - in 50% of A/A runs this setup reported a difference between identical code, well above the 10% expected; treat any confidence from it with suspicion

== street multi n=16384 churn and build: ordered vs hashed
steady state, per insertion or deletion in a structure of 42299 elements (cycle of 111004 operations, first pass untimed):
  A: 143.8 ns per operation (median)
  B: 71.64 ns per operation (median)
  A needs 99.1% more time than B: B takes only 0.50 times as long as A.
  With 95% confidence the difference lies between 98.3% and 101% more time (B takes between 0.497 and 0.50 times as long as A).
  Noise floor: 1.26%. Identical code measured against itself on this setup can look that different, so smaller differences mean nothing.
  Neighbouring measurements are correlated (autocorrelation +0.27), so they were resampled in blocks of 3.
  
  Verdict: RESOLVED. A is slower than B: the difference is real, as its interval excludes zero and it exceeds the noise floor.
  
  Warnings:
    - the program holds 109 MB of live data, more than the caches of many machines; for data that size, where it lies in memory can shift the result by several points in ways the interval does not cover, and differently in the next process; run the comparison in several processes with the multiproc package
    - in 100% of A/A runs this setup reported a difference between identical code, well above the 10% expected; treat any confidence from it with suspicion

build from empty to 42299 elements, per whole build (151987 operations):
  A: 2.385e+07 ns per operation (median)
  B: 1.414e+07 ns per operation (median)
  A needs 68.5% more time than B: B takes only 0.59 times as long as A.
  With 95% confidence the difference lies between 64.5% and 73.9% more time (B takes between 0.575 and 0.61 times as long as A).
  Noise floor: 2.3%. Identical code measured against itself on this setup can look that different, so smaller differences mean nothing.
  Neighbouring measurements are correlated (autocorrelation +0.31), so they were resampled in blocks of 3.
  
  Verdict: RESOLVED. A is slower than B: the difference is real, as its interval excludes zero and it exceeds the noise floor.
  
  Warnings:
    - the program holds 101 MB of live data, more than the caches of many machines; for data that size, where it lies in memory can shift the result by several points in ways the interval does not cover, and differently in the next process; run the comparison in several processes with the multiproc package
    - in 50% of A/A runs this setup reported a difference between identical code, well above the 10% expected; treat any confidence from it with suspicion

== street multi n=16384 churn and build: ordered vs btree-sets
steady state, per insertion or deletion in a structure of 42299 elements (cycle of 111004 operations, first pass untimed):
  A: 153.3 ns per operation (median)
  B: 284.9 ns per operation (median)
  A needs 46.3% less time than B: B takes 1.86 times as long as A.
  With 95% confidence the difference lies between 45% and 46.8% less time (B takes between 1.82 and 1.88 times as long as A).
  Noise floor: 1.3%. Identical code measured against itself on this setup can look that different, so smaller differences mean nothing.
  Neighbouring measurements are correlated (autocorrelation +0.24), so they were resampled in blocks of 3.
  
  Verdict: RESOLVED. A is faster than B: the difference is real, as its interval excludes zero and it exceeds the noise floor.
  
  Warnings:
    - the program holds 112 MB of live data, more than the caches of many machines; for data that size, where it lies in memory can shift the result by several points in ways the interval does not cover, and differently in the next process; run the comparison in several processes with the multiproc package
    - candidate A drifted during the run: its measurements were 4.96% lower in the second half than in the first, so the machine did not hold still
    - candidate B drifted during the run: its measurements were 5.36% lower in the second half than in the first, so the machine did not hold still

build from empty to 42299 elements, per whole build (151987 operations):
  A: 2.435e+07 ns per operation (median)
  B: 4.519e+07 ns per operation (median)
  A needs 45.5% less time than B: B takes 1.84 times as long as A.
  With 95% confidence the difference lies between 44.4% and 47.3% less time (B takes between 1.8 and 1.90 times as long as A).
  Noise floor: 1.73%. Identical code measured against itself on this setup can look that different, so smaller differences mean nothing.
  Neighbouring measurements are nearly independent (autocorrelation -0.08), so they were resampled one by one.
  
  Verdict: RESOLVED. A is faster than B: the difference is real, as its interval excludes zero and it exceeds the noise floor.
  
  Warnings:
    - the program holds 101 MB of live data, more than the caches of many machines; for data that size, where it lies in memory can shift the result by several points in ways the interval does not cover, and differently in the next process; run the comparison in several processes with the multiproc package

== street multi n=16384 churn and build: ordered vs map-sets
steady state, per insertion or deletion in a structure of 42299 elements (cycle of 111004 operations, first pass untimed):
  A: 145.5 ns per operation (median)
  B: 94.36 ns per operation (median)
  A needs 55.5% more time than B: B takes only 0.64 times as long as A.
  With 95% confidence the difference lies between 53.2% and 58.8% more time (B takes between 0.63 and 0.65 times as long as A).
  Noise floor: 1.58%. Identical code measured against itself on this setup can look that different, so smaller differences mean nothing.
  Neighbouring measurements are correlated (autocorrelation +0.54), so they were resampled in blocks of 3.
  
  Verdict: RESOLVED. A is slower than B: the difference is real, as its interval excludes zero and it exceeds the noise floor.
  
  Warnings:
    - the program holds 112 MB of live data, more than the caches of many machines; for data that size, where it lies in memory can shift the result by several points in ways the interval does not cover, and differently in the next process; run the comparison in several processes with the multiproc package
    - in 50% of A/A runs this setup reported a difference between identical code, well above the 10% expected; treat any confidence from it with suspicion

build from empty to 42299 elements, per whole build (151987 operations):
  A: 2.424e+07 ns per operation (median)
  B: 1.81e+07 ns per operation (median)
  A needs 32.9% more time than B: B takes only 0.75 times as long as A.
  With 95% confidence the difference lies between 22.7% and 42.3% more time (B takes between 0.703 and 0.81 times as long as A).
  Noise floor: 1.53%. Identical code measured against itself on this setup can look that different, so smaller differences mean nothing.
  Neighbouring measurements are correlated (autocorrelation +0.24), so they were resampled in blocks of 3.
  
  Verdict: RESOLVED. A is slower than B: the difference is real, as its interval excludes zero and it exceeds the noise floor.
  
  Warnings:
    - the program holds 101 MB of live data, more than the caches of many machines; for data that size, where it lies in memory can shift the result by several points in ways the interval does not cover, and differently in the next process; run the comparison in several processes with the multiproc package
    - candidate B drifted during the run: its measurements were 11.4% higher in the second half than in the first, so the machine did not hold still

== street multi n=16384 churn and build: ordered vs baseline
steady state, per insertion or deletion in a structure of 42299 elements (cycle of 111004 operations, first pass untimed):
  A: 153.9 ns per operation (median)
  B: 149.2 ns per operation (median)
  A needs 1.51% more time than B: B takes only 0.99 times as long as A.
  With 95% confidence the difference lies between 0.864% and 3.96% more time (B takes between 0.962 and 0.99 times as long as A).
  Noise floor: 0.77%. Identical code measured against itself on this setup can look that different, so smaller differences mean nothing.
  Neighbouring measurements are nearly independent (autocorrelation +0.14), so they were resampled one by one.
  
  Verdict: RESOLVED. A is slower than B: the difference is real, as its interval excludes zero and it exceeds the noise floor.
  
  Warnings:
    - the program holds 108 MB of live data, more than the caches of many machines; for data that size, where it lies in memory can shift the result by several points in ways the interval does not cover, and differently in the next process; run the comparison in several processes with the multiproc package
    - 5.9% of bootstrap replicates tied, so the measurement is coarse relative to the question; lower CollectOptions.MaxQuantizationError to lengthen the batches
    - in 50% of A/A runs this setup reported a difference between identical code, well above the 10% expected; treat any confidence from it with suspicion

build from empty to 42299 elements, per whole build (151987 operations):
  A: 2.384e+07 ns per operation (median)
  B: 2.34e+07 ns per operation (median)
  A needs 2.84% more time than B: B takes only 0.97 times as long as A.
  With 95% confidence the difference lies between 4.84% more time and 0.79% less time (B takes between 0.954 and 1.01 times as long as A).
  Noise floor: 1.08%. Identical code measured against itself on this setup can look that different, so smaller differences mean nothing.
  Neighbouring measurements are nearly independent (autocorrelation -0.02), so they were resampled one by one.
  
  Verdict: NOT RESOLVED. This run did not establish which candidate is faster. That is not the same as "equally fast": the warnings below say what is missing.
  
  Warnings:
    - the interval [-4.84%, 0.79%] includes zero, so a difference in either direction is consistent with these measurements
    - the program holds 101 MB of live data, more than the caches of many machines; for data that size, where it lies in memory can shift the result by several points in ways the interval does not cover, and differently in the next process; run the comparison in several processes with the multiproc package

checksum 16194994372687693862
== street multi n=16384 valuesFor: ordered vs hashed
A: 76.67 ns per operation (median)
B: 30.43 ns per operation (median)
A needs 153% more time than B: B takes only 0.40 times as long as A.
With 95% confidence the difference lies between 150% and 155% more time (B takes between 0.392 and 0.40 times as long as A).
Noise floor: 1.69%. Identical code measured against itself on this setup can look that different, so smaller differences mean nothing.
Neighbouring measurements are nearly independent (autocorrelation -0.11), so they were resampled one by one.

Verdict: RESOLVED. A is slower than B: the difference is real, as its interval excludes zero and it exceeds the noise floor.

Warnings:
  - the program holds 88 MB of live data, more than the caches of many machines; for data that size, where it lies in memory can shift the result by several points in ways the interval does not cover, and differently in the next process; run the comparison in several processes with the multiproc package
  - in 50% of A/A runs this setup reported a difference between identical code, well above the 10% expected; treat any confidence from it with suspicion

== street multi n=16384 valuesFor: ordered vs btree-sets
A: 77.61 ns per operation (median)
B: 190.3 ns per operation (median)
A needs 58.9% less time than B: B takes 2.43 times as long as A.
With 95% confidence the difference lies between 58.4% and 59.5% less time (B takes between 2.4 and 2.47 times as long as A).
Noise floor: 0.739%. Identical code measured against itself on this setup can look that different, so smaller differences mean nothing.
Neighbouring measurements are nearly independent (autocorrelation +0.04), so they were resampled one by one.

Verdict: RESOLVED. A is faster than B: the difference is real, as its interval excludes zero and it exceeds the noise floor.

Warnings:
  - the program holds 88 MB of live data, more than the caches of many machines; for data that size, where it lies in memory can shift the result by several points in ways the interval does not cover, and differently in the next process; run the comparison in several processes with the multiproc package
  - candidate A drifted during the run: its measurements were 2.78% lower in the second half than in the first, so the machine did not hold still
  - candidate B drifted during the run: its measurements were 1.06% lower in the second half than in the first, so the machine did not hold still
  - in 50% of A/A runs this setup reported a difference between identical code, well above the 10% expected; treat any confidence from it with suspicion

== street multi n=16384 valuesFor: ordered vs map-sets
A: 75.48 ns per operation (median)
B: 79.1 ns per operation (median)
A needs 4.6% less time than B: B takes 1.05 times as long as A.
With 95% confidence the difference lies between 3.86% and 5.55% less time (B takes between 1.04 and 1.06 times as long as A).
Noise floor: 0.74%. Identical code measured against itself on this setup can look that different, so smaller differences mean nothing.
Neighbouring measurements are nearly independent (autocorrelation +0.05), so they were resampled one by one.

Verdict: RESOLVED. A is faster than B: the difference is real, as its interval excludes zero and it exceeds the noise floor.

Warnings:
  - the program holds 88 MB of live data, more than the caches of many machines; for data that size, where it lies in memory can shift the result by several points in ways the interval does not cover, and differently in the next process; run the comparison in several processes with the multiproc package

== street multi n=16384 valuesFor: ordered vs baseline
A: 75.39 ns per operation (median)
B: 75.32 ns per operation (median)
A needs 0.159% less time than B: B takes 1.00 times as long as A.
With 95% confidence the difference lies between 2.75% more time and 0.781% less time (B takes between 0.973 and 1.01 times as long as A).
Noise floor: 1.09%. Identical code measured against itself on this setup can look that different, so smaller differences mean nothing.
Neighbouring measurements are nearly independent (autocorrelation +0.15), so they were resampled one by one.

Verdict: NOT RESOLVED. This run did not establish which candidate is faster. That is not the same as "equally fast": the warnings below say what is missing.

Warnings:
  - the difference of 0.16% does not clear the 1.09% noise floor, which is what this setup reports between two runs of identical code
  - the interval [-2.75%, 0.78%] includes zero, so a difference in either direction is consistent with these measurements
  - the program holds 88 MB of live data, more than the caches of many machines; for data that size, where it lies in memory can shift the result by several points in ways the interval does not cover, and differently in the next process; run the comparison in several processes with the multiproc package

== street multi n=16384 valuesBetween: ordered vs hashed
A: 3596 ns per operation (median)
B: 2.351e+05 ns per operation (median)
A needs 98.5% less time than B: B takes 65.02 times as long as A.
With 95% confidence the difference lies between 98.4% and 98.6% less time (B takes between 62.4 and 69.85 times as long as A).
Noise floor: 8.92%. Identical code measured against itself on this setup can look that different, so smaller differences mean nothing.
Neighbouring measurements are nearly independent (autocorrelation +0.03), so they were resampled one by one.

Verdict: RESOLVED. A is faster than B: the difference is real, as its interval excludes zero and it exceeds the noise floor.

Warnings:
  - the program holds 88 MB of live data, more than the caches of many machines; for data that size, where it lies in memory can shift the result by several points in ways the interval does not cover, and differently in the next process; run the comparison in several processes with the multiproc package

== street multi n=16384 valuesBetween: ordered vs btree-sets
A: 2987 ns per operation (median)
B: 8207 ns per operation (median)
A needs 63.4% less time than B: B takes 2.73 times as long as A.
With 95% confidence the difference lies between 62.9% and 64.2% less time (B takes between 2.69 and 2.79 times as long as A).
Noise floor: 1.76%. Identical code measured against itself on this setup can look that different, so smaller differences mean nothing.
Neighbouring measurements are nearly independent (autocorrelation +0.15), so they were resampled one by one.

Verdict: RESOLVED. A is faster than B: the difference is real, as its interval excludes zero and it exceeds the noise floor.

Warnings:
  - the program holds 100 MB of live data, more than the caches of many machines; for data that size, where it lies in memory can shift the result by several points in ways the interval does not cover, and differently in the next process; run the comparison in several processes with the multiproc package

== street multi n=16384 valuesBetween: ordered vs map-sets
A: 3780 ns per operation (median)
B: 2.337e+05 ns per operation (median)
A needs 98.4% less time than B: B takes 61.18 times as long as A.
With 95% confidence the difference lies between 98.2% and 98.6% less time (B takes between 54.2 and 70.52 times as long as A).
Noise floor: 14.8%. Identical code measured against itself on this setup can look that different, so smaller differences mean nothing.
Neighbouring measurements are nearly independent (autocorrelation -0.07), so they were resampled one by one.

Verdict: RESOLVED. A is faster than B: the difference is real, as its interval excludes zero and it exceeds the noise floor.

Warnings:
  - the program holds 100 MB of live data, more than the caches of many machines; for data that size, where it lies in memory can shift the result by several points in ways the interval does not cover, and differently in the next process; run the comparison in several processes with the multiproc package

== street multi n=16384 valuesBetween: ordered vs baseline
A: 2966 ns per operation (median)
B: 3021 ns per operation (median)
A needs 2.32% less time than B: B takes 1.02 times as long as A.
With 95% confidence the difference lies between 0.218% more time and 3.36% less time (B takes between 0.998 and 1.03 times as long as A).
Noise floor: 0.995%. Identical code measured against itself on this setup can look that different, so smaller differences mean nothing.
Neighbouring measurements are nearly independent (autocorrelation +0.06), so they were resampled one by one.

Verdict: NOT RESOLVED. This run did not establish which candidate is faster. That is not the same as "equally fast": the warnings below say what is missing.

Warnings:
  - the interval [-0.22%, 3.36%] includes zero, so a difference in either direction is consistent with these measurements
  - the program holds 100 MB of live data, more than the caches of many machines; for data that size, where it lies in memory can shift the result by several points in ways the interval does not cover, and differently in the next process; run the comparison in several processes with the multiproc package

== street multi n=16384 prefix: ordered vs hashed
A: 1281 ns per operation (median)
B: 2.325e+05 ns per operation (median)
A needs 99.5% less time than B: B takes 182.11 times as long as A.
With 95% confidence the difference lies between 99.4% and 99.6% less time (B takes between 176 and 231.54 times as long as A).
Noise floor: 10.3%. Identical code measured against itself on this setup can look that different, so smaller differences mean nothing.
Neighbouring measurements are nearly independent (autocorrelation -0.09), so they were resampled one by one.

Verdict: RESOLVED. A is faster than B: the difference is real, as its interval excludes zero and it exceeds the noise floor.

Warnings:
  - the program holds 100 MB of live data, more than the caches of many machines; for data that size, where it lies in memory can shift the result by several points in ways the interval does not cover, and differently in the next process; run the comparison in several processes with the multiproc package

== street multi n=16384 prefix: ordered vs btree-sets
A: 871.7 ns per operation (median)
B: 2993 ns per operation (median)
A needs 71% less time than B: B takes 3.45 times as long as A.
With 95% confidence the difference lies between 70.4% and 72.1% less time (B takes between 3.38 and 3.59 times as long as A).
Noise floor: 3.1%. Identical code measured against itself on this setup can look that different, so smaller differences mean nothing.
Neighbouring measurements are nearly independent (autocorrelation -0.05), so they were resampled one by one.

Verdict: RESOLVED. A is faster than B: the difference is real, as its interval excludes zero and it exceeds the noise floor.

Warnings:
  - the program holds 100 MB of live data, more than the caches of many machines; for data that size, where it lies in memory can shift the result by several points in ways the interval does not cover, and differently in the next process; run the comparison in several processes with the multiproc package

== street multi n=16384 prefix: ordered vs map-sets
A: 1244 ns per operation (median)
B: 2.231e+05 ns per operation (median)
A needs 99.4% less time than B: B takes 178.87 times as long as A.
With 95% confidence the difference lies between 99.4% and 99.6% less time (B takes between 174 and 227.08 times as long as A).
Noise floor: 8.03%. Identical code measured against itself on this setup can look that different, so smaller differences mean nothing.
Neighbouring measurements are nearly independent (autocorrelation -0.00), so they were resampled one by one.

Verdict: RESOLVED. A is faster than B: the difference is real, as its interval excludes zero and it exceeds the noise floor.

Warnings:
  - the program holds 99 MB of live data, more than the caches of many machines; for data that size, where it lies in memory can shift the result by several points in ways the interval does not cover, and differently in the next process; run the comparison in several processes with the multiproc package

== street multi n=16384 prefix: ordered vs baseline
A: 853.6 ns per operation (median)
B: 862.5 ns per operation (median)
A needs 1.88% less time than B: B takes 1.02 times as long as A.
With 95% confidence the difference lies between 4.49% more time and 4.62% less time (B takes between 0.957 and 1.05 times as long as A).
Noise floor: 2.43%. Identical code measured against itself on this setup can look that different, so smaller differences mean nothing.
Neighbouring measurements are nearly independent (autocorrelation -0.14), so they were resampled one by one.

Verdict: NOT RESOLVED. This run did not establish which candidate is faster. That is not the same as "equally fast": the warnings below say what is missing.

Warnings:
  - the difference of 1.88% does not clear the 2.43% noise floor, which is what this setup reports between two runs of identical code
  - the interval [-4.49%, 4.62%] includes zero, so a difference in either direction is consistent with these measurements
  - the program holds 99 MB of live data, more than the caches of many machines; for data that size, where it lies in memory can shift the result by several points in ways the interval does not cover, and differently in the next process; run the comparison in several processes with the multiproc package

== street multi n=16384 churn and build: ordered vs hashed
steady state, per insertion or deletion in a structure of 42299 elements (cycle of 111004 operations, first pass untimed):
  A: 144.5 ns per operation (median)
  B: 74.35 ns per operation (median)
  A needs 93.4% more time than B: B takes only 0.52 times as long as A.
  With 95% confidence the difference lies between 91.9% and 97.2% more time (B takes between 0.507 and 0.52 times as long as A).
  Noise floor: 2.47%. Identical code measured against itself on this setup can look that different, so smaller differences mean nothing.
  Neighbouring measurements are correlated (autocorrelation +0.35), so they were resampled in blocks of 3.
  
  Verdict: RESOLVED. A is slower than B: the difference is real, as its interval excludes zero and it exceeds the noise floor.
  
  Warnings:
    - the program holds 109 MB of live data, more than the caches of many machines; for data that size, where it lies in memory can shift the result by several points in ways the interval does not cover, and differently in the next process; run the comparison in several processes with the multiproc package
    - candidate B drifted during the run: its measurements were 4.46% higher in the second half than in the first, so the machine did not hold still
    - in 100% of A/A runs this setup reported a difference between identical code, well above the 10% expected; treat any confidence from it with suspicion

build from empty to 42299 elements, per whole build (151987 operations):
  A: 2.374e+07 ns per operation (median)
  B: 1.386e+07 ns per operation (median)
  A needs 72.8% more time than B: B takes only 0.58 times as long as A.
  With 95% confidence the difference lies between 69.1% and 76% more time (B takes between 0.568 and 0.59 times as long as A).
  Noise floor: 2.01%. Identical code measured against itself on this setup can look that different, so smaller differences mean nothing.
  Neighbouring measurements are nearly independent (autocorrelation +0.07), so they were resampled one by one.
  
  Verdict: RESOLVED. A is slower than B: the difference is real, as its interval excludes zero and it exceeds the noise floor.
  
  Warnings:
    - the program holds 101 MB of live data, more than the caches of many machines; for data that size, where it lies in memory can shift the result by several points in ways the interval does not cover, and differently in the next process; run the comparison in several processes with the multiproc package
    - in 50% of A/A runs this setup reported a difference between identical code, well above the 10% expected; treat any confidence from it with suspicion

== street multi n=16384 churn and build: ordered vs btree-sets
steady state, per insertion or deletion in a structure of 42299 elements (cycle of 111004 operations, first pass untimed):
  A: 159.6 ns per operation (median)
  B: 299.3 ns per operation (median)
  A needs 46.2% less time than B: B takes 1.86 times as long as A.
  With 95% confidence the difference lies between 44.7% and 47.7% less time (B takes between 1.81 and 1.91 times as long as A).
  Noise floor: 2.74%. Identical code measured against itself on this setup can look that different, so smaller differences mean nothing.
  Neighbouring measurements are nearly independent (autocorrelation +0.16), so they were resampled one by one.
  
  Verdict: RESOLVED. A is faster than B: the difference is real, as its interval excludes zero and it exceeds the noise floor.
  
  Warnings:
    - the program holds 112 MB of live data, more than the caches of many machines; for data that size, where it lies in memory can shift the result by several points in ways the interval does not cover, and differently in the next process; run the comparison in several processes with the multiproc package
    - candidate A drifted during the run: its measurements were 3.87% higher in the second half than in the first, so the machine did not hold still
    - candidate B drifted during the run: its measurements were 5.4% higher in the second half than in the first, so the machine did not hold still
    - in 50% of A/A runs this setup reported a difference between identical code, well above the 10% expected; treat any confidence from it with suspicion

build from empty to 42299 elements, per whole build (151987 operations):
  A: 2.403e+07 ns per operation (median)
  B: 4.422e+07 ns per operation (median)
  A needs 45.6% less time than B: B takes 1.84 times as long as A.
  With 95% confidence the difference lies between 44% and 46.7% less time (B takes between 1.78 and 1.88 times as long as A).
  Noise floor: 1.67%. Identical code measured against itself on this setup can look that different, so smaller differences mean nothing.
  Neighbouring measurements are correlated (autocorrelation +0.26), so they were resampled in blocks of 3.
  
  Verdict: RESOLVED. A is faster than B: the difference is real, as its interval excludes zero and it exceeds the noise floor.
  
  Warnings:
    - the program holds 101 MB of live data, more than the caches of many machines; for data that size, where it lies in memory can shift the result by several points in ways the interval does not cover, and differently in the next process; run the comparison in several processes with the multiproc package
    - in 50% of A/A runs this setup reported a difference between identical code, well above the 10% expected; treat any confidence from it with suspicion

== street multi n=16384 churn and build: ordered vs map-sets
steady state, per insertion or deletion in a structure of 42299 elements (cycle of 111004 operations, first pass untimed):
  A: 163.4 ns per operation (median)
  B: 125 ns per operation (median)
  A needs 33.4% more time than B: B takes only 0.75 times as long as A.
  With 95% confidence the difference lies between 27.9% and 44.4% more time (B takes between 0.693 and 0.78 times as long as A).
  Noise floor: 1.82%. Identical code measured against itself on this setup can look that different, so smaller differences mean nothing.
  Neighbouring measurements are correlated (autocorrelation +0.50), so they were resampled in blocks of 3.
  
  Verdict: RESOLVED. A is slower than B: the difference is real, as its interval excludes zero and it exceeds the noise floor.
  
  Warnings:
    - the program holds 113 MB of live data, more than the caches of many machines; for data that size, where it lies in memory can shift the result by several points in ways the interval does not cover, and differently in the next process; run the comparison in several processes with the multiproc package
    - candidate A drifted during the run: its measurements were 9.11% lower in the second half than in the first, so the machine did not hold still
    - candidate B drifted during the run: its measurements were 19.6% lower in the second half than in the first, so the machine did not hold still
    - the ratio B/A was 13.3% lower in the second half of the run than in the first, so the candidates had not reached a steady state and the difference depends on how long the run was; a common cause is a head start for whichever candidate ran alone last before the comparison or had its data built last, which a longer CollectOptions.WarmupDuration removes

build from empty to 42299 elements, per whole build (151987 operations):
  A: 2.432e+07 ns per operation (median)
  B: 1.798e+07 ns per operation (median)
  A needs 39.9% more time than B: B takes only 0.71 times as long as A.
  With 95% confidence the difference lies between 29.3% and 44.1% more time (B takes between 0.694 and 0.77 times as long as A).
  Noise floor: 1.99%. Identical code measured against itself on this setup can look that different, so smaller differences mean nothing.
  Neighbouring measurements are nearly independent (autocorrelation -0.17), so they were resampled one by one.
  
  Verdict: RESOLVED. A is slower than B: the difference is real, as its interval excludes zero and it exceeds the noise floor.
  
  Warnings:
    - the program holds 101 MB of live data, more than the caches of many machines; for data that size, where it lies in memory can shift the result by several points in ways the interval does not cover, and differently in the next process; run the comparison in several processes with the multiproc package

== street multi n=16384 churn and build: ordered vs baseline
steady state, per insertion or deletion in a structure of 42299 elements (cycle of 111004 operations, first pass untimed):
  A: 151.2 ns per operation (median)
  B: 147.9 ns per operation (median)
  A needs 2.21% more time than B: B takes only 0.98 times as long as A.
  With 95% confidence the difference lies between 1.08% and 3.7% more time (B takes between 0.964 and 0.99 times as long as A).
  Noise floor: 1.72%. Identical code measured against itself on this setup can look that different, so smaller differences mean nothing.
  Neighbouring measurements are correlated (autocorrelation +0.35), so they were resampled in blocks of 3.
  
  Verdict: RESOLVED. A is slower than B: the difference is real, as its interval excludes zero and it exceeds the noise floor.
  
  Warnings:
    - the program holds 109 MB of live data, more than the caches of many machines; for data that size, where it lies in memory can shift the result by several points in ways the interval does not cover, and differently in the next process; run the comparison in several processes with the multiproc package

build from empty to 42299 elements, per whole build (151987 operations):
  A: 2.406e+07 ns per operation (median)
  B: 2.362e+07 ns per operation (median)
  A needs 2.2% more time than B: B takes only 0.98 times as long as A.
  With 95% confidence the difference lies between 0.79% and 3.57% more time (B takes between 0.965 and 0.99 times as long as A).
  Noise floor: 0.646%. Identical code measured against itself on this setup can look that different, so smaller differences mean nothing.
  Neighbouring measurements are nearly independent (autocorrelation +0.12), so they were resampled one by one.
  
  Verdict: RESOLVED. A is slower than B: the difference is real, as its interval excludes zero and it exceeds the noise floor.
  
  Warnings:
    - the program holds 101 MB of live data, more than the caches of many machines; for data that size, where it lies in memory can shift the result by several points in ways the interval does not cover, and differently in the next process; run the comparison in several processes with the multiproc package
    - candidate B drifted during the run: its measurements were 2.04% lower in the second half than in the first, so the machine did not hold still

checksum 10980275346411925622
== street multi n=16384 valuesFor: ordered vs hashed
A: 75.94 ns per operation (median)
B: 29.66 ns per operation (median)
A needs 157% more time than B: B takes only 0.39 times as long as A.
With 95% confidence the difference lies between 153% and 159% more time (B takes between 0.386 and 0.40 times as long as A).
Noise floor: 1.04%. Identical code measured against itself on this setup can look that different, so smaller differences mean nothing.
Neighbouring measurements are nearly independent (autocorrelation -0.12), so they were resampled one by one.

Verdict: RESOLVED. A is slower than B: the difference is real, as its interval excludes zero and it exceeds the noise floor.

Warnings:
  - the program holds 74 MB of live data, more than the caches of many machines; for data that size, where it lies in memory can shift the result by several points in ways the interval does not cover, and differently in the next process; run the comparison in several processes with the multiproc package
  - in 100% of A/A runs this setup reported a difference between identical code, well above the 10% expected; treat any confidence from it with suspicion

== street multi n=16384 valuesFor: ordered vs btree-sets
A: 76.88 ns per operation (median)
B: 186.5 ns per operation (median)
A needs 58.6% less time than B: B takes 2.42 times as long as A.
With 95% confidence the difference lies between 58.2% and 59.5% less time (B takes between 2.39 and 2.47 times as long as A).
Noise floor: 1.14%. Identical code measured against itself on this setup can look that different, so smaller differences mean nothing.
Neighbouring measurements are nearly independent (autocorrelation +0.19), so they were resampled one by one.

Verdict: RESOLVED. A is faster than B: the difference is real, as its interval excludes zero and it exceeds the noise floor.

Warnings:
  - the program holds 74 MB of live data, more than the caches of many machines; for data that size, where it lies in memory can shift the result by several points in ways the interval does not cover, and differently in the next process; run the comparison in several processes with the multiproc package

== street multi n=16384 valuesFor: ordered vs map-sets
A: 75.5 ns per operation (median)
B: 79 ns per operation (median)
A needs 5% less time than B: B takes 1.05 times as long as A.
With 95% confidence the difference lies between 4.04% and 6.14% less time (B takes between 1.04 and 1.07 times as long as A).
Noise floor: 0.971%. Identical code measured against itself on this setup can look that different, so smaller differences mean nothing.
Neighbouring measurements are nearly independent (autocorrelation +0.01), so they were resampled one by one.

Verdict: RESOLVED. A is faster than B: the difference is real, as its interval excludes zero and it exceeds the noise floor.

Warnings:
  - the program holds 74 MB of live data, more than the caches of many machines; for data that size, where it lies in memory can shift the result by several points in ways the interval does not cover, and differently in the next process; run the comparison in several processes with the multiproc package
  - in 50% of A/A runs this setup reported a difference between identical code, well above the 10% expected; treat any confidence from it with suspicion

== street multi n=16384 valuesFor: ordered vs baseline
A: 75.66 ns per operation (median)
B: 75.26 ns per operation (median)
A needs 1.02% more time than B: B takes only 0.99 times as long as A.
With 95% confidence the difference lies between 2.38% more time and 0.393% less time (B takes between 0.977 and 1.00 times as long as A).
Noise floor: 0.559%. Identical code measured against itself on this setup can look that different, so smaller differences mean nothing.
Neighbouring measurements are nearly independent (autocorrelation +0.03), so they were resampled one by one.

Verdict: NOT RESOLVED. This run did not establish which candidate is faster. That is not the same as "equally fast": the warnings below say what is missing.

Warnings:
  - the interval [-2.38%, 0.39%] includes zero, so a difference in either direction is consistent with these measurements
  - the program holds 100 MB of live data, more than the caches of many machines; for data that size, where it lies in memory can shift the result by several points in ways the interval does not cover, and differently in the next process; run the comparison in several processes with the multiproc package

== street multi n=16384 valuesBetween: ordered vs hashed
A: 3546 ns per operation (median)
B: 2.189e+05 ns per operation (median)
A needs 98.4% less time than B: B takes 61.40 times as long as A.
With 95% confidence the difference lies between 98.1% and 98.5% less time (B takes between 54 and 68.21 times as long as A).
Noise floor: 8.54%. Identical code measured against itself on this setup can look that different, so smaller differences mean nothing.
Neighbouring measurements are nearly independent (autocorrelation -0.09), so they were resampled one by one.

Verdict: RESOLVED. A is faster than B: the difference is real, as its interval excludes zero and it exceeds the noise floor.

Warnings:
  - the program holds 100 MB of live data, more than the caches of many machines; for data that size, where it lies in memory can shift the result by several points in ways the interval does not cover, and differently in the next process; run the comparison in several processes with the multiproc package

== street multi n=16384 valuesBetween: ordered vs btree-sets
A: 2977 ns per operation (median)
B: 8131 ns per operation (median)
A needs 63.3% less time than B: B takes 2.73 times as long as A.
With 95% confidence the difference lies between 62.7% and 64.2% less time (B takes between 2.68 and 2.80 times as long as A).
Noise floor: 1.7%. Identical code measured against itself on this setup can look that different, so smaller differences mean nothing.
Neighbouring measurements are nearly independent (autocorrelation +0.00), so they were resampled one by one.

Verdict: RESOLVED. A is faster than B: the difference is real, as its interval excludes zero and it exceeds the noise floor.

Warnings:
  - the program holds 100 MB of live data, more than the caches of many machines; for data that size, where it lies in memory can shift the result by several points in ways the interval does not cover, and differently in the next process; run the comparison in several processes with the multiproc package
  - in 50% of A/A runs this setup reported a difference between identical code, well above the 10% expected; treat any confidence from it with suspicion

== street multi n=16384 valuesBetween: ordered vs map-sets
A: 3757 ns per operation (median)
B: 2.335e+05 ns per operation (median)
A needs 98.4% less time than B: B takes 62.95 times as long as A.
With 95% confidence the difference lies between 98.1% and 98.6% less time (B takes between 52.1 and 69.90 times as long as A).
Noise floor: 10.6%. Identical code measured against itself on this setup can look that different, so smaller differences mean nothing.
Neighbouring measurements are nearly independent (autocorrelation +0.00), so they were resampled one by one.

Verdict: RESOLVED. A is faster than B: the difference is real, as its interval excludes zero and it exceeds the noise floor.

Warnings:
  - the program holds 100 MB of live data, more than the caches of many machines; for data that size, where it lies in memory can shift the result by several points in ways the interval does not cover, and differently in the next process; run the comparison in several processes with the multiproc package

== street multi n=16384 valuesBetween: ordered vs baseline
A: 2960 ns per operation (median)
B: 3016 ns per operation (median)
A needs 1.24% less time than B: B takes 1.01 times as long as A.
With 95% confidence the difference lies between 0.0967% and 2.8% less time (B takes between 1 and 1.03 times as long as A).
Noise floor: 0.934%. Identical code measured against itself on this setup can look that different, so smaller differences mean nothing.
Neighbouring measurements are nearly independent (autocorrelation -0.00), so they were resampled one by one.

Verdict: RESOLVED. A is faster than B: the difference is real, as its interval excludes zero and it exceeds the noise floor.

Warnings:
  - the program holds 100 MB of live data, more than the caches of many machines; for data that size, where it lies in memory can shift the result by several points in ways the interval does not cover, and differently in the next process; run the comparison in several processes with the multiproc package

== street multi n=16384 prefix: ordered vs hashed
A: 1219 ns per operation (median)
B: 2.153e+05 ns per operation (median)
A needs 99.4% less time than B: B takes 176.58 times as long as A.
With 95% confidence the difference lies between 99.4% and 99.6% less time (B takes between 166 and 226.07 times as long as A).
Noise floor: 10.6%. Identical code measured against itself on this setup can look that different, so smaller differences mean nothing.
Neighbouring measurements are nearly independent (autocorrelation -0.02), so they were resampled one by one.

Verdict: RESOLVED. A is faster than B: the difference is real, as its interval excludes zero and it exceeds the noise floor.

Warnings:
  - the program holds 100 MB of live data, more than the caches of many machines; for data that size, where it lies in memory can shift the result by several points in ways the interval does not cover, and differently in the next process; run the comparison in several processes with the multiproc package

== street multi n=16384 prefix: ordered vs btree-sets
A: 869.1 ns per operation (median)
B: 2932 ns per operation (median)
A needs 70.3% less time than B: B takes 3.37 times as long as A.
With 95% confidence the difference lies between 69.2% and 72.7% less time (B takes between 3.24 and 3.66 times as long as A).
Noise floor: 4.3%. Identical code measured against itself on this setup can look that different, so smaller differences mean nothing.
Neighbouring measurements are nearly independent (autocorrelation -0.25), so they were resampled one by one.

Verdict: RESOLVED. A is faster than B: the difference is real, as its interval excludes zero and it exceeds the noise floor.

Warnings:
  - the program holds 100 MB of live data, more than the caches of many machines; for data that size, where it lies in memory can shift the result by several points in ways the interval does not cover, and differently in the next process; run the comparison in several processes with the multiproc package
  - in 50% of A/A runs this setup reported a difference between identical code, well above the 10% expected; treat any confidence from it with suspicion

== street multi n=16384 prefix: ordered vs map-sets
A: 1062 ns per operation (median)
B: 2.242e+05 ns per operation (median)
A needs 99.5% less time than B: B takes 210.02 times as long as A.
With 95% confidence the difference lies between 99.4% and 99.6% less time (B takes between 171 and 223.73 times as long as A).
Noise floor: 11.8%. Identical code measured against itself on this setup can look that different, so smaller differences mean nothing.
Neighbouring measurements are nearly independent (autocorrelation -0.01), so they were resampled one by one.

Verdict: RESOLVED. A is faster than B: the difference is real, as its interval excludes zero and it exceeds the noise floor.

Warnings:
  - the program holds 99 MB of live data, more than the caches of many machines; for data that size, where it lies in memory can shift the result by several points in ways the interval does not cover, and differently in the next process; run the comparison in several processes with the multiproc package

== street multi n=16384 prefix: ordered vs baseline
A: 853.3 ns per operation (median)
B: 861 ns per operation (median)
A needs 0.366% less time than B: B takes 1.00 times as long as A.
With 95% confidence the difference lies between 3.53% more time and 4.17% less time (B takes between 0.966 and 1.04 times as long as A).
Noise floor: 3.83%. Identical code measured against itself on this setup can look that different, so smaller differences mean nothing.
Neighbouring measurements are nearly independent (autocorrelation -0.25), so they were resampled one by one.

Verdict: NOT RESOLVED. This run did not establish which candidate is faster. That is not the same as "equally fast": the warnings below say what is missing.

Warnings:
  - the difference of 0.37% does not clear the 3.83% noise floor, which is what this setup reports between two runs of identical code
  - the interval [-3.53%, 4.17%] includes zero, so a difference in either direction is consistent with these measurements
  - the program holds 99 MB of live data, more than the caches of many machines; for data that size, where it lies in memory can shift the result by several points in ways the interval does not cover, and differently in the next process; run the comparison in several processes with the multiproc package

== street multi n=16384 churn and build: ordered vs hashed
steady state, per insertion or deletion in a structure of 42299 elements (cycle of 111004 operations, first pass untimed):
  A: 145.5 ns per operation (median)
  B: 75.7 ns per operation (median)
  A needs 92.7% more time than B: B takes only 0.52 times as long as A.
  With 95% confidence the difference lies between 87.5% and 96.1% more time (B takes between 0.51 and 0.53 times as long as A).
  Noise floor: 2.8%. Identical code measured against itself on this setup can look that different, so smaller differences mean nothing.
  Neighbouring measurements are correlated (autocorrelation +0.24), so they were resampled in blocks of 3.
  
  Verdict: RESOLVED. A is slower than B: the difference is real, as its interval excludes zero and it exceeds the noise floor.
  
  Warnings:
    - the program holds 109 MB of live data, more than the caches of many machines; for data that size, where it lies in memory can shift the result by several points in ways the interval does not cover, and differently in the next process; run the comparison in several processes with the multiproc package
    - candidate B drifted during the run: its measurements were 5.01% lower in the second half than in the first, so the machine did not hold still
    - in 50% of A/A runs this setup reported a difference between identical code, well above the 10% expected; treat any confidence from it with suspicion

build from empty to 42299 elements, per whole build (151987 operations):
  A: 2.405e+07 ns per operation (median)
  B: 1.325e+07 ns per operation (median)
  A needs 79.8% more time than B: B takes only 0.56 times as long as A.
  With 95% confidence the difference lies between 72.7% and 83.2% more time (B takes between 0.546 and 0.58 times as long as A).
  Noise floor: 1.17%. Identical code measured against itself on this setup can look that different, so smaller differences mean nothing.
  Neighbouring measurements are nearly independent (autocorrelation +0.19), so they were resampled one by one.
  
  Verdict: RESOLVED. A is slower than B: the difference is real, as its interval excludes zero and it exceeds the noise floor.
  
  Warnings:
    - the program holds 101 MB of live data, more than the caches of many machines; for data that size, where it lies in memory can shift the result by several points in ways the interval does not cover, and differently in the next process; run the comparison in several processes with the multiproc package

== street multi n=16384 churn and build: ordered vs btree-sets
steady state, per insertion or deletion in a structure of 42299 elements (cycle of 111004 operations, first pass untimed):
  A: 159.7 ns per operation (median)
  B: 299 ns per operation (median)
  A needs 45.9% less time than B: B takes 1.85 times as long as A.
  With 95% confidence the difference lies between 44.8% and 47.8% less time (B takes between 1.81 and 1.91 times as long as A).
  Noise floor: 1.84%. Identical code measured against itself on this setup can look that different, so smaller differences mean nothing.
  Neighbouring measurements are correlated (autocorrelation +0.34), so they were resampled in blocks of 3.
  
  Verdict: RESOLVED. A is faster than B: the difference is real, as its interval excludes zero and it exceeds the noise floor.
  
  Warnings:
    - the program holds 112 MB of live data, more than the caches of many machines; for data that size, where it lies in memory can shift the result by several points in ways the interval does not cover, and differently in the next process; run the comparison in several processes with the multiproc package
    - candidate B drifted during the run: its measurements were 4.35% lower in the second half than in the first, so the machine did not hold still
    - in 50% of A/A runs this setup reported a difference between identical code, well above the 10% expected; treat any confidence from it with suspicion

build from empty to 42299 elements, per whole build (151987 operations):
  A: 2.44e+07 ns per operation (median)
  B: 4.469e+07 ns per operation (median)
  A needs 44.5% less time than B: B takes 1.80 times as long as A.
  With 95% confidence the difference lies between 42.9% and 46.8% less time (B takes between 1.75 and 1.88 times as long as A).
  Noise floor: 2.58%. Identical code measured against itself on this setup can look that different, so smaller differences mean nothing.
  Neighbouring measurements are nearly independent (autocorrelation -0.07), so they were resampled one by one.
  
  Verdict: RESOLVED. A is faster than B: the difference is real, as its interval excludes zero and it exceeds the noise floor.
  
  Warnings:
    - the program holds 101 MB of live data, more than the caches of many machines; for data that size, where it lies in memory can shift the result by several points in ways the interval does not cover, and differently in the next process; run the comparison in several processes with the multiproc package
    - in 50% of A/A runs this setup reported a difference between identical code, well above the 10% expected; treat any confidence from it with suspicion

== street multi n=16384 churn and build: ordered vs map-sets
steady state, per insertion or deletion in a structure of 42299 elements (cycle of 111004 operations, first pass untimed):
  A: 162.2 ns per operation (median)
  B: 115 ns per operation (median)
  A needs 40.9% more time than B: B takes only 0.71 times as long as A.
  With 95% confidence the difference lies between 32.1% and 47.6% more time (B takes between 0.678 and 0.76 times as long as A).
  Noise floor: 2.78%. Identical code measured against itself on this setup can look that different, so smaller differences mean nothing.
  Neighbouring measurements are correlated (autocorrelation +0.35), so they were resampled in blocks of 3.
  
  Verdict: RESOLVED. A is slower than B: the difference is real, as its interval excludes zero and it exceeds the noise floor.
  
  Warnings:
    - the program holds 112 MB of live data, more than the caches of many machines; for data that size, where it lies in memory can shift the result by several points in ways the interval does not cover, and differently in the next process; run the comparison in several processes with the multiproc package

build from empty to 42299 elements, per whole build (151987 operations):
  A: 2.454e+07 ns per operation (median)
  B: 1.762e+07 ns per operation (median)
  A needs 39.9% more time than B: B takes only 0.71 times as long as A.
  With 95% confidence the difference lies between 31.8% and 45.7% more time (B takes between 0.687 and 0.76 times as long as A).
  Noise floor: 5.04%. Identical code measured against itself on this setup can look that different, so smaller differences mean nothing.
  Neighbouring measurements are nearly independent (autocorrelation -0.07), so they were resampled one by one.
  
  Verdict: RESOLVED. A is slower than B: the difference is real, as its interval excludes zero and it exceeds the noise floor.
  
  Warnings:
    - the program holds 101 MB of live data, more than the caches of many machines; for data that size, where it lies in memory can shift the result by several points in ways the interval does not cover, and differently in the next process; run the comparison in several processes with the multiproc package

== street multi n=16384 churn and build: ordered vs baseline
steady state, per insertion or deletion in a structure of 42299 elements (cycle of 111004 operations, first pass untimed):
  A: 150.4 ns per operation (median)
  B: 146.2 ns per operation (median)
  A needs 2.47% more time than B: B takes only 0.98 times as long as A.
  With 95% confidence the difference lies between 1.39% and 4.14% more time (B takes between 0.96 and 0.99 times as long as A).
  Noise floor: 0.852%. Identical code measured against itself on this setup can look that different, so smaller differences mean nothing.
  Neighbouring measurements are nearly independent (autocorrelation +0.19), so they were resampled one by one.
  
  Verdict: RESOLVED. A is slower than B: the difference is real, as its interval excludes zero and it exceeds the noise floor.
  
  Warnings:
    - the program holds 108 MB of live data, more than the caches of many machines; for data that size, where it lies in memory can shift the result by several points in ways the interval does not cover, and differently in the next process; run the comparison in several processes with the multiproc package
    - candidate A drifted during the run: its measurements were 2.89% lower in the second half than in the first, so the machine did not hold still
    - candidate B drifted during the run: its measurements were 2.52% lower in the second half than in the first, so the machine did not hold still

build from empty to 42299 elements, per whole build (151987 operations):
  A: 2.431e+07 ns per operation (median)
  B: 2.353e+07 ns per operation (median)
  A needs 4.29% more time than B: B takes only 0.96 times as long as A.
  With 95% confidence the difference lies between 2.13% and 5.57% more time (B takes between 0.947 and 0.98 times as long as A).
  Noise floor: 1.7%. Identical code measured against itself on this setup can look that different, so smaller differences mean nothing.
  Neighbouring measurements are nearly independent (autocorrelation -0.08), so they were resampled one by one.
  
  Verdict: RESOLVED. A is slower than B: the difference is real, as its interval excludes zero and it exceeds the noise floor.
  
  Warnings:
    - the program holds 101 MB of live data, more than the caches of many machines; for data that size, where it lies in memory can shift the result by several points in ways the interval does not cover, and differently in the next process; run the comparison in several processes with the multiproc package

checksum 17123026252021185688
== street multi n=16384 valuesFor: ordered vs hashed
A: 76.37 ns per operation (median)
B: 30.25 ns per operation (median)
A needs 155% more time than B: B takes only 0.39 times as long as A.
With 95% confidence the difference lies between 148% and 157% more time (B takes between 0.389 and 0.40 times as long as A).
Noise floor: 0.764%. Identical code measured against itself on this setup can look that different, so smaller differences mean nothing.
Neighbouring measurements are nearly independent (autocorrelation +0.12), so they were resampled one by one.

Verdict: RESOLVED. A is slower than B: the difference is real, as its interval excludes zero and it exceeds the noise floor.

Warnings:
  - the program holds 84 MB of live data, more than the caches of many machines; for data that size, where it lies in memory can shift the result by several points in ways the interval does not cover, and differently in the next process; run the comparison in several processes with the multiproc package
  - in 50% of A/A runs this setup reported a difference between identical code, well above the 10% expected; treat any confidence from it with suspicion

== street multi n=16384 valuesFor: ordered vs btree-sets
A: 78.44 ns per operation (median)
B: 182.8 ns per operation (median)
A needs 58% less time than B: B takes 2.38 times as long as A.
With 95% confidence the difference lies between 56.8% and 58.6% less time (B takes between 2.31 and 2.41 times as long as A).
Noise floor: 0.961%. Identical code measured against itself on this setup can look that different, so smaller differences mean nothing.
Neighbouring measurements are nearly independent (autocorrelation -0.05), so they were resampled one by one.

Verdict: RESOLVED. A is faster than B: the difference is real, as its interval excludes zero and it exceeds the noise floor.

Warnings:
  - the program holds 84 MB of live data, more than the caches of many machines; for data that size, where it lies in memory can shift the result by several points in ways the interval does not cover, and differently in the next process; run the comparison in several processes with the multiproc package
  - candidate B drifted during the run: its measurements were 2.91% lower in the second half than in the first, so the machine did not hold still
  - in 100% of A/A runs this setup reported a difference between identical code, well above the 10% expected; treat any confidence from it with suspicion

== street multi n=16384 valuesFor: ordered vs map-sets
A: 76.18 ns per operation (median)
B: 79.49 ns per operation (median)
A needs 5.2% less time than B: B takes 1.05 times as long as A.
With 95% confidence the difference lies between 3.96% and 6.73% less time (B takes between 1.04 and 1.07 times as long as A).
Noise floor: 0.911%. Identical code measured against itself on this setup can look that different, so smaller differences mean nothing.
Neighbouring measurements are nearly independent (autocorrelation +0.06), so they were resampled one by one.

Verdict: RESOLVED. A is faster than B: the difference is real, as its interval excludes zero and it exceeds the noise floor.

Warnings:
  - the program holds 84 MB of live data, more than the caches of many machines; for data that size, where it lies in memory can shift the result by several points in ways the interval does not cover, and differently in the next process; run the comparison in several processes with the multiproc package

== street multi n=16384 valuesFor: ordered vs baseline
A: 76.06 ns per operation (median)
B: 75.41 ns per operation (median)
A needs 0.908% more time than B: B takes only 0.99 times as long as A.
With 95% confidence the difference lies between 2.17% more time and 0.895% less time (B takes between 0.979 and 1.01 times as long as A).
Noise floor: 1.23%. Identical code measured against itself on this setup can look that different, so smaller differences mean nothing.
Neighbouring measurements are nearly independent (autocorrelation +0.09), so they were resampled one by one.

Verdict: NOT RESOLVED. This run did not establish which candidate is faster. That is not the same as "equally fast": the warnings below say what is missing.

Warnings:
  - the difference of -0.91% does not clear the 1.23% noise floor, which is what this setup reports between two runs of identical code
  - the interval [-2.17%, 0.89%] includes zero, so a difference in either direction is consistent with these measurements
  - the program holds 84 MB of live data, more than the caches of many machines; for data that size, where it lies in memory can shift the result by several points in ways the interval does not cover, and differently in the next process; run the comparison in several processes with the multiproc package

== street multi n=16384 valuesBetween: ordered vs hashed
A: 3635 ns per operation (median)
B: 2.192e+05 ns per operation (median)
A needs 98.3% less time than B: B takes 60.48 times as long as A.
With 95% confidence the difference lies between 98% and 98.6% less time (B takes between 48.8 and 70.72 times as long as A).
Noise floor: 11.8%. Identical code measured against itself on this setup can look that different, so smaller differences mean nothing.
Neighbouring measurements are nearly independent (autocorrelation +0.02), so they were resampled one by one.

Verdict: RESOLVED. A is faster than B: the difference is real, as its interval excludes zero and it exceeds the noise floor.

Warnings:
  - the program holds 84 MB of live data, more than the caches of many machines; for data that size, where it lies in memory can shift the result by several points in ways the interval does not cover, and differently in the next process; run the comparison in several processes with the multiproc package

== street multi n=16384 valuesBetween: ordered vs btree-sets
A: 3014 ns per operation (median)
B: 8169 ns per operation (median)
A needs 63% less time than B: B takes 2.71 times as long as A.
With 95% confidence the difference lies between 61.6% and 63.8% less time (B takes between 2.61 and 2.76 times as long as A).
Noise floor: 1.85%. Identical code measured against itself on this setup can look that different, so smaller differences mean nothing.
Neighbouring measurements are nearly independent (autocorrelation +0.13), so they were resampled one by one.

Verdict: RESOLVED. A is faster than B: the difference is real, as its interval excludes zero and it exceeds the noise floor.

Warnings:
  - the program holds 84 MB of live data, more than the caches of many machines; for data that size, where it lies in memory can shift the result by several points in ways the interval does not cover, and differently in the next process; run the comparison in several processes with the multiproc package

== street multi n=16384 valuesBetween: ordered vs map-sets
A: 3666 ns per operation (median)
B: 2.183e+05 ns per operation (median)
A needs 98.3% less time than B: B takes 59.42 times as long as A.
With 95% confidence the difference lies between 97.7% and 98.4% less time (B takes between 44.4 and 62.18 times as long as A).
Noise floor: 11.6%. Identical code measured against itself on this setup can look that different, so smaller differences mean nothing.
Neighbouring measurements are nearly independent (autocorrelation -0.07), so they were resampled one by one.

Verdict: RESOLVED. A is faster than B: the difference is real, as its interval excludes zero and it exceeds the noise floor.

Warnings:
  - the program holds 100 MB of live data, more than the caches of many machines; for data that size, where it lies in memory can shift the result by several points in ways the interval does not cover, and differently in the next process; run the comparison in several processes with the multiproc package

== street multi n=16384 valuesBetween: ordered vs baseline
A: 2936 ns per operation (median)
B: 3032 ns per operation (median)
A needs 2.74% less time than B: B takes 1.03 times as long as A.
With 95% confidence the difference lies between 0.993% and 4.81% less time (B takes between 1.01 and 1.05 times as long as A).
Noise floor: 0.321%. Identical code measured against itself on this setup can look that different, so smaller differences mean nothing.
Neighbouring measurements are nearly independent (autocorrelation -0.14), so they were resampled one by one.

Verdict: RESOLVED. A is faster than B: the difference is real, as its interval excludes zero and it exceeds the noise floor.

Warnings:
  - the program holds 100 MB of live data, more than the caches of many machines; for data that size, where it lies in memory can shift the result by several points in ways the interval does not cover, and differently in the next process; run the comparison in several processes with the multiproc package
  - candidate A drifted during the run: its measurements were 2.67% higher in the second half than in the first, so the machine did not hold still
  - the ratio B/A was 3.32% lower in the second half of the run than in the first, so the candidates had not reached a steady state and the difference depends on how long the run was; a common cause is a head start for whichever candidate ran alone last before the comparison or had its data built last, which a longer CollectOptions.WarmupDuration removes

== street multi n=16384 prefix: ordered vs hashed
A: 1226 ns per operation (median)
B: 2.155e+05 ns per operation (median)
A needs 99.4% less time than B: B takes 175.70 times as long as A.
With 95% confidence the difference lies between 99.4% and 99.6% less time (B takes between 169 and 222.69 times as long as A).
Noise floor: 15.1%. Identical code measured against itself on this setup can look that different, so smaller differences mean nothing.
Neighbouring measurements are nearly independent (autocorrelation +0.03), so they were resampled one by one.

Verdict: RESOLVED. A is faster than B: the difference is real, as its interval excludes zero and it exceeds the noise floor.

Warnings:
  - the program holds 100 MB of live data, more than the caches of many machines; for data that size, where it lies in memory can shift the result by several points in ways the interval does not cover, and differently in the next process; run the comparison in several processes with the multiproc package

== street multi n=16384 prefix: ordered vs btree-sets
A: 885.4 ns per operation (median)
B: 2971 ns per operation (median)
A needs 70.2% less time than B: B takes 3.36 times as long as A.
With 95% confidence the difference lies between 69.2% and 70.8% less time (B takes between 3.25 and 3.43 times as long as A).
Noise floor: 1.54%. Identical code measured against itself on this setup can look that different, so smaller differences mean nothing.
Neighbouring measurements are nearly independent (autocorrelation +0.02), so they were resampled one by one.

Verdict: RESOLVED. A is faster than B: the difference is real, as its interval excludes zero and it exceeds the noise floor.

Warnings:
  - the program holds 100 MB of live data, more than the caches of many machines; for data that size, where it lies in memory can shift the result by several points in ways the interval does not cover, and differently in the next process; run the comparison in several processes with the multiproc package

== street multi n=16384 prefix: ordered vs map-sets
A: 1167 ns per operation (median)
B: 2.078e+05 ns per operation (median)
A needs 99.4% less time than B: B takes 178.12 times as long as A.
With 95% confidence the difference lies between 99.4% and 99.5% less time (B takes between 160 and 210.71 times as long as A).
Noise floor: 9.82%. Identical code measured against itself on this setup can look that different, so smaller differences mean nothing.
Neighbouring measurements are nearly independent (autocorrelation -0.06), so they were resampled one by one.

Verdict: RESOLVED. A is faster than B: the difference is real, as its interval excludes zero and it exceeds the noise floor.

Warnings:
  - the program holds 98 MB of live data, more than the caches of many machines; for data that size, where it lies in memory can shift the result by several points in ways the interval does not cover, and differently in the next process; run the comparison in several processes with the multiproc package

== street multi n=16384 prefix: ordered vs baseline
A: 857.5 ns per operation (median)
B: 896 ns per operation (median)
A needs 5.84% less time than B: B takes 1.06 times as long as A.
With 95% confidence the difference lies between 2.69% and 8.52% less time (B takes between 1.03 and 1.09 times as long as A).
Noise floor: 4.32%. Identical code measured against itself on this setup can look that different, so smaller differences mean nothing.
Neighbouring measurements are nearly independent (autocorrelation -0.07), so they were resampled one by one.

Verdict: RESOLVED. A is faster than B: the difference is real, as its interval excludes zero and it exceeds the noise floor.

Warnings:
  - the program holds 98 MB of live data, more than the caches of many machines; for data that size, where it lies in memory can shift the result by several points in ways the interval does not cover, and differently in the next process; run the comparison in several processes with the multiproc package
  - in 50% of A/A runs this setup reported a difference between identical code, well above the 10% expected; treat any confidence from it with suspicion

== street multi n=16384 churn and build: ordered vs hashed
steady state, per insertion or deletion in a structure of 42299 elements (cycle of 111004 operations, first pass untimed):
  A: 149.1 ns per operation (median)
  B: 76.99 ns per operation (median)
  A needs 92.5% more time than B: B takes only 0.52 times as long as A.
  With 95% confidence the difference lies between 85.1% and 100% more time (B takes between 0.499 and 0.54 times as long as A).
  Noise floor: 2.31%. Identical code measured against itself on this setup can look that different, so smaller differences mean nothing.
  Neighbouring measurements are correlated (autocorrelation +0.25), so they were resampled in blocks of 3.
  
  Verdict: RESOLVED. A is slower than B: the difference is real, as its interval excludes zero and it exceeds the noise floor.
  
  Warnings:
    - the program holds 109 MB of live data, more than the caches of many machines; for data that size, where it lies in memory can shift the result by several points in ways the interval does not cover, and differently in the next process; run the comparison in several processes with the multiproc package
    - in 50% of A/A runs this setup reported a difference between identical code, well above the 10% expected; treat any confidence from it with suspicion

build from empty to 42299 elements, per whole build (151987 operations):
  A: 2.428e+07 ns per operation (median)
  B: 1.411e+07 ns per operation (median)
  A needs 74.5% more time than B: B takes only 0.57 times as long as A.
  With 95% confidence the difference lies between 67.8% and 77.7% more time (B takes between 0.563 and 0.60 times as long as A).
  Noise floor: 2.1%. Identical code measured against itself on this setup can look that different, so smaller differences mean nothing.
  Neighbouring measurements are nearly independent (autocorrelation +0.09), so they were resampled one by one.
  
  Verdict: RESOLVED. A is slower than B: the difference is real, as its interval excludes zero and it exceeds the noise floor.
  
  Warnings:
    - the program holds 101 MB of live data, more than the caches of many machines; for data that size, where it lies in memory can shift the result by several points in ways the interval does not cover, and differently in the next process; run the comparison in several processes with the multiproc package

== street multi n=16384 churn and build: ordered vs btree-sets
steady state, per insertion or deletion in a structure of 42299 elements (cycle of 111004 operations, first pass untimed):
  A: 176.9 ns per operation (median)
  B: 314.9 ns per operation (median)
  A needs 44.5% less time than B: B takes 1.80 times as long as A.
  With 95% confidence the difference lies between 43% and 46.3% less time (B takes between 1.75 and 1.86 times as long as A).
  Noise floor: 2.32%. Identical code measured against itself on this setup can look that different, so smaller differences mean nothing.
  Neighbouring measurements are correlated (autocorrelation +0.36), so they were resampled in blocks of 3.
  
  Verdict: RESOLVED. A is faster than B: the difference is real, as its interval excludes zero and it exceeds the noise floor.
  
  Warnings:
    - the program holds 112 MB of live data, more than the caches of many machines; for data that size, where it lies in memory can shift the result by several points in ways the interval does not cover, and differently in the next process; run the comparison in several processes with the multiproc package
    - candidate A drifted during the run: its measurements were 11.8% lower in the second half than in the first, so the machine did not hold still
    - candidate B drifted during the run: its measurements were 6.14% lower in the second half than in the first, so the machine did not hold still
    - 5.2% of bootstrap replicates tied, so the measurement is coarse relative to the question; lower CollectOptions.MaxQuantizationError to lengthen the batches
    - in 50% of A/A runs this setup reported a difference between identical code, well above the 10% expected; treat any confidence from it with suspicion

build from empty to 42299 elements, per whole build (151987 operations):
  A: 2.509e+07 ns per operation (median)
  B: 4.623e+07 ns per operation (median)
  A needs 45.6% less time than B: B takes 1.84 times as long as A.
  With 95% confidence the difference lies between 44.8% and 48.4% less time (B takes between 1.81 and 1.94 times as long as A).
  Noise floor: 1.77%. Identical code measured against itself on this setup can look that different, so smaller differences mean nothing.
  Neighbouring measurements are nearly independent (autocorrelation +0.07), so they were resampled one by one.
  
  Verdict: RESOLVED. A is faster than B: the difference is real, as its interval excludes zero and it exceeds the noise floor.
  
  Warnings:
    - the program holds 101 MB of live data, more than the caches of many machines; for data that size, where it lies in memory can shift the result by several points in ways the interval does not cover, and differently in the next process; run the comparison in several processes with the multiproc package
    - in 50% of A/A runs this setup reported a difference between identical code, well above the 10% expected; treat any confidence from it with suspicion

== street multi n=16384 churn and build: ordered vs map-sets
steady state, per insertion or deletion in a structure of 42299 elements (cycle of 111004 operations, first pass untimed):
  A: 157.2 ns per operation (median)
  B: 112.8 ns per operation (median)
  A needs 42.8% more time than B: B takes only 0.70 times as long as A.
  With 95% confidence the difference lies between 34.1% and 48.2% more time (B takes between 0.675 and 0.75 times as long as A).
  Noise floor: 2.97%. Identical code measured against itself on this setup can look that different, so smaller differences mean nothing.
  Neighbouring measurements are correlated (autocorrelation +0.31), so they were resampled in blocks of 3.
  
  Verdict: RESOLVED. A is slower than B: the difference is real, as its interval excludes zero and it exceeds the noise floor.
  
  Warnings:
    - the program holds 112 MB of live data, more than the caches of many machines; for data that size, where it lies in memory can shift the result by several points in ways the interval does not cover, and differently in the next process; run the comparison in several processes with the multiproc package

build from empty to 42299 elements, per whole build (151987 operations):
  A: 2.536e+07 ns per operation (median)
  B: 1.829e+07 ns per operation (median)
  A needs 39.9% more time than B: B takes only 0.71 times as long as A.
  With 95% confidence the difference lies between 35.9% and 43.9% more time (B takes between 0.695 and 0.74 times as long as A).
  Noise floor: 1.37%. Identical code measured against itself on this setup can look that different, so smaller differences mean nothing.
  Neighbouring measurements are nearly independent (autocorrelation +0.13), so they were resampled one by one.
  
  Verdict: RESOLVED. A is slower than B: the difference is real, as its interval excludes zero and it exceeds the noise floor.
  
  Warnings:
    - the program holds 101 MB of live data, more than the caches of many machines; for data that size, where it lies in memory can shift the result by several points in ways the interval does not cover, and differently in the next process; run the comparison in several processes with the multiproc package

== street multi n=16384 churn and build: ordered vs baseline
steady state, per insertion or deletion in a structure of 42299 elements (cycle of 111004 operations, first pass untimed):
  A: 153.4 ns per operation (median)
  B: 151.3 ns per operation (median)
  A needs 3.01% more time than B: B takes only 0.97 times as long as A.
  With 95% confidence the difference lies between 4.32% more time and 0.827% less time (B takes between 0.959 and 1.01 times as long as A).
  Noise floor: 2.57%. Identical code measured against itself on this setup can look that different, so smaller differences mean nothing.
  Neighbouring measurements are correlated (autocorrelation +0.43), so they were resampled in blocks of 3.
  
  Verdict: NOT RESOLVED. This run did not establish which candidate is faster. That is not the same as "equally fast": the warnings below say what is missing.
  
  Warnings:
    - the interval [-4.32%, 0.83%] includes zero, so a difference in either direction is consistent with these measurements
    - the program holds 108 MB of live data, more than the caches of many machines; for data that size, where it lies in memory can shift the result by several points in ways the interval does not cover, and differently in the next process; run the comparison in several processes with the multiproc package
    - candidate A drifted during the run: its measurements were 4.75% lower in the second half than in the first, so the machine did not hold still
    - in 100% of A/A runs this setup reported a difference between identical code, well above the 10% expected; treat any confidence from it with suspicion

build from empty to 42299 elements, per whole build (151987 operations):
  A: 2.46e+07 ns per operation (median)
  B: 2.42e+07 ns per operation (median)
  A needs 2.39% more time than B: B takes only 0.98 times as long as A.
  With 95% confidence the difference lies between 4.17% more time and 0.109% less time (B takes between 0.96 and 1.00 times as long as A).
  Noise floor: 0.478%. Identical code measured against itself on this setup can look that different, so smaller differences mean nothing.
  Neighbouring measurements are nearly independent (autocorrelation +0.19), so they were resampled one by one.
  
  Verdict: NOT RESOLVED. This run did not establish which candidate is faster. That is not the same as "equally fast": the warnings below say what is missing.
  
  Warnings:
    - the interval [-4.17%, 0.11%] includes zero, so a difference in either direction is consistent with these measurements
    - the program holds 101 MB of live data, more than the caches of many machines; for data that size, where it lies in memory can shift the result by several points in ways the interval does not cover, and differently in the next process; run the comparison in several processes with the multiproc package

checksum 11883908828162877870
== street multi n=16384 valuesFor: ordered vs hashed
A: 75.03 ns per operation (median)
B: 29.96 ns per operation (median)
A needs 151% more time than B: B takes only 0.40 times as long as A.
With 95% confidence the difference lies between 145% and 153% more time (B takes between 0.395 and 0.41 times as long as A).
Noise floor: 1.46%. Identical code measured against itself on this setup can look that different, so smaller differences mean nothing.
Neighbouring measurements are nearly independent (autocorrelation -0.02), so they were resampled one by one.

Verdict: RESOLVED. A is slower than B: the difference is real, as its interval excludes zero and it exceeds the noise floor.

Warnings:
  - the program holds 100 MB of live data, more than the caches of many machines; for data that size, where it lies in memory can shift the result by several points in ways the interval does not cover, and differently in the next process; run the comparison in several processes with the multiproc package

== street multi n=16384 valuesFor: ordered vs btree-sets
A: 80.43 ns per operation (median)
B: 197.2 ns per operation (median)
A needs 59% less time than B: B takes 2.44 times as long as A.
With 95% confidence the difference lies between 58.2% and 60% less time (B takes between 2.39 and 2.50 times as long as A).
Noise floor: 2.26%. Identical code measured against itself on this setup can look that different, so smaller differences mean nothing.
Neighbouring measurements are correlated (autocorrelation +0.26), so they were resampled in blocks of 3.

Verdict: RESOLVED. A is faster than B: the difference is real, as its interval excludes zero and it exceeds the noise floor.

Warnings:
  - the program holds 100 MB of live data, more than the caches of many machines; for data that size, where it lies in memory can shift the result by several points in ways the interval does not cover, and differently in the next process; run the comparison in several processes with the multiproc package

== street multi n=16384 valuesFor: ordered vs map-sets
A: 78.33 ns per operation (median)
B: 82.78 ns per operation (median)
A needs 5.92% less time than B: B takes 1.06 times as long as A.
With 95% confidence the difference lies between 4.72% and 6.67% less time (B takes between 1.05 and 1.07 times as long as A).
Noise floor: 1.58%. Identical code measured against itself on this setup can look that different, so smaller differences mean nothing.
Neighbouring measurements are correlated (autocorrelation +0.36), so they were resampled in blocks of 3.

Verdict: RESOLVED. A is faster than B: the difference is real, as its interval excludes zero and it exceeds the noise floor.

Warnings:
  - the program holds 100 MB of live data, more than the caches of many machines; for data that size, where it lies in memory can shift the result by several points in ways the interval does not cover, and differently in the next process; run the comparison in several processes with the multiproc package
  - in 100% of A/A runs this setup reported a difference between identical code, well above the 10% expected; treat any confidence from it with suspicion

== street multi n=16384 valuesFor: ordered vs baseline
A: 75.03 ns per operation (median)
B: 75.51 ns per operation (median)
A needs 0.129% less time than B: B takes 1.00 times as long as A.
With 95% confidence the difference lies between 0.916% more time and 2.01% less time (B takes between 0.991 and 1.02 times as long as A).
Noise floor: 0.468%. Identical code measured against itself on this setup can look that different, so smaller differences mean nothing.
Neighbouring measurements are nearly independent (autocorrelation +0.08), so they were resampled one by one.

Verdict: NOT RESOLVED. This run did not establish which candidate is faster. That is not the same as "equally fast": the warnings below say what is missing.

Warnings:
  - the difference of 0.13% does not clear the 0.47% noise floor, which is what this setup reports between two runs of identical code
  - the interval [-0.92%, 2.01%] includes zero, so a difference in either direction is consistent with these measurements
  - the program holds 100 MB of live data, more than the caches of many machines; for data that size, where it lies in memory can shift the result by several points in ways the interval does not cover, and differently in the next process; run the comparison in several processes with the multiproc package

== street multi n=16384 valuesBetween: ordered vs hashed
A: 4409 ns per operation (median)
B: 2.354e+05 ns per operation (median)
A needs 98.1% less time than B: B takes 53.11 times as long as A.
With 95% confidence the difference lies between 98.1% and 98.6% less time (B takes between 51.5 and 72.43 times as long as A).
Noise floor: 22.2%. Identical code measured against itself on this setup can look that different, so smaller differences mean nothing.
Neighbouring measurements are correlated (autocorrelation +0.88), so they were resampled in blocks of 3.

Verdict: RESOLVED. A is faster than B: the difference is real, as its interval excludes zero and it exceeds the noise floor.

Warnings:
  - the program holds 100 MB of live data, more than the caches of many machines; for data that size, where it lies in memory can shift the result by several points in ways the interval does not cover, and differently in the next process; run the comparison in several processes with the multiproc package
  - in 50% of A/A runs this setup reported a difference between identical code, well above the 10% expected; treat any confidence from it with suspicion

== street multi n=16384 valuesBetween: ordered vs btree-sets
A: 2983 ns per operation (median)
B: 8256 ns per operation (median)
A needs 64.2% less time than B: B takes 2.80 times as long as A.
With 95% confidence the difference lies between 63.4% and 64.5% less time (B takes between 2.73 and 2.82 times as long as A).
Noise floor: 1.64%. Identical code measured against itself on this setup can look that different, so smaller differences mean nothing.
Neighbouring measurements are nearly independent (autocorrelation -0.11), so they were resampled one by one.

Verdict: RESOLVED. A is faster than B: the difference is real, as its interval excludes zero and it exceeds the noise floor.

Warnings:
  - the program holds 100 MB of live data, more than the caches of many machines; for data that size, where it lies in memory can shift the result by several points in ways the interval does not cover, and differently in the next process; run the comparison in several processes with the multiproc package
  - 6.3% of bootstrap replicates tied, so the measurement is coarse relative to the question; lower CollectOptions.MaxQuantizationError to lengthen the batches
  - in 50% of A/A runs this setup reported a difference between identical code, well above the 10% expected; treat any confidence from it with suspicion

== street multi n=16384 valuesBetween: ordered vs map-sets
A: 4530 ns per operation (median)
B: 2.355e+05 ns per operation (median)
A needs 98.1% less time than B: B takes 51.85 times as long as A.
With 95% confidence the difference lies between 97.9% and 98.6% less time (B takes between 48.6 and 69.65 times as long as A).
Noise floor: 17.5%. Identical code measured against itself on this setup can look that different, so smaller differences mean nothing.
Neighbouring measurements are nearly independent (autocorrelation +0.09), so they were resampled one by one.

Verdict: RESOLVED. A is faster than B: the difference is real, as its interval excludes zero and it exceeds the noise floor.

Warnings:
  - the program holds 100 MB of live data, more than the caches of many machines; for data that size, where it lies in memory can shift the result by several points in ways the interval does not cover, and differently in the next process; run the comparison in several processes with the multiproc package
  - in 50% of A/A runs this setup reported a difference between identical code, well above the 10% expected; treat any confidence from it with suspicion

== street multi n=16384 valuesBetween: ordered vs baseline
A: 2957 ns per operation (median)
B: 3035 ns per operation (median)
A needs 2.17% less time than B: B takes 1.02 times as long as A.
With 95% confidence the difference lies between 1.23% and 4% less time (B takes between 1.01 and 1.04 times as long as A).
Noise floor: 0.308%. Identical code measured against itself on this setup can look that different, so smaller differences mean nothing.
Neighbouring measurements are nearly independent (autocorrelation -0.02), so they were resampled one by one.

Verdict: RESOLVED. A is faster than B: the difference is real, as its interval excludes zero and it exceeds the noise floor.

Warnings:
  - the program holds 100 MB of live data, more than the caches of many machines; for data that size, where it lies in memory can shift the result by several points in ways the interval does not cover, and differently in the next process; run the comparison in several processes with the multiproc package

== street multi n=16384 prefix: ordered vs hashed
A: 1030 ns per operation (median)
B: 2.303e+05 ns per operation (median)
A needs 99.6% less time than B: B takes 224.24 times as long as A.
With 95% confidence the difference lies between 99.4% and 99.6% less time (B takes between 178 and 242.40 times as long as A).
Noise floor: 11.5%. Identical code measured against itself on this setup can look that different, so smaller differences mean nothing.
Neighbouring measurements are nearly independent (autocorrelation +0.05), so they were resampled one by one.

Verdict: RESOLVED. A is faster than B: the difference is real, as its interval excludes zero and it exceeds the noise floor.

Warnings:
  - the program holds 99 MB of live data, more than the caches of many machines; for data that size, where it lies in memory can shift the result by several points in ways the interval does not cover, and differently in the next process; run the comparison in several processes with the multiproc package

== street multi n=16384 prefix: ordered vs btree-sets
A: 898 ns per operation (median)
B: 2964 ns per operation (median)
A needs 69.7% less time than B: B takes 3.30 times as long as A.
With 95% confidence the difference lies between 68.9% and 70.5% less time (B takes between 3.22 and 3.39 times as long as A).
Noise floor: 2.97%. Identical code measured against itself on this setup can look that different, so smaller differences mean nothing.
Neighbouring measurements are nearly independent (autocorrelation -0.02), so they were resampled one by one.

Verdict: RESOLVED. A is faster than B: the difference is real, as its interval excludes zero and it exceeds the noise floor.

Warnings:
  - the program holds 99 MB of live data, more than the caches of many machines; for data that size, where it lies in memory can shift the result by several points in ways the interval does not cover, and differently in the next process; run the comparison in several processes with the multiproc package

== street multi n=16384 prefix: ordered vs map-sets
A: 1269 ns per operation (median)
B: 2.23e+05 ns per operation (median)
A needs 99.4% less time than B: B takes 175.59 times as long as A.
With 95% confidence the difference lies between 99.4% and 99.6% less time (B takes between 168 and 222.63 times as long as A).
Noise floor: 3.6%. Identical code measured against itself on this setup can look that different, so smaller differences mean nothing.
Neighbouring measurements are nearly independent (autocorrelation -0.01), so they were resampled one by one.

Verdict: RESOLVED. A is faster than B: the difference is real, as its interval excludes zero and it exceeds the noise floor.

Warnings:
  - the program holds 99 MB of live data, more than the caches of many machines; for data that size, where it lies in memory can shift the result by several points in ways the interval does not cover, and differently in the next process; run the comparison in several processes with the multiproc package

== street multi n=16384 prefix: ordered vs baseline
A: 851.7 ns per operation (median)
B: 863.1 ns per operation (median)
A needs 3.03% less time than B: B takes 1.03 times as long as A.
With 95% confidence the difference lies between 1.89% more time and 6.47% less time (B takes between 0.981 and 1.07 times as long as A).
Noise floor: 3.42%. Identical code measured against itself on this setup can look that different, so smaller differences mean nothing.
Neighbouring measurements are nearly independent (autocorrelation -0.17), so they were resampled one by one.

Verdict: NOT RESOLVED. This run did not establish which candidate is faster. That is not the same as "equally fast": the warnings below say what is missing.

Warnings:
  - the difference of 3.03% does not clear the 3.42% noise floor, which is what this setup reports between two runs of identical code
  - the interval [-1.89%, 6.47%] includes zero, so a difference in either direction is consistent with these measurements
  - the program holds 99 MB of live data, more than the caches of many machines; for data that size, where it lies in memory can shift the result by several points in ways the interval does not cover, and differently in the next process; run the comparison in several processes with the multiproc package
  - in 50% of A/A runs this setup reported a difference between identical code, well above the 10% expected; treat any confidence from it with suspicion

== street multi n=16384 churn and build: ordered vs hashed
steady state, per insertion or deletion in a structure of 42299 elements (cycle of 111004 operations, first pass untimed):
  A: 150.6 ns per operation (median)
  B: 78.26 ns per operation (median)
  A needs 89.7% more time than B: B takes only 0.53 times as long as A.
  With 95% confidence the difference lies between 85.8% and 93.6% more time (B takes between 0.517 and 0.54 times as long as A).
  Noise floor: 1.7%. Identical code measured against itself on this setup can look that different, so smaller differences mean nothing.
  Neighbouring measurements are correlated (autocorrelation +0.27), so they were resampled in blocks of 3.
  
  Verdict: RESOLVED. A is slower than B: the difference is real, as its interval excludes zero and it exceeds the noise floor.
  
  Warnings:
    - the program holds 109 MB of live data, more than the caches of many machines; for data that size, where it lies in memory can shift the result by several points in ways the interval does not cover, and differently in the next process; run the comparison in several processes with the multiproc package
    - in 50% of A/A runs this setup reported a difference between identical code, well above the 10% expected; treat any confidence from it with suspicion

build from empty to 42299 elements, per whole build (151987 operations):
  A: 2.403e+07 ns per operation (median)
  B: 1.448e+07 ns per operation (median)
  A needs 65.3% more time than B: B takes only 0.60 times as long as A.
  With 95% confidence the difference lies between 62.5% and 74.1% more time (B takes between 0.575 and 0.62 times as long as A).
  Noise floor: 1.91%. Identical code measured against itself on this setup can look that different, so smaller differences mean nothing.
  Neighbouring measurements are nearly independent (autocorrelation -0.02), so they were resampled one by one.
  
  Verdict: RESOLVED. A is slower than B: the difference is real, as its interval excludes zero and it exceeds the noise floor.
  
  Warnings:
    - the program holds 101 MB of live data, more than the caches of many machines; for data that size, where it lies in memory can shift the result by several points in ways the interval does not cover, and differently in the next process; run the comparison in several processes with the multiproc package
    - in 50% of A/A runs this setup reported a difference between identical code, well above the 10% expected; treat any confidence from it with suspicion

== street multi n=16384 churn and build: ordered vs btree-sets
steady state, per insertion or deletion in a structure of 42299 elements (cycle of 111004 operations, first pass untimed):
  A: 175 ns per operation (median)
  B: 318.2 ns per operation (median)
  A needs 44.9% less time than B: B takes 1.82 times as long as A.
  With 95% confidence the difference lies between 43.5% and 47% less time (B takes between 1.77 and 1.89 times as long as A).
  Noise floor: 1.99%. Identical code measured against itself on this setup can look that different, so smaller differences mean nothing.
  Neighbouring measurements are correlated (autocorrelation +0.22), so they were resampled in blocks of 3.
  
  Verdict: RESOLVED. A is faster than B: the difference is real, as its interval excludes zero and it exceeds the noise floor.
  
  Warnings:
    - the program holds 112 MB of live data, more than the caches of many machines; for data that size, where it lies in memory can shift the result by several points in ways the interval does not cover, and differently in the next process; run the comparison in several processes with the multiproc package
    - in 50% of A/A runs this setup reported a difference between identical code, well above the 10% expected; treat any confidence from it with suspicion

build from empty to 42299 elements, per whole build (151987 operations):
  A: 2.456e+07 ns per operation (median)
  B: 4.531e+07 ns per operation (median)
  A needs 44.8% less time than B: B takes 1.81 times as long as A.
  With 95% confidence the difference lies between 43.9% and 46.7% less time (B takes between 1.78 and 1.88 times as long as A).
  Noise floor: 1.03%. Identical code measured against itself on this setup can look that different, so smaller differences mean nothing.
  Neighbouring measurements are nearly independent (autocorrelation +0.18), so they were resampled one by one.
  
  Verdict: RESOLVED. A is faster than B: the difference is real, as its interval excludes zero and it exceeds the noise floor.
  
  Warnings:
    - the program holds 101 MB of live data, more than the caches of many machines; for data that size, where it lies in memory can shift the result by several points in ways the interval does not cover, and differently in the next process; run the comparison in several processes with the multiproc package
    - candidate B drifted during the run: its measurements were 2.99% higher in the second half than in the first, so the machine did not hold still

== street multi n=16384 churn and build: ordered vs map-sets
steady state, per insertion or deletion in a structure of 42299 elements (cycle of 111004 operations, first pass untimed):
  A: 148.2 ns per operation (median)
  B: 100.1 ns per operation (median)
  A needs 48.7% more time than B: B takes only 0.67 times as long as A.
  With 95% confidence the difference lies between 44.3% and 57.1% more time (B takes between 0.637 and 0.69 times as long as A).
  Noise floor: 1.84%. Identical code measured against itself on this setup can look that different, so smaller differences mean nothing.
  Neighbouring measurements are correlated (autocorrelation +0.35), so they were resampled in blocks of 3.
  
  Verdict: RESOLVED. A is slower than B: the difference is real, as its interval excludes zero and it exceeds the noise floor.
  
  Warnings:
    - the program holds 112 MB of live data, more than the caches of many machines; for data that size, where it lies in memory can shift the result by several points in ways the interval does not cover, and differently in the next process; run the comparison in several processes with the multiproc package

build from empty to 42299 elements, per whole build (151987 operations):
  A: 2.421e+07 ns per operation (median)
  B: 1.683e+07 ns per operation (median)
  A needs 42.6% more time than B: B takes only 0.70 times as long as A.
  With 95% confidence the difference lies between 39.2% and 52% more time (B takes between 0.658 and 0.72 times as long as A).
  Noise floor: 1.34%. Identical code measured against itself on this setup can look that different, so smaller differences mean nothing.
  Neighbouring measurements are nearly independent (autocorrelation +0.04), so they were resampled one by one.
  
  Verdict: RESOLVED. A is slower than B: the difference is real, as its interval excludes zero and it exceeds the noise floor.
  
  Warnings:
    - the program holds 101 MB of live data, more than the caches of many machines; for data that size, where it lies in memory can shift the result by several points in ways the interval does not cover, and differently in the next process; run the comparison in several processes with the multiproc package

== street multi n=16384 churn and build: ordered vs baseline
steady state, per insertion or deletion in a structure of 42299 elements (cycle of 111004 operations, first pass untimed):
  A: 163.2 ns per operation (median)
  B: 163.2 ns per operation (median)
  A needs 2.13% more time than B: B takes only 0.98 times as long as A.
  With 95% confidence the difference lies between 0.13% and 3.53% more time (B takes between 0.966 and 1.00 times as long as A).
  Noise floor: 0.692%. Identical code measured against itself on this setup can look that different, so smaller differences mean nothing.
  Neighbouring measurements are correlated (autocorrelation +0.49), so they were resampled in blocks of 3.
  
  Verdict: RESOLVED. A is slower than B: the difference is real, as its interval excludes zero and it exceeds the noise floor.
  
  Warnings:
    - the program holds 109 MB of live data, more than the caches of many machines; for data that size, where it lies in memory can shift the result by several points in ways the interval does not cover, and differently in the next process; run the comparison in several processes with the multiproc package

build from empty to 42299 elements, per whole build (151987 operations):
  A: 2.479e+07 ns per operation (median)
  B: 2.389e+07 ns per operation (median)
  A needs 4.7% more time than B: B takes only 0.96 times as long as A.
  With 95% confidence the difference lies between 2.12% and 5.35% more time (B takes between 0.949 and 0.98 times as long as A).
  Noise floor: 0.924%. Identical code measured against itself on this setup can look that different, so smaller differences mean nothing.
  Neighbouring measurements are correlated (autocorrelation +0.21), so they were resampled in blocks of 3.
  
  Verdict: RESOLVED. A is slower than B: the difference is real, as its interval excludes zero and it exceeds the noise floor.
  
  Warnings:
    - the program holds 101 MB of live data, more than the caches of many machines; for data that size, where it lies in memory can shift the result by several points in ways the interval does not cover, and differently in the next process; run the comparison in several processes with the multiproc package

checksum 4687725188254122414
